"catalogNumber","recordedBy_primary","recordedBy_secondary","recordedBy_tertiary"
"SUWS017439","Hlina, Paul","",""
"SUWS017546","Hlina, Paul","",""
"SUWS017401","Anderson, Derek S.","",""
"SUWS017425","Stauff, Janelle","",""
"SUWS017548","Davidson, Donald W.","",""
"SUWS017447","Hlina, Matt","",""
"SUWS017444","Hlina, Paul","",""
"SUWS017445","Anderson, Derek S.","",""
"SUWS017400","Bergman, Nils","",""
"SUWS017452","Bergman, Nils","",""
"SUWS017551","Anderson, Derek S.","",""
"SUWS017507","Senti, Peter","",""
"SUWS017424","Anderson, Derek S.","",""
"SUWS017443","Hlina, Paul","",""
"SUWS017550","Davidson, Donald W.","",""
"SUWS017404","Anderson, Derek S.","",""
"SUWS017541","Bergman, Nils","",""
"SUWS017442","Crook, Trista","",""
"SUWS017438","Hlina, Paul","",""
"SUWS017554","Bergman, Nils","",""
"SUWS017409","Davidson, Donald W.","",""
"SUWS017540","Bergman, Nils","",""
"SUWS017400","Bergman, Nils","",""
"SUWS017401","Anderson, Derek S.","",""
"SUWS017403","Crook, Trista","",""
"SUWS017404","Anderson, Derek S.","",""
"SUWS017409","Davidson, Donald W.","",""
"SUWS017410","Anderson, Derek S.","",""
"SUWS017416","Bergman, Nils","",""
"SUWS017424","Anderson, Derek S.","",""
"SUWS017425","Stauff, Janelle","",""
"SUWS017430","Hlina, Paul","",""
"SUWS017431","Crook, Trista","",""
"SUWS017438","Hlina, Paul","",""
"SUWS017439","Hlina, Paul","",""
"SUWS017442","Crook, Trista","",""
"SUWS017443","Hlina, Paul","",""
"SUWS017444","Davidson, Donald W.","",""
"SUWS017445","Anderson, Derek S.","",""
"SUWS017447","Hlina, Matt","",""
"SUWS017450","Stauff, Janelle","",""
"SUWS017451","Hlina, Paul","",""
"SUWS017452","Bergman, Nils","",""
"SUWS017507","Senti, Peter","",""
"SUWS017540","Anderson, Derek S.","",""
"SUWS017541","Anderson, Derek S.","",""
"SUWS017543","Anderson, Derek S.","",""
"SUWS017546","Anderson, Derek S.","",""
"SUWS017548","Davidson, Donald W.","",""
"SUWS017550","Davidson, Donald W.","",""
"SUWS017551","Davidson, Donald W.","",""
"SUWS017552","Davidson, Donald W.","",""
"SUWS017554","Anderson, Derek S.","",""
"SUWS017543","Bergman, Nils","",""
"SUWS017431","Crook, Trista","",""
"SUWS017430","Crook, Trista","",""
"SUWS017450","Stauff, Janelle","",""
"SUWS017410","Anderson, Derek S.","",""
"SUWS017403","Crook, Trista","",""
"SUWS017451","Hlina, Paul","",""
"SUWS017416","Bergman, Nils","",""
"SUWS017552","Bergman, Nils","",""
"SUWS009540","Koch, Rudy G.","",""
"SUWS010000","Brashier"," Thoren",""
"SUWS010001","Granlund, Marvin","",""
"SUWS010004","Koch, Rudy G.","",""
"SUWS010005","Koch, Rudy G.","",""
"SUWS010006","Thomson, John W., Jr."," Fassett, Norman C.",""
"SUWS010007","Zirngibl, William","",""
"SUWS010009","Thomson, John W., Jr.","",""
"SUWS010010","Davidson, Donald W."," Heim, Mike"," Johnson, Robbye"
"SUWS010011","Zirngibl, William","",""
"SUWS010012","Davidson, Donald W."," Johnson, Robbye"," Heim, Michael"
"SUWS010013","Koch, Rudy G.","",""
"SUWS010014","Zarling, Ruth","",""
"SUWS010015","Richardson, Timothy","",""
"SUWS010018","Trick, Joel A."," Krawczyk, J.",""
"SUWS010019","Davidson, Donald W."," Zirngibl, William",""
"SUWS010020","Koch, Rudy G.","",""
"SUWS010023","Brashier"," Raatz",""
"SUWS010024","Zarling, Ruth","",""
"SUWS010025","Severson, Bob","",""
"SUWS010026","Mitchell, John A.","",""
"SUWS010027","Cherf"," Brashier",""
"SUWS010029","Watson, Dale","",""
"SUWS010030","Zarling, Ruth","",""
"SUWS010031","Cherf"," Brashier",""
"SUWS010032","Crass, Donna","",""
"SUWS010033","Brashier"," Parrish",""
"SUWS010036","Zirngibl, William","",""
"SUWS010037","Davidson, Donald W."," Heim, Mike"," Johnson, Robbye"
"SUWS010039","Pilt, Karen","",""
"SUWS010040","Davidson, Donald W."," Heim, Mike"," Johnson, Robbye"
"SUWS010042","Zirngibl, William","",""
"SUWS010043","Heim, Michael","",""
"SUWS010044","Heim, Michael","",""
"SUWS010045","Heim, Michael","",""
"SUWS010046","Heim, Michael","",""
"SUWS010048","Davidson, Donald W."," Zirngibl, William",""
"SUWS010049","Davidson, Donald W."," Zirngibl, William",""
"SUWS010050","Davidson, Donald W."," Johnson, Robbye"," Heim, Michael"
"SUWS010051","Brashier"," Smith",""
"SUWS010052","Mitchell, John A.","",""
"SUWS010053","Johnson, Kurt","",""
"SUWS010054","Brashier"," Walvoord",""
"SUWS010056","Mitchell, John A.","",""
"SUWS010057","","",""
"SUWS010059","Heim, Michael","",""
"SUWS010060","Zirngibl, William","",""
"SUWS010069","Koch, Rudy G.","",""
"SUWS010070","Zarling, Ruth","",""
"SUWS010072","Zirngibl, William","",""
"SUWS010073","Johnson, Robbye","",""
"SUWS010074","Askagard, Todd","",""
"SUWS010075","Johnson, Robbye","",""
"SUWS010076","Johnson, Robbye","",""
"SUWS010078","Thomson, John W., Jr."," Smith, C. W.",""
"SUWS010080","Davis, J. D.","",""
"SUWS010081","Stackler, Susan","",""
"SUWS010082","Clements, Jimmy D.","",""
"SUWS010083","Brimmer, K.","",""
"SUWS010084","Thomson, John W., Jr.","",""
"SUWS010086","Koch, Rudy G.","",""
"SUWS010088","Koch, Rudy G.","",""
"SUWS010089","Thomson, John W., Jr.","",""
"SUWS010090","Cherf"," Brashier",""
"SUWS010091","Brashier"," Cherf",""
"SUWS010092","Thomson, John W., Jr.","",""
"SUWS010093","Koch, Rudy G.","",""
"SUWS010094","Koch, Rudy G.","",""
"SUWS010095","Brashier"," Grage",""
"SUWS010097","Brashier","",""
"SUWS010098","Brashier"," Raatz",""
"SUWS010098b","Brashier"," Thoren",""
"SUWS010099","Koch, Rudy G.","",""
"SUWS010100","Koch, Rudy G.","",""
"SUWS010101","Koch, Rudy G.","",""
"SUWS010102","Koch, Rudy G.","",""
"SUWS010103","Thomson, John W., Jr.","",""
"SUWS010104","Koch, Rudy G.","",""
"SUWS010105","Koch, Rudy G.","",""
"SUWS010106","Koch, Rudy G.","",""
"SUWS010112","Koch, Rudy G.","",""
"SUWS010113","Parrish"," Brashier",""
"SUWS010114","Koch, Rudy G.","",""
"SUWS010115","Gitar"," Rounce",""
"SUWS010116","Koch, Rudy G.","",""
"SUWS010117","Brashier"," Valaskey",""
"SUWS010118","Thomson, John W., Jr.","",""
"SUWS010119","Koch, Rudy G.","",""
"SUWS010120","Koch, Rudy G.","",""
"SUWS010121","Koch, Rudy G.","",""
"SUWS010123","Thomson, John W., Jr.","",""
"SUWS010124","Thomson, John W., Jr.","",""
"SUWS010125","Thomson, Olive S.","",""
"SUWS010126","Michell, John","",""
"SUWS010127","Thomson, John W., Jr.","",""
"SUWS010129","Koch, Rudy G.","",""
"SUWS010130","Koch, Rudy G.","",""
"SUWS010131","Mitchell, John A.","",""
"SUWS010132","","",""
"SUWS010133","Thomson, John W., Jr.","",""
"SUWS010134","Stackler, Susan","",""
"SUWS010135","Peck, James H.","",""
"SUWS010136","","",""
"SUWS010138","Brashier"," Parrish",""
"SUWS010139","Sohmer, S. H.","",""
"SUWS010140","Parfitt, Bruce","",""
"SUWS010141","Koch, Rudy G.","",""
"SUWS010142","Thomson, John W., Jr.","",""
"SUWS010143","Thomson, John W., Jr.","",""
"SUWS010144","Thomson, John W., Jr.","",""
"SUWS010145","Koch, Rudy G.","",""
"SUWS010147","Thomson, John W., Jr.","",""
"SUWS010148","Koch, Rudy G.","",""
"SUWS010149","Peck, James H.","",""
"SUWS010150","Brashier"," Cherf",""
"SUWS010151","Koch, Rudy G.","",""
"SUWS010152","Koch, Rudy G.","",""
"SUWS010153","Collinson, Keith","",""
"SUWS010154","Koch, Rudy G.","",""
"SUWS010155","Koch, Rudy G.","",""
"SUWS010157","Thomson, John W., Jr.","",""
"SUWS010158","Koch, Rudy G.","",""
"SUWS010158b","Stackler, Susan","",""
"SUWS010159","Brashier"," Thoren",""
"SUWS010160","Koch, Rudy G.","",""
"SUWS010162","Koch, Rudy G.","",""
"SUWS010164","Brashier"," Janowski",""
"SUWS010165","Koch, Rudy G.","",""
"SUWS010166","Nelson, C. J.","",""
"SUWS010167","Thomson, John W., Jr."," Jacobson, J. R.",""
"SUWS010168","Davis, J. D.","",""
"SUWS010169","Thomson, John W., Jr."," Fassett, Norman C.",""
"SUWS010170","Thomson, John W., Jr.","",""
"SUWS010171","Koch, Rudy G.","",""
"SUWS010172","Thomson, John W., Jr.","",""
"SUWS010173","Thomson, John W., Jr.","",""
"SUWS010174","Koch, Rudy G.","",""
"SUWS010175","Koch, Rudy G.","",""
"SUWS010179","Koch, Rudy G.","",""
"SUWS010180","Smith, W. A.","",""
"SUWS010181","Charboneau, E.","",""
"SUWS010184","Koch, Rudy G.","",""
"SUWS010186","Chen, Jane Meau","",""
"SUWS010187","Thomson, John W., Jr."," Jacobson, J. R.",""
"SUWS010190","Thomson, John W., Jr."," Jacobson, J. R.",""
"SUWS010191","Thomson, John W., Jr."," Jacobson, J. R.",""
"SUWS010192","Lahti, Duane","",""
"SUWS010193","Thomson, John W., Jr.","",""
"SUWS010194","Iltis, Hugh H.","",""
"SUWS010195","Thomson, John W., Jr.","",""
"SUWS010196","Pellett, T. D."," Smith, W. A.",""
"SUWS010199","Thomson, John W., Jr."," Lund, F. E."," Carona, Michael"
"SUWS010200","Swanson, Denny","",""
"SUWS010201","Severson, S.","",""
"SUWS010202","Koch, Rudy G.","",""
"SUWS010204","Lahti, Duane","",""
"SUWS010205","Koch, Rudy G.","",""
"SUWS010207","Thomson, John W., Jr."," Jacobson, J. R.",""
"SUWS010208","Thomson, John W., Jr."," Jacobson, J. R.",""
"SUWS010210","Thomson, John W., Jr."," Fassett, Norman C.",""
"SUWS010211","Koch, Rudy G.","",""
"SUWS010213","Thomson, John W., Jr."," Jacobson, J. R.",""
"SUWS010214","Lahti, Duane","",""
"SUWS010215","Harriman, Neil A.","",""
"SUWS010216","Sohmer, S. H.","",""
"SUWS010217","Thomson, John W., Jr."," Jacobson, J. R.",""
"SUWS010218","Thomson, John W., Jr."," Jacobson, J. R.",""
"SUWS010219","Thomson, John W., Jr."," Jacobson, J. R.",""
"SUWS010220","Severson, S.","",""
"SUWS010221","Koch, Rudy G.","",""
"SUWS010222","Thomson, John W., Jr."," Jacobson, J. R.",""
"SUWS010223","Thomson, John W., Jr.","",""
"SUWS010224","Koch, Rudy G.","",""
"SUWS010225","Koch, Rudy G.","",""
"SUWS010226","Swanson, Steven D.","",""
"SUWS010227","Thomson, John W., Jr."," Jacobson, J. R.",""
"SUWS010228","Thomson, John W., Jr.","",""
"SUWS010230","Thomson, John W., Jr."," Jacobson, J. R.",""
"SUWS010231","Thomson, John W., Jr.","",""
"SUWS010232","Harriman, Neil A.","",""
"SUWS010233","Thomson, John W., Jr.","",""
"SUWS010317","Johnson, Richard R.","",""
"SUWS010318","Brashier"," Romans",""
"SUWS010319","Sohmer, S. H.","",""
"SUWS010320","Koch, Rudy G.","",""
"SUWS010321","Stackler, Susan","",""
"SUWS010322","Demaske, D.","",""
"SUWS010323","Thomson, John W., Jr.","",""
"SUWS010324","Thomson, John W., Jr.","",""
"SUWS010326","Brashier"," Valaskey",""
"SUWS010327","Swanson, Denny","",""
"SUWS010328","Koch, Rudy G.","",""
"SUWS010331","Koch, Rudy G.","",""
"SUWS010332","Koch, Rudy G.","",""
"SUWS010333","Koch, Rudy G.","",""
"SUWS010334","Brimmer, K.","",""
"SUWS010335","Christian, John R.","",""
"SUWS010336","Thomson, John W., Jr."," Jacobson, J. R.",""
"SUWS010337","La Liberte, Paul","",""
"SUWS010340","Anderson, Bruce P.","",""
"SUWS010341","Koch, Rudy G.","",""
"SUWS010342","Nontelle, Deon M.","",""
"SUWS010347","Thomson, John W., Jr.","",""
"SUWS010348","Sohmer, S. H.","",""
"SUWS010350","Nontelle, Deon M.","",""
"SUWS010351","Brashier"," Romans",""
"SUWS010355","Koch, Rudy G.","",""
"SUWS010356","Smith, W. A."," Pellett, T. D.",""
"SUWS010357","Koch, Rudy G.","",""
"SUWS010360","Sohmer, S. H.","",""
"SUWS010364","Thomson, John W., Jr."," Smith, C. W.",""
"SUWS010365","Koch, Rudy G.","",""
"SUWS010366","Koch, Rudy G.","",""
"SUWS010367","Koch, Rudy G.","",""
"SUWS010368","Koch, Rudy G.","",""
"SUWS010369","Sohmer, S. H.","",""
"SUWS010370","Anderson, Danette","",""
"SUWS010371","Anderson, Danette","",""
"SUWS010372","Anderson, Danette","",""
"SUWS010373","Anderson, Danette","",""
"SUWS010374","Anderson, Danette","",""
"SUWS010375","Anderson, Danette","",""
"SUWS010376","Anderson, Danette","",""
"SUWS010377","Anderson, Danette","",""
"SUWS010378","Anderson, Danette","",""
"SUWS010379","Anderson, Danette","",""
"SUWS010380","Anderson, Danette","",""
"SUWS010381","Anderson, Danette","",""
"SUWS010382","Anderson, Danette","",""
"SUWS010383","Anderson, Danette","",""
"SUWS010384","Anderson, Danette","",""
"SUWS010385","Anderson, Danette","",""
"SUWS010386","Anderson, Danette","",""
"SUWS010388","Anderson, Danette","",""
"SUWS010389","Anderson, Danette","",""
"SUWS010390","Anderson, Danette","",""
"SUWS010424","Munich, Robert A.","",""
"SUWS010425","Kristiansen, Stein","",""
"SUWS010426","Munich, Robert A.","",""
"SUWS010427","Kristiansen, Stein","",""
"SUWS010428","Munich, Robert A.","",""
"SUWS010429","Kristiansen, Stein","",""
"SUWS010430","Kristiansen, Stein","",""
"SUWS010438","Munich, Robert A.","",""
"SUWS010439","Kristiansen, Stein","",""
"SUWS010441","Kristiansen, Stein","",""
"SUWS010442","Kristiansen, Stein","",""
"SUWS010443","Kristiansen, Stein","",""
"SUWS010444","Kristiansen, Stein","",""
"SUWS010445","Kristiansen, Stein","",""
"SUWS010446","Munich, Robert A.","",""
"SUWS010447","Kristiansen, Stein","",""
"SUWS010448","Kristiansen, Stein","",""
"SUWS010449","Kristiansen, Stein","",""
"SUWS010451","Kristiansen, Stein","",""
"SUWS010463","Thomson, John W., Jr.","",""
"SUWS010464","","",""
"SUWS010489","Thomson, John W., Jr.","",""
"SUWS010490","McGovern, Scott","",""
"SUWS010491","Hansen, Perky","",""
"SUWS010492","Munich, Robert A.","",""
"SUWS010495","Zirngibl, William","",""
"SUWS010496","Castle, R.","",""
"SUWS010497","McGovern, Scott","",""
"SUWS010498","Munich, Robert A.","",""
"SUWS010499","Gitar"," Rounce",""
"SUWS010500","Gitar"," Rounce",""
"SUWS010501","Anderson, Danette","",""
"SUWS010502","Munich, Robert A.","",""
"SUWS010504","McGovern, Scott","",""
"SUWS010505","Hansen, Perky","",""
"SUWS010506","Munich, Robert A.","",""
"SUWS010507","Mendenhall, Paula M.","",""
"SUWS010508","McGovern, Scott","",""
"SUWS010509","Castle, R.","",""
"SUWS010510","Hansen, Perky","",""
"SUWS010511","Hansen, Perky","",""
"SUWS010513","Castle, R.","",""
"SUWS010514","Mendenhall, Paula M.","",""
"SUWS010518","McGovern, Scott","",""
"SUWS010519","Castle, R.","",""
"SUWS010522","Castle, R.","",""
"SUWS010523","Mendenhall, Paula M.","",""
"SUWS010524","Castle, R.","",""
"SUWS010525","Hansen, Perky","",""
"SUWS010526","McGovern, Scott","",""
"SUWS010527","Castle, R.","",""
"SUWS010528","Castle, R.","",""
"SUWS010529","Munich, Robert A.","",""
"SUWS010530","Kristiansen, Stein","",""
"SUWS010531","Anderson, Danette","",""
"SUWS010538","Younger, Patti"," Bruederle, Leo P.",""
"SUWS010539","McGovern, Scott","",""
"SUWS010540","Kristiansen, Stein","",""
"SUWS010540b","Castle, R.","",""
"SUWS010541","Munich, Robert A.","",""
"SUWS010548","Hansen, Perky","",""
"SUWS010549","Castle, R.","",""
"SUWS010552","McGovern, Scott","",""
"SUWS010555","Castle, R.","",""
"SUWS010556","Castle, R.","",""
"SUWS010557","Castle, R.","",""
"SUWS010559","McGovern, Scott","",""
"SUWS010560","Munich, Robert A.","",""
"SUWS010571","Castle, R.","",""
"SUWS010572","Castle, R.","",""
"SUWS010573","Castle, R.","",""
"SUWS010574","Castle, R.","",""
"SUWS010575","Castle, R.","",""
"SUWS010576","Brashier"," Smith",""
"SUWS010578","Martin, Bonita","",""
"SUWS010579","Heim, John A.","",""
"SUWS010580","Smetak, Scott","",""
"SUWS010581","Martin, Bonita","",""
"SUWS010582","Heim, John A.","",""
"SUWS010583","Ojanen, Joanne M.","",""
"SUWS010585","Ojanen, Joanne M.","",""
"SUWS010585b","Anderson, Jason","",""
"SUWS010586","Heim, John A.","",""
"SUWS010587","Ojanen, Joanne M.","",""
"SUWS010589","Martin, Bonita","",""
"SUWS010590","Martin, Roy","",""
"SUWS010591","Castle, R."," Johnson, R."," Anderson, D."
"SUWS010592","Martin, Bonita","",""
"SUWS010593","Smetak, Scott","",""
"SUWS010594","Heim, John A.","",""
"SUWS010595","Brost, Mike","",""
"SUWS010596","Taylor, W. Carl","",""
"SUWS010599","Smetak, Scott","",""
"SUWS010600","Martin, Bonita","",""
"SUWS010601","Thomson, John W., Jr.","",""
"SUWS010602","Johnson, R."," Castle, R.",""
"SUWS010603","Ojanen, Joanne M.","",""
"SUWS010604","Castle, R.","",""
"SUWS010605","Brost, Mike","",""
"SUWS010606","Johnson, R."," Castle, R.",""
"SUWS010607","Johnson, R.","",""
"SUWS010608","Heim, John A.","",""
"SUWS010609","Brost, Mike","",""
"SUWS010610","Martin, Bonita","",""
"SUWS010611","Ojanen, Joanne M.","",""
"SUWS010612","Thomson, John W., Jr.","",""
"SUWS010612A","Heim, John A.","",""
"SUWS010613","Castle, R.","",""
"SUWS010614","Martin, Bonita","",""
"SUWS010615","Martin, Bonita","",""
"SUWS010616","Martin, Bonita","",""
"SUWS010617","Heim, John A.","",""
"SUWS010618","Somerville, Mary F.","",""
"SUWS010621","Heim, John A.","",""
"SUWS010626","Smetak, Scott","",""
"SUWS010629","Davidson, Donald W."," Collins, Matt",""
"SUWS010629b","Davidson, Donald W."," Collins, Matt",""
"SUWS010630","McGovern, Scott","",""
"SUWS010631","Thomson, John W., Jr.","",""
"SUWS010632","Munich, Robert A.","",""
"SUWS010633","Hansen, Perky","",""
"SUWS010634","Castle, R.","",""
"SUWS010642","McGovern, Scott","",""
"SUWS010643","Davidson, Donald W."," Collins, Matt",""
"SUWS010644","Ojanen, Joanne M.","",""
"SUWS010645","Martin, Bonita","",""
"SUWS010647","Brost, Mike","",""
"SUWS010648","Smetak, Scott","",""
"SUWS010649","Heim, John A.","",""
"SUWS010650","Hansen, Perky","",""
"SUWS010651","Munich, Robert A.","",""
"SUWS010652","Ojanen, Joanne M.","",""
"SUWS010653","Brost, Mike","",""
"SUWS010656","Castle, R.","",""
"SUWS010657","Hein, Elizabeth","",""
"SUWS010658","Martin, Bonita","",""
"SUWS010659","Heim, John A.","",""
"SUWS010660","Castle, R.","",""
"SUWS010663","Castle, R.","",""
"SUWS010667","Castle, R.","",""
"SUWS010668","Hansen, Perky","",""
"SUWS010669","Mendenhall, Paula M.","",""
"SUWS010670","McGovern, Scott","",""
"SUWS010671","Davidson, Donald W."," Collins, Matt",""
"SUWS010672","Davidson, Donald W."," Collins, Matt",""
"SUWS010673","Davidson, Donald W."," Collins, Matt",""
"SUWS010674","Smetak, Scott","",""
"SUWS010676","Martin, Bonita","",""
"SUWS010677","Ojanen, Joanne M.","",""
"SUWS010682","Davidson, Donald W."," Collins, Matt",""
"SUWS010683","Davidson, Donald W."," Collins, Matt",""
"SUWS010684","Anderson, Jason","",""
"SUWS010685","Smetak, Scott","",""
"SUWS010686","Brost, Mike","",""
"SUWS010688","Gitar, Richard D.","",""
"SUWS010689","Ojanen, Joanne M.","",""
"SUWS010690","Castle, R.","",""
"SUWS010691","Ojanen, Joanne M.","",""
"SUWS010692","Castle, R.","",""
"SUWS010695","Heim, John A.","",""
"SUWS010705","Bolender"," Jones, Brashier",""
"SUWS010706","Bolender"," Jones, Brashier",""
"SUWS010707","Koch, Rudy G.","",""
"SUWS010708","Brashier"," Romans",""
"SUWS010709","Brashier"," Romans",""
"SUWS010710","Thomson, John W., Jr.","",""
"SUWS010714","Brashier"," Romans",""
"SUWS010715","Brashier"," Romans",""
"SUWS010717","Koch, Rudy G.","",""
"SUWS010719","Brashier"," Romans",""
"SUWS010720","Brashier"," Gunderson",""
"SUWS010721","Brashier"," Janowski",""
"SUWS010722","Koch, Rudy G.","",""
"SUWS010723","Brashier"," Thoren",""
"SUWS010724","Thomson, John W., Jr."," Jacobson, J. R.",""
"SUWS010725","Barnard"," Brashier",""
"SUWS010725b","Lahti, Duane","",""
"SUWS010726","Brashier"," Romans",""
"SUWS010728","Koch, Rudy G.","",""
"SUWS010728b","Dennery, Ed","",""
"SUWS010730","Koch, Rudy G.","",""
"SUWS010731","Castle, R.","",""
"SUWS010732","Thomson, John W., Jr."," Jacobson, J. R.",""
"SUWS010733","Thomson, John W., Jr.","",""
"SUWS010734","Leitner, Lawrence A.","",""
"SUWS010735","Koch, Rudy G.","",""
"SUWS010736","Castle, R.","",""
"SUWS010737","Brashier"," Romans",""
"SUWS010739","Koch, Rudy G.","",""
"SUWS010740","Brashier"," Romans",""
"SUWS010741","Brost, Mike","",""
"SUWS010742","Clements, Jimmy D.","",""
"SUWS010743","Leitner, Lawrence A.","",""
"SUWS010744","Brashier"," Romans",""
"SUWS010745","Thomson, John W., Jr.","",""
"SUWS010746","Thomson, John W., Jr.","",""
"SUWS010747","Thomson, John W., Jr."," Jacobson, J. R.",""
"SUWS010748","Thomson, John W., Jr.","",""
"SUWS010749","Brashier"," Thoren",""
"SUWS010751","Brashier"," Cherf",""
"SUWS010752","Brashier"," Romans",""
"SUWS010753","C., E. A.","",""
"SUWS010754","Cornell"," Brashier",""
"SUWS010755","Raatz"," Brashier",""
"SUWS010756","Hjerleid"," Brashier",""
"SUWS010757","Barnard"," Brashier",""
"SUWS010758","Collins"," Brashier",""
"SUWS010759","Holden"," Brashier",""
"SUWS010760","Muller"," Brashier",""
"SUWS010761","Wassgren"," Brashier",""
"SUWS010762","Hjerleid"," Brashier",""
"SUWS010763","Brashier"," Romans",""
"SUWS010764","Brashier"," Valaskey",""
"SUWS010765","Collinson, Keith","",""
"SUWS010766","Mitchell, John A.","",""
"SUWS010767","Brashier"," Romans",""
"SUWS010768","Brashier"," Romans",""
"SUWS010769","Koch, Rudy G.","",""
"SUWS010770","Castle, R.","",""
"SUWS010771","Thomson, John W., Jr.","",""
"SUWS010772","Thomson, John W., Jr.","",""
"SUWS010773","Thomson, John W., Jr.","",""
"SUWS010774","Bolender"," Jones, Brashier",""
"SUWS010775","Koch, Rudy G.","",""
"SUWS010777","Koch, Rudy G.","",""
"SUWS010778","Johnson, R.","",""
"SUWS010779","Cornell"," Brashier",""
"SUWS010780","Valaskey"," Brashier",""
"SUWS010781","Brashier"," Cherf",""
"SUWS010782","Muller"," Brashier",""
"SUWS010783","Thomson, John W., Jr.","",""
"SUWS010784","Brashier"," Romans",""
"SUWS010785","Brashier"," Gunderson",""
"SUWS010786","Brashier"," Janowski",""
"SUWS010789","Smith"," Brashier",""
"SUWS010790","Holden"," Brashier",""
"SUWS010791","Shaw, Merton R.","",""
"SUWS010792","Barnard"," Brashier",""
"SUWS010793","Hjerleid"," Brashier",""
"SUWS010794","Stackler, Susan","",""
"SUWS010795","Brashier"," Romans",""
"SUWS010796","Brashier"," Romans",""
"SUWS010797","Brashier"," Romans",""
"SUWS010798","Brashier"," Romans",""
"SUWS010800","Mitchell, John A.","",""
"SUWS010801","Staupe, Jane","",""
"SUWS010803","Thomson, John W., Jr.","",""
"SUWS010805","Brashier"," Romans",""
"SUWS010809","Castle, R.","",""
"SUWS010810","Castle, R.","",""
"SUWS010812","Thomson, John W., Jr."," Jacobson, J. R.",""
"SUWS010813","Castle, R.","",""
"SUWS010814","Heim, John A.","",""
"SUWS010815","Thomson, John W., Jr.","",""
"SUWS010816","Collins"," Brashier",""
"SUWS010817","Cornell"," Brashier",""
"SUWS010818","Koch, Rudy G.","",""
"SUWS010824","Holden"," Brashier",""
"SUWS010825","Thomson, John W., Jr.","",""
"SUWS010827","Koch, Rudy G.","",""
"SUWS010828","Thomson, John W., Jr.","",""
"SUWS010829","McGovern, Scott","",""
"SUWS010830","Mitchell, John A.","",""
"SUWS010831","Thomson, John W., Jr.","",""
"SUWS010832","Mitchell, John A.","",""
"SUWS010833","Brashier"," Romans",""
"SUWS010834","Thomson, John W., Jr.","",""
"SUWS010835","Thomson, John W., Jr.","",""
"SUWS010836","Brashier"," Romans",""
"SUWS010837","Koch, Rudy G.","",""
"SUWS010838","Barnard"," Brashier",""
"SUWS010839","Stackler, Susan","",""
"SUWS010840","Martin, Bonita","",""
"SUWS010843","Sima, Bessie R.","",""
"SUWS010844","Holden"," Brashier",""
"SUWS010845","Brashier"," Romans",""
"SUWS010846","Cornell"," Brashier",""
"SUWS010847","Hjerleid"," Brashier",""
"SUWS010849","Brashier"," Romans",""
"SUWS010850","Thomson, John W., Jr.","",""
"SUWS010851","Thomson, John W., Jr.","",""
"SUWS010852","Thomson, John W., Jr.","",""
"SUWS010853","Thomson, John W., Jr.","",""
"SUWS010854","Lahti, Duane","",""
"SUWS010855","Smetak, Scott","",""
"SUWS010856","Brashier"," Thoren",""
"SUWS010857","Collins"," Brashier",""
"SUWS010858","Thomson, John W., Jr.","",""
"SUWS010859","Cornell"," Brashier",""
"SUWS010860","Holden"," Brashier",""
"SUWS010861","Thomson, John W., Jr.","",""
"SUWS010862","Brashier"," Romans",""
"SUWS010863","Cornell"," Brashier",""
"SUWS010864","Barnard"," Brashier",""
"SUWS010865","Koch, Rudy G.","",""
"SUWS010866","Stackler, Susan","",""
"SUWS010868","Brashier"," Romans",""
"SUWS010869","Brashier"," Romans",""
"SUWS010870","Stackler, Susan","",""
"SUWS010871","Thomson, John W., Jr.","",""
"SUWS010872","Thomson, John W., Jr.","",""
"SUWS010873","Brashier"," Romans",""
"SUWS010874","Stackler, Susan","",""
"SUWS010875","Castle, R.","",""
"SUWS010876","Brashier"," Cherf",""
"SUWS010878","Mitchell, John A.","",""
"SUWS010879","Koch, Rudy G.","",""
"SUWS010885","Swanson, Steven D.","",""
"SUWS010886","Castle, R.","",""
"SUWS010887","Castle, R.","",""
"SUWS010888","Stackler, Susan","",""
"SUWS010889","Shaw, Merton R.","",""
"SUWS010892","Thomson, John W., Jr.","",""
"SUWS010893","Johnson, R.","",""
"SUWS010896","Koch, Rudy G.","",""
"SUWS010897","Stackler, Susan","",""
"SUWS010898","Koch, Rudy G.","",""
"SUWS010900","Koch, Rudy G.","",""
"SUWS010903","Gibbons, Dean W.","",""
"SUWS010904","Thompson, Kathy L.","",""
"SUWS010904b","Nelson, C. J."," Sohmer, S. H.",""
"SUWS010907","Thomson, John W., Jr.","",""
"SUWS010908","Anderson, Jason","",""
"SUWS010909","Martin, Bonita","",""
"SUWS010910","G., R. A.","",""
"SUWS010912","Hall, Norma","",""
"SUWS010913","Hall, Norma","",""
"SUWS010914","Trapp, K.","",""
"SUWS010915","Brashier"," Gall",""
"SUWS010916","Brashier"," Grage",""
"SUWS010918","Ludwig, Larry","",""
"SUWS010919","G., R. A.","",""
"SUWS010920","Hall, Norma","",""
"SUWS010924","Hartley, R.","",""
"SUWS010925","Thomson, John W., Jr."," Jacobson, J. R.",""
"SUWS010926","Schmidt, Mike","",""
"SUWS010927","Castle, R.","",""
"SUWS010929","Sohmer, S. H.","",""
"SUWS010933","Thomson, John W., Jr.","",""
"SUWS010935","Collinson, Keith","",""
"SUWS010936","La Liberte, Paul","",""
"SUWS010938","Shaw"," Brashier",""
"SUWS010939","Thomson, John W., Jr.","",""
"SUWS010940","Demaske, D.","",""
"SUWS010941","Koch, Rudy G.","",""
"SUWS010942","Dabydeen, Simon","",""
"SUWS010944","Thomson, John W., Jr.","",""
"SUWS010945","Thomson, John W., Jr.","",""
"SUWS010946","Hall, Norma","",""
"SUWS010948","Martin, Bonita","",""
"SUWS010949","Koch, Rudy G.","",""
"SUWS010950","Koch, Rudy G.","",""
"SUWS010951","Thomson, John W., Jr.","",""
"SUWS010952","Wassgren"," Brashier",""
"SUWS010955","Thomson, John W., Jr."," Smith, C. W.",""
"SUWS010956","Koch, Rudy G.","",""
"SUWS010957","McGovern, Scott","",""
"SUWS010958","Vansteenburg, Jeffrey B.","",""
"SUWS010959","Brost, Mike","",""
"SUWS010961","Hansen, Perky","",""
"SUWS010962","Hall, Norma","",""
"SUWS010963","Suneson, Verna","",""
"SUWS010964","Thomson, John W., Jr.","",""
"SUWS010965","Castle, R.","",""
"SUWS010966","Thomson, John W., Jr."," Fassett, Norman C.",""
"SUWS010967","Castle, R.","",""
"SUWS010968","Thomson, John W., Jr.","",""
"SUWS010969","Thomson, John W., Jr.","",""
"SUWS010970","Koch, Rudy G.","",""
"SUWS010971","Suneson, Verna","",""
"SUWS010972","Brashier"," Smith",""
"SUWS010973","Brashier"," Walvoord",""
"SUWS010977","Brashier"," Walvoord",""
"SUWS010978","Hall, Norma","",""
"SUWS010979","Suneson, Verna","",""
"SUWS010980","Castle, R.","",""
"SUWS010981","Hall, Norma","",""
"SUWS010983","Thomson, John W., Jr.","",""
"SUWS010984","Thomson, John W., Jr.","",""
"SUWS010994","Brashier"," Ruff",""
"SUWS010995","Castle, R.","",""
"SUWS010996","Koch, Rudy G.","",""
"SUWS010997","Hall, Norma","",""
"SUWS010998","Suneson, Verna","",""
"SUWS010999","Brashier"," Janowski",""
"SUWS011000","Brashier"," Thoren",""
"SUWS011001","Castle, R.","",""
"SUWS011002","Thomson, John W., Jr.","",""
"SUWS011003","Castle, R.","",""
"SUWS011004","","",""
"SUWS011005","G., R. A.","",""
"SUWS011006","Koch, Rudy G.","",""
"SUWS011007","Purtell, Harriet M.","",""
"SUWS011008","Suneson, Verna","",""
"SUWS011009","Brost, Mike","",""
"SUWS011012","Anderson, Arne","",""
"SUWS011014","Davidson, Donald W."," Collins, Matt",""
"SUWS011016","Thomson, John W., Jr.","",""
"SUWS011017","Hendrickson, Sue","",""
"SUWS011018","Dabydeen, Simon","",""
"SUWS011020","Koch, Rudy G.","",""
"SUWS011021","Team 6","",""
"SUWS011022","Brost, Mike","",""
"SUWS011023","Ojanen, Joanne M.","",""
"SUWS011024","Thomson, John W., Jr.","",""
"SUWS011026","Hall, Norma","",""
"SUWS011030","Koch, Rudy G.","",""
"SUWS011031","Team 4","",""
"SUWS011032","Team 6","",""
"SUWS011033","Swanson, Denny","",""
"SUWS011034","Thomson, John W., Jr."," Smith, C. W.",""
"SUWS011035","Thomson, John W., Jr.","",""
"SUWS011036","Bruederle, Leo P.","",""
"SUWS011038","Koch, Rudy G.","",""
"SUWS011039","Koch, Rudy G.","",""
"SUWS011040","Castle, R.","",""
"SUWS011041","Schmidt, John E.","",""
"SUWS011042","Anderson, Jason","",""
"SUWS011043","Davidson, Donald W."," Collins, Matt",""
"SUWS011044","Davidson, Donald W."," Collins, Matt",""
"SUWS011045","Hansen, Perky","",""
"SUWS011047","Brashier"," Grage",""
"SUWS011048","Brashier"," Gall",""
"SUWS011049","Olson, Patti","",""
"SUWS011050","Brost, Mike","",""
"SUWS011051","Staupe, Jane","",""
"SUWS011061","Suneson, Verna","",""
"SUWS011062","Hall, Norma","",""
"SUWS011067","Brost, Mike","",""
"SUWS011069","Castle, R.","",""
"SUWS011070","Brashier"," Walvoord",""
"SUWS011071","Brashier"," Grage",""
"SUWS011072","Brashier"," Gunderson",""
"SUWS011073","Thomson, John W., Jr.","",""
"SUWS011074","Thomson, John W., Jr."," Jacobson, J. R.",""
"SUWS011075","Thomson, John W., Jr.","",""
"SUWS011076","Brashier"," Walvoord",""
"SUWS011077","Thomson, John W., Jr.","",""
"SUWS011078","Brashier"," Grage",""
"SUWS011079","Stackler, Susan","",""
"SUWS011081","Davidson, Donald W."," Collins, Matt",""
"SUWS011082","Davidson, Donald W."," Collins, Matt",""
"SUWS011083","Brashier"," Janowski",""
"SUWS011084","Brashier"," Smith",""
"SUWS011085","Koch, Rudy G.","",""
"SUWS011088","Thomson, John W., Jr.","",""
"SUWS011089","Koch, Rudy G.","",""
"SUWS011090","Brashier"," Walvoord",""
"SUWS011091","Brashier"," Gall",""
"SUWS011092","Brashier"," Grage",""
"SUWS011093","Stackler, Susan","",""
"SUWS011094","Thomson, John W., Jr.","",""
"SUWS011101","Thomson, John W., Jr.","",""
"SUWS011102","Koch, Rudy G.","",""
"SUWS011104","Brashier"," Romans",""
"SUWS011105","Brashier"," Romans",""
"SUWS011112","Thomson, John W., Jr.","",""
"SUWS011113","Brashier"," Gunderson",""
"SUWS011114","Stackler, Susan","",""
"SUWS011115","Brashier"," Thoren",""
"SUWS011116","Thomson, John W., Jr.","",""
"SUWS011117","Thomson, John W., Jr.","",""
"SUWS011118","Brashier"," Romans",""
"SUWS011119","Anderson, D."," Johnson, R."," Castle, R."
"SUWS011120","","",""
"SUWS011121","Sima, Bessie R.","",""
"SUWS011122","C., E. A.","",""
"SUWS011123","Hjerleid"," Brashier",""
"SUWS011124","Brashier"," Parrish",""
"SUWS011125","Brashier"," Janowski",""
"SUWS011126","Brashier"," Walvoord",""
"SUWS011127","Thomson, John W., Jr.","",""
"SUWS011128","Cornell"," Brashier",""
"SUWS011129","Koch, Rudy G.","",""
"SUWS011130","Brashier"," Romans",""
"SUWS011132","Mendenhall, Paula M.","",""
"SUWS011133","Thomson, John W., Jr.","",""
"SUWS011134","Thomson, John W., Jr.","",""
"SUWS011135","Olson, Patti","",""
"SUWS011136","Thomson, John W., Jr.","",""
"SUWS011137","Bruederle, Leo P.","",""
"SUWS011138","Thomson, John W., Jr.","",""
"SUWS011143","Thomson, John W., Jr.","",""
"SUWS011144","Thomson, John W., Jr.","",""
"SUWS011148","C., E. A.","",""
"SUWS011150","Bucholdt, Norma","",""
"SUWS011151","Thomson, John W., Jr.","",""
"SUWS011152","","",""
"SUWS011154","Brashier"," Romans",""
"SUWS011156","Leitner, Lawrence A.","",""
"SUWS011157","Lesperance, Patrici","",""
"SUWS011160","Thomson, John W., Jr.","",""
"SUWS011161","Romans"," Brashier",""
"SUWS011162","Koch, Rudy G.","",""
"SUWS011163","Thomson, John W., Jr.","",""
"SUWS011164","Thomson, John W., Jr.","",""
"SUWS011165","Thomson, John W., Jr.","",""
"SUWS011167","Koch, Rudy G.","",""
"SUWS011173","Cornell"," Brashier",""
"SUWS011174","Hein, Elizabeth","",""
"SUWS011177","Cherf"," Brashier",""
"SUWS011178","Barnard"," Brashier",""
"SUWS011179","Dabydeen, Simon","",""
"SUWS011180","Staupe, Jane","",""
"SUWS011181","Holden"," Brashier",""
"SUWS011183","Cornell"," Brashier",""
"SUWS011184","C., E. A.","",""
"SUWS011185","Thomson, John W., Jr.","",""
"SUWS011186","Koch, Rudy G.","",""
"SUWS011187","Holden"," Brashier",""
"SUWS011188","Koch, Rudy G.","",""
"SUWS011189","Thomson, John W., Jr.","",""
"SUWS011190","Koch, Rudy G.","",""
"SUWS011191","Koch, Rudy G.","",""
"SUWS011192","Koch, Rudy G.","",""
"SUWS011195","Castle, R.","",""
"SUWS011196","Thomson, John W., Jr.","",""
"SUWS011197","Thomson, John W., Jr.","",""
"SUWS011198","Barnard"," Brashier",""
"SUWS011199","Hjerleid"," Brashier",""
"SUWS011200","Holden"," Brashier",""
"SUWS011201","Brashier"," Janowski",""
"SUWS011202","Brashier"," Cherf",""
"SUWS011203","Koch, Rudy G.","",""
"SUWS011207","Koch, Rudy G.","",""
"SUWS011208","Thomson, John W., Jr.","",""
"SUWS011209","Castle, R.","",""
"SUWS011210","Koch, Rudy G.","",""
"SUWS011211","Brashier"," Romans",""
"SUWS011212","Brashier"," Romans",""
"SUWS011213","Barnard"," Brashier",""
"SUWS011214","Castle, R.","",""
"SUWS011216","Thomson, John W., Jr.","",""
"SUWS011217","Koch, Rudy G.","",""
"SUWS011218","Thomson, John W., Jr."," Fassett, Norman C.",""
"SUWS011219","Thomson, John W., Jr.","",""
"SUWS011220","Thomson, John W., Jr.","",""
"SUWS011221","Thomson, John W., Jr.","",""
"SUWS011222","Thomson, John W., Jr.","",""
"SUWS011223","Thomson, John W., Jr.","",""
"SUWS011224","Castle, R.","",""
"SUWS011225","Sima, Bessie R.","",""
"SUWS011227","Cornell"," Brashier",""
"SUWS011228","Stackler, Susan","",""
"SUWS011229","Holden"," Brashier",""
"SUWS011230","Castle, R.","",""
"SUWS011232","Koch, Rudy G.","",""
"SUWS011234","Koch, Rudy G.","",""
"SUWS011236","Koch, Rudy G.","",""
"SUWS011237","Koch, Rudy G.","",""
"SUWS011238","Thomson, John W., Jr."," Smith, C. W.",""
"SUWS011239","Brashier"," Grage",""
"SUWS011240","Koch, Rudy G.","",""
"SUWS011241","Brashier"," Romans",""
"SUWS011242","Cornell"," Brashier",""
"SUWS011243","Holden"," Brashier",""
"SUWS011244","Thomson, John W., Jr.","",""
"SUWS011245","Brashier"," Thoren",""
"SUWS011247","Koch, Rudy G.","",""
"SUWS011248","Thomson, John W., Jr.","",""
"SUWS011255","Martin, Bonita","",""
"SUWS011256","Olson, Patti","",""
"SUWS011257","Castle, R.","",""
"SUWS011258","Thomson, John W., Jr.","",""
"SUWS011259","Castle, R.","",""
"SUWS011261","Thomson, John W., Jr.","",""
"SUWS011263","Brashier"," Grage",""
"SUWS011264","Cornell"," Brashier",""
"SUWS011265","Hjerleid"," Brashier",""
"SUWS011266","Parrish"," Brashier",""
"SUWS011267","Parrish"," Brashier",""
"SUWS011268","Knuf, Phillip","",""
"SUWS011269","Cornell"," Brashier",""
"SUWS011270","Castle, R.","",""
"SUWS011271","Brashier"," Ruff",""
"SUWS011272","Janowski","",""
"SUWS011273","Brashier"," Romans",""
"SUWS011274","Walvoord"," Brashier",""
"SUWS011275","Thoren"," Brashier",""
"SUWS011276","Brashier"," Romans",""
"SUWS011277","Thomson, John W., Jr.","",""
"SUWS011278","Thomson, John W., Jr.","",""
"SUWS011279","Koch, Rudy G.","",""
"SUWS011280","Thomson, John W., Jr.","",""
"SUWS011281","McC., N. V."," C., E. A.",""
"SUWS011283","Sohmer, S. H.","",""
"SUWS011284","Thomson, John W., Jr.","",""
"SUWS011285","Brashier"," Romans",""
"SUWS011288","Gunderson"," Brashier",""
"SUWS011290","Olson, Patti","",""
"SUWS011291","Cherf"," Brashier",""
"SUWS011292","Hjerleid"," Brashier",""
"SUWS011293","Thomson, John W., Jr.","",""
"SUWS011294","Cornell"," Brashier",""
"SUWS011296","Brashier"," Walvoord",""
"SUWS011297","Thomson, John W., Jr.","",""
"SUWS011298","Thomson, John W., Jr.","",""
"SUWS011299","Markon, Kathleen","",""
"SUWS011300","Sima, Bessie R.","",""
"SUWS011301","Thomson, John W., Jr.","",""
"SUWS011302","Brashier"," Romans",""
"SUWS011303","Thomson, John W., Jr.","",""
"SUWS011304","Brashier"," Romans",""
"SUWS011305","Stackler, Susan","",""
"SUWS011306","C., E. A."," McC., N. V.",""
"SUWS011307","Thomson, John W., Jr.","",""
"SUWS011309","Hjerleid"," Brashier",""
"SUWS011310","Heim, John A.","",""
"SUWS011311","Stackler, Susan","",""
"SUWS011314","Koch, Rudy G.","",""
"SUWS011316","Hjerleid"," Brashier",""
"SUWS011317","Cornell"," Brashier",""
"SUWS011318","Koch, Rudy G.","",""
"SUWS011319","Brashier"," Romans",""
"SUWS011320","Brashier"," Romans",""
"SUWS011321","C., E. A."," McC., N. V.",""
"SUWS011322","Castle, R.","",""
"SUWS011323","Castle, R.","",""
"SUWS011324","Cherf"," Brashier",""
"SUWS011325","Valaskey"," Brashier",""
"SUWS011326","Hjerleid"," Brashier",""
"SUWS011327","Brashier"," Parrish",""
"SUWS011328","Brashier"," Romans",""
"SUWS011329","Olson, Patti","",""
"SUWS011331","Thomson, John W., Jr.","",""
"SUWS011332","Muller"," Brashier",""
"SUWS011333","Cornell"," Brashier",""
"SUWS011334","Koch, Rudy G.","",""
"SUWS011335","Hicks, James"," Brashier",""
"SUWS011336","Brashier"," Grage",""
"SUWS011337","Brashier"," Romans",""
"SUWS011338","Koch, Rudy G.","",""
"SUWS011339","Castle, R.","",""
"SUWS011341","Koch, Rudy G.","",""
"SUWS011342","Thomson, John W., Jr.","",""
"SUWS011343","Dabydeen, Simon","",""
"SUWS011345","Bjork, Ann","",""
"SUWS011346","Koch, Rudy G.","",""
"SUWS011347","Thomson, John W., Jr."," Jacobson, J. R.",""
"SUWS011349","Brashier"," Janowski",""
"SUWS011350","Koch, Rudy G.","",""
"SUWS011351","Brashier"," Smith",""
"SUWS011352","Castle, R.","",""
"SUWS011354","Evans, Lisa","",""
"SUWS011361","Thomson, John W., Jr.","",""
"SUWS011362","Martin, Bonita","",""
"SUWS011363","Mortensen, Sara","",""
"SUWS011364","Castle, R.","",""
"SUWS011365","Thoren"," Brashier",""
"SUWS011366","Brashier"," Romans",""
"SUWS011367","Brashier"," Cherf",""
"SUWS011368","Brashier"," Valaskey",""
"SUWS011369","Janowski"," Brashier",""
"SUWS011374","Pellett, T. D."," Smith, W. A.",""
"SUWS011375","Koch, Rudy G.","",""
"SUWS011378","Thomson, John W., Jr.","",""
"SUWS011379","Olson, Patti","",""
"SUWS011380","","",""
"SUWS011381","Thomson, John W., Jr.","",""
"SUWS011382","Koch, Rudy G.","",""
"SUWS011383","Thomson, John W., Jr.","",""
"SUWS011384","Thomson, John W., Jr.","",""
"SUWS011385","Brashier"," Romans",""
"SUWS011386","Brashier"," Romans",""
"SUWS011387","Brashier"," Romans",""
"SUWS011388","Brashier"," Romans",""
"SUWS011389","Brashier"," Romans",""
"SUWS011390","Castle, R.","",""
"SUWS011391","Brashier"," Romans",""
"SUWS011392","Koch, Rudy G.","",""
"SUWS011393","Brashier"," Romans",""
"SUWS011394","Koch, Rudy G.","",""
"SUWS011395","Brashier"," Romans",""
"SUWS011396","Brashier"," Romans",""
"SUWS011397","Staupe, Jane","",""
"SUWS011398","Thomson, John W., Jr.","",""
"SUWS011400","Castle, R.","",""
"SUWS011401","Brashier"," Romans",""
"SUWS011402","Thomson, John W., Jr.","",""
"SUWS011403","Tendrup, Lynn S.","",""
"SUWS011404","Koch, Rudy G.","",""
"SUWS011405","Thomson, John W., Jr.","",""
"SUWS011406","Romans"," Brashier",""
"SUWS011407","Jones"," Brashier",""
"SUWS011408","Romans"," Brashier",""
"SUWS011409","Johnson, R."," Castle, R.",""
"SUWS011410","Brashier"," Romans",""
"SUWS011411","Brashier"," Romans",""
"SUWS011412","Hein, Elizabeth","",""
"SUWS011414","Castle, R.","",""
"SUWS011415","Brashier"," Romans",""
"SUWS011416","Thomson, John W., Jr.","",""
"SUWS011417","Thomson, John W., Jr.","",""
"SUWS011418","Koch, Rudy G.","",""
"SUWS011419","Koch, Rudy G.","",""
"SUWS011420","Thomson, John W., Jr.","",""
"SUWS011420b","Thomson, John W., Jr.","",""
"SUWS011421","Brashier"," Romans",""
"SUWS011422","Koch, Rudy G.","",""
"SUWS011423","Brashier"," Romans",""
"SUWS011424","Brashier"," Romans",""
"SUWS011425","Mackensen"," Brashier",""
"SUWS011426","Brashier"," Romans",""
"SUWS011428","Brashier"," Romans",""
"SUWS011429","Brashier"," Romans",""
"SUWS011430","Brashier"," Romans",""
"SUWS011431","Brashier"," Romans",""
"SUWS011434","Thomson, John W., Jr.","",""
"SUWS011435","Castle, R.","",""
"SUWS011436","Castle, R.","",""
"SUWS011437","Lunda, Judy","",""
"SUWS011438","Brashier"," Romans",""
"SUWS011440","Thomson, John W., Jr.","",""
"SUWS011442","Brashier"," Walvoord",""
"SUWS011443","Brashier"," Grage",""
"SUWS011444","Bartholomew, L.","",""
"SUWS011445","Tendrup, Lynn S.","",""
"SUWS011448","Castle, R.","",""
"SUWS011449","Demaske, D.","",""
"SUWS011450","Ziegler, S. R."," Leykom, M. F.",""
"SUWS011451","Koch, Rudy G.","",""
"SUWS011452","Hendrickson, Sue","",""
"SUWS011453","Thomson, John W., Jr.","",""
"SUWS011454","Thomson, John W., Jr.","",""
"SUWS011455","Davidson, Donald W."," Collins, Matt",""
"SUWS011456","Davidson, Donald W."," Collins, Matt",""
"SUWS011457","Suneson, Verna","",""
"SUWS011458","Castle, R.","",""
"SUWS011461","Micke, Brian","",""
"SUWS011462","Castle, R.","",""
"SUWS011463","Hall, Norma","",""
"SUWS011465","Stackler, Susan","",""
"SUWS011467","Koch, Rudy G.","",""
"SUWS011468","Brashier"," Smith",""
"SUWS011469","Brashier"," Valaskey",""
"SUWS011470","Brashier"," Gunderson",""
"SUWS011471","Brost, Mike","",""
"SUWS011474","Nontelle, Deon M.","",""
"SUWS011475","Castle, R.","",""
"SUWS011477","McGovern, Scott","",""
"SUWS011478","Munich, Robert A.","",""
"SUWS011479","Davidson, Donald W."," Collins, Matt",""
"SUWS011481","Castle, R.","",""
"SUWS011482","Hjerleid"," Brashier",""
"SUWS011482b","Davidson, Donald W."," Collins, Matt",""
"SUWS011483","Castle, R.","",""
"SUWS011485","Hall, Norma","",""
"SUWS011486","Hall, Norma","",""
"SUWS011486b","Thomson, John W., Jr."," Jacobson, J. R.",""
"SUWS011488","Ziegler, S. R."," Leykom, M. F.",""
"SUWS011490","Koch, Rudy G.","",""
"SUWS011491","Koch, Rudy G.","",""
"SUWS011492","Koch, Rudy G.","",""
"SUWS011493","Thomson, John W., Jr.","",""
"SUWS011494","Tendrup, Lynn S.","",""
"SUWS011495","Thomson, John W., Jr.","",""
"SUWS011496","Thomson, John W., Jr.","",""
"SUWS011497","","",""
"SUWS011498","","",""
"SUWS011499","Koch, Rudy G.","",""
"SUWS011500","Koch, Rudy G.","",""
"SUWS011501","Castle, R.","",""
"SUWS011502","Charboneau, E.","",""
"SUWS011503","Koch, Rudy G.","",""
"SUWS011504","Dabydeen, Simon","",""
"SUWS011505","Hansen, Perky","",""
"SUWS011506","Munich, Robert A.","",""
"SUWS011507","Koch, Rudy G.","",""
"SUWS011508","Thomson, John W., Jr.","",""
"SUWS011509","Hall, Norma","",""
"SUWS011510","Thomson, John W., Jr.","",""
"SUWS011511","Tendrup, Lynn S.","",""
"SUWS011512","Suneson, Verna","",""
"SUWS011513","G., R.A.F","",""
"SUWS011514","Munich, Robert A.","",""
"SUWS011515","Swanson, Steven D.","",""
"SUWS011516","Olson, Patti","",""
"SUWS011517","Thomson, John W., Jr.","",""
"SUWS011518","Dabydeen, Simon","",""
"SUWS011519","Hall, Norma","",""
"SUWS011520","Suneson, Verna","",""
"SUWS011521","","",""
"SUWS011522","Thomson, John W., Jr."," Jacobson, J. R.",""
"SUWS011523","Davidson, Donald W."," Collins, Matt",""
"SUWS011524","Davidson, Donald W."," Collins, Matt",""
"SUWS011526","Hall, Norma","",""
"SUWS011527","Suneson, Verna","",""
"SUWS011528","Hall, Norma","",""
"SUWS011529","","",""
"SUWS011530","Thomson, John W., Jr."," Fassett, Norman C.",""
"SUWS011531","Suneson, Verna","",""
"SUWS011532","Thomson, John W., Jr."," Jacobson, J. R.",""
"SUWS011533","G., R. A.","",""
"SUWS011534","Koch, Rudy G.","",""
"SUWS011535","Koch, Rudy G.","",""
"SUWS011537","Brashier"," Romans",""
"SUWS011538","Koch, Rudy G.","",""
"SUWS011543","Koch, Rudy G.","",""
"SUWS011544","Thomson, John W., Jr.","",""
"SUWS011545","Cornell"," Brashier",""
"SUWS011546","Brashier"," Romans",""
"SUWS011547","Thomson, John W., Jr."," Jacobson, J. R.",""
"SUWS011548","Thomson, John W., Jr."," Fassett, Norman C.",""
"SUWS011549","Thomson, John W., Jr.","",""
"SUWS011550","Thomson, John W., Jr.","",""
"SUWS011551","Leitner, Lawrence A.","",""
"SUWS011552","Staupe, Jane","",""
"SUWS011553","Brashier"," Romans",""
"SUWS011554","Brashier"," Romans",""
"SUWS011555","Cornell"," Brashier",""
"SUWS011557","Mackensen"," Brashier",""
"SUWS011558","Holmgren"," Brashier",""
"SUWS011559","Anderson, D."," Castle, R.",""
"SUWS011560","Brashier"," Romans",""
"SUWS011561","Brashier"," Romans",""
"SUWS011562","Thomson, John W., Jr."," Jacobson, J. R.",""
"SUWS011563","Romans"," Brashier",""
"SUWS011564","Brashier"," Valaskey",""
"SUWS011565","Cornell"," Brashier",""
"SUWS011566","Holden"," Brashier",""
"SUWS011567","Collinson, Keith","",""
"SUWS011569","Koch, Rudy G.","",""
"SUWS011572","Holden"," Brashier",""
"SUWS011573","Sima, Bessie R.","",""
"SUWS011574","Barnard"," Brashier",""
"SUWS011575","Thomson, John W., Jr.","",""
"SUWS011576","Brashier"," Romans",""
"SUWS011577","Brashier"," Parrish",""
"SUWS011578","Mackensen"," Brashier",""
"SUWS011579","Brashier"," Romans",""
"SUWS011580","Hjerleid"," Brashier",""
"SUWS011581","Steinberg, Tom","",""
"SUWS011582","Brashier"," Romans",""
"SUWS011584","Thomson, John W., Jr.","",""
"SUWS011585","Koch, Rudy G.","",""
"SUWS011587","Thomson, John W., Jr."," Fassett, Norman C.",""
"SUWS011588","Haglund, Anabelle","",""
"SUWS011590","Cornell"," Brashier",""
"SUWS011591","Hjerleid"," Brashier",""
"SUWS011592","Shugar, Helen","",""
"SUWS011593","Thomson, John W., Jr.","",""
"SUWS011594","Koch, Rudy G.","",""
"SUWS011595","Koch, Rudy G.","",""
"SUWS011598","Brashier"," Romans",""
"SUWS011599","Thomson, John W., Jr.","",""
"SUWS011600","Thomson, John W., Jr.","",""
"SUWS011601","Thomson, John W., Jr.","",""
"SUWS011602","Sima, Bessie R.","",""
"SUWS011604","Collinson, Keith","",""
"SUWS011605","Brashier"," Thoren",""
"SUWS011606","Ziegler, S. R.","",""
"SUWS011607","Holden"," Brashier",""
"SUWS011608","Castle, R.","",""
"SUWS011610","Brashier"," Wassgren",""
"SUWS011611","Castle, R.","",""
"SUWS011612","Koch, Rudy G.","",""
"SUWS011614","Thomson, John W., Jr.","",""
"SUWS011615","Thomson, John W., Jr."," Jacobson, J. R.",""
"SUWS011616","Castle, R.","",""
"SUWS011617","Cornell"," Brashier",""
"SUWS011618","Hjerleid"," Brashier",""
"SUWS011619","Mackensen"," Brashier",""
"SUWS011620","Thomson, John W., Jr.","",""
"SUWS011621","Holden"," Brashier",""
"SUWS011622","Mackensen"," Brashier",""
"SUWS011623","Holden"," Brashier",""
"SUWS011624","Brashier"," Thoren",""
"SUWS011625","Brashier"," Cherf",""
"SUWS011626","Koch, Rudy G.","",""
"SUWS011627","Thomson, John W., Jr.","",""
"SUWS011628","Barnard"," Brashier",""
"SUWS011629","Olson, Patti","",""
"SUWS011630","Brashier"," Romans",""
"SUWS011631","Mackensen"," Brashier",""
"SUWS011632","Brashier"," Romans",""
"SUWS011633","Thomson, John W., Jr.","",""
"SUWS011634","Thomson, John W., Jr.","",""
"SUWS011635","Thomson, John W., Jr.","",""
"SUWS011639","Castle, R.","",""
"SUWS011640","Staupe, Jane","",""
"SUWS011641","Groth, Elcey","",""
"SUWS011642","","",""
"SUWS011643","","",""
"SUWS011646","Thomson, John W., Jr.","",""
"SUWS011648","Hein, Elizabeth","",""
"SUWS011649","Collins"," Brashier",""
"SUWS011650","Thomson, John W., Jr.","",""
"SUWS011652","Smetak, Scott","",""
"SUWS011654","Thomson, John W., Jr.","",""
"SUWS011655","Longenecker, Jean","",""
"SUWS011657","McGovern, Scott","",""
"SUWS011660","Hein, Elizabeth","",""
"SUWS011661","Thomson, John W., Jr.","",""
"SUWS011662","Hein, Elizabeth","",""
"SUWS011663","Brashier"," Romans",""
"SUWS011664","Castle, R.","",""
"SUWS011665","Koch, Rudy G.","",""
"SUWS011666","Thomson, John W., Jr.","",""
"SUWS011667","Longenecker, Jean","",""
"SUWS011668","Thomson, John W., Jr.","",""
"SUWS011669","Castle, R."," Johnson, R.",""
"SUWS011671","Martin, Bonita","",""
"SUWS011672","Anderson, Jason","",""
"SUWS011673","McGovern, Scott","",""
"SUWS011674","Collins"," Brashier",""
"SUWS011675","Barnard"," Brashier",""
"SUWS011676","Brashier"," Walvoord",""
"SUWS011678","Thomson, John W., Jr.","",""
"SUWS011679","Castle, R.","",""
"SUWS011680","Staupe, Jane","",""
"SUWS011687","Hein, Elizabeth","",""
"SUWS011689","Brashier"," Grage",""
"SUWS011690","Brashier"," Romans",""
"SUWS011691","Hein, Elizabeth","",""
"SUWS011692","Thomson, John W., Jr.","",""
"SUWS011694","Jones"," Brashier",""
"SUWS011695","Lahti, Duane","",""
"SUWS011696","Heim, John A.","",""
"SUWS011697","Martin, Bonita","",""
"SUWS011701","Thomson, John W., Jr.","",""
"SUWS011702","Staupe, Jane","",""
"SUWS011705","","",""
"SUWS011706","Brashier"," Walvoord",""
"SUWS011707","Jones"," Brashier",""
"SUWS011710","Brost, Mike","",""
"SUWS011713","Collins"," Brashier",""
"SUWS011714","Castle, R.","",""
"SUWS011715","Brashier"," Romans",""
"SUWS011716","Thomson, John W., Jr.","",""
"SUWS011717","Thomson, John W., Jr.","",""
"SUWS011718","Thomson, John W., Jr.","",""
"SUWS011719","Koch, Rudy G.","",""
"SUWS011720","Brashier"," Romans",""
"SUWS011722","Walvoord"," Brashier",""
"SUWS011723","Brashier"," Thoren",""
"SUWS011727","Wassgren"," Brashier",""
"SUWS011729","Koch, Rudy G.","",""
"SUWS011730","Thomson, John W., Jr.","",""
"SUWS011731","Mackensen"," Brashier",""
"SUWS011733","Janowski"," Brashier",""
"SUWS011734","Muller"," Brashier",""
"SUWS011735","Callister, Steven M.","",""
"SUWS011736","Hjerleid"," Brashier",""
"SUWS011737","Koch, Rudy G.","",""
"SUWS011738","Cherf"," Brashier",""
"SUWS011740","Brashier"," Romans",""
"SUWS011741","Valaskey"," Brashier",""
"SUWS011742","Thomson, John W., Jr.","",""
"SUWS011745","Hein, Elizabeth","",""
"SUWS011746","Hein, Elizabeth","",""
"SUWS011747","Thomson, John W., Jr.","",""
"SUWS011748","Thomson, John W., Jr.","",""
"SUWS011749","McGovern, Scott","",""
"SUWS011750","Koch, Rudy G.","",""
"SUWS011751","Olson, Patti","",""
"SUWS011752","Thomson, John W., Jr.","",""
"SUWS011753","Koch, Rudy G.","",""
"SUWS011754","Brashier"," Romans",""
"SUWS011755","Brashier"," Romans",""
"SUWS011756","Castle, R."," Johnson, R.",""
"SUWS011758","Cherf"," Brashier",""
"SUWS011759","Collins"," Brashier",""
"SUWS011760","Brashier"," Walvoord",""
"SUWS011761","Gunderson"," Brashier",""
"SUWS011762","Brashier"," Smith",""
"SUWS011763","Brashier"," Cherf",""
"SUWS011764","Collins"," Brashier",""
"SUWS011765","Hjerleid"," Brashier",""
"SUWS011766","Brashier"," Grage",""
"SUWS011768","Olson, Patti","",""
"SUWS011769","Brashier"," Thoren",""
"SUWS011770","Brashier"," Valaskey",""
"SUWS011771","Thomson, John W., Jr.","",""
"SUWS011772","Brashier"," Romans",""
"SUWS011773","Thomson, John W., Jr.","",""
"SUWS011774","Koch, Rudy G.","",""
"SUWS011775","Castle, R.","",""
"SUWS011777","Castle, R.","",""
"SUWS011778","Leitner, Lawrence A.","",""
"SUWS011779","Gitar"," Rounce",""
"SUWS011780","Mendenhall, Paula M.","",""
"SUWS011781","Brashier"," Thoren",""
"SUWS011782","Collins"," Brashier",""
"SUWS011783","Brashier"," Romans",""
"SUWS011784","Stackler, Susan","",""
"SUWS011785","Collins"," Brashier",""
"SUWS011788","Sima, Bessie R.","",""
"SUWS011789","Demaske, D.","",""
"SUWS011790","Brashier"," Romans",""
"SUWS011791","Castle, R.","",""
"SUWS011792","Collins"," Brashier",""
"SUWS011794","","",""
"SUWS011795","Barnard"," Brashier",""
"SUWS011797","Hjerleid"," Brashier",""
"SUWS011798","Cornell"," Brashier",""
"SUWS011799","Castle, R.","",""
"SUWS011800","Brashier"," Romans",""
"SUWS011801","Witkiewicz, E. J.","",""
"SUWS011803","Brashier"," Valaskey",""
"SUWS011804","Brashier"," Thoren",""
"SUWS011805","Cornell"," Brashier",""
"SUWS011806","Thomson, John W., Jr.","",""
"SUWS011807","Collinson, Keith","",""
"SUWS011808","Koch, Rudy G.","",""
"SUWS011809","Brashier"," Romans",""
"SUWS011810","Collins"," Brashier",""
"SUWS011811","Cornell"," Brashier",""
"SUWS011812","Castle, R.","",""
"SUWS011813","Brashier"," Valaskey",""
"SUWS011814","Brashier"," Walvoord",""
"SUWS011815","Thomson, John W., Jr."," Smith, C. W.",""
"SUWS011816","Hjerleid"," Brashier",""
"SUWS011817","Wong, Kenneth","",""
"SUWS011819","Lahti, Duane","",""
"SUWS011820","Koch, Rudy G.","",""
"SUWS011821","Hein, Elizabeth","",""
"SUWS011822","Shaw"," Brashier",""
"SUWS011823","Thomson, John W., Jr.","",""
"SUWS011824","Jones"," Brashier",""
"SUWS011826","Brashier"," Romans",""
"SUWS011827","Brashier"," Romans",""
"SUWS011828","Cornell"," Brashier",""
"SUWS011829","Brashier"," Janowski",""
"SUWS011830","Koch, Rudy G.","",""
"SUWS011831","Thomson, John W., Jr."," Jacobson, J. R.",""
"SUWS011832","Thomson, John W., Jr.","",""
"SUWS011833","Staupe, Jane","",""
"SUWS011834","Thomson, John W., Jr.","",""
"SUWS011836","Thomson, John W., Jr.","",""
"SUWS011837","Koch, Rudy G.","",""
"SUWS011838","Thomson, John W., Jr.","",""
"SUWS011839","Thomson, John W., Jr.","",""
"SUWS011840","Koch, Rudy G.","",""
"SUWS011841","Thomson, John W., Jr.","",""
"SUWS011842","Stackler, Susan","",""
"SUWS011843","Brashier"," Romans",""
"SUWS011844","Thomson, John W., Jr.","",""
"SUWS011845","Staupe, Jane","",""
"SUWS011846","Thomson, John W., Jr.","",""
"SUWS011847","Brashier"," Romans",""
"SUWS011848","Carline, R.","",""
"SUWS011850","Davidson, Donald W."," Collins, Matt",""
"SUWS011851","Davidson, Donald W."," Collins, Matt",""
"SUWS011852","Castle, R.","",""
"SUWS011853","Bruederle, Leo P.","",""
"SUWS011854","Castle, R.","",""
"SUWS011857","Johnson, R."," Castle, R."," Anderson, D."
"SUWS011859","Thomson, John W., Jr.","",""
"SUWS011860","Thomson, John W., Jr.","",""
"SUWS011861","Brashier"," Romans",""
"SUWS011862","Brashier"," Romans",""
"SUWS011863","Thomson, John W., Jr.","",""
"SUWS011864","Thomson, John W., Jr.","",""
"SUWS011865","Knuf, Phillip","",""
"SUWS011867","Brashier"," Romans",""
"SUWS011868","Brashier"," Romans",""
"SUWS011869","Thomson, John W., Jr.","",""
"SUWS011870","Brashier"," Romans",""
"SUWS011871","Brashier"," Romans",""
"SUWS011873","Thomson, John W., Jr.","",""
"SUWS011874","Stackler, Susan","",""
"SUWS011875","Castle, R."," Johnson, R.",""
"SUWS011876","Dabydeen, Simon","",""
"SUWS011877","Johnson, R."," Castle, R."," Anderson, D."
"SUWS011878","Thomson, John W., Jr."," Jacobson, J. R.",""
"SUWS011881","Brashier"," Romans",""
"SUWS011882","Thomson, John W., Jr.","",""
"SUWS011883","Thomson, John W., Jr.","",""
"SUWS011884","Castle, R.","",""
"SUWS011885","Staupe, Jane","",""
"SUWS011886","Jones"," Brashier",""
"SUWS011887","Brashier","",""
"SUWS011892","Thomson, John W., Jr."," Jacobson, J. R.",""
"SUWS011893","Stackler, Susan","",""
"SUWS011894","Castle, R.","",""
"SUWS011895","Collins"," Brashier",""
"SUWS011896","Brashier"," Romans",""
"SUWS011897","Thomson, John W., Jr.","",""
"SUWS011898","Brashier"," Romans",""
"SUWS011899","Brashier"," Romans",""
"SUWS011900","Brashier"," Romans",""
"SUWS011901","Koch, Rudy G.","",""
"SUWS011902","Thomson, John W., Jr.","",""
"SUWS011903","Brashier"," Walvoord",""
"SUWS011904","Tendrup, Lynn S.","",""
"SUWS011905","Thomson, John W., Jr.","",""
"SUWS011906","Davidson, Donald W."," Collins, Matt",""
"SUWS011907","Tendrup, Lynn S.","",""
"SUWS011908","Koch, Rudy G.","",""
"SUWS011909","Koch, Rudy G.","",""
"SUWS011912","Thomson, John W., Jr.","",""
"SUWS011913","Thomson, John W., Jr.","",""
"SUWS011914","Thomson, John W., Jr.","",""
"SUWS011915","Thomson, John W., Jr.","",""
"SUWS011916","Brost, Mike","",""
"SUWS011917","Collins"," Brashier",""
"SUWS011918","Cornell"," Brashier",""
"SUWS011919","Staupe, Jane","",""
"SUWS011920","Romans"," Brashier",""
"SUWS011921","Brashier"," Thoren",""
"SUWS011922","Brashier"," Cherf",""
"SUWS011923","Brashier"," Romans",""
"SUWS011924","Koch, Rudy G.","",""
"SUWS011925","Thomson, John W., Jr."," Jacobson, J. R.",""
"SUWS011926","Thomson, John W., Jr.","",""
"SUWS011927","Thomson, John W., Jr.","",""
"SUWS011928","Thomson, John W., Jr.","",""
"SUWS011933","Purtell, Harriet M.","",""
"SUWS011935","Thomson, John W., Jr.","",""
"SUWS011936","Olson, Patti","",""
"SUWS011937","Collins"," Brashier",""
"SUWS011938","Brashier"," Romans",""
"SUWS011939","Brashier"," Romans",""
"SUWS011940","Holden"," Brashier",""
"SUWS011941","Cornell"," Brashier",""
"SUWS011942","Brashier"," Romans",""
"SUWS011943","Thomson, John W., Jr.","",""
"SUWS011944","Koch, Rudy G.","",""
"SUWS011945","Thomson, John W., Jr.","",""
"SUWS011947","Collins"," Brashier",""
"SUWS011948","Holden"," Brashier",""
"SUWS011949","Hjerleid"," Brashier",""
"SUWS011950","Brashier"," Romans",""
"SUWS011951","Brashier"," Grage",""
"SUWS011955","Thomson, John W., Jr.","",""
"SUWS011956","Brashier"," Collins",""
"SUWS011957","Brashier"," Romans",""
"SUWS011958","Brashier"," Romans",""
"SUWS011959","Barnard"," Brashier",""
"SUWS011960","Holden"," Brashier",""
"SUWS011961","Cornell"," Brashier",""
"SUWS011962","Thoren"," Brashier",""
"SUWS011963","Brashier"," Parrish",""
"SUWS011964","Koch, Rudy G.","",""
"SUWS011966","Koch, Rudy G.","",""
"SUWS011967","Thomson, John W., Jr.","",""
"SUWS011968","Barnard"," Brashier",""
"SUWS011969","Holden"," Brashier",""
"SUWS011970","Cornell"," Brashier",""
"SUWS011971","Hein, Elizabeth","",""
"SUWS011972","Hein, Elizabeth","",""
"SUWS011973","Brashier"," Romans",""
"SUWS011974","Thomson, John W., Jr.","",""
"SUWS011975","Cornell"," Brashier",""
"SUWS011976","Koch, Rudy G.","",""
"SUWS011977","Castle, R.","",""
"SUWS011978","McGovern, Scott","",""
"SUWS011979","Barnard"," Brashier",""
"SUWS011980","Koch, Rudy G.","",""
"SUWS011983","Castle, R.","",""
"SUWS011984","Romans"," Brashier",""
"SUWS011985","Holden","Brashier",""
"SUWS011987","Thomson, John W., Jr.","",""
"SUWS011988","Thomson, John W., Jr.","",""
"SUWS011989","Brashier"," Romans",""
"SUWS011990","Hjerleid"," Brashier",""
"SUWS011991","Brashier"," Gall",""
"SUWS011992","Koch, Rudy G.","",""
"SUWS011993","Cherf"," Brashier",""
"SUWS011994","Brashier"," Romans",""
"SUWS011995","Brashier"," Romans",""
"SUWS011996","Thomson, John W., Jr.","",""
"SUWS011997","Valaskey"," Brashier",""
"SUWS011998","Stackler, Susan","",""
"SUWS011999","Castle, R.","",""
"SUWS012000","Castle, R.","",""
"SUWS012004","Thomson, John W., Jr.","",""
"SUWS012005","Thomson, John W., Jr."," Fassett, Norman C.",""
"SUWS012007","Brashier"," Walvoord",""
"SUWS012008","Castle, R.","",""
"SUWS012009","Koch, Rudy G.","",""
"SUWS012010","Thomson, John W., Jr.","",""
"SUWS012011","Thomson, John W., Jr.","",""
"SUWS012012","Brashier"," Gall",""
"SUWS012013","Brashier"," Janowski",""
"SUWS012014","Brashier"," Romans",""
"SUWS012015","Davidson, Donald W."," Collins, Matt",""
"SUWS012016","Davidson, Donald W."," Collins, Matt",""
"SUWS012017","Davidson, Donald W."," Collins, Matt",""
"SUWS012018","Davidson, Donald W."," Collins, Matt",""
"SUWS012019","Davidson, Donald W."," Collins, Matt",""
"SUWS012020","Davidson, Donald W."," Collins, Matt",""
"SUWS012021","Davidson, Donald W."," Collins, Matt",""
"SUWS012022","Davidson, Donald W."," Collins, Matt",""
"SUWS012023","Koch, Rudy G.","",""
"SUWS012024","Thomson, John W., Jr.","",""
"SUWS012025","Thomson, John W., Jr.","",""
"SUWS012026","Brashier"," Romans",""
"SUWS012027","Brashier"," Gall",""
"SUWS012028","Castle, R.","",""
"SUWS012029","Brashier"," Janowski",""
"SUWS012030","Koch, Rudy G.","",""
"SUWS012031","Brashier"," Walvoord",""
"SUWS012032","Brashier"," Romans",""
"SUWS012033","Hansen, Perky","",""
"SUWS012034","Munich, Robert A.","",""
"SUWS012036","Stackler, Susan","",""
"SUWS012037","Brashier"," Gall",""
"SUWS012038","Thomson, John W., Jr.","",""
"SUWS012039","Davidson, Donald W."," Collins, Matt",""
"SUWS012040","Davidson, Donald W."," Collins, Matt",""
"SUWS012041","Davidson, Donald W."," Collins, Matt",""
"SUWS012042","Davidson, Donald W."," Collins, Matt",""
"SUWS012043","Davidson, Donald W."," Collins, Matt",""
"SUWS012045","Davidson, Donald W."," Collins, Matt",""
"SUWS012046","Davidson, Donald W."," Collins, Matt",""
"SUWS012047","Thomson, John W., Jr."," Smith, C. W.",""
"SUWS012049","Thomson, John W., Jr.","",""
"SUWS012050","Thomson, John W., Jr.","",""
"SUWS012052","Thomson, John W., Jr.","",""
"SUWS012053","Brashier"," Romans",""
"SUWS012054","Thomson, John W., Jr.","",""
"SUWS012055","Stackler, Susan","",""
"SUWS012058","Hjerleid"," Brashier",""
"SUWS012059","Valaskey"," Brashier",""
"SUWS012060","Castle, R.","",""
"SUWS012061","Clement, G. G.","",""
"SUWS012062","Koch, Rudy G.","",""
"SUWS012063","Thomson, John W., Jr.","",""
"SUWS012065","Stackler, Susan","",""
"SUWS012067","Smetak, Scott","",""
"SUWS012068","Koch, Rudy G.","",""
"SUWS012069","Bruederle, Leo P.","",""
"SUWS012070","Anderson, Jason","",""
"SUWS012071","Koch, Rudy G.","",""
"SUWS012072","Cherf"," Brashier",""
"SUWS012073","Munich, Robert A.","",""
"SUWS012074","Barnard"," Brashier",""
"SUWS012076","Brashier"," Gunderson",""
"SUWS012078","Thomson, John W., Jr.","",""
"SUWS012079","Koch, Rudy G.","",""
"SUWS012080","Castle, R.","",""
"SUWS012081","Castle, R.","",""
"SUWS012082","Brashier"," Romans",""
"SUWS012083","Brashier"," Romans",""
"SUWS012084","Brashier"," Gall",""
"SUWS012086","Clement, G. G.","",""
"SUWS012087","Castle, R.","",""
"SUWS012088","Thomson, John W., Jr.","",""
"SUWS012089","Brashier"," Romans",""
"SUWS012090","Bruederle, Leo P.","",""
"SUWS012091","Barnard"," Brashier",""
"SUWS012094","Castle, R.","",""
"SUWS012095","Hansen, Perky","",""
"SUWS012096","Anderson, Jason","",""
"SUWS012097","Munich, Robert A.","",""
"SUWS012098","Brashier"," Walvoord",""
"SUWS012099","Brashier"," Raatz",""
"SUWS012100","Koch, Rudy G.","",""
"SUWS012101","Davidson, Donald W."," Collins, Matt",""
"SUWS012102","Davidson, Donald W."," Collins, Matt",""
"SUWS012103","Olson, Patti","",""
"SUWS012106","Castle, R.","",""
"SUWS012107","Brashier"," Thoren",""
"SUWS012108","Younger, Patti"," Bruederle, Leo P.",""
"SUWS012109","Sima, Bessie R.","",""
"SUWS012110","Brashier"," Romans",""
"SUWS012111","Hjerleid"," Brashier",""
"SUWS012112","Thomson, John W., Jr.","",""
"SUWS012113","Thomson, John W., Jr.","",""
"SUWS012114","Castle, R.","",""
"SUWS012115","Brashier"," Romans",""
"SUWS012117","Romans"," Brashier",""
"SUWS012118","Castle, R.","",""
"SUWS012119","Thomson, John W., Jr.","",""
"SUWS012125","Thomson, John W., Jr.","",""
"SUWS012126","Brashier"," Romans",""
"SUWS012127","Brashier"," Smith",""
"SUWS012128","Brashier"," Wassgren",""
"SUWS012129","Brashier"," Romans",""
"SUWS012130","Brashier"," Romans",""
"SUWS012131","Ziegler, S. R."," Leykom, M. F.",""
"SUWS012132","Leitner, Lawrence A.","",""
"SUWS012133","Thomson, John W., Jr."," Jacobson, J. R.",""
"SUWS012135","","",""
"SUWS012136","Tendrup, Lynn S."," Stackler, Susan",""
"SUWS012137","Collins"," Brashier",""
"SUWS012138","Holden"," Brashier",""
"SUWS012139","Thomson, John W., Jr.","",""
"SUWS012146","Thomson, John W., Jr.","",""
"SUWS012148","Thomson, John W., Jr.","",""
"SUWS012149","Romans"," Brashier",""
"SUWS012150","","",""
"SUWS012152","Koch, Rudy G.","",""
"SUWS012153","Konkel, Deborah","",""
"SUWS012154","Brashier"," Grage",""
"SUWS012161","Mackensen"," Brashier",""
"SUWS012163","Barnard"," Brashier",""
"SUWS012164","Smetak, Scott","",""
"SUWS012165","Gitar"," Rounce",""
"SUWS012166","Thomson, John W., Jr.","",""
"SUWS012167","Brashier"," Romans",""
"SUWS012168","Brashier"," Romans",""
"SUWS012169","Koch, Rudy G.","",""
"SUWS012170","Mendenhall, Paula M.","",""
"SUWS012171","Castle, R.","",""
"SUWS012172","Koch, Rudy G.","",""
"SUWS012173","Staupe, Jane","",""
"SUWS012174","Brashier"," Romans",""
"SUWS012175","Thomson, John W., Jr.","",""
"SUWS012176","Thomson, John W., Jr.","",""
"SUWS012177","Castle, R.","",""
"SUWS012178","Thomson, John W., Jr.","",""
"SUWS012179","Brashier"," Romans",""
"SUWS012180","Castle, R.","",""
"SUWS012181","Muller"," Brashier",""
"SUWS012182","Thomson, John W., Jr.","",""
"SUWS012183","Thomson, John W., Jr.","",""
"SUWS012184","Thomson, John W., Jr.","",""
"SUWS012185","Thomson, John W., Jr.","",""
"SUWS012186","Brashier"," Romans",""
"SUWS012191","Barnard"," Brashier",""
"SUWS012192","Cochrane, Theodore S.","",""
"SUWS012195","Brashier"," Romans",""
"SUWS012196","Brashier"," Romans",""
"SUWS012197","Hendrickson, Sue","",""
"SUWS012198","Castle, R.","",""
"SUWS012199","Castle, R.","",""
"SUWS012200","Castle, R.","",""
"SUWS012201","Thomson, John W., Jr.","",""
"SUWS012202","Hicks, James","",""
"SUWS012203","Younger, Patti"," Bruederle, Leo P.",""
"SUWS012204","Brashier"," Romans",""
"SUWS012205","Brashier"," Romans",""
"SUWS012206","Castle, R.","",""
"SUWS012207","Clements, Jimmy D.","",""
"SUWS012208","Mercedes","",""
"SUWS012210","Smetak, Scott","",""
"SUWS012212","Brashier"," Thoren",""
"SUWS012213","Brashier"," Romans",""
"SUWS012214","Mackensen"," Brashier",""
"SUWS012215","Cherf"," Brashier",""
"SUWS012216","Hjerleid"," Brashier",""
"SUWS012217","Collins"," Brashier",""
"SUWS012218","Cornell"," Brashier",""
"SUWS012219","Clements, Jimmy D.","",""
"SUWS012221","Holden"," Brashier",""
"SUWS012223","Cherf"," Brashier",""
"SUWS012224","Brashier"," Romans",""
"SUWS012225","Hjerleid"," Brashier",""
"SUWS012226","Sima, Bessie R.","",""
"SUWS012227","Brashier"," Thoren",""
"SUWS012228","Koch, Rudy G.","",""
"SUWS012239b","Munich, Robert A.","",""
"SUWS012240","Brashier"," Romans",""
"SUWS012242","Thomson, John W., Jr.","",""
"SUWS012245","Thomson, John W., Jr.","",""
"SUWS012247","Castle, R.","",""
"SUWS012248","Holden"," Brashier",""
"SUWS012249","Barnard"," Brashier",""
"SUWS012250","Collins"," Brashier",""
"SUWS012251","Thomson, John W., Jr.","",""
"SUWS012252","Hjerleid"," Brashier",""
"SUWS012253","Cornell","",""
"SUWS012254","Thomson, John W., Jr.","",""
"SUWS012255","Brashier"," Grage",""
"SUWS012256","Dabydeen, Simon","",""
"SUWS012257","Mackensen"," Brashier",""
"SUWS012258","Collins"," Brashier",""
"SUWS012259","Olson, Patti","",""
"SUWS012261","Collins"," Brashier",""
"SUWS012262","Castle, R.","",""
"SUWS012263","Thomson, John W., Jr.","",""
"SUWS012264","Cornell"," Brashier",""
"SUWS012265","Holden"," Brashier",""
"SUWS012266","Collins"," Brashier",""
"SUWS012270","Hansen, Perky","",""
"SUWS012271","Holden"," Brashier",""
"SUWS012272","Castle, R.","",""
"SUWS012273","Brost, Mike","",""
"SUWS012274","Brashier"," Romans",""
"SUWS012275","Cornell"," Brashier",""
"SUWS012276","Munich, Robert A.","",""
"SUWS012277","Mackensen"," Brashier",""
"SUWS012278","Staupe, Jane","",""
"SUWS012279","Hjerleid"," Brashier",""
"SUWS012281","Brashier"," Smith",""
"SUWS012282","Barnard"," Brashier",""
"SUWS012283","Bruederle, Leo P.","",""
"SUWS012284","Collins"," Brashier",""
"SUWS012285","Brashier"," Wassgren",""
"SUWS012286","Hjerleid"," Brashier",""
"SUWS012287","Mackensen"," Brashier",""
"SUWS012288","Cornell"," Brashier",""
"SUWS012289","Hjerleid"," Brashier",""
"SUWS012291","Thomson, John W., Jr.","",""
"SUWS012292","Hicks, James","",""
"SUWS012294","Sima, Bessie R.","",""
"SUWS012295","Collins"," Brashier",""
"SUWS012296","Hjerleid"," Brashier",""
"SUWS012297","Cornell"," Brashier",""
"SUWS012298","Castle, R.","",""
"SUWS012299","Thomson, John W., Jr.","",""
"SUWS012300","McGovern, Scott","",""
"SUWS012301","Bruederle, Leo P."," Clements, Jimmy",""
"SUWS012302","Sima, Bessie R.","",""
"SUWS012303","Shugar, Helen","",""
"SUWS012304","Brashier"," Romans",""
"SUWS012308","Thomson, John W., Jr."," Fassett, Norman C.",""
"SUWS012309","Thomson, John W., Jr.","",""
"SUWS012310","Castle, R.","",""
"SUWS012311","Thomson, John W., Jr."," Jacobson, J. R.",""
"SUWS012313","Thomson, John W., Jr."," Jacobson, J. R.",""
"SUWS012314","Thomson, John W., Jr.","",""
"SUWS012316","McDonald, Sue","",""
"SUWS012317","","",""
"SUWS012319","Castle, R.","",""
"SUWS012320","Brashier"," Romans",""
"SUWS012321","Koch, Rudy G.","",""
"SUWS012322","Koch, Rudy G.","",""
"SUWS012323","Brashier"," Walvoord",""
"SUWS012324","Brashier"," Thoren",""
"SUWS012325","Brashier"," Smith",""
"SUWS012326","Cornell"," Brashier",""
"SUWS012327","Thomson, John W., Jr.","",""
"SUWS012328","Thomson, John W., Jr.","",""
"SUWS012329","Collinson, Keith","",""
"SUWS012330","Holden"," Brashier",""
"SUWS012331","Cornell"," Brashier",""
"SUWS012334","Castle, R.","",""
"SUWS012335","Thomson, John W., Jr.","",""
"SUWS012336","Brashier"," Romans",""
"SUWS012337","Brashier"," Romans",""
"SUWS012338","Brashier"," Wassgren",""
"SUWS012339","Gunderson"," Brashier",""
"SUWS012340","Holden"," Brashier",""
"SUWS012341","Collins"," Brashier",""
"SUWS012342","Janowski"," Brashier",""
"SUWS012343","Sima, Bessie R.","",""
"SUWS012344","Olson, Patti","",""
"SUWS012345","Thomson, John W., Jr."," Jacobson, J. R.",""
"SUWS012346","Thomson, John W., Jr.","",""
"SUWS012347","Cornell"," Brashier",""
"SUWS012348","Holden"," Brashier",""
"SUWS012349","Brashier"," Grage",""
"SUWS012350","Lahti, Duane","",""
"SUWS012351","Koch, Rudy G.","",""
"SUWS012352","Brashier"," Romans",""
"SUWS012353","Brashier"," Romans",""
"SUWS012356","Wasko, Walter","",""
"SUWS012357","Brashier"," Romans",""
"SUWS012358","Sima, Bessie R.","",""
"SUWS012359","Mendenhall, Paula M.","",""
"SUWS012360","Munich, Robert A.","",""
"SUWS012361","Koch, Rudy G.","",""
"SUWS012362","Thomson, John W., Jr.","",""
"SUWS012363","Holden"," Brashier",""
"SUWS012364","Collins"," Brashier",""
"SUWS012365","Collins"," Brashier",""
"SUWS012366","Collins"," Brashier",""
"SUWS012367","Hjerleid"," Brashier",""
"SUWS012368","Barnard"," Brashier",""
"SUWS012369","Brashier"," Romans",""
"SUWS012370","Brashier"," Cherf",""
"SUWS012371","Thoren"," Brashier",""
"SUWS012372","Cornell"," Brashier",""
"SUWS012373","Brashier"," Romans",""
"SUWS012380","Koch, Rudy G.","",""
"SUWS012381","Koch, Rudy G.","",""
"SUWS012382","Cornell"," Brashier",""
"SUWS012383","Thomson, John W., Jr.","",""
"SUWS012384","Smetak, Scott","",""
"SUWS012386","Thomson, John W., Jr.","",""
"SUWS012388","Olson, Patti","",""
"SUWS012389","Brashier"," Muller",""
"SUWS012390","Hein, Elizabeth","",""
"SUWS012391","Brashier"," Walvoord",""
"SUWS012392","Cornell"," Brashier",""
"SUWS012393","Brashier"," Valaskey",""
"SUWS012394","Shaw, Merton R.","",""
"SUWS012396","Heim, John A.","",""
"SUWS012397","Ojanen, Joanne M.","",""
"SUWS012398","Thomson, John W., Jr.","",""
"SUWS012399","Thomson, John W., Jr.","",""
"SUWS012405","Kovach, Suzan","",""
"SUWS012406","Gitar"," Rounce",""
"SUWS012407","Davidson, Donald W."," Collins, Matt",""
"SUWS012408","Thomson, John W., Jr.","",""
"SUWS012409","Thomson, John W., Jr.","",""
"SUWS012410","Thomson, John W., Jr.","",""
"SUWS012411","Brashier"," Romans",""
"SUWS012412","Castle, R.","",""
"SUWS012414","Thomson, John W., Jr.","",""
"SUWS012415","Thomson, John W., Jr.","",""
"SUWS012416","Munich, Robert A.","",""
"SUWS012417","Ojanen, Joanne M.","",""
"SUWS012418","Koch, Rudy G.","",""
"SUWS012419","Hansen, Perky","",""
"SUWS012421","Brashier"," Romans",""
"SUWS012422","Thomson, John W., Jr.","",""
"SUWS012423","Brashier"," Romans",""
"SUWS012424","Tendrup, Lynn S."," Stackler, Susan",""
"SUWS012425","Davis, J. D.","",""
"SUWS012426","Davis, J. D.","",""
"SUWS012428","Thomson, John W., Jr."," Jacobson, J. R.",""
"SUWS012433","Thomson, John W., Jr."," Fassett, Norman C.",""
"SUWS012434","Castle, R.","",""
"SUWS012436","Tendrup, Lynn S."," Stackler, Susan",""
"SUWS012437","Thomson, John W., Jr."," Fassett, Norman C.",""
"SUWS012439","Thomson, John W., Jr.","",""
"SUWS012442","Cornell"," Brashier",""
"SUWS012443","Barnard"," Brashier",""
"SUWS012444","Thomson, John W., Jr.","",""
"SUWS012445","Thomson, John W., Jr.","",""
"SUWS012453","Last, Robert","",""
"SUWS012463","Thomson, John W., Jr.","",""
"SUWS012464","Thomson, John W., Jr.","",""
"SUWS012465","Thomson, John W., Jr.","",""
"SUWS012466","Thomson, John W., Jr.","",""
"SUWS012467","Thompson, Kathy L.","",""
"SUWS012468","Thomson, John W., Jr.","",""
"SUWS012469","Castle, R.","",""
"SUWS012470","Dabydeen, Simon","",""
"SUWS012472","Brashier"," Romans",""
"SUWS012474","Koch, Rudy G.","",""
"SUWS012479","Thomson, John W., Jr.","",""
"SUWS012480","Castle, R.","",""
"SUWS012481","Brashier"," Romans",""
"SUWS012482","Brashier"," Romans",""
"SUWS012483","Brashier"," Grage",""
"SUWS012484","Brashier"," Romans",""
"SUWS012485","Castle, R.","",""
"SUWS012486","Thomson, John W., Jr.","",""
"SUWS012487","Brashier"," Cherf",""
"SUWS012489","Olson, Patti","",""
"SUWS012490","Davidson, Donald W."," Collins, Matt",""
"SUWS012491","Davidson, Donald W."," Collins, Matt",""
"SUWS012492","Hansen, Perky","",""
"SUWS012493","Castle, R.","",""
"SUWS012495","Castle, R.","",""
"SUWS012502","Castle, R.","",""
"SUWS012503","Anderson, Jason","",""
"SUWS012504","Davidson, Donald W."," Collins, Matt",""
"SUWS012505","Brost, Mike","",""
"SUWS012506","Castle, R.","",""
"SUWS012507","Davidson, Donald W."," Collins, Matt",""
"SUWS012509","Hansen, Perky","",""
"SUWS012510","Longenecker, Jean","",""
"SUWS012511","Brashier"," Walvoord",""
"SUWS012512","Brashier"," Gunderson",""
"SUWS012513","Brashier"," Parrish",""
"SUWS012514","Heim, John A.","",""
"SUWS012516","Brashier"," Gall",""
"SUWS012517","Castle, R.","",""
"SUWS012520","Castle, R.","",""
"SUWS012521","Koch, Rudy G.","",""
"SUWS012522","Brashier"," Thoren",""
"SUWS012523","Thomson, John W., Jr.","",""
"SUWS012524","Ojanen, Joanne M.","",""
"SUWS012525","Heim, John A.","",""
"SUWS012526","Brashier"," Roatz",""
"SUWS012527","Brashier"," Valaskey",""
"SUWS012528","Brashier"," Romans",""
"SUWS012529","Brashier"," Cherf",""
"SUWS012530","Thomson, John W., Jr.","",""
"SUWS012533","Davidson, Donald W.","",""
"SUWS012534","Castle, R.","",""
"SUWS012535","Barnard"," Brashier",""
"SUWS012536","Thomson, John W., Jr.","",""
"SUWS012537","Olson, Patti","",""
"SUWS012538","McC., N. V."," C., E. A.",""
"SUWS012539","Davidson, Donald W."," Collins, Matt",""
"SUWS012540","Castle, R.","",""
"SUWS012541","Smetak, Scott","",""
"SUWS012542","Davidson, Donald W."," Collins, Matt",""
"SUWS012543","Thomson, John W., Jr."," Fassett, Norman C.",""
"SUWS012544","Thomson, John W., Jr.","",""
"SUWS012553","Swanson, Steven D.","",""
"SUWS012556","Brashier"," Romans",""
"SUWS012557","Brashier"," Romans",""
"SUWS012559","Ziegler, S. R."," Leykom, M. F.",""
"SUWS012560","Castle, R.","",""
"SUWS012561","Brashier"," Romans",""
"SUWS012562","Brashier"," Romans",""
"SUWS012563","Brashier"," Romans",""
"SUWS012565","Koch, Rudy G.","",""
"SUWS012566","Cornell"," Brashier",""
"SUWS012567","Brashier"," Walvoord",""
"SUWS012568","Brashier"," Romans",""
"SUWS012570","Collinson, Keith","",""
"SUWS012571","Thomson, John W., Jr.","",""
"SUWS012572","Koch, Rudy G.","",""
"SUWS012573","Brashier"," Cherf",""
"SUWS012574","Brashier"," Thoren",""
"SUWS012577","Brashier"," Romans",""
"SUWS012578","Collins"," Brashier",""
"SUWS012579","Brashier"," Romans",""
"SUWS012581","Nontelle, Deon M.","",""
"SUWS012582","Ruenzel, Judy","",""
"SUWS012586","Smetak, Scott","",""
"SUWS012587","Thomson, John W., Jr.","",""
"SUWS012588","Brashier"," Romans",""
"SUWS012590","Thompson, Kathy L.","",""
"SUWS012591","Castle, R.","",""
"SUWS012592","McDonald, Sue","",""
"SUWS012593","McGovern, Scott","",""
"SUWS012594","Smith"," Brashier",""
"SUWS012595","Tendrup, Lynn S.","",""
"SUWS012597","Koch, Rudy G.","",""
"SUWS012599","Thomson, John W., Jr.","",""
"SUWS012600","Thomson, John W., Jr.","",""
"SUWS012601","Castle, R.","",""
"SUWS012602","Brashier"," Romans",""
"SUWS012603","Gunderson"," Brashier",""
"SUWS012604","Tendrup, Lynn S.","",""
"SUWS012605","Brashier"," Romans",""
"SUWS012607","Mitchell, John A.","",""
"SUWS012608","Thomson, John W., Jr.","",""
"SUWS012610","Brashier"," Romans",""
"SUWS012611","Thomson, John W., Jr.","",""
"SUWS012612","Thomson, John W., Jr.","",""
"SUWS012613","Brashier"," Romans",""
"SUWS012614","Thomson, John W., Jr.","",""
"SUWS012615","Stackler, Susan","",""
"SUWS012618","Thomson, John W., Jr.","",""
"SUWS012619","Thomson, John W., Jr.","",""
"SUWS012620","Castle, R.","",""
"SUWS012622","Thomson, John W., Jr.","",""
"SUWS012623","Koch, Rudy G.","",""
"SUWS012624","","",""
"SUWS012625","Cornell"," Brashier",""
"SUWS012626","Thomson, John W., Jr.","",""
"SUWS012630","Longenecker, Jean","",""
"SUWS012631","Heim, John A.","",""
"SUWS012632","Castle, R.","",""
"SUWS012633","Holmgren"," Brashier",""
"SUWS012634","Brashier"," Romans",""
"SUWS012635","Olson, Patti","",""
"SUWS012638","Thomson, John W., Jr.","",""
"SUWS012639","Brashier"," Romans",""
"SUWS012640","Thomson, John W., Jr.","",""
"SUWS012641","Thomson, John W., Jr.","",""
"SUWS012642","Olson, Patti","",""
"SUWS012647","Bruederle, Leo P.","",""
"SUWS012649","Brashier"," Romans",""
"SUWS012650","Koch, Rudy G.","",""
"SUWS012651","Koch, Rudy G.","",""
"SUWS012652","Thomson, John W., Jr.","",""
"SUWS012653","Koch, Rudy G.","",""
"SUWS012655","Castle, R.","",""
"SUWS012656","Thomson, John W., Jr.","",""
"SUWS012657","Thomson, John W., Jr.","",""
"SUWS012658","Bruederle, Leo P.","",""
"SUWS012659","Stackler, Susan","",""
"SUWS012660","Thomson, John W., Jr."," Fassett, Norman C.",""
"SUWS012661","Thomson, John W., Jr.","",""
"SUWS012663","Castle, R.","",""
"SUWS012664","Purtell, Harriet M.","",""
"SUWS012665","Brashier"," Parrish",""
"SUWS012666","Stackler, Susan","",""
"SUWS012667","Brashier"," Ruff",""
"SUWS012668","Brashier"," Romans",""
"SUWS012669","Castle, R.","",""
"SUWS012671","C., E. A."," McC., N. V.",""
"SUWS012672","Thomson, John W., Jr.","",""
"SUWS012673","Thomson, John W., Jr.","",""
"SUWS012674","Thomson, John W., Jr.","",""
"SUWS012675","Dabydeen, Simon","",""
"SUWS012676","Thomson, John W., Jr.","",""
"SUWS012677","Thomson, John W., Jr.","",""
"SUWS012678","Olson, Patti","",""
"SUWS012679","Castle, R.","",""
"SUWS012681","Hjerleid"," Brashier",""
"SUWS012682","Brashier"," Romans",""
"SUWS012683","Cornell"," Brashier",""
"SUWS012684","Brashier"," Walvoord",""
"SUWS012685","Brashier"," Thoren",""
"SUWS012686","Brashier"," Janowski",""
"SUWS012687","","",""
"SUWS012688","Hicks, James","",""
"SUWS012689","Sima, Bessie R.","",""
"SUWS012690","Barnard"," Brashier",""
"SUWS012691","Mackensen"," Brashier",""
"SUWS012692","","",""
"SUWS012693","Stackler, Susan","",""
"SUWS012694","Koch, Rudy G.","",""
"SUWS012696","Olson, Patti","",""
"SUWS012698","Thomson, John W., Jr.","",""
"SUWS012699","Thomson, John W., Jr."," Jacobson, J. R.",""
"SUWS012700","Barnard"," Brashier",""
"SUWS012702","Brashier"," Romans",""
"SUWS012703","Cherf"," Brashier",""
"SUWS012704","Collins"," Brashier",""
"SUWS012705","Brashier"," Janowski",""
"SUWS012706","Thomson, John W., Jr."," Jacobson, J. R.",""
"SUWS012707","Walvoord"," Brashier",""
"SUWS012708","Castle, R.","",""
"SUWS012709","Koch, Rudy G.","",""
"SUWS012711","Brashier"," Romans",""
"SUWS012712","Brashier"," Smith",""
"SUWS012713","Brashier"," Grage",""
"SUWS012714","Barnard"," Brashier",""
"SUWS012715","Castle, R.","",""
"SUWS012716","Barnard"," Brashier",""
"SUWS012718","Thomson, John W., Jr.","",""
"SUWS012719","Thomson, John W., Jr.","",""
"SUWS012720","Thomson, John W., Jr.","",""
"SUWS012725","Castle, R.","",""
"SUWS012726","Brashier"," Raatz",""
"SUWS012727","Brashier"," Janowski",""
"SUWS012728","Brashier","",""
"SUWS012729","Brashier"," Romans",""
"SUWS012730","Olson, Patti","",""
"SUWS012735","Brashier"," Romans",""
"SUWS012736","Brashier"," Romans",""
"SUWS012738","Anderson, Danette","",""
"SUWS012739","Koch, Rudy G.","",""
"SUWS012740","Brashier"," Romans",""
"SUWS012741","Brashier"," Romans",""
"SUWS012742","Smetak, Scott","",""
"SUWS012743","Brashier"," Walvoord",""
"SUWS012744","Brashier"," Janowski",""
"SUWS012745","Cornell"," Brashier",""
"SUWS012752","Brashier"," Parrish",""
"SUWS012753","Konkel, Deborah","",""
"SUWS012754","Koch, Rudy G.","",""
"SUWS012755","Cornell"," Brashier",""
"SUWS012756","Brashier"," Thoren",""
"SUWS012757","Brashier"," Romans",""
"SUWS012758","Cornell"," Brashier",""
"SUWS012759","Thomson, John W., Jr.","",""
"SUWS012760","Thomson, John W., Jr.","",""
"SUWS012762","Thomson, John W., Jr.","",""
"SUWS012765","Koch, Rudy G.","",""
"SUWS012766","Brashier"," Cherf",""
"SUWS012767","Castle, R."," Johnson, R.",""
"SUWS012768","Brashier"," Paulsen",""
"SUWS012769","Thomson, John W., Jr.","",""
"SUWS012770","Cherf"," Brashier",""
"SUWS012771","Wassgren"," Brashier",""
"SUWS012772","Brashier"," Romans",""
"SUWS012773","Brashier"," Thoren",""
"SUWS012774","Brashier"," Walvoord",""
"SUWS012775","Brashier"," Romans",""
"SUWS012778","Cornell"," Brashier",""
"SUWS012781","Castle, R.","",""
"SUWS012787","Charboneau, E.","",""
"SUWS012788","Brashier"," Romans",""
"SUWS012789","Thomson, John W., Jr.","",""
"SUWS012790","Thomson, John W., Jr."," Jacobson, J. R.",""
"SUWS012793","Olson, Patti","",""
"SUWS012794","Brashier"," Romans",""
"SUWS012795","Cherf"," Brashier",""
"SUWS012796","Thomson, John W., Jr.","",""
"SUWS012799","Brashier"," Romans",""
"SUWS012801","Ernst, Sharon","",""
"SUWS012804","Brashier"," Romans",""
"SUWS012805","Sohmer, S. H.","",""
"SUWS012806","Brashier"," Romans",""
"SUWS012813","Castle, R.","",""
"SUWS012819","Thomson, John W., Jr.","",""
"SUWS012822","Brashier"," Romans",""
"SUWS012824","Brashier"," Romans",""
"SUWS012826","Brashier"," Romans",""
"SUWS012827","Brashier"," Romans",""
"SUWS012828","Brashier"," Romans",""
"SUWS012829","Thomson, John W., Jr.","",""
"SUWS012831","Brashier"," Romans",""
"SUWS012832","Ludwig, Larry","",""
"SUWS012833","Brashier"," Romans",""
"SUWS012834","Cornell"," Brashier",""
"SUWS012835","Thoren"," Brashier",""
"SUWS012836","Thomson, John W., Jr.","",""
"SUWS012838","Castle, R.","",""
"SUWS012841","Koch, Rudy G.","",""
"SUWS012844","Brashier"," Romans",""
"SUWS012845","Brashier"," Romans",""
"SUWS012848","Janowski"," Brashier",""
"SUWS012849","Brashier"," Valaskey",""
"SUWS012850","Brashier"," Thoren",""
"SUWS012851","Brashier"," Romans",""
"SUWS012852","Barnard"," Brashier",""
"SUWS012853","Collins"," Brashier",""
"SUWS012854","Castle, R.","",""
"SUWS012855","Smith"," Brashier",""
"SUWS012856","Thomson, John W., Jr."," Jacobson, J. R.",""
"SUWS012857","Hjerleid"," Brashier",""
"SUWS012858","Stackler, Susan","",""
"SUWS012860","Thomson, John W., Jr.","",""
"SUWS012861","Thomson, John W., Jr.","",""
"SUWS012865","Thomson, John W., Jr."," Fassett, Norman C.",""
"SUWS012866","Castle, R.","",""
"SUWS012867","Brashier"," Romans",""
"SUWS012868","Olson, Patti","",""
"SUWS012869","Thomson, John W., Jr.","",""
"SUWS012871","Brashier"," Romans",""
"SUWS012872","Brashier"," Romans",""
"SUWS012873","Thomson, John W., Jr.","",""
"SUWS012874","Demaske, D.","",""
"SUWS012875","Hjerleid"," Brashier",""
"SUWS012876","Holden"," Brashier",""
"SUWS012877","Castle, R.","",""
"SUWS012878","Koch, Rudy G.","",""
"SUWS012880","Thomson, John W., Jr."," Jacobson, J. R.",""
"SUWS012881","Hjerleid"," Brashier",""
"SUWS012882","Koch, Rudy G.","",""
"SUWS012883","Barnard"," Brashier",""
"SUWS012884","Hjerleid"," Brashier",""
"SUWS012885","Cornell"," Brashier",""
"SUWS012886","Koch, Rudy G.","",""
"SUWS012887","Thomson, John W., Jr."," Jacobson, J. R.",""
"SUWS012890","Collins"," Brashier",""
"SUWS012891","Hjerleid"," Brashier",""
"SUWS012892","Koch, Rudy G.","",""
"SUWS012893","Koch, Rudy G.","",""
"SUWS012894","Cornell"," Brashier",""
"SUWS012895","Brashier"," Janowski",""
"SUWS012896","Brashier"," Walvoord",""
"SUWS012897","Brashier"," Valaskey",""
"SUWS012898","Brashier"," Romans",""
"SUWS012899","Holden"," Brashier",""
"SUWS012900","Thomson, John W., Jr.","",""
"SUWS012901","Castle, R.","",""
"SUWS012906","Brashier"," Romans",""
"SUWS012907","Thomson, John W., Jr."," Smith, C. W.",""
"SUWS012908","Thomson, John W., Jr.","",""
"SUWS012909","Castle, R.","",""
"SUWS012910","Thomson, John W., Jr.","",""
"SUWS012911","Koch, Rudy G.","",""
"SUWS012912","Thomson, John W., Jr."," Jacobson, J. R.",""
"SUWS012913","Brashier"," Romans",""
"SUWS012914","Hjerleid"," Brashier",""
"SUWS012915","Barnard"," Brashier",""
"SUWS012916","Bauknecht, Jamie","",""
"SUWS012917","Eisenmann, Sarah","",""
"SUWS012919","Thomson, John W., Jr."," Jacobson, J. R.",""
"SUWS012921","Koch, Rudy G.","",""
"SUWS012924","Matte, Paul","",""
"SUWS012932","Painovich, N.","",""
"SUWS012934","Painovich, N.","",""
"SUWS012935","Painovich, N.","",""
"SUWS012939","Eisenmann, Sarah","",""
"SUWS012940","Eisenmann, Sarah","",""
"SUWS012941","Eisenmann, Sarah","",""
"SUWS012942","Eisenmann, Sarah","",""
"SUWS012943","Eisenmann, Sarah","",""
"SUWS012944","Eisenmann, Sarah","",""
"SUWS012945","Eisenmann, Sarah","",""
"SUWS012948","Matte, Paul","",""
"SUWS012949","Matte, Paul","",""
"SUWS012950","Painovich, N.","",""
"SUWS012954","Painovich, N.","",""
"SUWS012955","Painovich, N.","",""
"SUWS012957","Painovich, N.","",""
"SUWS012958","Painovich, N.","",""
"SUWS012959","Painovich, N.","",""
"SUWS012960","Painovich, N.","",""
"SUWS012961","Painovich, N.","",""
"SUWS012962","Painovich, N.","",""
"SUWS012963","Painovich, N.","",""
"SUWS012964","Sellwood, Scott","",""
"SUWS012965","Sellwood, Scott","",""
"SUWS012966","Sellwood, Scott","",""
"SUWS012967","Sellwood, Scott","",""
"SUWS012968","Koch, Rudy G.","",""
"SUWS012972","Bruederle, Leo P.","",""
"SUWS012973","Bruederle, Leo P."," Clements, Jimmy",""
"SUWS012974","Bruederle, Leo P.","",""
"SUWS012975","Bruederle, Leo P.","",""
"SUWS012976","Bruederle, Leo P.","",""
"SUWS012977","Bruederle, Leo P.","",""
"SUWS012978","Bruederle, Leo P.","",""
"SUWS012979","Bruederle, Leo P.","",""
"SUWS012980","Bruederle, Leo P.","",""
"SUWS012981","Bruederle, Leo P.","",""
"SUWS012982","Bruederle, Leo P.","",""
"SUWS012983","Bruederle, Leo P.","",""
"SUWS012984","Bruederle, Leo P.","",""
"SUWS012985","Bruederle, Leo P.","",""
"SUWS012986","Bruederle, Leo P.","",""
"SUWS012987","Bruederle, Leo P.","",""
"SUWS012988","Bruederle, Leo P.","",""
"SUWS012989","Bruederle, Leo P.","",""
"SUWS012990","Bruederle, Leo P.","",""
"SUWS012991","Bruederle, Leo P.","",""
"SUWS012992","Bruederle, Leo P.","",""
"SUWS012993","Bruederle, Leo P.","",""
"SUWS012994","Bruederle, Leo P.","",""
"SUWS012995","Bruederle, Leo P.","",""
"SUWS012996","Bruederle, Leo P.","",""
"SUWS012997","Bruederle, Leo P.","",""
"SUWS012998","Bruederle, Leo P.","",""
"SUWS012999","Bruederle, Leo P.","",""
"SUWS013000","Bruederle, Leo P.","",""
"SUWS013001","Bruederle, Leo P.","",""
"SUWS013002","Bruederle, Leo P.","",""
"SUWS013003","Bruederle, Leo P.","",""
"SUWS013004","Bruederle, Leo P.","",""
"SUWS013005","Bruederle, Leo P.","",""
"SUWS013006","Bruederle, Leo P.","",""
"SUWS013007","Bruederle, Leo P.","",""
"SUWS013008","Bruederle, Leo P.","",""
"SUWS013009","Bruederle, Leo P.","",""
"SUWS013010","Bruederle, Leo P.","",""
"SUWS013011","Balthazar, Krista","",""
"SUWS013012","Roche, Katie","",""
"SUWS013013","Roche, Katie","",""
"SUWS013014","Bauknecht, Jamie","",""
"SUWS013015","Bauknecht, Jamie","",""
"SUWS013016","Bauknecht, Jamie","",""
"SUWS013017","Bauknecht, Jamie","",""
"SUWS013019","Bauknecht, Jamie","",""
"SUWS013020","Bauknecht, Jamie","",""
"SUWS013021","Bauknecht, Jamie","",""
"SUWS013023","Bauknecht, Jamie","",""
"SUWS013024","Bauknecht, Jamie","",""
"SUWS013025","Bauknecht, Jamie","",""
"SUWS013026","Bauknecht, Jamie","",""
"SUWS013027","Bauknecht, Jamie","",""
"SUWS013028","Bauknecht, Jamie","",""
"SUWS013029","Bauknecht, Jamie","",""
"SUWS013030","Bauknecht, Jamie","",""
"SUWS013031","Bauknecht, Jamie","",""
"SUWS013032","Bauknecht, Jamie","",""
"SUWS013033","Bauknecht, Jamie","",""
"SUWS013034","Bauknecht, Jamie","",""
"SUWS013035","Bauknecht, Jamie","",""
"SUWS013037","Bauknecht, Jamie","",""
"SUWS013038","Bauknecht, Jamie","",""
"SUWS013039","Bauknecht, Jamie","",""
"SUWS013040","Bauknecht, Jamie","",""
"SUWS013044","Messina, Stacy","",""
"SUWS013045","Eisenmann, Sarah","",""
"SUWS013046","Johnson, S. D.","",""
"SUWS013047","Painovich, N.","",""
"SUWS013061","Wagner, Christina","",""
"SUWS013062","Wagner, Christina","",""
"SUWS013064","Wagner, Christina","",""
"SUWS013074","Wagner, Christina","",""
"SUWS013075","Wagner, Christina","",""
"SUWS013076","Wagner, Christina","",""
"SUWS013077","Wagner, Christina","",""
"SUWS013082","Wagner, Christina","",""
"SUWS013084","Wagner, Christina","",""
"SUWS013085","Wagner, Christina","",""
"SUWS013086","Wagner, Christina","",""
"SUWS013089","Wagner, Christina","",""
"SUWS0130968","Castle, R.","",""
"SUWS013111","Byrns, Frank","",""
"SUWS013112","Byrns, Frank","",""
"SUWS013113","Byrns, Frank","",""
"SUWS013114","Byrns, Frank","",""
"SUWS013115","Byrns, Frank","",""
"SUWS013116","Byrns, Frank","",""
"SUWS013117","Byrns, Frank","",""
"SUWS013118","Byrns, Frank","",""
"SUWS013119","Byrns, Frank","",""
"SUWS013120","Byrns, Frank","",""
"SUWS013121","Byrns, Frank","",""
"SUWS013122","Byrns, Frank","",""
"SUWS013123","Byrns, Frank","",""
"SUWS013124","Byrns, Frank","",""
"SUWS013125","Byrns, Frank","",""
"SUWS013127","Byrns, Frank","",""
"SUWS013128","Byrns, Frank","",""
"SUWS013129","Byrns, Frank","",""
"SUWS013140","Byrns, Frank","",""
"SUWS013142","Byrns, Frank","",""
"SUWS013143","Byrns, Frank","",""
"SUWS013145","Byrns, Frank","",""
"SUWS013146","Byrns, Frank","",""
"SUWS013148","Byrns, Frank","",""
"SUWS013149","Maier, Merissa L.","",""
"SUWS013150","Maier, Merissa L.","",""
"SUWS013151","Maier, Merissa L.","",""
"SUWS013152","Maier, Merissa L.","",""
"SUWS013153","Maier, Merissa L.","",""
"SUWS013154","Maier, Merissa L.","",""
"SUWS013155","Maier, Merissa L.","",""
"SUWS013156","Maier, Merissa L.","",""
"SUWS013157","Maier, Merissa L.","",""
"SUWS013158","Maier, Merissa L.","",""
"SUWS013160","Maier, Merissa L.","",""
"SUWS013161","Maier, Merissa L.","",""
"SUWS013162","Maier, Merissa L.","",""
"SUWS013163","Maier, Merissa L.","",""
"SUWS013164","Maier, Merissa L.","",""
"SUWS013165","Maier, Merissa L.","",""
"SUWS013166","Maier, Merissa L.","",""
"SUWS013167","Maier, Merissa L.","",""
"SUWS013168","Maier, Merissa L.","",""
"SUWS013169","Maier, Merissa L.","",""
"SUWS013170","Maier, Merissa L.","",""
"SUWS013171","Maier, Merissa L.","",""
"SUWS013172","Maier, Merissa L.","",""
"SUWS013173","Maier, Merissa L.","",""
"SUWS013174","Maier, Merissa L.","",""
"SUWS013175","Maier, Merissa L.","",""
"SUWS013176","Maier, Merissa L.","",""
"SUWS013177","Maier, Merissa L.","",""
"SUWS013178","Maier, Merissa L.","",""
"SUWS013179","Maier, Merissa L.","",""
"SUWS013180","Maier, Merissa L.","",""
"SUWS013181","Maier, Merissa L.","",""
"SUWS013182","Maier, Merissa L.","",""
"SUWS013183","Maier, Merissa L.","",""
"SUWS013184","Maier, Merissa L.","",""
"SUWS013186","Maier, Merissa L.","",""
"SUWS013187","Maier, Merissa L.","",""
"SUWS013188","Maier, Merissa L.","",""
"SUWS013189","Maier, Merissa L.","",""
"SUWS013192","Langenbrunner, Craig S.","",""
"SUWS013193","Langenbrunner, Craig S.","",""
"SUWS013194","Langenbrunner, Craig S.","",""
"SUWS013196","Langenbrunner, Craig S.","",""
"SUWS013197","Langenbrunner, Craig S.","",""
"SUWS013198","Langenbrunner, Craig S.","",""
"SUWS013199","Langenbrunner, Craig S.","",""
"SUWS013200b","Langenbrunner, Craig S.","",""
"SUWS013202","Langenbrunner, Craig S.","",""
"SUWS013203","Langenbrunner, Craig S.","",""
"SUWS013204","Langenbrunner, Craig S.","",""
"SUWS013209","Anderson, Jeffrey A.","",""
"SUWS013210","Anderson, Jeffrey A.","",""
"SUWS013211","Anderson, Jeffrey A.","",""
"SUWS013212","Anderson, Jeffrey A.","",""
"SUWS013213","Anderson, Jeffrey A.","",""
"SUWS013214","Anderson, Jeffrey A.","",""
"SUWS013215","Anderson, Jeffrey A.","",""
"SUWS013216","Anderson, Jeffrey A.","",""
"SUWS013217","Anderson, Jeffrey A.","",""
"SUWS013221","Anderson, Jeffrey A.","",""
"SUWS013223","Anderson, Jeffrey A.","",""
"SUWS013224","Anderson, Jeffrey A.","",""
"SUWS013225","Anderson, Jeffrey A.","",""
"SUWS013226","Anderson, Jeffrey A.","",""
"SUWS013228","Anderson, Jeffrey A.","",""
"SUWS013231","Anderson, Jeffrey A.","",""
"SUWS013233","Anderson, Jeffrey A.","",""
"SUWS013236","Anderson, Jeffrey A.","",""
"SUWS013237","Anderson, Jeffrey A.","",""
"SUWS013238","Anderson, Jeffrey A.","",""
"SUWS013239","Anderson, Jeffrey A.","",""
"SUWS013240","Anderson, Jeffrey A.","",""
"SUWS013241","Anderson, Jeffrey A.","",""
"SUWS013242","Anderson, Jeffrey A.","",""
"SUWS013243","Anderson, Jeffrey A.","",""
"SUWS013244","Anderson, Jeffrey A.","",""
"SUWS013245","Anderson, Jeffrey A.","",""
"SUWS013246","Anderson, Jeffrey A.","",""
"SUWS013247","Anderson, Jeffrey A.","",""
"SUWS013248","Moder, Jennifer A.","",""
"SUWS013249","Moder, Jennifer A.","",""
"SUWS013250","Moder, Jennifer A.","",""
"SUWS013251","Moder, Jennifer A.","",""
"SUWS013252","Moder, Jennifer A.","",""
"SUWS013253","Moder, Jennifer A.","",""
"SUWS013254","Moder, Jennifer A.","",""
"SUWS013255","Moder, Jennifer A.","",""
"SUWS013256","Moder, Jennifer A.","",""
"SUWS013257","Moder, Jennifer A.","",""
"SUWS013258","Moder, Jennifer A.","",""
"SUWS013259","Moder, Jennifer A.","",""
"SUWS013260","Moder, Jennifer A.","",""
"SUWS013261","Moder, Jennifer A.","",""
"SUWS013262","Moder, Jennifer A.","",""
"SUWS013263","Moder, Jennifer A.","",""
"SUWS013264","Moder, Jennifer A.","",""
"SUWS013265","Moder, Jennifer A.","",""
"SUWS013266","Moder, Jennifer A.","",""
"SUWS013268","Moder, Jennifer A.","",""
"SUWS013269","Moder, Jennifer A.","",""
"SUWS013270","Moder, Jennifer A.","",""
"SUWS013271","Moder, Jennifer A.","",""
"SUWS013272","Neely, Chuck","",""
"SUWS013273","Neely, Chuck","",""
"SUWS013274","Neely, Chuck","",""
"SUWS013275","Neely, Chuck","",""
"SUWS013276","Neely, Chuck","",""
"SUWS013277","Neely, Chuck","",""
"SUWS013278","Neely, Chuck","",""
"SUWS013279","Neely, Chuck","",""
"SUWS013280","Neely, Chuck","",""
"SUWS013281","Neely, Chuck","",""
"SUWS013282","Neely, Chuck","",""
"SUWS013283","Neely, Chuck","",""
"SUWS013284","Neely, Chuck","",""
"SUWS013285","Neely, Chuck","",""
"SUWS013286","Neely, Chuck","",""
"SUWS013287","Neely, Chuck","",""
"SUWS013288","Neely, Chuck","",""
"SUWS013289","Neely, Chuck","",""
"SUWS013290","Neely, Chuck","",""
"SUWS013291","Neely, Chuck","",""
"SUWS013292","Neely, Chuck","",""
"SUWS013293","Moder, Jennifer A.","",""
"SUWS013294","Moder, Jennifer A.","",""
"SUWS013295","Moder, Jennifer A.","",""
"SUWS013296","Moder, Jennifer A.","",""
"SUWS013298","Moder, Jennifer A.","",""
"SUWS013299","Moder, Jennifer A.","",""
"SUWS013300","Moder, Jennifer A.","",""
"SUWS013302","Moder, Jennifer A.","",""
"SUWS013303","Moder, Jennifer A.","",""
"SUWS013304","Moder, Jennifer A.","",""
"SUWS013305","Moder, Jennifer A.","",""
"SUWS013306","Moder, Jennifer A.","",""
"SUWS013308","Neely, Chuck","",""
"SUWS013309","Neely, Chuck","",""
"SUWS013310","Neely, Chuck","",""
"SUWS013311","Neely, Chuck","",""
"SUWS013313","Neely, Chuck","",""
"SUWS013314","Neely, Chuck","",""
"SUWS013316","Neely, Chuck","",""
"SUWS013318","Neely, Chuck","",""
"SUWS013319","Neely, Chuck","",""
"SUWS013323","Neely, Chuck","",""
"SUWS013324","Neely, Chuck","",""
"SUWS013325","Neely, Chuck","",""
"SUWS013326","Neely, Chuck","",""
"SUWS013327","Neely, Chuck","",""
"SUWS013328","Neely, Chuck","",""
"SUWS013332","Stangle, Daniel C.","",""
"SUWS013337","Stangle, Daniel C.","",""
"SUWS013340","Stangle, Daniel C.","",""
"SUWS013341","Stangle, Daniel C.","",""
"SUWS013345","Stangle, Daniel C.","",""
"SUWS013346","Stangle, Daniel C.","",""
"SUWS013347","Stangle, Daniel C.","",""
"SUWS013350","Stangle, Daniel C.","",""
"SUWS013351","Stangle, Daniel C.","",""
"SUWS013354","Stangle, Daniel C.","",""
"SUWS013355","Stangle, Daniel C.","",""
"SUWS013356","Stangle, Daniel C.","",""
"SUWS013357","Stangle, Daniel C.","",""
"SUWS013358","Stangle, Daniel C.","",""
"SUWS013360","Stangle, Daniel C.","",""
"SUWS013361","Stangle, Daniel C.","",""
"SUWS013363","Stangle, Daniel C.","",""
"SUWS013364","Stangle, Daniel C.","",""
"SUWS013365","Stangle, Daniel C.","",""
"SUWS013366","Stangle, Daniel C.","",""
"SUWS013368","Stangle, Daniel C.","",""
"SUWS013369","Weinandt, Michael J.","",""
"SUWS013370","Weinandt, Michael J.","",""
"SUWS013371","Weinandt, Michael J.","",""
"SUWS013372","Weinandt, Michael J.","",""
"SUWS013373","Weinandt, Michael J.","",""
"SUWS013374","Weinandt, Michael J.","",""
"SUWS013375","Weinandt, Michael J.","",""
"SUWS013376","Weinandt, Michael J.","",""
"SUWS013377","Weinandt, Michael J.","",""
"SUWS013378","Weinandt, Michael J.","",""
"SUWS013379","Weinandt, Michael J.","",""
"SUWS013380","Weinandt, Michael J.","",""
"SUWS013381","Weinandt, Michael J.","",""
"SUWS013382","Weinandt, Michael J.","",""
"SUWS013383","Weinandt, Michael J.","",""
"SUWS013384","Weinandt, Michael J.","",""
"SUWS013385","Weinandt, Michael J.","",""
"SUWS013386","Weinandt, Michael J.","",""
"SUWS013387","Weinandt, Michael J.","",""
"SUWS013388","Weinandt, Michael J.","",""
"SUWS013389","Weinandt, Michael J.","",""
"SUWS013390","Weinandt, Michael J.","",""
"SUWS013391","Weinandt, Michael J.","",""
"SUWS013392","Weinandt, Michael J.","",""
"SUWS013393","Weinandt, Michael J.","",""
"SUWS013394","Weinandt, Michael J.","",""
"SUWS013395","Weinandt, Michael J.","",""
"SUWS013396","Weinandt, Michael J.","",""
"SUWS013397","Weinandt, Michael J.","",""
"SUWS013398","Weinandt, Michael J.","",""
"SUWS013399","Weinandt, Michael J.","",""
"SUWS013400","Weinandt, Michael J.","",""
"SUWS013401","Weinandt, Michael J.","",""
"SUWS013402","Weinandt, Michael J.","",""
"SUWS013404","Weinandt, Michael J.","",""
"SUWS013405","Weinandt, Michael J.","",""
"SUWS013406","Weinandt, Michael J.","",""
"SUWS013407","Weinandt, Michael J.","",""
"SUWS013408","Weinandt, Michael J.","",""
"SUWS013409","Weinandt, Michael J.","",""
"SUWS013412","Langenbrunner, Craig S.","",""
"SUWS013413","Langenbrunner, Craig S.","",""
"SUWS013417","Langenbrunner, Craig S.","",""
"SUWS013421","Langenbrunner, Craig S.","",""
"SUWS013423","Langenbrunner, Craig S.","",""
"SUWS013424","Langenbrunner, Craig S.","",""
"SUWS013427","Langenbrunner, Craig S.","",""
"SUWS013428","Langenbrunner, Craig S.","",""
"SUWS013430","Langenbrunner, Craig S.","",""
"SUWS013431","Langenbrunner, Craig S.","",""
"SUWS013433","Langenbrunner, Craig S.","",""
"SUWS013436","Langenbrunner, Craig S.","",""
"SUWS013441","Watten, Joshua","",""
"SUWS013442","Watten, Joshua","",""
"SUWS013443","Watten, Joshua","",""
"SUWS013444","Watten, Joshua","",""
"SUWS013445","Watten, Joshua","",""
"SUWS013447","Watten, Joshua","",""
"SUWS013448","Watten, Joshua","",""
"SUWS013449","Watten, Joshua","",""
"SUWS013450","Watten, Joshua","",""
"SUWS013451","Eisenmann, Sarah","",""
"SUWS013452","Eisenmann, Sarah","",""
"SUWS013465","Koch, Rudy G.","",""
"SUWS013543","Behn, T.","",""
"SUWS013544","Behn, T.","",""
"SUWS013545","Behn, T.","",""
"SUWS013546","Behn, T.","",""
"SUWS013548","Behn, T.","",""
"SUWS013550","Behn, T.","",""
"SUWS013551","Behn, T.","",""
"SUWS013552","Behn, T.","",""
"SUWS013553","Behn, T.","",""
"SUWS013554","Behn, T.","",""
"SUWS013555","Behn, T.","",""
"SUWS013556","Behn, T.","",""
"SUWS013557","Behn, T.","",""
"SUWS013558","Behn, T.","",""
"SUWS013559","Behn, T.","",""
"SUWS013560","Behn, T.","",""
"SUWS013561","Behn, T.","",""
"SUWS013562","Behn, T.","",""
"SUWS013563","Behn, T.","",""
"SUWS013564","Behn, T.","",""
"SUWS013565","Behn, T.","",""
"SUWS013566","Behn, T.","",""
"SUWS013567","Behn, T.","",""
"SUWS013568","Behn, T.","",""
"SUWS013569","Behn, T.","",""
"SUWS013570","Behn, T.","",""
"SUWS013571","Behn, T.","",""
"SUWS013572","Behn, T.","",""
"SUWS013573","Behn, T.","",""
"SUWS013574","Behn, T.","",""
"SUWS013575","Behn, T.","",""
"SUWS013576","Behn, T.","",""
"SUWS013577","Behn, T.","",""
"SUWS013578","Behn, T.","",""
"SUWS013579","Behn, T.","",""
"SUWS013580","Behn, T.","",""
"SUWS013581","Behn, T.","",""
"SUWS013582","Behn, T.","",""
"SUWS013583","Behn, T.","",""
"SUWS013584","Behn, T.","",""
"SUWS013745","Juve, Karla","",""
"SUWS013746","Juve, Karla","",""
"SUWS013747","Juve, Karla","",""
"SUWS013748","Juve, Karla","",""
"SUWS013749","Juve, Karla","",""
"SUWS013750","Juve, Karla","",""
"SUWS013751","Juve, Karla","",""
"SUWS013752","Juve, Karla","",""
"SUWS013753","Juve, Karla","",""
"SUWS013754","Juve, Karla","",""
"SUWS013755","Juve, Karla","",""
"SUWS013756","Juve, Karla","",""
"SUWS013758","Juve, Karla","",""
"SUWS013759","Juve, Karla","",""
"SUWS013760","Juve, Karla","",""
"SUWS013761","Juve, Karla","",""
"SUWS013762","Juve, Karla","",""
"SUWS013763","Juve, Karla","",""
"SUWS013764","Juve, Karla","",""
"SUWS013765","Juve, Karla","",""
"SUWS013767","Juve, Karla","",""
"SUWS013768","Juve, Karla","",""
"SUWS013769","Juve, Karla","",""
"SUWS013770","Salomaki, Shannon","",""
"SUWS013771","Salomaki, Shannon","",""
"SUWS013772","Salomaki, Shannon","",""
"SUWS013773","Salomaki, Shannon","",""
"SUWS013774","Salomaki, Shannon","",""
"SUWS013775","Salomaki, Shannon","",""
"SUWS013776","Salomaki, Shannon","",""
"SUWS013777","Salomaki, Shannon","",""
"SUWS013778","Salomaki, Shannon","",""
"SUWS013779","Salomaki, Shannon","",""
"SUWS013780","Salomaki, Shannon","",""
"SUWS013781","Salomaki, Shannon","",""
"SUWS013782","Salomaki, Shannon","",""
"SUWS013783","Salomaki, Shannon","",""
"SUWS013784","Salomaki, Shannon","",""
"SUWS013785","Salomaki, Shannon","",""
"SUWS013786","Salomaki, Shannon","",""
"SUWS013788","Salomaki, Shannon","",""
"SUWS013790","Salomaki, Shannon","",""
"SUWS013791","Salomaki, Shannon","",""
"SUWS013792","Salomaki, Shannon","",""
"SUWS013793","Salomaki, Shannon","",""
"SUWS013794","Salomaki, Shannon","",""
"SUWS013796","Salomaki, Shannon","",""
"SUWS013797","Salomaki, Shannon","",""
"SUWS013798","Salomaki, Shannon","",""
"SUWS013800","Salomaki, Shannon","",""
"SUWS013801","Salomaki, Shannon","",""
"SUWS013802","Salomaki, Shannon","",""
"SUWS013803","Shomaki, Shannon","",""
"SUWS013804","Eastman, Dave","",""
"SUWS013805","Eastman, Dave","",""
"SUWS013806","Eastman, Dave","",""
"SUWS013807","Eastman, Dave","",""
"SUWS013808","Eastman, Dave","",""
"SUWS013809","Eastman, Dave","",""
"SUWS013810","Eastman, Dave","",""
"SUWS013812","Eastman, Dave","",""
"SUWS013813","Eastman, Dave","",""
"SUWS013814","Eastman, Dave","",""
"SUWS013815","Eastman, Dave","",""
"SUWS013816","Eastman, Dave","",""
"SUWS013820","Eastman, Dave","",""
"SUWS013821","Eastman, Dave","",""
"SUWS013822","Eastman, Dave","",""
"SUWS013824","Bernacki, Beth","",""
"SUWS013825","Bernacki, Beth","",""
"SUWS013828","Bernacki, Beth","",""
"SUWS013829","Bernacki, Beth","",""
"SUWS013832","Bernacki, Beth","",""
"SUWS013835","Bernacki, Beth","",""
"SUWS013838","Bernacki, Beth","",""
"SUWS013839","Bernacki, Beth","",""
"SUWS013841","Bernacki, Beth","",""
"SUWS013843","Eastman, Dave","",""
"SUWS013844","Eastman, Dave","",""
"SUWS013845","Eastman, Dave","",""
"SUWS013846","Eastman, Dave","",""
"SUWS013847","Eastman, Dave","",""
"SUWS013848","Eastman, Dave","",""
"SUWS013849","Eastman, Dave","",""
"SUWS013850","Eastman, Dave","",""
"SUWS013851","Eastman, Dave","",""
"SUWS013852","Eastman, Dave","",""
"SUWS013854","Salomaki, Shannon","",""
"SUWS013855","Salomaki, Shannon","",""
"SUWS013856","Salomaki, Shannon","",""
"SUWS013857","Salomaki, Shannon","",""
"SUWS013858","Salomaki, Shannon","",""
"SUWS013859","Fahrney, Brian","",""
"SUWS013860","Fahrney, Brian","",""
"SUWS013861","Fahrney, Brian","",""
"SUWS013863","Fahrney, Brian","",""
"SUWS013864","Fahrney, Brian","",""
"SUWS013865","Fahrney, Brian","",""
"SUWS013866","Fahrney, Brian","",""
"SUWS013868","Fahrney, Brian","",""
"SUWS013871","Fahrney, Brian","",""
"SUWS013872","Fahrney, Brian","",""
"SUWS013873","Fahrney, Brian","",""
"SUWS013875","Fahrney, Brian","",""
"SUWS013875B","Blazevic, Ryan M.","",""
"SUWS013876","Blazevic, Ryan M.","",""
"SUWS013877","Blazevic, Ryan M.","",""
"SUWS013878","Blazevic, Ryan M.","",""
"SUWS013879","Blazevic, Ryan M.","",""
"SUWS013880","Blazevic, Ryan M.","",""
"SUWS013881","Blazevic, Ryan M.","",""
"SUWS013882","Blazevic, Ryan M.","",""
"SUWS013883","Blazevic, Ryan M.","",""
"SUWS013884","Blazevic, Ryan M.","",""
"SUWS013885","Blazevic, Ryan M.","",""
"SUWS013886","Blazevic, Ryan M.","",""
"SUWS013887","Blazevic, Ryan M.","",""
"SUWS013889","Blazevic, Ryan M.","",""
"SUWS013890","Blazevic, Ryan M.","",""
"SUWS013891","Blazevic, Ryan M.","",""
"SUWS013892","Blazevic, Ryan M.","",""
"SUWS013893","Fahrney, Brian","",""
"SUWS013894","Eastman, Dave","",""
"SUWS013895","Fahrney, Brian","",""
"SUWS013896","Fahrney, Brian","",""
"SUWS013897","Fahrney, Brian","",""
"SUWS013898","Fahrney, Brian","",""
"SUWS013902","Eastman, Dave","",""
"SUWS013903","Eastman, Dave","",""
"SUWS013904","Eastman, Dave","",""
"SUWS013905","Eastman, Dave","",""
"SUWS013907","Eastman, Dave","",""
"SUWS013908","Bernacki, Beth","",""
"SUWS013909","Bernacki, Beth","",""
"SUWS013910","Bernacki, Beth","",""
"SUWS013912","Bernacki, Beth","",""
"SUWS013914","Bernacki, Beth","",""
"SUWS013917","Bernacki, Beth","",""
"SUWS013919","Bernacki, Beth","",""
"SUWS013920","Bernacki, Beth","",""
"SUWS013922","Bernacki, Beth","",""
"SUWS013926","Bernacki, Beth","",""
"SUWS013929","Castle, R.","",""
"SUWS013930","Castle, R.","",""
"SUWS013932","Castle, R.","",""
"SUWS013933","Castle, R.","",""
"SUWS013935","Schmidt, M.","",""
"SUWS013936","Castle, R.","",""
"SUWS013938","Castle, R.","",""
"SUWS013939","Castle, R.","",""
"SUWS013940","Castle, R."," Johnson, R.",""
"SUWS013942","Castle, R."," Johnson, R.",""
"SUWS013943","Castle, R."," Davidson, Donald W."," Anderson, D."
"SUWS013944","Castle, R."," Johnson, R.",""
"SUWS013946","Johnson, R."," Castle, R.",""
"SUWS013947","Castle, R.","",""
"SUWS013948","Castle, R.","",""
"SUWS013949","Castle, R.","",""
"SUWS013950","Castle, R.","",""
"SUWS013951","Davidson, Donald W."," Castle, R."," Johnson, Robbye"
"SUWS013952","Anderson, D."," Johnson, R."," Castle, R."
"SUWS013953","Castle, R."," Anderson, D.",""
"SUWS013954","Castle, R.","",""
"SUWS013955","Johnson, R."," Castle, R.",""
"SUWS013956","Castle, R.","",""
"SUWS013957","Castle, R.","",""
"SUWS013958","Castle, R.","",""
"SUWS013959","Castle, R.","",""
"SUWS013961","Castle, R.","",""
"SUWS013963","Castle, R.","",""
"SUWS013964","Castle, R.","",""
"SUWS013965","Castle, R.","",""
"SUWS013966","Anderson, D."," Johnson, R."," Castle, R."
"SUWS013967","Castle, R.","",""
"SUWS013969","Johnson, R."," Anderson, D."," Castle, R."
"SUWS013970","Castle, R.","",""
"SUWS013971","Castle, R.","",""
"SUWS013971A","Castle, R.","",""
"SUWS013972","Castle, R.","",""
"SUWS013972b","Castle, R.","",""
"SUWS013973","Castle, R.","",""
"SUWS013974","Castle, R."," Johnson, R.",""
"SUWS013975","Johnson, R."," Castle, R.",""
"SUWS013976","Castle, R."," Johnson, R.",""
"SUWS013977","Castle, R."," Johnson, R.",""
"SUWS013978","Castle, R.","",""
"SUWS013979","Hein, Elizabeth","",""
"SUWS013980","Hein, Elizabeth","",""
"SUWS013981","Hein, Elizabeth","",""
"SUWS013982","Hein, Elizabeth","",""
"SUWS013983","Hein, Elizabeth","",""
"SUWS013984","Hein, Elizabeth","",""
"SUWS013985","Hein, Elizabeth","",""
"SUWS013986","Hein, Elizabeth","",""
"SUWS013987","Hein, Elizabeth","",""
"SUWS013988","Anderson, D."," Castle, R.",""
"SUWS013989","Castle, R.","",""
"SUWS013990","Castle, R.","",""
"SUWS013991","Castle, R.","",""
"SUWS013992","Castle, R.","",""
"SUWS013993","Castle, R.","",""
"SUWS013994","Castle, R.","",""
"SUWS013996","Castle, R.","",""
"SUWS014002","Castle, R.","",""
"SUWS014003","Castle, R.","",""
"SUWS014004","Castle, R.","",""
"SUWS014005","Castle, R.","",""
"SUWS014006","Castle, R.","",""
"SUWS014007","Castle, R.","",""
"SUWS014008","Castle, R.","",""
"SUWS014009","Castle, R.","",""
"SUWS014010","Castle, R.","",""
"SUWS014011","Castle, R.","",""
"SUWS014012","Castle, R.","",""
"SUWS014013","Castle, R.","",""
"SUWS014014","Castle, R.","",""
"SUWS014015","Castle, R.","",""
"SUWS014016","Castle, R.","",""
"SUWS014018","Castle, R.","",""
"SUWS014021","Castle, R.","",""
"SUWS014022","Castle, R.","",""
"SUWS014023","Castle, R.","",""
"SUWS014024","Castle, R.","",""
"SUWS014025","Castle, R.","",""
"SUWS014027","Bruederle, Leo P.","",""
"SUWS014028","Bruederle, Leo P.","",""
"SUWS014029","Bruederle, Leo P.","",""
"SUWS014030","Bruederle, Leo P.","",""
"SUWS014031","Bruederle, Leo P.","",""
"SUWS014032","Bruederle, Leo P.","",""
"SUWS014033","Bruederle, Leo P.","",""
"SUWS014034","Bruederle, Leo P.","",""
"SUWS014035","Bruederle, Leo P.","",""
"SUWS014036","Bruederle, Leo P.","",""
"SUWS014037","Bruederle, Leo P.","",""
"SUWS014038","Bruederle, Leo P.","",""
"SUWS014039","Bruederle, Leo P.","",""
"SUWS014040","Bruederle, Leo P.","",""
"SUWS014041","Bruederle, Leo P.","",""
"SUWS014042","Koch, Rudy G.","",""
"SUWS014043","Bruederle, Leo P.","",""
"SUWS014044","Bruederle, Leo P.","",""
"SUWS014045","Bruederle, Leo P.","",""
"SUWS014046","Bruederle, Leo P.","",""
"SUWS014047","Bruederle, Leo P.","",""
"SUWS014048","Bruederle, Leo P.","",""
"SUWS014049","Bruederle, Leo P."," Clements, Jimmy",""
"SUWS014050","Bruederle, Leo P.","",""
"SUWS014051","Bruederle, Leo P.","",""
"SUWS014052","Bruederle, Leo P.","",""
"SUWS014053","Bruederle, Leo P.","",""
"SUWS014054","Bruederle, Leo P.","",""
"SUWS014055","Bruederle, Leo P.","",""
"SUWS014057","Koch, Rudy G.","",""
"SUWS014058","Brashier"," Romans",""
"SUWS014059","Nee, M.","",""
"SUWS014060","Nontelle, Deon M.","",""
"SUWS014061","Nontelle, Deon M.","",""
"SUWS014062","Hornung, Tom","",""
"SUWS014063","Demaske, D.","",""
"SUWS014064","Banks, J. A.","",""
"SUWS014067","Demaske, D.","",""
"SUWS014068","Demaske, D.","",""
"SUWS014069","Nontelle, Deon M.","",""
"SUWS014070","Demaske, D.","",""
"SUWS014071","Sohmer, S. H.","",""
"SUWS014072","Hornung, Tom","",""
"SUWS014073","Davis, J. D.","",""
"SUWS014074","Sohmer, S. H.","",""
"SUWS014075","Sohmer, S. H.","",""
"SUWS014077","Nontelle, Deon M.","",""
"SUWS014078","Demaske, D.","",""
"SUWS014079","Demaske, D.","",""
"SUWS014080","Nontelle, Deon M.","",""
"SUWS014081","Koch, Rudy G.","",""
"SUWS014082","Ziegler, S. R.","",""
"SUWS014083","Nontelle, Deon M.","",""
"SUWS014084","Nontelle, Deon M.","",""
"SUWS014085","Thomson, John W., Jr."," Jacobson, J. R.",""
"SUWS014086","Kott, Bonnie K.","",""
"SUWS014087","Olson, Patti","",""
"SUWS014088","Olson, Patti","",""
"SUWS014089","Olson, Patti","",""
"SUWS014090","Hendrickson, Sue","",""
"SUWS014091","Swanson, Steven D.","",""
"SUWS014092","Sohmer, S. H.","",""
"SUWS014093","Clements, Jimmy D.","",""
"SUWS014105","Nontelle, Deon M.","",""
"SUWS014106","Brashier"," Romans",""
"SUWS014107","Team 4","",""
"SUWS014108","Demaske, D.","",""
"SUWS014109","Olson, Patti","",""
"SUWS014110","Olson, Patti","",""
"SUWS014111","Sohmer, S. H.","",""
"SUWS014112","Koch, Rudy G.","",""
"SUWS014113","Nontelle, Deon M.","",""
"SUWS014114","Demaske, D.","",""
"SUWS014115","Nontelle, Deon M.","",""
"SUWS014116","Demaske, D.","",""
"SUWS014119","Tendrup, Lynn S.","",""
"SUWS014120","Sohmer, S. H.","",""
"SUWS014121","Demaske, D.","",""
"SUWS014122","Ruhser, Jean C.","",""
"SUWS014123","Nontelle, Deon M.","",""
"SUWS014124","Olson, Patti","",""
"SUWS014125","Sohmer, S. H.","",""
"SUWS014126","Sohmer, S. H.","",""
"SUWS014127","Sohmer, S. H.","",""
"SUWS014128","Nontelle, Deon M.","",""
"SUWS014130","Sohmer, S. H.","",""
"SUWS014132","Davis, J. D.","",""
"SUWS014133","Olson, Patti","",""
"SUWS014134","Lenser, Gregory J."," Stetzer, Gerald W.",""
"SUWS014135","Lenser, G.","",""
"SUWS014137","Sohmer, S. H.","",""
"SUWS014138","Demaske, D.","",""
"SUWS014139","Sohmer, S. H."," Demaske, D.",""
"SUWS014140","Demaske, D.","",""
"SUWS014141","Sohmer, S. H.","",""
"SUWS014142","Sohmer, S. H."," Nontelle, Deon M.",""
"SUWS014143","Koch, Rudy G.","",""
"SUWS014144","Stackler, Susan","",""
"SUWS014145","Dawson, Verdel","",""
"SUWS014147","Demaske, D.","",""
"SUWS014149","Olson, Patti","",""
"SUWS014150","Olson, Patti","",""
"SUWS014163","Fahrney, Brian","",""
"SUWS014185","Dabydeen, Simon","",""
"SUWS014186","Thomson, John W., Jr.","",""
"SUWS014187","Thomson, John W., Jr.","",""
"SUWS014188","Smetak, Scott","",""
"SUWS014189","Thomson, John W., Jr.","",""
"SUWS014190","Thomson, John W., Jr.","",""
"SUWS014191","Koch, Rudy G.","",""
"SUWS014192","Thomson, John W., Jr.","",""
"SUWS014193","Brost, Mike","",""
"SUWS014194","Ziegler, S. R."," Leykom, M. F.",""
"SUWS014195","Mitchell, John A.","",""
"SUWS014196","Mendenhall, Paula M.","",""
"SUWS014197","Stackler, Susan","",""
"SUWS014198","Brashier"," Romans",""
"SUWS014200","Brashier"," Grage",""
"SUWS014201","Castle, R.","",""
"SUWS014202","Bruederle, Leo P.","",""
"SUWS014203","Castle, R.","",""
"SUWS014204","C., E. A."," McC., N. V.",""
"SUWS014205","Thomson, John W., Jr.","",""
"SUWS014206","Stackler, Susan","",""
"SUWS014207","Hicks, James","",""
"SUWS014208","Brost, Mike","",""
"SUWS014209","Thomson, John W., Jr.","",""
"SUWS014211","Castle, R.","",""
"SUWS014212","Clements, Jimmy D.","",""
"SUWS014215","Thomson, John W., Jr.","",""
"SUWS014216","Thomson, John W., Jr.","",""
"SUWS014219","Koch, Rudy G.","",""
"SUWS014220","Thomson, John W., Jr.","",""
"SUWS014221","Thomson, John W., Jr.","",""
"SUWS014222","Thomson, John W., Jr.","",""
"SUWS014223","Koch, Rudy G.","",""
"SUWS014226","Brashier"," Romans",""
"SUWS014227","Valaskey"," Brashier",""
"SUWS014228","Thomson, John W., Jr.","",""
"SUWS014229","Janowski"," Brashier",""
"SUWS014231","Stackler, Susan","",""
"SUWS014233","Koch, Rudy G.","",""
"SUWS014234","Nontelle, Deon M.","",""
"SUWS014235","Brashier"," Romans",""
"SUWS014236","Nontelle, Deon M.","",""
"SUWS014237","Lahti, Duane","",""
"SUWS014238","Castle, R.","",""
"SUWS014239","Brashier"," Valaskey",""
"SUWS014240","Brashier"," Romans",""
"SUWS014241","Koch, Rudy G.","",""
"SUWS014242","Thomson, John W., Jr.","",""
"SUWS014243","Thomson, John W., Jr."," Jacobson, J. R.",""
"SUWS014244","Castle, R.","",""
"SUWS014245","Swanson, Denny","",""
"SUWS014246","Brashier"," Romans",""
"SUWS014248","Collins"," Brashier",""
"SUWS014249","Brashier"," Romans",""
"SUWS014250","Collins"," Brashier",""
"SUWS014251","Koch, Rudy G.","",""
"SUWS014252","Cornell"," Brashier",""
"SUWS014253","Holden"," Brashier",""
"SUWS014254","Castle, R.","",""
"SUWS014255","Hjerleid"," Brashier",""
"SUWS014256","Hjerleid"," Brashier",""
"SUWS014257","Mackensen"," Brashier",""
"SUWS014258","Brashier"," Romans",""
"SUWS014259","Thomson, John W., Jr.","",""
"SUWS014260","Sohmer, S. H.","",""
"SUWS014261","Thomson, John W., Jr.","",""
"SUWS014263","Nontelle, Deon M.","",""
"SUWS014264","Brashier"," Romans",""
"SUWS014265","Bruederle, Leo P.","",""
"SUWS014266","Thomson, John W., Jr."," Jacobson, J. R.",""
"SUWS014276","Thomson, John W., Jr."," Fassett, Norman C.",""
"SUWS014277","Castle, R.","",""
"SUWS014278","Brashier"," Romans",""
"SUWS014279","Thomson, John W., Jr.","",""
"SUWS014280","Anderson, Jason","",""
"SUWS014281","Koch, Rudy G.","",""
"SUWS014282","Koch, Rudy G.","",""
"SUWS014283","Hjerleid"," Brashier",""
"SUWS014284","Hjerleid"," Brashier",""
"SUWS014285","Cornell"," Brashier",""
"SUWS014287","Brashier"," Valaskey",""
"SUWS014288","Brashier"," Romans",""
"SUWS014289","Olson, Patti","",""
"SUWS014290","Castle, R.","",""
"SUWS014291","Munich, Robert A.","",""
"SUWS014292","Brashier"," Romans",""
"SUWS014293","Brashier"," Romans",""
"SUWS014294","Brashier"," Cherf",""
"SUWS014296","Brashier"," Romans",""
"SUWS014298","Christian, John R.","",""
"SUWS014300","Thomson, John W., Jr.","",""
"SUWS014301","Castle, R.","",""
"SUWS014302","Koch, Rudy G.","",""
"SUWS014303","Castle, R.","",""
"SUWS014306","Thomson, John W., Jr.","",""
"SUWS014307","Thomson, John W., Jr.","",""
"SUWS014309","Brashier"," Romans",""
"SUWS014310","Brashier"," Romans",""
"SUWS014311","Stackler, Susan","",""
"SUWS014316","Stackler, Susan","",""
"SUWS014318","Mendenhall, Paula M.","",""
"SUWS014319","Thomson, John W., Jr.","",""
"SUWS014320","Koch, Rudy G.","",""
"SUWS014323","Koch, Rudy G.","",""
"SUWS014325","Koch, Rudy G.","",""
"SUWS014327","Thomson, John W., Jr."," Jacobson, J. R.",""
"SUWS014328","Barnard"," Brashier",""
"SUWS014329","Brashier"," Grage",""
"SUWS014330","Brashier"," Romans",""
"SUWS014331","Castle, R.","",""
"SUWS014332","Dabydeen, Simon","",""
"SUWS014333","Koch, Rudy G.","",""
"SUWS014334","Mackensen"," Brashier",""
"SUWS014335","Severson, Bob","",""
"SUWS014336","Collins"," Brashier",""
"SUWS014337","Hjerleid"," Brashier",""
"SUWS014338","Holden"," Brashier",""
"SUWS014339","Brashier"," Parrish",""
"SUWS014340","Hjerleid"," Brashier",""
"SUWS014341","Cornell"," Brashier",""
"SUWS014342","Thomson, John W., Jr.","",""
"SUWS014344","Salamun, Peter J.","",""
"SUWS014345","Thomson, John W., Jr.","",""
"SUWS014346","Thomson, John W., Jr.","",""
"SUWS014347","Castle, R.","",""
"SUWS014348","Brashier"," Romans",""
"SUWS014349","Brashier"," Romans",""
"SUWS014350","Tendrup, Lynn S.","",""
"SUWS014352","Castle, R.","",""
"SUWS014353","Thomson, John W., Jr.","",""
"SUWS014354","Thomson, John W., Jr.","",""
"SUWS014355","Jolhaug, Mark K.","",""
"SUWS014358","Thomson, John W., Jr.","",""
"SUWS014359","Koch, Rudy G.","",""
"SUWS014360","Brashier"," Romans",""
"SUWS014362","Brashier"," Grage",""
"SUWS014363","Thomson, John W., Jr.","",""
"SUWS014364","Ojanen, Joanne M.","",""
"SUWS014368","Brashier"," Romans",""
"SUWS014369","Thomson, John W., Jr.","",""
"SUWS014370","Heim, John A.","",""
"SUWS014372","Castle, R.","",""
"SUWS014374","Koch, Rudy G.","",""
"SUWS014376","Thomson, John W., Jr.","",""
"SUWS014379","Thomson, John W., Jr.","",""
"SUWS014381","Thomson, John W., Jr.","",""
"SUWS014382","Thomson, John W., Jr."," Fassett, Norman C.",""
"SUWS014385","Trick, Joel A.","",""
"SUWS014386","Konkel, Deborah","",""
"SUWS014387","Castle, R.","",""
"SUWS014388","Thomson, John W., Jr.","",""
"SUWS014389","Anderson, Jason","",""
"SUWS014390","Thomson, John W., Jr.","",""
"SUWS014391","Thomson, John W., Jr.","",""
"SUWS014392","Castle, R.","",""
"SUWS014393","Brashier"," Romans",""
"SUWS014394","Thomson, John W., Jr.","",""
"SUWS014397","Ojanen, Joanne M.","",""
"SUWS014399","Younger, Patti"," Bruederle, Leo P.",""
"SUWS014400","Olson, Patti","",""
"SUWS014401","Thomson, John W., Jr.","",""
"SUWS014402","Barnard"," Brashier",""
"SUWS014403","Thomson, John W., Jr."," Smith, C. W.",""
"SUWS014405","Dabydeen, Simon","",""
"SUWS014406","Castle, R.","",""
"SUWS014407","Kristiansen, Stein","",""
"SUWS014408","Brost, Mike","",""
"SUWS014409","Koch, Rudy G.","",""
"SUWS014410","Castle, R.","",""
"SUWS014412","Thomson, John W., Jr.","",""
"SUWS014413","Konkel, Deborah","",""
"SUWS014414","Thomson, John W., Jr.","",""
"SUWS014415","Thomson, John W., Jr.","",""
"SUWS014416","Brashier"," Romans",""
"SUWS014417","Ojanen, Joanne M.","",""
"SUWS014424","Thomson, John W., Jr.","",""
"SUWS014425","Knuf, Phillip","",""
"SUWS014429","Brashier"," Romans",""
"SUWS014432","Longenecker, Jean","",""
"SUWS014433","Brashier"," Romans",""
"SUWS014434","Castle, R.","",""
"SUWS014435","Stackler, Susan","",""
"SUWS014436","Hicks, James","",""
"SUWS014437","Brashier"," Romans",""
"SUWS014439","McGovern, Scott","",""
"SUWS014440","Hansen, Perky","",""
"SUWS014441","Hansen, Perky","",""
"SUWS014442","Munich, Robert A.","",""
"SUWS014443","Castle, R.","",""
"SUWS014444","Munich, Robert A.","",""
"SUWS014445","Anderson, Jeffrey A.","",""
"SUWS014446","Heim, John A.","",""
"SUWS014447","Smetak, Scott","",""
"SUWS014448","Brost, Mike","",""
"SUWS014450","Olson, Patti","",""
"SUWS014451","Castle, R.","",""
"SUWS014452","Brashier"," Romans",""
"SUWS014453","Mendenhall, Paula M.","",""
"SUWS014454","Brashier"," Grage",""
"SUWS014455","Thomson, John W., Jr.","",""
"SUWS014456","Brashier"," Romans",""
"SUWS014457","Anderson, D."," Castle, R.",""
"SUWS014458","Castle, R.","",""
"SUWS014461","Thomson, John W., Jr.","",""
"SUWS014490","Goette, Lance","",""
"SUWS014491","Gunaratna, Lasitha","",""
"SUWS014492","Gunaratna, Lasitha","",""
"SUWS014494","Gunaratna, Lasitha","",""
"SUWS014495","Stack, Anne","",""
"SUWS014496","Stack, Anne","",""
"SUWS014497","Stack, Anne","",""
"SUWS014499","Stack, Anne","",""
"SUWS014500","Stack, Anne","",""
"SUWS014501","Stack, Anne","",""
"SUWS014502","Stack, Anne","",""
"SUWS014503","Stack, Anne","",""
"SUWS014504","Stack, Anne","",""
"SUWS014505","Stack, Anne","",""
"SUWS014508","Morris, Casey","",""
"SUWS014509","Singhurst, Cary","",""
"SUWS014510","Singhurst, Cary","",""
"SUWS014511","Singhurst, Cary","",""
"SUWS014512","Tanton, Corey","",""
"SUWS014513","Tanton, Corey","",""
"SUWS014515","Anderson, Derek S.","",""
"SUWS014516","Anderson, Derek S.","",""
"SUWS014517","Anderson, Derek S.","",""
"SUWS014518","Anderson, Derek S.","",""
"SUWS014519","Anderson, Derek S.","",""
"SUWS014520","Anderson, Derek S.","",""
"SUWS014521","Anderson, Derek S.","",""
"SUWS014522","Anderson, Derek S.","",""
"SUWS014523","Anderson, Derek S.","",""
"SUWS014524","Tanton, Corey","",""
"SUWS014525","Tanton, Corey","",""
"SUWS014526","Tanton, Corey","",""
"SUWS014527","Christiansen, Joy","",""
"SUWS014528","Christiansen, Joy","",""
"SUWS014529","Christiansen, Joy","",""
"SUWS014530","Christiansen, Joy","",""
"SUWS014531","Christiansen, Joy","",""
"SUWS014532","Christiansen, Joy","",""
"SUWS014533","Christiansen, Joy","",""
"SUWS014534","Christiansen, Joy","",""
"SUWS014535","Christiansen, Joy","",""
"SUWS014536","Christiansen, Joy","",""
"SUWS014537","Christiansen, Joy","",""
"SUWS014538","Christiansen, Joy","",""
"SUWS014539","Christiansen, Joy","",""
"SUWS014540","Christiansen, Joy","",""
"SUWS014541","Moullette, Elyse","",""
"SUWS014542","Moullette, Elyse","",""
"SUWS014543","Moullette, Elyse","",""
"SUWS014544","Moullette, Elyse","",""
"SUWS014545","Moullette, Elyse","",""
"SUWS014546","Moullette, Elyse","",""
"SUWS014547","Moullette, Elyse","",""
"SUWS014548","Moullette, Elyse","",""
"SUWS014549","Moullette, Elyse","",""
"SUWS014550","Moullette, Elyse","",""
"SUWS014551","Moullette, Elyse","",""
"SUWS014553","Gervais, Tom","",""
"SUWS014554","Gervais, Tom","",""
"SUWS014555","Gervais, Tom","",""
"SUWS014556","Gervais, Tom","",""
"SUWS014557","Gervais, Tom","",""
"SUWS014558","Gervais, Tom","",""
"SUWS014559","Gervais, Tom","",""
"SUWS014560","Gervais, Tom","",""
"SUWS014561","Gervais, Tom","",""
"SUWS014562","Gervais, Tom","",""
"SUWS014563","Goette, Lance","",""
"SUWS014564","Goette, Lance","",""
"SUWS014565","Larson, Bradley B.","",""
"SUWS014566","Larson, Bradley B.","",""
"SUWS014567","Larson, Bradley B.","",""
"SUWS014568","Larson, Bradley B.","",""
"SUWS014569","Tanton, Corey","",""
"SUWS014570","Tanton, Corey","",""
"SUWS014571","Tanton, Corey","",""
"SUWS014572","Tanton, Corey","",""
"SUWS014573","Gunaratna, Lasitha","",""
"SUWS014574","Gunaratna, Lasitha","",""
"SUWS014575","Gunaratna, Lasitha","",""
"SUWS014576","Larson, Bradley B.","",""
"SUWS014577","Larson, Bradley B.","",""
"SUWS014578","Singhurst, Cary","",""
"SUWS014579","Singhurst, Cary","",""
"SUWS014580","Singhurst, Cary","",""
"SUWS014581","Singhurst, Cary","",""
"SUWS014582","Singhurst, Cary","",""
"SUWS014583","Singhurst, Cary","",""
"SUWS014585","Honermann, April","",""
"SUWS014588","Gunaratna, Lasitha","",""
"SUWS014589","Gunaratna, Lasitha","",""
"SUWS014591","Larson, Bradley B.","",""
"SUWS014592","Larson, Bradley B.","",""
"SUWS014593","Gunaratna, Lasitha","",""
"SUWS014594","Gunaratna, Lasitha","",""
"SUWS014597","Gunaratna, Lasitha","",""
"SUWS014598","Morris, Casey","",""
"SUWS014604","Morris, Casey","",""
"SUWS014605","Morris, Casey","",""
"SUWS014608","Morris, Casey","",""
"SUWS014609","Morris, Casey","",""
"SUWS014612","Morris, Casey","",""
"SUWS014613","Morris, Casey","",""
"SUWS014616","Morris, Casey","",""
"SUWS014620","Morris, Casey","",""
"SUWS014626","Morris, Casey","",""
"SUWS014629","Morris, Casey","",""
"SUWS014630","Moullette, Elyse","",""
"SUWS014632","Moullette, Elyse","",""
"SUWS014634","Moullette, Elyse","",""
"SUWS014636","Moullette, Elyse","",""
"SUWS014637","Moullette, Elyse","",""
"SUWS014638","Moullette, Elyse","",""
"SUWS014642","Moullette, Elyse","",""
"SUWS014643","Moullette, Elyse","",""
"SUWS014644","Moullette, Elyse","",""
"SUWS014645","Moullette, Elyse","",""
"SUWS014646","Moullette, Elyse","",""
"SUWS014647","Moullette, Elyse","",""
"SUWS014648","Moullette, Elyse","",""
"SUWS014649","Moullette, Elyse","",""
"SUWS014650","Moullette, Elyse","",""
"SUWS014651","Moullette, Elyse","",""
"SUWS014652","Moullette, Elyse","",""
"SUWS014653","Moullette, Elyse","",""
"SUWS014655","Christiansen, Joy","",""
"SUWS014659","Christiansen, Joy","",""
"SUWS014660","Christiansen, Joy","",""
"SUWS014663","Christiansen, Joy","",""
"SUWS014664","Christiansen, Joy","",""
"SUWS014665","Christiansen, Joy","",""
"SUWS014666","Christiansen, Joy","",""
"SUWS014668","Tanton, Corey","",""
"SUWS014669","Tanton, Corey","",""
"SUWS014670","Tanton, Corey","",""
"SUWS014671","Tanton, Corey","",""
"SUWS014674","Tanton, Corey","",""
"SUWS014677","Goette, Lance","",""
"SUWS014679","Goette, Lance","",""
"SUWS014682","Goette, Lance","",""
"SUWS014683","Goette, Lance","",""
"SUWS014684","Goette, Lance","",""
"SUWS014685","Goette, Lance","",""
"SUWS014686","Goette, Lance","",""
"SUWS014687","Goette, Lance","",""
"SUWS014688","Goette, Lance","",""
"SUWS014689","Goette, Lance","",""
"SUWS014690","Goette, Lance","",""
"SUWS014691","Goette, Lance","",""
"SUWS014692","Goette, Lance","",""
"SUWS014693","Goette, Lance","",""
"SUWS014695","Goette, Lance","",""
"SUWS014698","Goette, Lance","",""
"SUWS014699","Goette, Lance","",""
"SUWS014700","Goette, Lance","",""
"SUWS014704","Gervais, Tom","",""
"SUWS014705","Gervais, Tom","",""
"SUWS014706","Gervais, Tom","",""
"SUWS014707","Gervais, Tom","",""
"SUWS014708","Gervais, Tom","",""
"SUWS014712","Gervais, Tom","",""
"SUWS014714","Gervais, Tom","",""
"SUWS014715","Gervais, Tom","",""
"SUWS014735","Honermann, April","",""
"SUWS014744","Larson, Bradley B.","",""
"SUWS014745","Larson, Bradley B.","",""
"SUWS014746","Larson, Bradley B.","",""
"SUWS014747","Larson, Bradley B.","",""
"SUWS014748","Larson, Bradley B.","",""
"SUWS014749","Larson, Bradley B.","",""
"SUWS014750","Larson, Bradley B.","",""
"SUWS014752","Larson, Bradley B.","",""
"SUWS014753","Larson, Bradley B.","",""
"SUWS014755","Larson, Bradley B.","",""
"SUWS014756","Larson, Bradley B.","",""
"SUWS014757","Larson, Bradley B.","",""
"SUWS014760","Larson, Bradley B.","",""
"SUWS014761","Larson, Bradley B.","",""
"SUWS014762","Larson, Bradley B.","",""
"SUWS014763","Larson, Bradley B.","",""
"SUWS014764","Larson, Bradley B.","",""
"SUWS014765","Larson, Bradley B.","",""
"SUWS014767","Larson, Bradley B.","",""
"SUWS014768","Larson, Bradley B.","",""
"SUWS014769","Larson, Bradley B.","",""
"SUWS014770","Anderson, Derek S.","",""
"SUWS014771","Anderson, Derek S.","",""
"SUWS014772","Anderson, Derek S."," Davidson, Donald W.",""
"SUWS014773","Anderson, Derek S.","",""
"SUWS014774","Anderson, Derek S.","",""
"SUWS014775","Larson, Bradley B.","",""
"SUWS014776","Anderson, Derek S.","",""
"SUWS014777","Anderson, Derek S.","",""
"SUWS014778","Anderson, Derek S.","",""
"SUWS014779","Anderson, Derek S.","",""
"SUWS014780","Anderson, Derek S.","",""
"SUWS014781","Anderson, Derek S.","",""
"SUWS014782","Anderson, Derek S.","",""
"SUWS014783","Anderson, Derek S.","",""
"SUWS014784","Anderson, Derek S.","",""
"SUWS014786","Anderson, Derek S.","",""
"SUWS014787","Anderson, Derek S.","",""
"SUWS014788","Anderson, Derek S.","",""
"SUWS014789","Anderson, Derek S.","",""
"SUWS014791","Anderson, Derek S.","",""
"SUWS014792","Anderson, Derek S.","",""
"SUWS014793","Anderson, Derek S.","",""
"SUWS014796","Anderson, Derek S.","",""
"SUWS014797","Anderson, Derek S.","",""
"SUWS014799","Anderson, Derek S.","",""
"SUWS014800","Anderson, Derek S.","",""
"SUWS014801","Anderson, Derek S.","",""
"SUWS014802","Anderson, Derek S.","",""
"SUWS014803","Anderson, Derek S.","",""
"SUWS014808","Anderson, Derek S.","",""
"SUWS014809","Anderson, Derek S.","",""
"SUWS014810","Anderson, Derek S.","",""
"SUWS014814","Christiansen, Joy","",""
"SUWS014815","Christiansen, Joy","",""
"SUWS014816","Christiansen, Joy","",""
"SUWS014817","Christiansen, Joy","",""
"SUWS014818","Christiansen, Joy","",""
"SUWS014819","Christiansen, Joy","",""
"SUWS014821","Christiansen, Joy","",""
"SUWS014823","Stack, Anne","",""
"SUWS014825","Stack, Anne","",""
"SUWS014826","Stack, Anne","",""
"SUWS014827","Stack, Anne","",""
"SUWS014828","Stack, Anne","",""
"SUWS014829","Stack, Anne","",""
"SUWS014830","Stack, Anne","",""
"SUWS014831","Stack, Anne","",""
"SUWS014833","Stack, Anne","",""
"SUWS014834","Stack, Anne","",""
"SUWS014835","Stack, Anne","",""
"SUWS014836","Stack, Anne","",""
"SUWS014837","Stack, Anne","",""
"SUWS014838","Stack, Anne","",""
"SUWS014839","Stack, Anne","",""
"SUWS014840","Stack, Anne","",""
"SUWS014841","Stack, Anne","",""
"SUWS014842","Stack, Anne","",""
"SUWS014843","Stack, Anne","",""
"SUWS014844","Stack, Anne","",""
"SUWS014845","Stack, Anne","",""
"SUWS014846","Stack, Anne","",""
"SUWS014849","Anderson, Derek S.","",""
"SUWS014850","Anderson, Derek S.","",""
"SUWS014851","Anderson, Derek S.","",""
"SUWS014852","Anderson, Derek S.","",""
"SUWS014853","Anderson, Derek S.","",""
"SUWS014854","Anderson, Derek S.","",""
"SUWS014855","Anderson, Derek S.","",""
"SUWS014856","Anderson, Derek S.","",""
"SUWS014857","Anderson, Derek S.","",""
"SUWS014858","Anderson, Derek S.","",""
"SUWS014859","Anderson, Derek S.","",""
"SUWS014860","Anderson, Derek S.","",""
"SUWS014861","Anderson, Derek S.","",""
"SUWS014862","Anderson, Derek S.","",""
"SUWS014863","Anderson, Derek S.","",""
"SUWS014864","Anderson, Derek S.","",""
"SUWS014865","Anderson, Derek S.","",""
"SUWS014866","Anderson, Derek S.","",""
"SUWS014867","Anderson, Derek S.","",""
"SUWS014868","Anderson, Derek S.","",""
"SUWS014869","Anderson, Derek S.","",""
"SUWS014870","Anderson, Derek S.","",""
"SUWS014871","Anderson, Derek S.","",""
"SUWS014872","Anderson, Derek S.","",""
"SUWS014873","Anderson, Derek S.","",""
"SUWS014874","Anderson, Derek S.","",""
"SUWS014875","Anderson, Derek S.","",""
"SUWS014876","Anderson, Derek S.","",""
"SUWS014877","Anderson, Derek S.","",""
"SUWS014878","Anderson, Derek S.","",""
"SUWS014879","Anderson, Derek S.","",""
"SUWS014880","Anderson, Derek S.","",""
"SUWS014881","Anderson, Derek S.","",""
"SUWS014882","Anderson, Derek S.","",""
"SUWS014883","Anderson, Derek S.","",""
"SUWS014884","Anderson, Derek S.","",""
"SUWS014886","Anderson, Derek S.","",""
"SUWS014888","Anderson, Derek S.","",""
"SUWS014889","Anderson, Derek S.","",""
"SUWS014890","Anderson, Derek S.","",""
"SUWS014891","Anderson, Derek S.","",""
"SUWS014892","Anderson, Derek S.","",""
"SUWS014893","Anderson, Derek S.","",""
"SUWS014894","Anderson, Derek S.","",""
"SUWS014899","Anderson, Derek S.","",""
"SUWS014900","Anderson, Derek S.","",""
"SUWS014901","Anderson, Derek S.","",""
"SUWS014902","Anderson, Derek S.","",""
"SUWS014903","Anderson, Derek S.","",""
"SUWS014904","Anderson, Derek S."," Davidson, Donald W.",""
"SUWS014905","Anderson, Derek S."," Davidson, Donald W.",""
"SUWS014906","Anderson, Derek S."," Davidson, Donald W.",""
"SUWS014907","Anderson, Derek S."," Davidson, Donald W.",""
"SUWS014908","Anderson, Derek S."," Davidson, Donald W.",""
"SUWS014909","Anderson, Derek S."," Davidson, Donald W.",""
"SUWS014910","Anderson, Derek S.","",""
"SUWS014911","Anderson, Derek S.","",""
"SUWS014912","Anderson, Derek S.","",""
"SUWS014913","Anderson, Derek S.","",""
"SUWS014914","Anderson, Derek S.","",""
"SUWS014915","Anderson, Derek S.","",""
"SUWS014916","Anderson, Derek S.","",""
"SUWS014917","Anderson, Derek S.","",""
"SUWS014918","Anderson, Derek S.","",""
"SUWS014919","Anderson, Derek S.","",""
"SUWS014920","Anderson, Derek S.","",""
"SUWS014921","Anderson, Derek S.","",""
"SUWS014922","Anderson, Derek S.","",""
"SUWS014923","Anderson, Derek S.","",""
"SUWS014924","Anderson, Derek S.","",""
"SUWS014925","Anderson, Derek S.","",""
"SUWS014926","Anderson, Derek S.","",""
"SUWS014927","Anderson, Derek S.","",""
"SUWS014928","Anderson, Derek S.","",""
"SUWS014929","Anderson, Derek S.","",""
"SUWS014930","Anderson, Derek S.","",""
"SUWS014931","Anderson, Derek S.","",""
"SUWS014932","Anderson, Derek S.","",""
"SUWS014933","Anderson, Derek S.","",""
"SUWS014934","Anderson, Derek S.","",""
"SUWS014935","Anderson, Derek S."," Davidson, Donald W.",""
"SUWS014936","Anderson, Derek S.","",""
"SUWS014937","Anderson, Derek S.","",""
"SUWS014938","Anderson, Derek S.","",""
"SUWS014939","Anderson, Derek S.","",""
"SUWS014940","Anderson, Derek S.","",""
"SUWS014941","Anderson, Derek S.","",""
"SUWS014942","Anderson, Derek S.","",""
"SUWS014943","Anderson, Derek S.","",""
"SUWS014944","Anderson, Derek S.","",""
"SUWS014945","Anderson, Derek S.","",""
"SUWS014946","Anderson, Derek S.","",""
"SUWS014947","Anderson, Derek S.","",""
"SUWS014948","Anderson, Derek S.","",""
"SUWS014949","Anderson, Derek S."," Davidson, Donald W.",""
"SUWS014950","Anderson, Derek S."," Davidson, Donald W.",""
"SUWS014951","Anderson, Derek S."," Davidson, Donald W.",""
"SUWS014952","Anderson, Derek S."," Davidson, Donald W.",""
"SUWS014953","Anderson, Derek S."," Davidson, Donald W.",""
"SUWS014954","Anderson, Derek S."," Davidson, Donald W.",""
"SUWS014955","Anderson, Derek S.","",""
"SUWS014956","Anderson, Derek S.","",""
"SUWS014957","Anderson, Derek S.","",""
"SUWS014958","Anderson, Derek S.","",""
"SUWS014959","Anderson, Derek S.","",""
"SUWS014960","Anderson, Derek S.","",""
"SUWS014961","Anderson, Derek S.","",""
"SUWS014962","Anderson, Derek S.","",""
"SUWS014963","Anderson, Derek S.","",""
"SUWS014964","Anderson, Derek S.","",""
"SUWS014965","Anderson, Derek S."," Davidson, Donald W.",""
"SUWS014966","Anderson, Derek S."," Davidson, Donald W.",""
"SUWS014967","Anderson, Derek S."," Davidson, Donald W.",""
"SUWS014968","Anderson, Derek S."," Davidson, Donald W.",""
"SUWS014969","Anderson, Derek S.","",""
"SUWS014970","Anderson, Derek S.","",""
"SUWS014971","Anderson, Derek S.","",""
"SUWS014972","Anderson, Derek S.","",""
"SUWS014973","Anderson, Derek S.","",""
"SUWS014974","Anderson, Derek S.","",""
"SUWS014975","Anderson, Derek S.","",""
"SUWS014976","Anderson, Derek S.","",""
"SUWS014977","Anderson, Derek S.","",""
"SUWS014978","Anderson, Derek S.","",""
"SUWS014979","Anderson, Derek S.","",""
"SUWS014980","Anderson, Derek S.","",""
"SUWS014981","Anderson, Derek S.","",""
"SUWS014982","Anderson, Derek S.","",""
"SUWS014983","Anderson, Derek S.","",""
"SUWS014984","Anderson, Derek S.","",""
"SUWS014985","Anderson, Derek S.","",""
"SUWS014986","Anderson, Derek S."," Branstad, David A.",""
"SUWS014987","Anderson, Derek S."," Branstad, David A.",""
"SUWS014989","Castle, R.","",""
"SUWS014991","Castle, R.","",""
"SUWS014992","Koch, Rudy G.","",""
"SUWS014993","Thomson, John W., Jr.","",""
"SUWS014994","Castle, R.","",""
"SUWS014995","Clements, Jimmy D.","",""
"SUWS014996","Brashier"," Romans",""
"SUWS014997","Hjerleid"," Brashier",""
"SUWS014998","Holden"," Brashier",""
"SUWS014999","Collins"," Brashier",""
"SUWS015000","Brashier"," Romans",""
"SUWS015001","Barnard"," Brashier",""
"SUWS015002","Collins"," Brashier",""
"SUWS015003","Brashier"," Thoren",""
"SUWS015004","Castle, R.","",""
"SUWS015005","Cornell"," Brashier",""
"SUWS015008","Bjork, Ann","",""
"SUWS015009","Barnard"," Brashier",""
"SUWS015010","Brashier"," Grage",""
"SUWS015011","Collins"," Brashier",""
"SUWS015012","Barnard"," Brashier",""
"SUWS015013","Castle, R."," Johnson, R.",""
"SUWS015014","Cornell"," Brashier",""
"SUWS015015","Castle, R.","",""
"SUWS015016","Brashier"," Romans",""
"SUWS015017","Hjerleid"," Brashier",""
"SUWS015018","Brashier"," Thoren",""
"SUWS015019","Castle, R.","",""
"SUWS015020","Thomson, John W., Jr."," Jacobson, J. R.",""
"SUWS015021","Longenecker, Jean","",""
"SUWS015022","Thomson, John W., Jr.","",""
"SUWS015023","","",""
"SUWS015024","Cornell"," Brashier",""
"SUWS015025","Thomson, John W., Jr.","",""
"SUWS015026","Younger, Patti"," Bruederle, Leo P.",""
"SUWS015027","Castle, R.","",""
"SUWS015028","Holden"," Brashier",""
"SUWS015029","Hjerleid"," Brashier",""
"SUWS015030","Collins"," Brashier",""
"SUWS015031","Brashier"," Grage",""
"SUWS015032","Castle, R.","",""
"SUWS015033","Brashier"," Romans",""
"SUWS015034","Thomson, John W., Jr.","",""
"SUWS015035","Cornell"," Brashier",""
"SUWS015040","Thomson, John W., Jr."," Jacobson, J. R.",""
"SUWS015041","Thomson, John W., Jr."," Jacobson, J. R.",""
"SUWS015042","Thomson, John W., Jr."," Jacobson, J. R.",""
"SUWS015043","Thomson, John W., Jr.","",""
"SUWS015044","Thomson, John W., Jr."," Jacobson, J. R.",""
"SUWS015047","Thomson, John W., Jr.","",""
"SUWS015048","Thomson, John W., Jr.","",""
"SUWS015051","Brashier"," Romans",""
"SUWS015052","Brashier"," Romans",""
"SUWS015053","Ojanen, Joanne M.","",""
"SUWS015054","Brost, Mike","",""
"SUWS015055","Castle, R.","",""
"SUWS015056","Cherf"," Brashier",""
"SUWS015057","Thomson, John W., Jr.","",""
"SUWS015058","Stackler, Susan","",""
"SUWS015060","Koch, Rudy G.","",""
"SUWS015062","Brashier"," Raatz",""
"SUWS015070","Thomson, John W., Jr."," Jacobson, J. R.",""
"SUWS015071","Thomson, John W., Jr."," Jacobson, J. R.",""
"SUWS015072","Castle, R.","",""
"SUWS015073","Thomson, John W., Jr.","",""
"SUWS015074","Castle, R.","",""
"SUWS015075","Koch, Rudy G.","",""
"SUWS015185","Hjerleid"," Brashier",""
"SUWS015197","Holden"," Brashier",""
"SUWS015198","Thomson, John W., Jr.","",""
"SUWS015199","Cornell"," Brashier",""
"SUWS015202","Fassett, Norman C.","",""
"SUWS015203","Stackler, Susan","",""
"SUWS015204","Koch, Rudy G.","",""
"SUWS015205","Thomson, John W., Jr.","",""
"SUWS015206","Koch, Rudy G.","",""
"SUWS015207","Thomson, John W., Jr.","",""
"SUWS015212","Thomson, John W., Jr.","",""
"SUWS015214","Castle, R."," Johnson, R.",""
"SUWS015215","Brashier"," Romans",""
"SUWS015216","Swanson, Denny","",""
"SUWS015217","Thomson, John W., Jr.","",""
"SUWS015218","Thomson, John W., Jr.","",""
"SUWS015219","Thomson, John W., Jr.","",""
"SUWS015220","Mackensen"," Brashier",""
"SUWS015221","Thomson, John W., Jr.","",""
"SUWS015222","Koch, Rudy G.","",""
"SUWS015224","Castle, R.","",""
"SUWS015226","Hendrickson, Sue","",""
"SUWS015227","Castle, R.","",""
"SUWS015229","Thomson, John W., Jr.","",""
"SUWS015230","Brashier"," Romans",""
"SUWS015231","Mendenhall, Paula M.","",""
"SUWS015233","Brashier"," Smith",""
"SUWS015234","Brashier"," Romans",""
"SUWS015235","Collins"," Brashier",""
"SUWS015236","Smith, W. A."," Pellett, T. D.",""
"SUWS015238","Stackler, Susan","",""
"SUWS015239","Koch, Rudy G.","",""
"SUWS015241","Luttenton, Mark","",""
"SUWS015244","Ziegler, S. R.","",""
"SUWS015245","Koch, Rudy G.","",""
"SUWS015247","Brashier"," Romans",""
"SUWS015248","Castle, R.","",""
"SUWS015249","Thomson, John W., Jr.","",""
"SUWS015250","Martin, Bonita","",""
"SUWS015251","Thomson, John W., Jr."," Jacobson, J. R.",""
"SUWS015252","Thomson, John W., Jr.","",""
"SUWS015253","Holden"," Brashier",""
"SUWS015254","Brashier"," Romans",""
"SUWS015255","Brashier"," Romans",""
"SUWS015256","Stock, Dawn","",""
"SUWS015258","Koch, Rudy G.","",""
"SUWS015259","Castle, R.","",""
"SUWS015260","Brashier"," Romans",""
"SUWS015261","Brashier"," Romans",""
"SUWS015262","Castle, R.","",""
"SUWS015263","Thomson, John W., Jr.","",""
"SUWS015265","Barnard"," Brashier",""
"SUWS015266","Holden"," Brashier",""
"SUWS015267","Thomson, John W., Jr.","",""
"SUWS015268","Koch, Rudy G.","",""
"SUWS015270","Koch, Rudy G.","",""
"SUWS015271","Bruederle, Leo P.","",""
"SUWS015272","Thomson, John W., Jr.","",""
"SUWS015273","Barnard"," Brashier",""
"SUWS015274","Hein, Elizabeth","",""
"SUWS015275","Thomson, John W., Jr.","",""
"SUWS015276","Thomson, John W., Jr.","",""
"SUWS015278","Brashier"," Romans",""
"SUWS015279","Holden"," Brashier",""
"SUWS015280","Thomson, John W., Jr.","",""
"SUWS015281","Barnard"," Brashier",""
"SUWS015282","Hein, Elizabeth","",""
"SUWS015283","Thomson, John W., Jr.","",""
"SUWS015284","Brashier"," Cherf",""
"SUWS015285","Holden"," Brashier",""
"SUWS015286","Castle, R.","",""
"SUWS015287","Olson, Patti","",""
"SUWS015289","Castle, R.","",""
"SUWS015290","Cornell"," Brashier",""
"SUWS015291","Barnard"," Brashier",""
"SUWS015292","Brashier"," Romans",""
"SUWS015293","Hjerleid"," Brashier",""
"SUWS015294","Thomson, John W., Jr.","",""
"SUWS015296","Thomson, John W., Jr.","",""
"SUWS015297","Brashier"," Smith",""
"SUWS015298","Thomson, John W., Jr.","",""
"SUWS015301","Olson, Patti","",""
"SUWS015302","Brashier"," Romans",""
"SUWS015303","Castle, R.","",""
"SUWS015304","Thomson, John W., Jr.","",""
"SUWS015305","Johnson, R."," Castle, R.",""
"SUWS015306","Thomson, John W., Jr.","",""
"SUWS015309","Brashier"," Walvoord",""
"SUWS015310","Thomson, John W., Jr.","",""
"SUWS015313","Thomson, John W., Jr.","",""
"SUWS015314","Brashier"," Romans",""
"SUWS015315","Brashier"," Romans",""
"SUWS015317","Brashier"," Romans",""
"SUWS015318","Behn, T.","",""
"SUWS015319","Davidson, Donald W."," Collins, Matt",""
"SUWS015320","Davidson, Donald W."," Collins, Matt",""
"SUWS015321","Thomson, John W., Jr.","",""
"SUWS015322","Brashier"," Romans",""
"SUWS015323","Ojanen, Joanne M.","",""
"SUWS015326","Olson, Patti","",""
"SUWS015327","Thomson, John W., Jr.","",""
"SUWS015331","Thomson, John W., Jr."," Fassett, Norman C."," Bean, E. F."
"SUWS015332","Thomson, John W., Jr.","",""
"SUWS015333","Brashier"," Romans",""
"SUWS015334","Thomson, John W., Jr.","",""
"SUWS015335","Stackler, Susan","",""
"SUWS015337","Thomson, John W., Jr."," Jacobson, J. R.",""
"SUWS015338","Stackler, Susan","",""
"SUWS015339","Castle, R.","",""
"SUWS015340","Ojanen, Joanne M.","",""
"SUWS015341","Martin, Bonita","",""
"SUWS015342","Koch, Rudy G.","",""
"SUWS015343","Brashier"," Romans",""
"SUWS015344","Thomson, John W., Jr.","",""
"SUWS015346","Thomson, John W., Jr.","",""
"SUWS015347","Behn, T.","",""
"SUWS015348","Castle, R.","",""
"SUWS015349","Bruederle, Leo P.","",""
"SUWS015350","Thomson, John W., Jr.","",""
"SUWS015352","Koch, Rudy G.","",""
"SUWS015354","Koch, Rudy G.","",""
"SUWS015359","Munich, Robert A.","",""
"SUWS015360","Hansen, Perky","",""
"SUWS015361","Martin, Bonita","",""
"SUWS015362","Smetak, Scott","",""
"SUWS015363","Anderson, Jason","",""
"SUWS015364","Anderson, Jason","",""
"SUWS015365","Heim, John A.","",""
"SUWS015366","Heim, John A.","",""
"SUWS015367","Cornell"," Brashier",""
"SUWS015368","Clements, Jimmy D.","",""
"SUWS015369","Koch, Rudy G.","",""
"SUWS015370","Brashier"," Romans",""
"SUWS015371","Holden"," Brashier",""
"SUWS015372","Mackensen"," Brashier",""
"SUWS015373","Brashier"," Valaskey",""
"SUWS015374","Collins"," Brashier",""
"SUWS015375","Holden"," Brashier",""
"SUWS015376","Barnard"," Brashier",""
"SUWS015377","Hjerleid"," Brashier",""
"SUWS015378","Brashier"," Walvoord",""
"SUWS015379","Castle, R.","",""
"SUWS015382","Brashier"," Romans",""
"SUWS015384","Anderson, D."," Castle, R.",""
"SUWS015385","Castle, R.","",""
"SUWS015386","Koch, Rudy G.","",""
"SUWS015387","Thomson, John W., Jr.","",""
"SUWS015388","Barnard"," Brashier",""
"SUWS015389","Collins"," Brashier",""
"SUWS015390","Thomson, John W., Jr.","",""
"SUWS015391","Thomson, John W., Jr."," Jacobson, J. R.",""
"SUWS015392","Thomson, John W., Jr."," Fassett, Norman C.",""
"SUWS015393","Thomson, John W., Jr.","",""
"SUWS015394","Thomson, John W., Jr.","",""
"SUWS015395","Anderson, Jason","",""
"SUWS015396","Martin, Bonita","",""
"SUWS015397","Brashier"," Romans",""
"SUWS015398","Stackler, Susan","",""
"SUWS015399","Dabydeen, Simon","",""
"SUWS015400","Thomson, John W., Jr.","",""
"SUWS015401","Thomson, John W., Jr.","",""
"SUWS015402","Castle, R.","",""
"SUWS015403","Thomson, John W., Jr.","",""
"SUWS015404","Thomson, John W., Jr.","",""
"SUWS015405","Ojanen, Joanne M.","",""
"SUWS015407","Castle, R.","",""
"SUWS015409","Koch, Rudy G.","",""
"SUWS015411","Brashier"," Romans",""
"SUWS015412","Thomson, John W., Jr.","",""
"SUWS015413","Thomson, John W., Jr.","",""
"SUWS015415","Castle, R.","",""
"SUWS015416","Brashier"," Romans",""
"SUWS015417","Brashier"," Romans",""
"SUWS015418","Koch, Rudy G.","",""
"SUWS015420","Stackler, Susan","",""
"SUWS015421","Thompson, Kathy L.","",""
"SUWS015422","Brashier"," Romans",""
"SUWS015423","Castle, R.","",""
"SUWS015424","Thomson, John W., Jr."," Fassett, Norman C.",""
"SUWS015425","Thomson, John W., Jr.","",""
"SUWS015426","Brashier"," Romans",""
"SUWS015427","Thomson, John W., Jr.","",""
"SUWS015429","Castle, R.","",""
"SUWS015430","Thomson, John W., Jr.","",""
"SUWS015431","Thomson, John W., Jr.","",""
"SUWS015432","C., E. A.","",""
"SUWS015433","Thomson, John W., Jr.","",""
"SUWS015435","Thomson, John W., Jr.","",""
"SUWS015436","Thomson, John W., Jr."," Fassett, Norman C.",""
"SUWS015437","Castle, R.","",""
"SUWS015438","Brashier"," Romans",""
"SUWS015439","Castle, R.","",""
"SUWS015441","Ojanen, Joanne M.","",""
"SUWS015442","Anderson, Jason","",""
"SUWS015443","Duffie, Judy","",""
"SUWS015445","Thomson, John W., Jr.","",""
"SUWS015446","Thomson, John W., Jr.","",""
"SUWS015447","Ludwig, Larry","",""
"SUWS015452","Thomson, John W., Jr.","",""
"SUWS015453","Thomson, John W., Jr.","",""
"SUWS015454","Thomson, John W., Jr.","",""
"SUWS015455","Thomson, John W., Jr.","",""
"SUWS015456","Stackler, Susan","",""
"SUWS015457","Thomson, John W., Jr.","",""
"SUWS015458","Koch, Rudy G.","",""
"SUWS015459","Koch, Rudy G.","",""
"SUWS015460","Hein, Elizabeth","",""
"SUWS015461","Thomson, John W., Jr.","",""
"SUWS015462","Thomson, John W., Jr.","",""
"SUWS015463","Koch, Rudy G.","",""
"SUWS015464","Castle, R.","",""
"SUWS015465","Brashier"," Romans",""
"SUWS015466","Thomson, John W., Jr.","",""
"SUWS015467","Brashier"," Romans",""
"SUWS015468","Thomson, John W., Jr.","",""
"SUWS015469","Thomson, John W., Jr.","",""
"SUWS015470","Koch, Rudy G.","",""
"SUWS015471","Demaske, D.","",""
"SUWS015472","Castle, R.","",""
"SUWS015473","Castle, R.","",""
"SUWS015474","Thomson, John W., Jr.","",""
"SUWS015479","Mendenhall, Paula M.","",""
"SUWS015481","Koch, Rudy G.","",""
"SUWS015482","Thomson, John W., Jr.","",""
"SUWS015483","Thomson, John W., Jr.","",""
"SUWS015484","Brashier"," Romans",""
"SUWS015485","Stackler, Susan","",""
"SUWS015487","Brashier"," Romans",""
"SUWS015491","Thomson, John W., Jr."," Jacobson, J. R.",""
"SUWS015492","Thomson, John W., Jr.","",""
"SUWS015493","Thomson, John W., Jr.","",""
"SUWS015494","Castle, R.","",""
"SUWS015498","Thomson, John W., Jr.","",""
"SUWS015499","Castle, R.","",""
"SUWS015500","Thomson, John W., Jr.","",""
"SUWS015501","Brashier"," Romans",""
"SUWS015502","Brashier"," Romans",""
"SUWS015507","Koch, Rudy G.","",""
"SUWS015508","Castle, R.","",""
"SUWS015509","Brashier"," Romans",""
"SUWS015510","Brashier"," Romans",""
"SUWS015511","Thomson, John W., Jr.","",""
"SUWS015512","Hjerleid"," Brashier",""
"SUWS015513","Holden"," Brashier",""
"SUWS015514","Koch, Rudy G.","",""
"SUWS015515","Collins"," Brashier",""
"SUWS015516","Barnard"," Brashier",""
"SUWS015518","Brashier"," Cherf",""
"SUWS015519","Cornell"," Brashier",""
"SUWS015523","Castle, R.","",""
"SUWS015524","Brashier"," Romans",""
"SUWS015525","Castle, R.","",""
"SUWS015526","Munich, Robert A.","",""
"SUWS015527","Hansen, Perky","",""
"SUWS015528","McGovern, Scott","",""
"SUWS015529","Castle, R.","",""
"SUWS015530","Castle, R.","",""
"SUWS015533","Castle, R.","",""
"SUWS015534","Castle, R.","",""
"SUWS015536","Castle, R.","",""
"SUWS015537","Castle, R."," Johnson, R.",""
"SUWS015538","Castle, R.","",""
"SUWS015539","Hein, Elizabeth","",""
"SUWS015542","Castle, R.","",""
"SUWS015543","Castle, R.","",""
"SUWS015544","Cornell"," Brashier",""
"SUWS015548","Olson, Patti","",""
"SUWS015549","Holden"," Brashier",""
"SUWS015550","Castle, R.","",""
"SUWS015551","Koch, Rudy G.","",""
"SUWS015552","Thomson, John W., Jr."," Smith, C. W."," Fassett, Norman C."
"SUWS015553","Thomson, John W., Jr.","",""
"SUWS015554","Thomson, John W., Jr.","",""
"SUWS015555","Castle, R.","",""
"SUWS015556","Thomson, John W., Jr.","",""
"SUWS015557","Thomson, John W., Jr.","",""
"SUWS015558","Brashier"," Romans",""
"SUWS015559","Brashier"," Romans",""
"SUWS015560","Koch, Rudy G.","",""
"SUWS015561","Thomson, John W., Jr.","",""
"SUWS015566","Demaske, D.","",""
"SUWS015567","Koch, Rudy G.","",""
"SUWS015570","Harvey, Karen","",""
"SUWS015572","Koch, Rudy G.","",""
"SUWS015573","Thomson, John W., Jr.","",""
"SUWS015574","Koch, Rudy G.","",""
"SUWS015575","Koch, Rudy G.","",""
"SUWS015576","Koch, Rudy G.","",""
"SUWS015577","Anderson, Jason","",""
"SUWS015578","Harriman, Neil A.","",""
"SUWS015579","Iltis, Hugh H.","",""
"SUWS015580","Smith, W. A."," Pellett, T. D.",""
"SUWS015583","Pellett, T. D.","",""
"SUWS015584","Thoren"," Brashier",""
"SUWS015585","Stackler, Susan","",""
"SUWS015587","Fassett, Norman C.","",""
"SUWS015589","Castle, R.","",""
"SUWS015590","Koch, Rudy G.","",""
"SUWS015592","Sohmer, S. H.","",""
"SUWS015599","Koch, Rudy G.","",""
"SUWS015600","Smith, W. A."," Pellett, T. D.",""
"SUWS015602","Koch, Rudy G.","",""
"SUWS015603","Iltis, Hugh H.","",""
"SUWS015605","Koch, Rudy G.","",""
"SUWS015606","Thomson, John W., Jr.","",""
"SUWS015607","Koch, Rudy G.","",""
"SUWS015608","Koch, Rudy G.","",""
"SUWS015609","Koch, Rudy G.","",""
"SUWS015611","Dabydeen, Simon","",""
"SUWS015612","Koch, Rudy G.","",""
"SUWS015613","Koch, Rudy G.","",""
"SUWS015614","Demaske, D.","",""
"SUWS015615","Koch, Rudy G.","",""
"SUWS015617","Sohmer, S. H."," Demaske, D.",""
"SUWS015618","Sohmer, S. H."," Demaske, D.",""
"SUWS015619","Sohmer, S. H.","",""
"SUWS015622","Koch, Rudy G.","",""
"SUWS015624","Sohmer, S. H."," Demaske, D.",""
"SUWS015625","Koch, Rudy G.","",""
"SUWS015626","Sohmer, S. H."," Nontelle, Deon M.",""
"SUWS015627","Koch, Rudy G.","",""
"SUWS015628","Thomson, John W., Jr."," Jacobson, J. R.",""
"SUWS015629","Koch, Rudy G.","",""
"SUWS015630","Sohmer, S. H.","",""
"SUWS015631","Thomson, John W., Jr.","",""
"SUWS015632","Harriman, Neil A.","",""
"SUWS015633","Koch, Rudy G.","",""
"SUWS015635","Koch, Rudy G.","",""
"SUWS015636","Sohmer, S. H.","",""
"SUWS015637","Koch, Rudy G.","",""
"SUWS015638","Thomson, John W., Jr.","",""
"SUWS015639","Thomson, John W., Jr.","",""
"SUWS015640","Sohmer, S. H.","",""
"SUWS015642","Sohmer, S. H."," Demaske, D.",""
"SUWS015644","Swanson, Steven D.","",""
"SUWS015645","Koch, Rudy G.","",""
"SUWS015646","Koch, Rudy G.","",""
"SUWS015647","Thomson, John W., Jr.","",""
"SUWS015648","Martin, Bonita","",""
"SUWS015649","Koch, Rudy G.","",""
"SUWS015650","Koch, Rudy G.","",""
"SUWS015651","Koch, Rudy G.","",""
"SUWS015652","Koch, Rudy G.","",""
"SUWS015653","Koch, Rudy G.","",""
"SUWS015654","Thomson, John W., Jr.","",""
"SUWS015655","Thomson, John W., Jr.","",""
"SUWS015656","Sohmer, S. H.","",""
"SUWS015657","Thomson, John W., Jr."," Jacobson, J. R.",""
"SUWS015658","Koch, Rudy G.","",""
"SUWS015659","Sohmer, S. H.","",""
"SUWS015660","Sohmer, S. H.","",""
"SUWS015661","Castle, R.","",""
"SUWS015663","Thomson, John W., Jr.","",""
"SUWS015664","Koch, Rudy G.","",""
"SUWS015665","Nontelle, Deon M.","",""
"SUWS015666","Koch, Rudy G.","",""
"SUWS015667","Koch, Rudy G.","",""
"SUWS015668","Thomson, John W., Jr.","",""
"SUWS015669","Koch, Rudy G.","",""
"SUWS015670","Koch, Rudy G.","",""
"SUWS015671","Koch, Rudy G.","",""
"SUWS015672","Sohmer, S. H.","",""
"SUWS015673","Sohmer, S. H.","",""
"SUWS015675","Thomson, John W., Jr.","",""
"SUWS015677","Sohmer, S. H.","",""
"SUWS015678","Koch, Rudy G.","",""
"SUWS015679","Koch, Rudy G.","",""
"SUWS015680","Thomson, John W., Jr.","",""
"SUWS015681","Koch, Rudy G.","",""
"SUWS015682","Sohmer, S. H.","",""
"SUWS015683","Stout, A. B.","",""
"SUWS015684","Thomson, John W., Jr.","",""
"SUWS015685","Thomson, John W., Jr."," Jacobson, J. R.",""
"SUWS015686","Koch, Rudy G.","",""
"SUWS015687","Cull, Irene","",""
"SUWS015688","Koch, Rudy G.","",""
"SUWS015689","Demaske, D.","",""
"SUWS015690","Demaske, D.","",""
"SUWS015691","Spoor, William J., Jr.","",""
"SUWS015692","Koch, Rudy G.","",""
"SUWS015693","Sohmer, S. H.","",""
"SUWS015694","Thompson, Kathy L.","",""
"SUWS015695","Leitner, Lawrence A.","",""
"SUWS015697","Koch, Rudy G.","",""
"SUWS015698","Koch, Rudy G.","",""
"SUWS015699","Koch, Rudy G.","",""
"SUWS015701","Koch, Rudy G.","",""
"SUWS015702","Thorne, R. F."," Hartley, R. T.",""
"SUWS015703","Koch, Rudy G.","",""
"SUWS015704","Thomson, John W., Jr.","",""
"SUWS015705","Sohmer, S. H.","",""
"SUWS015706","Castle, R.","",""
"SUWS015707","Sohmer, S. H.","",""
"SUWS015708","Koch, Rudy G.","",""
"SUWS015709","Koch, Rudy G.","",""
"SUWS015713","Fewless, Gary","",""
"SUWS015714","Sohmer, S. H.","",""
"SUWS015716","Sohmer, S. H.","",""
"SUWS015718","Koch, Rudy G.","",""
"SUWS015719","Ziegler, S. R.","",""
"SUWS015720","Koch, Rudy G.","",""
"SUWS015721","Koch, Rudy G.","",""
"SUWS015722","Koch, Rudy G.","",""
"SUWS015723","Ziegler, S. R.","",""
"SUWS015724","Thomson, John W., Jr."," Jacobson, J. R.",""
"SUWS015727","Nontelle, Deon M.","",""
"SUWS015728","Pellett, T. D."," Smith, W. A.",""
"SUWS015729","Sohmer, S. H.","",""
"SUWS015730","Koch, Rudy G.","",""
"SUWS015732","Sohmer, S. H.","",""
"SUWS015734","Thomson, John W., Jr.","",""
"SUWS015736","Hein, Elizabeth","",""
"SUWS015738","Koch, Rudy G.","",""
"SUWS015739","Wassgren"," Brashier",""
"SUWS015740","Chen, Jane Meau","",""
"SUWS015741","Koch, Rudy G.","",""
"SUWS015742","Thomson, John W., Jr.","",""
"SUWS015743","Hein, Elizabeth","",""
"SUWS015744","Koch, Rudy G.","",""
"SUWS015745","Thomson, John W., Jr.","",""
"SUWS015746","Brashier"," Romans",""
"SUWS015747","Bucholdt, Norma","",""
"SUWS015748","Koch, Rudy G.","",""
"SUWS015749","Koch, Rudy G.","",""
"SUWS015750","Koch, Rudy G.","",""
"SUWS015751","Brashier"," Romans",""
"SUWS015754","Koch, Rudy G.","",""
"SUWS015755","Koch, Rudy G.","",""
"SUWS015756","Watson, Dale","",""
"SUWS015757","Witkiewicz, E. J.","",""
"SUWS015760","Thomson, John W., Jr."," Fassett, Norman C.",""
"SUWS015761","Sohmer, S. H.","",""
"SUWS015762","Hein, Elizabeth","",""
"SUWS015763","Koch, Rudy G.","",""
"SUWS015764","Nontelle, Deon M.","",""
"SUWS015765","Sohmer, S. H.","",""
"SUWS015766","Koch, Rudy G.","",""
"SUWS015767","Koch, Rudy G.","",""
"SUWS015768","Sohmer, S. H.","",""
"SUWS015769","McGovern, Scott","",""
"SUWS015770","Sohmer, S. H.","",""
"SUWS015771","Koch, Rudy G.","",""
"SUWS015772","Koch, Rudy G.","",""
"SUWS015774","Thomson, John W., Jr."," Jacobson, J. R.",""
"SUWS015777","Thomson, John W., Jr.","",""
"SUWS015778","Thomson, John W., Jr.","",""
"SUWS015779","Koch, Rudy G.","",""
"SUWS015780","Thomson, John W., Jr."," Jacobson, J. R.",""
"SUWS015781","Shinners, L. H."," Catenhusen, John",""
"SUWS015782","Thomson, John W., Jr.","",""
"SUWS015783","Thomson, John W., Jr.","",""
"SUWS015787","Castle, R.","",""
"SUWS015788","Mendenhall, Paula M.","",""
"SUWS015791","Miller, Regis B.","",""
"SUWS015792","Heim, John A.","",""
"SUWS015794","Johnson, R.","",""
"SUWS015797","Castle, R.","",""
"SUWS015798","Thomson, John W., Jr.","",""
"SUWS015804","Demaske, D.","",""
"SUWS015806","Christian, John R.","",""
"SUWS015807","Thomson, John W., Jr.","",""
"SUWS015809","Demaske, D.","",""
"SUWS015810","Koch, Rudy G.","",""
"SUWS015811","Thomson, John W., Jr.","",""
"SUWS015814","Longenecker, Jean","",""
"SUWS015815","Castle, R.","",""
"SUWS015816","Shinners, L. H.","",""
"SUWS015819","Ugent, Donald"," Weber, P."," Zimmerman, James H."
"SUWS015822","Thomson, John W., Jr.","",""
"SUWS015823","Mooring, Margaret","",""
"SUWS015825","Koch, Rudy G.","",""
"SUWS015826","Koch, Rudy G.","",""
"SUWS015830","Thomson, John W., Jr.","",""
"SUWS015831","Nee, M.","",""
"SUWS015832","Thomson, John W., Jr.","",""
"SUWS015833","Nontelle, Deon M.","",""
"SUWS015834","Leitner, Lawrence A.","",""
"SUWS015835","Thomson, John W., Jr.","",""
"SUWS015837","Koch, Rudy G.","",""
"SUWS015840","Mendenhall, Paula M.","",""
"SUWS015841","Castle, R.","",""
"SUWS015842","Koch, Rudy G.","",""
"SUWS015843","Olson, Patti","",""
"SUWS015844","Thomson, John W., Jr.","",""
"SUWS015847","Ziegler, S. R.","",""
"SUWS015848","Shinners, L. H.","",""
"SUWS015850","Smith, W. A.","",""
"SUWS015852","Sohmer, S. H."," Demaske, D.",""
"SUWS015854","Lahti, Duane","",""
"SUWS015855","Thompson, Kathy L.","",""
"SUWS015856","Hartley, Thomas G.","",""
"SUWS015857","Koch, Rudy G.","",""
"SUWS015858","Koch, Rudy G.","",""
"SUWS015859","Koch, Rudy G.","",""
"SUWS015860","Koch, Rudy G.","",""
"SUWS015861","Koch, Rudy G.","",""
"SUWS015862","Koch, Rudy G.","",""
"SUWS015863","Thomson, John W., Jr.","",""
"SUWS015867","Castle, R.","",""
"SUWS015870","Koch, Rudy G.","",""
"SUWS015871","Koch, Rudy G.","",""
"SUWS015872","Sohmer, S. H."," Demaske, D.",""
"SUWS015873","Sohmer, S. H."," Demaske, D.",""
"SUWS015874","Hartley, Thomas G.","",""
"SUWS015875","Nee, M.","",""
"SUWS015876","Konkel, Deborah","",""
"SUWS015877","Koch, Rudy G.","",""
"SUWS015878","Koch, Rudy G.","",""
"SUWS015879","Koch, Rudy G.","",""
"SUWS015881","Ziegler, S. R."," Leykom, M. F.",""
"SUWS015884","Sohmer, S. H.","",""
"SUWS015885","Nontelle, Deon M.","",""
"SUWS015886","Konkel, Deborah","",""
"SUWS015887","Castle, R.","",""
"SUWS015888","Nontelle, Deon M.","",""
"SUWS015889","Collinson, Keith","",""
"SUWS015890","Nontelle, Deon M.","",""
"SUWS015891","Thomson, John W., Jr.","",""
"SUWS015894","Sohmer, S. H."," Demaske, D.",""
"SUWS015896","Thomson, John W., Jr.","",""
"SUWS015897","Witkiewicz, E. J.","",""
"SUWS015898","Swanson, Steven D.","",""
"SUWS015899","Witkiewicz, E. J.","",""
"SUWS015900","Swanson, Steven D.","",""
"SUWS015903","Leitner, Lawrence A.","",""
"SUWS015904","Demaske, D.","",""
"SUWS015906","Thomson, John W., Jr.","",""
"SUWS015907","Thomson, John W., Jr.","",""
"SUWS015909","Koch, Rudy G.","",""
"SUWS015910","Anderson, Roger C.","",""
"SUWS015912","Smith, W. A.","",""
"SUWS015914","Nontelle, Deon M.","",""
"SUWS015916","Demaske, D.","",""
"SUWS015917","Thomson, John W., Jr.","",""
"SUWS015925","Miller, Regis B.","",""
"SUWS015926","Rill, Katherine D.","",""
"SUWS015927","Parfitt, Bruce","",""
"SUWS015928","Koch, Rudy G.","",""
"SUWS015929","Sohmer, S. H.","",""
"SUWS015930","Cochrane, Theodore S."," Cochrane, Barbara A.",""
"SUWS015931","Konkel, Deborah","",""
"SUWS015933","Cochrane, Theodore S."," Cochrane, Barbara A.",""
"SUWS015936","Konkel, Deborah","",""
"SUWS015938","Nee, M.","",""
"SUWS015939","Sohmer, S. H."," Demaske, D.",""
"SUWS015940","Cochrane, Theodore S."," Cochrane, Barbara A.",""
"SUWS015941","Sohmer, S. H."," Demaske, D.",""
"SUWS015942","Nelson, C. J.","",""
"SUWS015943","Castle, R.","",""
"SUWS015944","Stackler, Susan","",""
"SUWS015945","Thomson, John W., Jr."," Fassett, Norman C.",""
"SUWS015946","Thomson, John W., Jr."," Jacobson, J. R.",""
"SUWS015947","Koch, Rudy G.","",""
"SUWS015948","Castle, R.","",""
"SUWS015949","Koch, Rudy G.","",""
"SUWS015951","Hansen, Perky","",""
"SUWS015952","Munich, Robert A.","",""
"SUWS015953","Thomson, John W., Jr."," Jacobson, J. R.",""
"SUWS015954","Pellett, T. D."," Smith, W. A.",""
"SUWS015955","Thomson, John W., Jr."," Jacobson, J. R.",""
"SUWS015956","Severson, S.","",""
"SUWS015957","Thomson, John W., Jr."," Jacobson, J. R.",""
"SUWS015958","Koch, Rudy G.","",""
"SUWS015959","Mendenhall, Paula M.","",""
"SUWS015960","Brost, Mike","",""
"SUWS015961","Castle, R.","",""
"SUWS015963","Munich, Robert A.","",""
"SUWS015964","Hansen, Perky","",""
"SUWS015965","Hughes, Eileen G.","",""
"SUWS015966","Castle, R.","",""
"SUWS015971","Stewart, Mary","",""
"SUWS015972","Koch, Rudy G.","",""
"SUWS015974","Johnson, R.","",""
"SUWS015976","Sefton, D. F.","",""
"SUWS015977","Sohmer, S. H.","",""
"SUWS015979","Stackler, Susan","",""
"SUWS015980","Clement, G. G.","",""
"SUWS015981","Thomson, John W., Jr.","",""
"SUWS015988","Brashier"," Romans",""
"SUWS015992","Castle, R.","",""
"SUWS015993","Ziegler, S. R."," Leykom, M. F.",""
"SUWS015994","Castle, R.","",""
"SUWS015995","Koch, Rudy G.","",""
"SUWS016003","Hein, Elizabeth","",""
"SUWS016005","Anderson, Jason","",""
"SUWS016006","Brost, Mike","",""
"SUWS016007","C., E. H.","",""
"SUWS016008","Castle, R.","",""
"SUWS016009","Thomson, John W., Jr.","",""
"SUWS016010","Team 6","",""
"SUWS016011","Koch, Rudy G.","",""
"SUWS016012","Brashier"," Romans",""
"SUWS016013","Koch, Rudy G.","",""
"SUWS016020","Mitchell, John A.","",""
"SUWS016021","Shaw, Merton R.","",""
"SUWS016022","Brashier"," Romans",""
"SUWS0160224","Skinner, Dean","",""
"SUWS016023","Clements, Jimmy D.","",""
"SUWS016024","Skinner, Dean","",""
"SUWS016027","Stone, Kurt","",""
"SUWS016028","Sohmer, S. H.","",""
"SUWS016029","Brendel, William J.","",""
"SUWS016038","C., E. H.","",""
"SUWS016039","Thomson, John W., Jr.","",""
"SUWS016040","Brashier"," Valaskey",""
"SUWS016041","Clement, G. G.","",""
"SUWS016042","Castle, R.","",""
"SUWS016043","Castle, R.","",""
"SUWS016044","Castle, R.","",""
"SUWS016045","Mitchell, John A.","",""
"SUWS016046","Brashier"," Romans",""
"SUWS016048","Brashier"," Romans",""
"SUWS016049","Team 5","",""
"SUWS016050","Koch, Rudy G.","",""
"SUWS016051","Koch, Rudy G.","",""
"SUWS016052","Dabydeen, Simon","",""
"SUWS016053","Shaw, Merton R.","",""
"SUWS016056","Shaw, Merton R.","",""
"SUWS016058","Thomson, John W., Jr.","",""
"SUWS016059","Koch, Rudy G.","",""
"SUWS016060","Koch, Rudy G.","",""
"SUWS016061","Thomson, John W., Jr.","",""
"SUWS016062","Thomson, John W., Jr.","",""
"SUWS016063","Hein, Elizabeth","",""
"SUWS016065","Martin, Bonita","",""
"SUWS016069","Koch, Rudy G.","",""
"SUWS016070","Thompson, Kathy L.","",""
"SUWS016071","Team 6","",""
"SUWS016075","Koch, Rudy G.","",""
"SUWS016076","Koch, Rudy G.","",""
"SUWS016077","Shaw, Merton R.","",""
"SUWS016078","Koch, Rudy G.","",""
"SUWS016079","Brashier"," Romans",""
"SUWS016080","Thomson, John W., Jr.","",""
"SUWS016081","Cherf"," Brashier",""
"SUWS016082","Wassgren"," Brashier",""
"SUWS016083","Gunderson"," Brashier",""
"SUWS016084","Thomson, John W., Jr.","",""
"SUWS016085","Valaskey"," Brashier",""
"SUWS016086","Hein, Elizabeth","",""
"SUWS016087","","",""
"SUWS016088","Brashier"," Romans",""
"SUWS016089","Clements, Jimmy D.","",""
"SUWS016090","Koch, Rudy G.","",""
"SUWS016092","Castle, R.","",""
"SUWS016093","Muller"," Brashier",""
"SUWS016095","Koch, Rudy G.","",""
"SUWS016096","Koch, Rudy G.","",""
"SUWS016097","Shaw, Merton R.","",""
"SUWS016098","Brashier"," Romans",""
"SUWS016099","McGovern, Scott","",""
"SUWS016100","Thomson, John W., Jr.","",""
"SUWS016101","Brashier"," Romans",""
"SUWS016103","Olson, Patti","",""
"SUWS016104","Mendenhall, Paula M.","",""
"SUWS016105","Koch, Rudy G.","",""
"SUWS016106","Munich, Robert A.","",""
"SUWS016107","Koch, Rudy G.","",""
"SUWS016108","Team 3","",""
"SUWS016109","Castle, R.","",""
"SUWS016110","Clements, Jimmy D.","",""
"SUWS016111","Koch, Rudy G.","",""
"SUWS016112","Koch, Rudy G.","",""
"SUWS016113","Thomson, John W., Jr.","",""
"SUWS016114","Walvoord"," Brashier",""
"SUWS016115","Brashier"," Romans",""
"SUWS016117","Koch, Rudy G.","",""
"SUWS016118","Clements, Jimmy D.","",""
"SUWS016119","Brashier"," Romans",""
"SUWS016120","Team 5","",""
"SUWS016128","Jack, Gloria","",""
"SUWS016130","Staupe, Jane","",""
"SUWS016131","Brashier"," Romans",""
"SUWS016133","Ludwig, Larry","",""
"SUWS016134","Skinner, Dean","",""
"SUWS016136","Brashier"," Romans",""
"SUWS016137","Ladish, Mark","",""
"SUWS016138","Koch, Rudy G.","",""
"SUWS016139","Castle, R.","",""
"SUWS016140","Castle, R.","",""
"SUWS016141","Schmitt, Betty","",""
"SUWS016142","Castle, R.","",""
"SUWS016143","Koch, Rudy G.","",""
"SUWS016144","Brashier"," Romans",""
"SUWS016145","Jones, L. M.","",""
"SUWS016146","Mitchell, John A.","",""
"SUWS016147","Thomson, John W., Jr.","",""
"SUWS016148","Anderson, Mark","",""
"SUWS016149","Hein, Elizabeth","",""
"SUWS016150","Tendrup, Lynn S.","",""
"SUWS016151","Shaw, Merton R.","",""
"SUWS016152","Koch, Rudy G.","",""
"SUWS016153","Staupe, Jane","",""
"SUWS016154","Brashier"," Romans",""
"SUWS016155","Brashier"," Romans",""
"SUWS016156","Demaske, D.","",""
"SUWS016157","Bahr, D.","",""
"SUWS016158","Reik, Renee P.","",""
"SUWS016161","Koch, Rudy G.","",""
"SUWS016162","Trapp, K.","",""
"SUWS016163","Brashier"," Romans",""
"SUWS016164","Jones, L. M.","",""
"SUWS016165","Brashier"," Romans",""
"SUWS016166","Sohmer, S. H.","",""
"SUWS016167","Sohmer, S. H.","",""
"SUWS016178","Castle, R.","",""
"SUWS016179","Thomson, John W., Jr."," Smith, C. W.",""
"SUWS016180","","",""
"SUWS016181","Lahti, Duane","",""
"SUWS016182","Flemm, John","",""
"SUWS016183","Castle, R.","",""
"SUWS016186","Swanson, Steven D.","",""
"SUWS016187","Davis, J. D.","",""
"SUWS016189","Brashier"," Ruff",""
"SUWS016191","Brashier"," Smith",""
"SUWS016192","Clement, G. G.","",""
"SUWS016193","Brashier"," Valaskey",""
"SUWS016194","Team 2","",""
"SUWS016195","Hein, Elizabeth","",""
"SUWS016196","","",""
"SUWS016197","Hendrickson, Sue","",""
"SUWS016198","Koch, Rudy G.","",""
"SUWS016199","Jacobson, Roy","",""
"SUWS016200","Thomson, John W., Jr.","",""
"SUWS016201","Mitchell, John A.","",""
"SUWS016202","Thomson, John W., Jr.","",""
"SUWS016203","Koch, Rudy G.","",""
"SUWS016205","Koch, Rudy G.","",""
"SUWS016206","Thomson, John W., Jr.","",""
"SUWS016208","Koch, Rudy G.","",""
"SUWS016210","Brendel, William J.","",""
"SUWS016212","Clement, G. G.","",""
"SUWS016214","Cherf"," Brashier",""
"SUWS016215","","",""
"SUWS016221","Brashier"," Romans",""
"SUWS016224","Demaske, D.","",""
"SUWS016227","Castle, R.","",""
"SUWS016229","Sohmer, S. H.","",""
"SUWS016230","Nelson, C. J.","",""
"SUWS016231","Brashier"," Romans",""
"SUWS016232","Johnson, R."," Castle, R.",""
"SUWS016233","Thomson, John W., Jr."," Jacobson, J. R.",""
"SUWS016234","Brashier"," Romans",""
"SUWS016236","Koch, Rudy G.","",""
"SUWS016237","Tendrup, Lynn S.","",""
"SUWS016238","Koch, Rudy G.","",""
"SUWS016239","Brashier"," Romans",""
"SUWS016240","Olson, Patti","",""
"SUWS016241","Thomson, John W., Jr.","",""
"SUWS016242","Castle, R."," Johnson, R."," Anderson, D."
"SUWS016243","Brashier"," Romans",""
"SUWS016244","Koch, Rudy G.","",""
"SUWS016245","Koch, Rudy G.","",""
"SUWS016246","Koch, Rudy G.","",""
"SUWS016247","Team 1","",""
"SUWS016248","Tendrup, Lynn S.","",""
"SUWS016249","Koch, Rudy G.","",""
"SUWS016254","Brashier"," Romans",""
"SUWS016255","Brashier"," Romans",""
"SUWS016256","Romans"," Brashier",""
"SUWS016257","Brashier"," Romans",""
"SUWS016258","Castle, R.","",""
"SUWS016259","Koch, Rudy G.","",""
"SUWS016260","Brashier"," Raatz",""
"SUWS016261","Thomson, John W., Jr.","",""
"SUWS016262","Koch, Rudy G.","",""
"SUWS016263","Brashier"," Romans",""
"SUWS016264","Team 1","",""
"SUWS016265","Castle, R.","",""
"SUWS016266","Mitchell, John A.","",""
"SUWS016267","Koch, Rudy G.","",""
"SUWS016272","Thomson, John W., Jr."," Jacobson, J. R.",""
"SUWS016273","Johnson, R.","",""
"SUWS016274","Thomson, John W., Jr.","",""
"SUWS016275","Hein, Elizabeth","",""
"SUWS016276","Koch, Rudy G.","",""
"SUWS016277","Koch, Rudy G.","",""
"SUWS016278","Mitchell, John A.","",""
"SUWS016279","Castle, R.","",""
"SUWS016280","","",""
"SUWS016281","Castle, R."," Johnson, R."," Anderson, D."
"SUWS016282","Thomson, John W., Jr."," Fassett, Norman C.",""
"SUWS016283","Tendrup, Lynn S.","",""
"SUWS016284","","",""
"SUWS016285","Koch, Rudy G.","",""
"SUWS016286","Thomson, John W., Jr.","",""
"SUWS016287","Bruederle, Leo P.","",""
"SUWS016288","Thomson, John W., Jr.","",""
"SUWS016289","Thomson, John W., Jr.","",""
"SUWS016290","Koch, Rudy G.","",""
"SUWS016291","Shaw, Merton R.","",""
"SUWS016292","Van Buskirk, M.","",""
"SUWS016293","Dabydeen, Simon","",""
"SUWS016294","Johnson, R.","",""
"SUWS016295","Thomson, John W., Jr.","",""
"SUWS016296","Thomson, John W., Jr.","",""
"SUWS016297","Brashier"," Paulsen",""
"SUWS016298","Brashier"," Romans",""
"SUWS016300","Thomson, John W., Jr.","",""
"SUWS016301","Tendrup, Lynn S.","",""
"SUWS016302","Koch, Rudy G.","",""
"SUWS016303","Koch, Rudy G.","",""
"SUWS016304","Thomson, John W., Jr.","",""
"SUWS016305","Anderson, Derek S.","",""
"SUWS016306","Anderson, Derek S.","",""
"SUWS016307","Anderson, Derek S.","",""
"SUWS016308","Anderson, Derek S.","",""
"SUWS016309","Anderson, Derek S.","",""
"SUWS016310","Anderson, Derek S.","",""
"SUWS016311","Anderson, Derek S.","",""
"SUWS016312","Anderson, Derek S.","",""
"SUWS016313","Anderson, Derek S.","",""
"SUWS016314","Anderson, Derek S.","",""
"SUWS016315","Anderson, Derek S.","",""
"SUWS016316","Anderson, Derek S.","",""
"SUWS016317","Anderson, Derek S.","",""
"SUWS016318","Anderson, Derek S.","",""
"SUWS016319","Anderson, Derek S.","",""
"SUWS016320","Anderson, Derek S.","",""
"SUWS016321","Anderson, Derek S.","",""
"SUWS016322","Anderson, Derek S.","",""
"SUWS016323","Anderson, Derek S.","",""
"SUWS016324","Anderson, Derek S.","",""
"SUWS016325","Anderson, Derek S.","",""
"SUWS016326","Anderson, Derek S."," Davidson, Donald W.",""
"SUWS016327","Anderson, Derek S.","",""
"SUWS016328","Anderson, Derek S.","",""
"SUWS016329","Anderson, Derek S.","",""
"SUWS016330","Anderson, Derek S.","",""
"SUWS016331","Anderson, Derek S.","",""
"SUWS016332","Anderson, Derek S.","",""
"SUWS016333","Anderson, Derek S.","",""
"SUWS016334","Anderson, Derek S.","",""
"SUWS016335","Anderson, Derek S.","",""
"SUWS016336","Anderson, Derek S.","",""
"SUWS016337","Anderson, Derek S.","",""
"SUWS016338","Anderson, Derek S.","",""
"SUWS016339","Anderson, Derek S.","",""
"SUWS016340","Anderson, Derek S.","",""
"SUWS016341","Anderson, Derek S.","",""
"SUWS016342","Anderson, Derek S.","",""
"SUWS016343","Anderson, Derek S."," Branstad, David A.",""
"SUWS016344","Anderson, Derek S.","",""
"SUWS016345","Anderson, Derek S.","",""
"SUWS016346","Anderson, Derek S.","",""
"SUWS016347","Anderson, Derek S.","",""
"SUWS016348","Anderson, Derek S.","",""
"SUWS016349","Anderson, Derek S.","",""
"SUWS016350","Anderson, Derek S."," Davidson, Donald W.",""
"SUWS016351","Anderson, Derek S."," Davidson, Donald W.",""
"SUWS016352","Anderson, Derek S.","",""
"SUWS016353","Anderson, Derek S.","",""
"SUWS016354","Anderson, Derek S.","",""
"SUWS016355","Anderson, Derek S.","",""
"SUWS016356","Anderson, Derek S.","",""
"SUWS016357","Anderson, Derek S.","",""
"SUWS016358","Anderson, Derek S.","",""
"SUWS016359","Anderson, Derek S.","",""
"SUWS016360","Anderson, Derek S.","",""
"SUWS016361","Anderson, Derek S.","",""
"SUWS016362","Anderson, Derek S.","",""
"SUWS016363","Anderson, Derek S.","",""
"SUWS016365","Anderson, Derek S.","",""
"SUWS016366","Anderson, Derek S.","",""
"SUWS016367","Anderson, Derek S.","",""
"SUWS016368","Anderson, Derek S.","",""
"SUWS016369","Anderson, Derek S.","",""
"SUWS016370","Anderson, Derek S.","",""
"SUWS016371","Anderson, Derek S."," Davidson, Donald W.",""
"SUWS016372","Anderson, Derek S.","",""
"SUWS016373","Anderson, Derek S.","",""
"SUWS016374","Anderson, Derek S.","",""
"SUWS016375","Anderson, Derek S."," Davidson, Donald W.",""
"SUWS016376","Anderson, Derek S.","",""
"SUWS016377","Anderson, Derek S.","",""
"SUWS016378","Anderson, Derek S.","",""
"SUWS016379","Anderson, Derek S.","",""
"SUWS016380","Anderson, Derek S.","",""
"SUWS016381","Anderson, Derek S.","",""
"SUWS016382","Anderson, Derek S."," Davidson, Donald W.",""
"SUWS016383","Anderson, Derek S.","",""
"SUWS016384","Anderson, Derek S.","",""
"SUWS016385","Anderson, Derek S.","",""
"SUWS016386","Anderson, Derek S.","",""
"SUWS016387","Anderson, Derek S.","",""
"SUWS016388","Anderson, Derek S.","",""
"SUWS016389","Anderson, Derek S.","",""
"SUWS016390","Anderson, Derek S.","",""
"SUWS016391","Anderson, Derek S.","",""
"SUWS016392","Anderson, Derek S.","",""
"SUWS016393","Anderson, Derek S.","",""
"SUWS016394","Anderson, Derek S.","",""
"SUWS016395","Anderson, Derek S.","",""
"SUWS016396","Anderson, Derek S.","",""
"SUWS016397","Anderson, Derek S.","",""
"SUWS016398","Anderson, Derek S."," Branstad, David A.",""
"SUWS016399","Anderson, Derek S.","",""
"SUWS016400","Anderson, Derek S.","",""
"SUWS016401","Anderson, Derek S.","",""
"SUWS016402","Anderson, Derek S.","",""
"SUWS016403","Anderson, Derek S.","",""
"SUWS016404","Anderson, Derek S.","",""
"SUWS016405","Anderson, Derek S.","",""
"SUWS016406","Anderson, Derek S.","",""
"SUWS016407","Anderson, Derek S.","",""
"SUWS016408","Anderson, Derek S.","",""
"SUWS016409","Anderson, Derek S.","",""
"SUWS016410","Anderson, Derek S.","",""
"SUWS016411","Anderson, Derek S.","",""
"SUWS016412","Anderson, Derek S.","",""
"SUWS016413","Anderson, Derek S.","",""
"SUWS016414","Anderson, Derek S.","",""
"SUWS016415","Anderson, Derek S.","",""
"SUWS016416","Anderson, Derek S.","",""
"SUWS016417","Anderson, Derek S.","",""
"SUWS016418","Anderson, Derek S."," Davidson, Donald W.",""
"SUWS016419","Anderson, Derek S."," Davdison, Donald W.",""
"SUWS016420","Anderson, Derek S."," Davidson, Donald W.",""
"SUWS016421","Anderson, Derek S."," Davidson, Donald W.",""
"SUWS016422","Anderson, Derek S."," Davidson, Donald W.",""
"SUWS016423","Anderson, Derek S.","",""
"SUWS016424","Anderson, Derek S.","",""
"SUWS016425","Anderson, Derek S.","",""
"SUWS016426","Anderson, Derek S.","",""
"SUWS016427","Anderson, Derek S.","",""
"SUWS016428","Anderson, Derek S.","",""
"SUWS016429","Anderson, Derek S.","",""
"SUWS016430","Anderson, Derek S.","",""
"SUWS016431","Anderson, Derek S.","",""
"SUWS016432","Anderson, Derek S.","",""
"SUWS016433","Anderson, Derek S.","",""
"SUWS016434","Anderson, Derek S.","",""
"SUWS016435","Anderson, Derek S.","",""
"SUWS016436","Anderson, Derek S.","",""
"SUWS016437","Anderson, Derek S.","",""
"SUWS016438","Anderson, Derek S.","",""
"SUWS016439","Anderson, Derek S."," Davidson, Donald W.",""
"SUWS016440","Anderson, Derek S."," Davidson, Donald W.",""
"SUWS016441","Anderson, Derek S.","",""
"SUWS016442","Anderson, Derek S.","",""
"SUWS016443","Anderson, Derek S.","",""
"SUWS016444","Anderson, Derek S.","",""
"SUWS016445","Anderson, Derek S."," Davdison, Donald W.",""
"SUWS016446","Anderson, Derek S.","",""
"SUWS016447","Anderson, Derek S.","",""
"SUWS016448","Anderson, Derek S.","",""
"SUWS016449","Anderson, Derek S.","",""
"SUWS016450","Anderson, Derek S.","",""
"SUWS016451","Anderson, Derek S.","",""
"SUWS016452","Anderson, Derek S.","",""
"SUWS016453","Anderson, Derek S.","",""
"SUWS016454","Anderson, Derek S.","",""
"SUWS016455","Anderson, Derek S.","",""
"SUWS016456","Anderson, Derek S.","",""
"SUWS016457","Anderson, Derek S.","",""
"SUWS016458","Anderson, Derek S.","",""
"SUWS016459","Anderson, Derek S.","",""
"SUWS016460","Anderson, Derek S."," Branstad, David A.",""
"SUWS016461","Anderson, Derek S.","",""
"SUWS016462","Anderson, Derek S.","",""
"SUWS016463","Anderson, Derek S.","",""
"SUWS016464","Anderson, Derek S.","",""
"SUWS016465","Anderson, Derek S.","",""
"SUWS016466","Anderson, Derek S.","",""
"SUWS016467","Anderson, Derek S.","",""
"SUWS016468","Anderson, Derek S.","",""
"SUWS016469","Anderson, Derek S.","",""
"SUWS016470","Anderson, Derek S.","",""
"SUWS016471","Anderson, Derek S.","",""
"SUWS016472","Anderson, Derek S.","",""
"SUWS016473","Anderson, Derek S.","",""
"SUWS016474","Neely, Chuck","",""
"SUWS016475","Neely, Chuck","",""
"SUWS016476","Neely, Chuck","",""
"SUWS016477","Neely, Chuck","",""
"SUWS016478","Neely, Chuck","",""
"SUWS016479","Neely, Chuck","",""
"SUWS016480","Neely, Chuck","",""
"SUWS016481","Buman, Sarah","",""
"SUWS016482","Anderson, Lisa","",""
"SUWS016483","Anderson, Lisa","",""
"SUWS016484","Buman, Sarah","",""
"SUWS016485","Buman, Sarah","",""
"SUWS016487","Buman, Sarah","",""
"SUWS016488","Buman, Sarah","",""
"SUWS016489","Buman, Sarah","",""
"SUWS016490","Buman, Sarah","",""
"SUWS016491","Buman, Sarah","",""
"SUWS016492","Buman, Sarah","",""
"SUWS016493","Buman, Sarah","",""
"SUWS016494","Buman, Sarah","",""
"SUWS016495","Buman, Sarah","",""
"SUWS016496","Anderson, Lisa","",""
"SUWS016497","Anderson, Lisa","",""
"SUWS016498","Anderson, Lisa","",""
"SUWS016499","Anderson, Lisa","",""
"SUWS016500","Anderson, Lisa","",""
"SUWS016501","Anderson, Lisa","",""
"SUWS016502","Anderson, Lisa","",""
"SUWS016503","Anderson, Lisa","",""
"SUWS016504","Anderson, Lisa","",""
"SUWS016505","Anderson, Lisa","",""
"SUWS016506","Anderson, Lisa","",""
"SUWS016507","Anderson, Lisa","",""
"SUWS016508","Anderson, Lisa","",""
"SUWS016509","Anderson, Lisa","",""
"SUWS016510","Anderson, Lisa","",""
"SUWS016511","Anderson, Lisa","",""
"SUWS016512","Anderson, Lisa","",""
"SUWS016513","Anderson, Lisa","",""
"SUWS016514","Anderson, Lisa","",""
"SUWS016515","Anderson, Lisa","",""
"SUWS016516","Anderson, Lisa","",""
"SUWS016517","Anderson, Lisa","",""
"SUWS016518","Anderson, Lisa","",""
"SUWS016519","Anderson, Lisa","",""
"SUWS016520","Anderson, Lisa","",""
"SUWS016521","Anderson, Lisa","",""
"SUWS016522","Anderson, Lisa","",""
"SUWS016523","Anderson, Lisa","",""
"SUWS016524","Anderson, Lisa","",""
"SUWS016525","Anderson, Lisa","",""
"SUWS016526","Anderson, Lisa","",""
"SUWS016527","Anderson, Lisa","",""
"SUWS016528","Anderson, Lisa","",""
"SUWS016529","Anderson, Lisa","",""
"SUWS016530","Anderson, Lisa","",""
"SUWS016531","Anderson, Lisa","",""
"SUWS016532","Anderson, Lisa","",""
"SUWS016533","Anderson, Lisa","",""
"SUWS016534","Anderson, Lisa","",""
"SUWS016535","Anderson, Lisa","",""
"SUWS016536","Anderson, Lisa","",""
"SUWS016537","Anderson, Lisa","",""
"SUWS016538","Anderson, Lisa","",""
"SUWS016539","Anderson, Lisa","",""
"SUWS016540","Anderson, Lisa","",""
"SUWS016541","Anderson, Lisa","",""
"SUWS016542","Anderson, Lisa","",""
"SUWS016543","Anderson, Lisa","",""
"SUWS016544","Anderson, Lisa","",""
"SUWS016545","Anderson, Lisa","",""
"SUWS016546","Anderson, Lisa","",""
"SUWS016547","Ribich, Joel","",""
"SUWS016548","Ribich, Joel","",""
"SUWS016549","Ribich, Joel","",""
"SUWS016550","Ribich, Joel","",""
"SUWS016551","Ribich, Joel","",""
"SUWS016552","Ribich, Joel","",""
"SUWS016553","Ribich, Joel","",""
"SUWS016554","Ribich, Joel","",""
"SUWS016555","Ribich, Joel","",""
"SUWS016556","Ribich, Joel","",""
"SUWS016558","Hoagland, Beth A.","",""
"SUWS016559","Hoagland, Beth A.","",""
"SUWS016560","Hoagland, Beth A.","",""
"SUWS016561","Hoagland, Beth A.","",""
"SUWS016562","Hoagland, Beth A.","",""
"SUWS016563","Hoagland, Beth A.","",""
"SUWS016564","Hoagland, Beth A.","",""
"SUWS016565","Hoagland, Beth A.","",""
"SUWS016566","Hoagland, Beth A.","",""
"SUWS016567","Hoagland, Beth A.","",""
"SUWS016568","Hoagland, Beth A.","",""
"SUWS016569","Hoagland, Beth A.","",""
"SUWS016570","Hoagland, Beth A.","",""
"SUWS016576","Brandt, Jessica","",""
"SUWS016581","Pearson, Tyrus","",""
"SUWS016582","Pearson, Tyrus","",""
"SUWS016583","Rogers, Michele","",""
"SUWS016585","Hoagland, Beth A.","",""
"SUWS016587","Hoagland, Beth A.","",""
"SUWS016588","Hoagland, Beth A.","",""
"SUWS016590","Pearson, Tyrus","",""
"SUWS016591","Benson, Robert J.W.","",""
"SUWS016592","Rogers, Michele","",""
"SUWS016593","Rogers, Michele","",""
"SUWS016594","Rogers, Michele","",""
"SUWS016595","Rogers, Michele","",""
"SUWS016596","Benson, Robert J.W.","",""
"SUWS016597","Benson, Robert J.W.","",""
"SUWS016598","Benson, Robert J.W.","",""
"SUWS016600","Brandt, Jessica","",""
"SUWS016601","Benson, Robert J.W.","",""
"SUWS016602","Benson, Robert J.W.","",""
"SUWS016603","Benson, Robert J.W.","",""
"SUWS016604","Benson, Robert J.W.","",""
"SUWS016605","Benson, Robert J.W.","",""
"SUWS016606","Benson, Robert J.W.","",""
"SUWS016607","Benson, Robert J.W.","",""
"SUWS016608","Benson, Robert J.W.","",""
"SUWS016610","Benson, Robert J.W.","",""
"SUWS016611","Benson, Robert J.W.","",""
"SUWS016612","Benson, Robert J.W.","",""
"SUWS016620","Brandt, Jessica","",""
"SUWS016627","Leverington, Chris","",""
"SUWS016628","Leverington, Chris","",""
"SUWS016629","Johnson, Jamie","",""
"SUWS016630","Johnson, Jamie","",""
"SUWS016632","Brandt, Jessica","",""
"SUWS016633","Brandt, Jessica","",""
"SUWS016634","Verdegan, Joseph","",""
"SUWS016635","Main, Jonathan","",""
"SUWS016636","Brandt, Jessica","",""
"SUWS016637","Brandt, Jessica","",""
"SUWS016638","Brandt, Jessica","",""
"SUWS016639","Brandt, Jessica","",""
"SUWS016641","Pearson, Tyrus","",""
"SUWS016642","Pearson, Tyrus","",""
"SUWS016643","Pearson, Tyrus","",""
"SUWS016644","Pearson, Tyrus","",""
"SUWS016645","Pearson, Tyrus","",""
"SUWS016646","Pearson, Tyrus","",""
"SUWS016647","Pearson, Tyrus","",""
"SUWS016648","Pearson, Tyrus","",""
"SUWS016649","Pearson, Tyrus","",""
"SUWS016650","Pearson, Tyrus","",""
"SUWS016651","Dahl, Nathan","",""
"SUWS016653","Dahl, Nathan","",""
"SUWS016657","Dahl, Nathan","",""
"SUWS016658","Dahl, Nathan","",""
"SUWS016659","Dahl, Nathan","",""
"SUWS016660","Dahl, Nathan","",""
"SUWS016661","Main, Jonathan","",""
"SUWS016662","Pearson, Tyrus","",""
"SUWS016664","Moullette, Elyse","",""
"SUWS016666","Gunaratna, Lasitha","",""
"SUWS016667","Stack, Anne","",""
"SUWS016672","Ribich, Karissa Louise","",""
"SUWS016673","Ribich, Karissa Louise","",""
"SUWS016674","Ribich, Karissa Louise","",""
"SUWS016676","Roth, Jessica","",""
"SUWS016677","Roth, Jessica","",""
"SUWS016678","Roth, Jessica","",""
"SUWS016680","Roth, Jessica","",""
"SUWS016681","Roth, Jessica","",""
"SUWS016682","Roth, Jessica","",""
"SUWS016684","Roth, Jessica","",""
"SUWS016685","Rogers, Michele","",""
"SUWS016686","Rogers, Michele","",""
"SUWS016687","Rogers, Michele","",""
"SUWS016688","Rogers, Michele","",""
"SUWS016689","Rogers, Michele","",""
"SUWS016690","Rogers, Michele","",""
"SUWS016691","Rogers, Michele","",""
"SUWS016692","Rogers, Michele","",""
"SUWS016693","Rogers, Michele","",""
"SUWS016694","Rogers, Michele","",""
"SUWS016695","Pearson, Tyrus","",""
"SUWS016696","Pearson, Tyrus","",""
"SUWS016697","Pearson, Tyrus","",""
"SUWS016698","Pearson, Tyrus","",""
"SUWS016700","Dahl, Nathan","",""
"SUWS016702","Pearson, Tyrus","",""
"SUWS016704","Pearson, Tyrus","",""
"SUWS016705","Pearson, Tyrus","",""
"SUWS016706","Pearson, Tyrus","",""
"SUWS016707","Pearson, Tyrus","",""
"SUWS016708","Pearson, Tyrus","",""
"SUWS016709","Pearson, Tyrus","",""
"SUWS016710","Main, Jonathan","",""
"SUWS016711","Main, Jonathan","",""
"SUWS016713","Singhurst, Cary","",""
"SUWS016714","Singhurst, Cary","",""
"SUWS016715","Davidson, Donald W."," Heim, Mike"," Gitar, Richard D."
"SUWS016716","Davidson, Donald W."," Heim, Mike"," Gitar, Richard D."
"SUWS016717","Davidson, Donald W."," Heim, Mike"," Gitar, Richard D."
"SUWS016718","Davidson, Donald W."," Heim, Mike"," Gitar, Richard D."
"SUWS016719","Davidson, Donald W."," Heim, Mike"," Gitar, Richard D."
"SUWS016720","Davidson, Donald W."," Heim, Mike"," Gitar, Richard D."
"SUWS016721","Davidson, Donald W."," Heim, Mike"," Gitar, Richard D."
"SUWS016722","Davidson, Donald W."," Heim, Mike"," Gitar, Richard D."
"SUWS016723","Davidson, Donald W."," Heim, Mike"," Gitar, Richard D."
"SUWS016724","Anderson, Derek S.","",""
"SUWS016725","Anderson, Derek S."," Davidson, Donald W.",""
"SUWS016726","Anderson, Derek S."," Davidson, Donald W.",""
"SUWS016727","Anderson, Derek S."," Davidson, Donald W.",""
"SUWS016728","Anderson, Derek S."," Davidson, Donald W.",""
"SUWS016729","Anderson, Derek S."," Davidson, Donald W.",""
"SUWS016730","Anderson, Derek S.","",""
"SUWS016731","Anderson, Derek S.","",""
"SUWS016732","Anderson, Derek S.","",""
"SUWS016733","Anderson, Derek S.","",""
"SUWS016734","Anderson, Derek S.","",""
"SUWS016735","Anderson, Derek S.","",""
"SUWS016736","Anderson, Derek S.","",""
"SUWS016737","Anderson, Derek S."," Davidson, Donald W.",""
"SUWS016738","Anderson, Derek S."," Davidson, Donald W.",""
"SUWS016739","Anderson, Derek S."," Davidson, Donald W.",""
"SUWS016740","Anderson, Derek S."," Davidson, Donald W.",""
"SUWS016741","Anderson, Derek S."," Davidson, Donald W.",""
"SUWS016742","Anderson, Derek S."," Davidson, Donald W.",""
"SUWS016743","Anderson, Derek S."," Davidson, Donald W.",""
"SUWS016744","Anderson, Derek S."," Davidson, Donald W.",""
"SUWS016745","Anderson, Derek S."," Davidson, Donald W.",""
"SUWS016746","Anderson, Derek S."," Davidson, Donald W.",""
"SUWS016747","Anderson, Derek S."," Davidson, Donald W.",""
"SUWS016748","Anderson, Derek S."," Davidson, Donald W.",""
"SUWS016749","Anderson, Derek S."," Davidson, Donald W.",""
"SUWS016750","Anderson, Derek S."," Davidson, Donald W.",""
"SUWS016751","Anderson, Derek S."," Davidson, Donald W.",""
"SUWS016752","Anderson, Derek S."," Davidson, Donald W.",""
"SUWS016753","Anderson, Derek S."," Davidson, Donald W.",""
"SUWS016754","Anderson, Derek S."," Wright, Lynn A.",""
"SUWS016755","Anderson, Derek S.","",""
"SUWS016756","Anderson, Derek S."," Davidson, Donald W.",""
"SUWS016757","Anderson, Derek S."," Davidson, Donald W.",""
"SUWS016758","Anderson, Derek S."," Davidson, Donald W.",""
"SUWS016759","Anderson, Derek S."," Davidson, Donald W.",""
"SUWS016760","Anderson, Derek S."," Davidson, Donald W.",""
"SUWS016761","Anderson, Derek S."," Davidson, Donald W.",""
"SUWS016762","Anderson, Derek S.","",""
"SUWS016763","Anderson, Derek S."," Davidson, Donald W.",""
"SUWS016764","Anderson, Derek S."," Judziewicz, Emmet J.",""
"SUWS016765","Anderson, Derek S.","",""
"SUWS016766","Anderson, Derek S.","",""
"SUWS016767","Anderson, Derek S.","",""
"SUWS016768","Anderson, Derek S.","",""
"SUWS016769","Anderson, Derek S.","",""
"SUWS016770","Anderson, Derek S.","",""
"SUWS016771","Anderson, Derek S."," Davidson, Donald W.",""
"SUWS016772","Wershofen, Justin","",""
"SUWS016773","Wershofen, Justin","",""
"SUWS016774","Verdegan, Joseph","",""
"SUWS016775","Verdegan, Joseph","",""
"SUWS016776","Wershofen, Justin","",""
"SUWS016777","Kopetzky, Jonathan","",""
"SUWS016778","Kopetzky, Jonathan","",""
"SUWS016779","Kopetzky, Jonathan","",""
"SUWS016780","Kopetzky, Jonathan","",""
"SUWS016781","Schlapper, Matt","",""
"SUWS016782","Schlapper, Matt","",""
"SUWS016783","Jurkowski, Melissa","",""
"SUWS016784","Jurkowski, Melissa","",""
"SUWS016785","Roth, Jessica","",""
"SUWS016786","Roth, Jessica","",""
"SUWS016787","Roth, Jessica","",""
"SUWS016788","Roth, Jessica","",""
"SUWS016789","Verdegan, Joseph","",""
"SUWS016790","Verdegan, Joseph","",""
"SUWS016791","Verdegan, Joseph","",""
"SUWS016792","Verdegan, Joseph","",""
"SUWS016823","Anderson, Derek S.","",""
"SUWS016824","Moullette, Elyse","",""
"SUWS016826","Schlapper, Matt","",""
"SUWS016827","Anderson, Derek S.","",""
"SUWS016829","Tanton, Corey","",""
"SUWS016830","Tanton, Corey","",""
"SUWS016831","Tanton, Corey","",""
"SUWS016832","Tanton, Corey","",""
"SUWS016833","Tanton, Corey","",""
"SUWS016834","Tanton, Corey","",""
"SUWS016835","Tanton, Corey","",""
"SUWS016836","Tanton, Corey","",""
"SUWS016837","Tanton, Corey","",""
"SUWS016838","Tanton, Corey","",""
"SUWS016839","Tanton, Corey","",""
"SUWS016840","Tanton, Corey","",""
"SUWS016841","Tanton, Corey","",""
"SUWS016842","Tanton, Corey","",""
"SUWS016843","Tanton, Corey","",""
"SUWS016844","Tanton, Corey","",""
"SUWS016845","Tanton, Corey","",""
"SUWS016846","Tanton, Corey","",""
"SUWS016847","Tanton, Corey","",""
"SUWS016848","Tanton, Corey","",""
"SUWS016849","Tanton, Corey","",""
"SUWS016850","Tanton, Corey","",""
"SUWS016851","Tanton, Corey","",""
"SUWS016852","Tanton, Corey","",""
"SUWS016853","Tanton, Corey","",""
"SUWS016854","Tanton, Corey","",""
"SUWS016855","Tanton, Corey","",""
"SUWS016856","Tanton, Corey","",""
"SUWS016857","Tanton, Corey","",""
"SUWS016858","Tanton, Corey","",""
"SUWS016859","Tanton, Corey","",""
"SUWS016860","Tanton, Corey","",""
"SUWS016861","Tanton, Corey","",""
"SUWS016862","Tanton, Corey","",""
"SUWS016863","Tanton, Corey","",""
"SUWS016864","Tanton, Corey","",""
"SUWS016865","Tanton, Corey","",""
"SUWS016866","Tanton, Corey","",""
"SUWS016867","Tanton, Corey","",""
"SUWS016868","Tanton, Corey","",""
"SUWS016869","Neely, Chuck","",""
"SUWS016870","Neely, Chuck","",""
"SUWS016871","Neely, Chuck","",""
"SUWS016872","Tanton, Corey","",""
"SUWS016873","Tanton, Corey","",""
"SUWS016874","Larson, Bradley B.","",""
"SUWS016875","Tanton, Corey","",""
"SUWS016876","Larson, Bradley B.","",""
"SUWS016877","Larson, Bradley B.","",""
"SUWS016878","Larson, Bradley B.","",""
"SUWS016879","Larson, Bradley B.","",""
"SUWS016880","Larson, Bradley B.","",""
"SUWS016881","Larson, Bradley B.","",""
"SUWS016882","Larson, Bradley B.","",""
"SUWS016883","Larson, Bradley B.","",""
"SUWS016884","Larson, Bradley B.","",""
"SUWS016885","Larson, Bradley B.","",""
"SUWS016886","Larson, Bradley B.","",""
"SUWS016887","Larson, Bradley B.","",""
"SUWS016888","Larson, Bradley B.","",""
"SUWS016889","Larson, Bradley B.","",""
"SUWS016890","Larson, Bradley B.","",""
"SUWS016891","Larson, Bradley B.","",""
"SUWS016892","Larson, Bradley B.","",""
"SUWS016894","Anderson, Derek S.","",""
"SUWS016895","Anderson, Derek S.","",""
"SUWS016896","Anderson, Derek S.","",""
"SUWS016897","Anderson, Derek S.","",""
"SUWS016898","Anderson, Derek S.","",""
"SUWS016899","Anderson, Derek S."," Davidson, Donald W.",""
"SUWS016900","Anderson, Derek S."," Davidson, Donald W.",""
"SUWS016901","Anderson, Derek S.","",""
"SUWS016902","Anderson, Derek S.","",""
"SUWS016903","Anderson, Derek S.","",""
"SUWS016904","Anderson, Derek S.","",""
"SUWS016905","Anderson, Derek S.","",""
"SUWS016906","Anderson, Derek S."," Davidson, Donald W.",""
"SUWS016907","Anderson, Derek S.","",""
"SUWS016908","Anderson, Derek S."," Davidson, Donald W.",""
"SUWS016909","Anderson, Derek S."," Davidson, Donald W.",""
"SUWS016910","Anderson, Derek S.","",""
"SUWS016921","Larson, Bradley B.","",""
"SUWS016935","Langenbrunner, Craig S.","",""
"SUWS016936","Langenbrunner, Craig S.","",""
"SUWS016938","Langenbrunner, Craig S.","",""
"SUWS016939","Langenbrunner, Craig S.","",""
"SUWS016963","Langenbrunner, Craig S.","",""
"SUWS016964","Langenbrunner, Craig S.","",""
"SUWS016965","Langenbrunner, Craig S.","",""
"SUWS016968","Langenbrunner, Craig S.","",""
"SUWS016977","Langenbrunner, Craig S.","",""
"SUWS016983","Langenbrunner, Craig S.","",""
"SUWS016984","Langenbrunner, Craig S.","",""
"SUWS016985","Langenbrunner, Craig S.","",""
"SUWS016989","Langenbrunner, Craig S.","",""
"SUWS017000","Watten, Joshua","",""
"SUWS017012","Watten, Joshua","",""
"SUWS017013","Watten, Joshua","",""
"SUWS017015","Watten, Joshua","",""
"SUWS017016","Watten, Joshua","",""
"SUWS017017","Watten, Joshua","",""
"SUWS017018","Watten, Joshua","",""
"SUWS017020","McGovern, Scott","",""
"SUWS017021","Thomson, John W., Jr.","",""
"SUWS017023","Castle, R.","",""
"SUWS017024","Mollerskov, Al","",""
"SUWS017025","Castle, R.","",""
"SUWS017026","Koch, Rudy G.","",""
"SUWS017044","Larson, Bradley B.","",""
"SUWS017045","Larson, Bradley B.","",""
"SUWS017046","Larson, Bradley B.","",""
"SUWS017047","Larson, Bradley B.","",""
"SUWS017048","Larson, Bradley B.","",""
"SUWS017049","Larson, Bradley B.","",""
"SUWS017051","Langenbrunner, Craig S.","",""
"SUWS017052","Langenbrunner, Craig S.","",""
"SUWS017053","Langenbrunner, Craig S.","",""
"SUWS017058","Langenbrunner, Craig S.","",""
"SUWS017061","Langenbrunner, Craig S.","",""
"SUWS017062","Langenbrunner, Craig S.","",""
"SUWS017063","Langenbrunner, Craig S.","",""
"SUWS017064","Langenbrunner, Craig S.","",""
"SUWS017065","Langenbrunner, Craig S.","",""
"SUWS017072","Langenbrunner, Craig S.","",""
"SUWS017073","Langenbrunner, Craig S.","",""
"SUWS017078","Langenbrunner, Craig S.","",""
"SUWS017079","Langenbrunner, Craig S.","",""
"SUWS017082","Anderson, Derek S.","",""
"SUWS017083","Anderson, Derek S.","",""
"SUWS017085","Anderson, Derek S."," Branstad, David A.",""
"SUWS017086","Anderson, Derek S."," Davidson, Donald W.",""
"SUWS017087","Anderson, Derek S."," Wright, Lynn A.",""
"SUWS017088","Anderson, Derek S.","",""
"SUWS017089","Anderson, Derek S."," Wright, Lynn A.",""
"SUWS017090","Anderson, Derek S.","",""
"SUWS017091","Anderson, Derek S."," Branstad, David A.",""
"SUWS017092","Anderson, Derek S."," Davidson, Donald W.",""
"SUWS017093","Anderson, Derek S.","",""
"SUWS017094","Anderson, Derek S.","",""
"SUWS017095","Anderson, Derek S.","",""
"SUWS017096","Anderson, Derek S."," Branstad, David A.",""
"SUWS017097","Anderson, Derek S."," Davidson, Donald W.",""
"SUWS017098","Anderson, Derek S."," Wright, Lynn A.",""
"SUWS017099","Anderson, Derek S.","",""
"SUWS017100","Anderson, Derek S."," Davidson, Donald W.",""
"SUWS017101","Anderson, Derek S.","",""
"SUWS017102","Anderson, Derek S.","",""
"SUWS017103","Anderson, Derek S."," Branstad, David A.",""
"SUWS017104","Anderson, Derek S."," Davidson, Donald W.",""
"SUWS017105","Anderson, Derek S.","",""
"SUWS017106","Anderson, Derek S.","",""
"SUWS017107","Anderson, Derek S.","",""
"SUWS017110","Anderson, Derek S.","",""
"SUWS017112","Anderson, Derek S.","",""
"SUWS017113","Anderson, Derek S.","",""
"SUWS017116","Anderson, Derek S.","",""
"SUWS017117","Anderson, Derek S.","",""
"SUWS017118","Anderson, Derek S.","",""
"SUWS017119","Anderson, Derek S.","",""
"SUWS017120","Anderson, Derek S.","",""
"SUWS017121","Anderson, Derek S.","",""
"SUWS017122","Anderson, Derek S.","",""
"SUWS017123","Anderson, Derek S.","",""
"SUWS017124","Anderson, Derek S.","",""
"SUWS017125","Anderson, Derek S.","",""
"SUWS017126","Anderson, Derek S.","",""
"SUWS017127","Anderson, Derek S.","",""
"SUWS017128","Anderson, Derek S.","",""
"SUWS017129","Anderson, Derek S.","",""
"SUWS017405","Stauff, Janelle","",""
"SUWS017406","Bergman, Nils","",""
"SUWS017408","Bergman, Nils","",""
"SUWS017411","Bergman, Nils","",""
"SUWS017417","Stauff, Janelle","",""
"SUWS017418","Crook, Trista","",""
"SUWS017419","Crook, Trista","",""
"SUWS017420","Bergman, Nils","",""
"SUWS017421","Stauff, Janelle","",""
"SUWS017422","Stauff, Janelle","",""
"SUWS017423","Stauff, Janelle","",""
"SUWS017426","Stauff, Janelle","",""
"SUWS017427","Stauff, Janelle","",""
"SUWS017428","Stauff, Janelle","",""
"SUWS017429","Hlina, Paul","",""
"SUWS017432","Stauff, Janelle","",""
"SUWS017434","Hlina, Paul","",""
"SUWS017435","Hlina, Paul","",""
"SUWS017437","Hlina, Paul","",""
"SUWS017440","Senti, Peter","",""
"SUWS017441","Hlina, Paul","",""
"SUWS017446","Hlina, Paul","",""
"SUWS017448","Senti, Peter","",""
"SUWS017449","Anderson, Derek S.","",""
"SUWS017453","Bergman, Nils","",""
"SUWS017454","Anderson, Derek S.","",""
"SUWS017455","Davidson, Donald W.","",""
"SUWS017456","Bergman, Nils","",""
"SUWS017457","Bergman, Nils","",""
"SUWS017458","Davidson, Donald W.","",""
"SUWS017459","Anderson, Derek S.","",""
"SUWS017460","Stauff, Janelle","",""
"SUWS017461","Stauff, Janelle","",""
"SUWS017462","Crook, Trista","",""
"SUWS017464","Hlina, Paul","",""
"SUWS017465","Bergman, Nils","",""
"SUWS017466","Stauff, Janelle","",""
"SUWS017467","Davidson, Donald W.","",""
"SUWS017470","Stauff, Janelle","",""
"SUWS017471","Bergman, Nils","",""
"SUWS017472","Stauff, Janelle","",""
"SUWS017473","Hlina, Paul","",""
"SUWS017474","Stauff, Janelle","",""
"SUWS017475","Crook, Trista","",""
"SUWS017477","Bergman, Nils","",""
"SUWS017478","Senti, Peter","",""
"SUWS017479","Anderson, Derek S.","",""
"SUWS017480","Hlina, Paul","",""
"SUWS017481","Stauff, Janelle","",""
"SUWS017483","Senti, Peter","",""
"SUWS017484","Senti, Peter","",""
"SUWS017488","Stauff, Janelle","",""
"SUWS017489","Stauff, Janelle","",""
"SUWS017490","Stauff, Janelle","",""
"SUWS017491","Crook, Trista","",""
"SUWS017492","Hlina, Paul","",""
"SUWS017497","Hlina, Matt","",""
"SUWS017499","Anderson, Derek S.","",""
"SUWS017500","Stauff, Janelle","",""
"SUWS017504","Bergman, Nils","",""
"SUWS017505","Stauff, Janelle","",""
"SUWS017508","Stauff, Janelle","",""
"SUWS017509","Anderson, Derek S.","",""
"SUWS017511","Crook, Trista","",""
"SUWS017512","Anderson, Derek S.","",""
"SUWS017513","Hlina, Paul","",""
"SUWS017514","Crook, Trista","",""
"SUWS017515","Crook, Trista","",""
"SUWS017516","Crook, Trista","",""
"SUWS017518","Crook, Trista","",""
"SUWS017519","Anderson, Derek S.","",""
"SUWS017520","Stauff, Janelle","",""
"SUWS017521","Bergman, Nils","",""
"SUWS017522","Crook, Trista","",""
"SUWS017524","Crook, Trista","",""
"SUWS017525","Stauff, Janelle","",""
"SUWS017526","Stauff, Janelle","",""
"SUWS017527","Stauff, Janelle","",""
"SUWS017528","Bergman, Nils","",""
"SUWS017530","Anderson, Derek S.","",""
"SUWS017531","Anderson, Derek S.","",""
"SUWS017532","Anderson, Derek S.","",""
"SUWS017533","Senti, Peter","",""
"SUWS017535","Davidson, Donald W.","",""
"SUWS017537","Davidson, Donald W.","",""
"SUWS017538","Hlina, Paul","",""
"SUWS017539","Anderson, Derek S.","",""
"SUWS017542","Senti, Peter","",""
"SUWS017544","Bergman, Nils","",""
"SUWS017545","Hlina, Paul","",""
"SUWS017547","Anderson, Derek S.","",""
"SUWS017549","Davidson, Donald W.","",""
"SUWS017553","Bergman, Nils","",""
"SUWS017555","Senti, Peter","",""
"SUWS017556","Anderson, Derek S.","",""
"SUWS017557","Anderson, Derek S.","",""
"SUWS017559","Davidson, Donald W.","",""
"SUWS017560","Davidson, Donald W.","",""
"SUWS017561","Davidson, Donald W.","",""
"SUWS017562","Hlina, Paul","",""
"SUWS017563","Hlina, Paul","",""
"SUWS017564","Hlina, Paul","",""
"SUWS017565","Hlina, Paul","",""
"SUWS017567","Stauff, Janelle","",""
"SUWS017569","Stauff, Janelle","",""
"SUWS017570","Senti, Peter","",""
"SUWS017571","Anderson, Derek S.","",""
"SUWS017574","Crook, Trista","",""
"SUWS017576","Anderson, Derek S.","",""
"SUWS017577","Crook, Trista","",""
"SUWS017579","Stauff, Janelle","",""
"SUWS017582","Senti, Peter","",""
"SUWS017585","Stauff, Janelle","",""
"SUWS017586","Bergman, Nils","",""
"SUWS017588","Bergman, Nils","",""
"SUWS017589","Stauff, Janelle","",""
"SUWS017590","Davidson, Donald W.","",""
"SUWS017591","Senti, Peter","",""
"SUWS017592","Stauff, Janelle","",""
"SUWS017593","Bergman, Nils","",""
"SUWS017595","Bergman, Nils","",""
"SUWS017596","Hlina, Paul","",""
"SUWS017600","Bergman, Nils","",""
"SUWS017601","Senti, Peter","",""
"SUWS017603","Stauff, Janelle","",""
"SUWS017604","Bergman, Nils","",""
"SUWS017605","Crook, Trista","",""
"SUWS017606","Crook, Trista","",""
"SUWS017607","Davidson, Donald W.","",""
"SUWS017609","Crook, Trista","",""
"SUWS017610","Stauff, Janelle","",""
"SUWS017611","Crook, Trista","",""
"SUWS017613","Bergman, Nils","",""
"SUWS017615","Bergman, Nils","",""
"SUWS017616","Bergman, Nils","",""
"SUWS017618","Stauff, Janelle","",""
"SUWS017619","Bergman, Nils","",""
"SUWS017620","Crook, Trista","",""
"SUWS017621","Crook, Trista","",""
"SUWS017622","Bergman, Nils","",""
"SUWS017624","Stauff, Janelle","",""
"SUWS017625","Anderson, Derek S.","",""
"SUWS017628","Anderson, Derek S.","",""
"SUWS017630","Davidson, Donald W.","",""
"SUWS017631","Anderson, Derek S.","",""
"SUWS017632","Senti, Peter","",""
"SUWS017634","Crook, Trista","",""
"SUWS017636","Anderson, Derek S.","",""
"SUWS017637","Davidson, Donald W.","",""
"SUWS017638","Bergman, Nils","",""
"SUWS017641","Crook, Trista","",""
"SUWS017644","Bergman, Nils","",""
"SUWS017645","Anderson, Derek S.","",""
"SUWS017646","Senti, Peter","",""
"SUWS017651","Hlina, Paul","",""
"SUWS017653","Bergman, Nils","",""
"SUWS017654","Bergman, Nils","",""
"SUWS017659","Anderson, Derek S.","",""
"SUWS017660","Stauff, Janelle","",""
"SUWS017663","Crook, Trista","",""
"SUWS017669","Davidson, Donald W.","",""
"SUWS017670","Crook, Trista","",""
"SUWS017672","Crook, Trista","",""
"SUWS017674","Crook, Trista","",""
"SUWS017675","Stauff, Janelle","",""
"SUWS017677","Anderson, Derek S.","",""
"SUWS017682","Bergman, Nils","",""
"SUWS017683","Bergman, Nils","",""
"SUWS017685","Stauff, Janelle","",""
"SUWS017686","Stauff, Janelle","",""
"SUWS017688","Davidson, Donald W.","",""
"SUWS017689","Hlina, Paul","",""
"SUWS017690","Bergman, Nils","",""
"SUWS017692","Anderson, Derek S.","",""
"SUWS017693","Anderson, Derek S.","",""
"SUWS017694","Crook, Trista","",""
"SUWS017696","Anderson, Derek S.","",""
"SUWS017697","Anderson, Derek S.","",""
"SUWS017698","Anderson, Derek S.","",""
"SUWS017700","Crook, Trista","",""
"SUWS017703","Davidson, Donald W.","",""
"SUWS017704","Crook, Trista","",""
"SUWS017705","Stauff, Janelle","",""
"SUWS017706","Senti, Peter","",""
"SUWS017707","Crook, Trista","",""
"SUWS017708","Senti, Peter"," Davidson, Donald W.",""
"SUWS017710","Crook, Trista","",""
"SUWS017711","Crook, Trista","",""
"SUWS017712","Hlina, Paul","",""
"SUWS017715","Crook, Trista","",""
"SUWS017716","Anderson, Derek S.","",""
"SUWS017718","Stauff, Janelle","",""
"SUWS017719","Stauff, Janelle","",""
"SUWS017723","Hlina, Paul","",""
"SUWS017724","Crook, Trista","",""
"SUWS017726","Anderson, Derek S.","",""
"SUWS017728","Senti, Peter","",""
"SUWS017729","Senti, Peter","",""
"SUWS017730","Hlina, Paul","",""
"SUWS017731","Stauff, Janelle","",""
"SUWS017733","Crook, Trista","",""
"SUWS017734","Crook, Trista","",""
"SUWS017735","Senti, Peter","",""
"SUWS017736","Bergman, Nils","",""
"SUWS017737","Anderson, Derek S.","",""
"SUWS017738","Anderson, Derek S.","",""
"SUWS017739","Stauff, Janelle","",""
"SUWS017741","Anderson, Derek S.","",""
"SUWS017743","Senti, Peter","",""
"SUWS017744","Bergman, Nils","",""
"SUWS017745","Davidson, Donald W.","",""
"SUWS017746","Stauff, Janelle","",""
"SUWS017747","Davidson, Donald W.","",""
"SUWS017748","Stauff, Janelle","",""
"SUWS017751","Bergman, Nils","",""
"SUWS017752","Anderson, Derek S.","",""
"SUWS017753","Crook, Trista","",""
"SUWS017754","Stauff, Janelle","",""
"SUWS017755","Senti, Peter","",""
"SUWS017756","Bergman, Nils","",""
"SUWS017758","Senti, Peter","",""
"SUWS017760","Crook, Trista","",""
"SUWS017761","Bergman, Nils","",""
"SUWS017763","Bergman, Nils","",""
"SUWS017764","Senti, Peter","",""
"SUWS017766","Crook, Trista","",""
"SUWS017769","Crook, Trista","",""
"SUWS017770","Bergman, Nils","",""
"SUWS017771","Bergman, Nils","",""
"SUWS017772","Bergman, Nils","",""
"SUWS017774","Stauff, Janelle","",""
"SUWS017777","Stauff, Janelle","",""
"SUWS017779","Bergman, Nils","",""
"SUWS017782","Crook, Trista","",""
"SUWS017784","Senti, Peter","",""
"SUWS017785","Bergman, Nils","",""
"SUWS017791","Crook, Trista","",""
"SUWS017792","Stauff, Janelle","",""
"SUWS017793","Stauff, Janelle","",""
"SUWS017794","Bergman, Nils","",""
"SUWS017798","Anderson, Derek S.","",""
"SUWS017799","Crook, Trista","",""
"SUWS017803","Bergman, Nils","",""
"SUWS017806","Crook, Trista","",""
"SUWS017807","Hlina, Paul","",""
"SUWS017808","Crook, Trista","",""
"SUWS017810","Stauff, Janelle","",""
"SUWS017811","Bergman, Nils","",""
"SUWS017813","Bergman, Nils","",""
"SUWS017815","Senti, Peter","",""
"SUWS017817","Bergman, Nils","",""
"SUWS017818","Senti, Peter","",""
"SUWS017819","Crook, Trista","",""
"SUWS017820","Hlina, Paul","",""
"SUWS017821","Stauff, Janelle","",""
"SUWS017822","Anderson, Derek S.","",""
"SUWS017824","Senti, Peter","",""
"SUWS017827","Stauff, Janelle","",""
"SUWS017828","Stauff, Janelle","",""
"SUWS017829","Stauff, Janelle","",""
"SUWS017831","Anderson, Derek S.","",""
"SUWS017834","Anderson, Derek S.","",""
"SUWS017838","Crook, Trista","",""
"SUWS017842","Crook, Trista","",""
"SUWS017843","Bergman, Nils","",""
"SUWS017845","Senti, Peter","",""
"SUWS017847","Hlina, Paul","",""
"SUWS017848","Anderson, Derek S.","",""
"SUWS017850","Senti, Peter","",""
"SUWS017851","Senti, Peter","",""
"SUWS017853","Crook, Trista","",""
"SUWS017855","Stauff, Janelle","",""
"SUWS017856","Bergman, Nils","",""
"SUWS017857","Crook, Trista","",""
"SUWS017858","Anderson, Derek S.","",""
"SUWS017859","Stauff, Janelle","",""
"SUWS017861","Stauff, Janelle","",""
"SUWS017862","Bergman, Nils","",""
"SUWS017863","Crook, Trista","",""
"SUWS017864","Stauff, Janelle","",""
"SUWS017865","Crook, Trista","",""
"SUWS017866","Crook, Trista","",""
"SUWS017868","Davidson, Donald W.","",""
"SUWS017870","Bergman, Nils","",""
"SUWS017871","Crook, Trista","",""
"SUWS017875","Bergman, Nils","",""
"SUWS017876","Hlina, Paul","",""
"SUWS017877","Anderson, Derek S.","",""
"SUWS017880","Hlina, Matt","",""
"SUWS017883","Anderson, Derek S.","",""
"SUWS017885","Hlina, Matt","",""
"SUWS017888","Crook, Trista","",""
"SUWS017890","Stauff, Janelle","",""
"SUWS017893","Hlina, Paul","",""
"SUWS017894","Anderson, Derek S.","",""
"SUWS017895","Bergman, Nils","",""
"SUWS017896","Anderson, Derek S.","",""
"SUWS017899","Anderson, Derek S.","",""
"SUWS017900","Bergman, Nils","",""
"SUWS017901","Bergman, Nils","",""
"SUWS017905","Hlina, Paul","",""
"SUWS017906","Crook, Trista","",""
"SUWS017909","Bergman, Nils","",""
"SUWS017910","Hlina, Paul","",""
"SUWS017917","Crook, Trista","",""
"SUWS017918","Davidson, Donald W.","",""
"SUWS017919","Davidson, Donald W.","",""
"SUWS017939","Bergman, Nils","",""
"SUWS017940","Stauff, Janelle","",""
"SUWS017941","Crook, Trista","",""
"SUWS017943","Hlina, Paul","",""
"SUWS017944","Bergman, Nils","",""
"SUWS017948","Crook, Trista","",""
"SUWS017949","Hlina, Paul","",""
"SUWS017956","Hlina, Paul","",""
"SUWS017959","Davidson, Donald W.","",""
"SUWS017973","Bergman, Nils","",""
"SUWS017975","Davidson, Donald W.","",""
"SUWS017976","Davidson, Donald W.","",""
"SUWS017978","Hlina, Paul","",""
"SUWS017979","Hlina, Paul","",""
"SUWS017980","Bergman, Nils","",""
"SUWS017981","Hlina, Paul","",""
"SUWS017984","Hlina, Paul","",""
"SUWS017990","Hlina, Paul","",""
"SUWS017992","Crook, Trista","",""
"SUWS017993","Davidson, Donald W.","",""
"SUWS018000","Bergman, Nils","",""
"SUWS018003","Hlina, Paul","",""
"SUWS018005","Hlina, Paul","",""
"SUWS018006","Hlina, Paul","",""
"SUWS018007","Hlina, Paul","",""
"SUWS018009","Hlina, Paul","",""
"SUWS018010","Bergman, Nils","",""
"SUWS018013","Crook, Trista","",""
"SUWS018014","Stauff, Janelle","",""
"SUWS018016","Hlina, Paul","",""
"SUWS018018","Hlina, Paul","",""
"SUWS018022","Bergman, Nils","",""
"SUWS018023","Stauff, Janelle","",""
"SUWS018025","Davidson, Donald W.","",""
"SUWS018026","Hlina, Paul","",""
"SUWS018033","Pearson, Greta","",""
"SUWS018035","Pearson, Greta","",""
"SUWS018039","Pearson, Greta","",""
"SUWS018046","Pearson, Greta","",""
"SUWS018050","Schmitz, Katie","",""
"SUWS018061","Hlina, Benjamin","",""
"SUWS018063","Anderson, Derek S.","",""
"SUWS018064","Hlina, Benjamin","",""
"SUWS018065","Hlina, Benjamin","",""
"SUWS018066","Hlina, Benjamin","",""
"SUWS018067","Hlina, Benjamin","",""
"SUWS018068","Hlina, Benjamin","",""
"SUWS018069","Hlina, Benjamin","",""
"SUWS018071","Hlina, Benjamin","",""
"SUWS018074","Hlina, Benjamin","",""
"SUWS018079","Anderson, Derek S.","",""
"SUWS018081","Anderson, Derek S.","",""
"SUWS018083","Anderson, Derek S.","",""
"SUWS018084","Anderson, Derek S.","",""
"SUWS018085","Anderson, Derek S.","",""
"SUWS018087","Anderson, Derek S.","",""
