"catalogNumber","class","order","family","scientificName","taxonID","scientificNameAuthorship","genus","specificEpithet","infraspecificEpithet","taxonRank","identifiedBy","dateIdentified","collectedBy","recordNumber","eventDate","year","month","day","startDayOfYear","verbatimEventDate","occurrenceRemarks","habitat","informationWithheld","county","locality","decimalLatitude","decimalLongitude","geodeticDatum","coordinateUncertaintyInMeters","N_latitude","W_longitude","georeferenceProtocol","georeferenceSources","georeferenceRemarks","minimumElevationInMeters","verbatimElevation","month_fctr","recordedBy_og","coll_gr"
"SUWS010001","Equisetopsida","Lycopodiales","Lycopodiaceae","Lycopodium annotinum",13350,"L.","Lycopodium","annotinum","","","","","Granlund, Marvin","s.n.","1967-07-13",1967,7,13,194,"1967-07-13","","Deep woods.",NA,"Bayfield","Drummond. 3 miles SE of Drummond",46.30617,-91.21348,NA,1975,"46.306170 N"," 91.213480 W","Georeferencing Quick Reference Guide 2012-10-02","Geolocate","",NA,"","July","Granlund, Marvin","Other Collectors"
"SUWS010007","Equisetopsida","Lycopodiales","Lycopodiaceae","Lycopodium annotinum",13350,"L.","Lycopodium","annotinum","","","","","Zirngibl, William","s.n","1984-09-13",1984,9,13,257,"1984-09-13","","Mature pine forest.",NA,"Douglas","0.5 miles from the end of Wisconsin Point, Lake side",46.69966,-92.00158,NA,1551,"46.699660 N"," 92.001580 W","Georeferencing Quick Reference Guide 2012-10-02","Geolocate","",NA,"","September","Zirngibl, William","Other Collectors"
"SUWS010010","Equisetopsida","Lycopodiales","Lycopodiaceae","Lycopodium annotinum",13350,"L.","Lycopodium","annotinum","","","","","Davidson, Donald W.","s.n.","1985-11-20",1985,11,20,324,"1985-11-20","","Aspen being replaced by mesic hardwoods, balsam fir, and paper birch.",NA,"Ashland","National Forest Rd. 187. Near Morgan Falls",46.34717,-90.9163,NA,429,"46.347170 N"," 90.916300 W","Georeferencing Quick Reference Guide 2012-10-02","Geolocate","",NA,"","November","Davidson, Donald W.; Heim, Mike, Johnson, Robbye","Davidson, Donald W."
"SUWS010011","Equisetopsida","Lycopodiales","Lycopodiaceae","Lycopodium annotinum",13350,"L.","Lycopodium","annotinum","","","","","Zirngibl, William","s.n.","1985-09-13",1985,9,13,256,"1985-09-13","","Mature white pine.",NA,"Douglas","Wisconsin Point, a sand spit forming the Superior Harbor. 0.5 mile from tip of Point. 0.5 way between lake and road. Fossil Dunes.",46.69966,-92.00158,NA,1551,"46.699660 N"," 92.001580 W","Georeferencing Quick Reference Guide 2012-10-02","Geolocate","",NA,"","September","Zirngibl, William","Other Collectors"
"SUWS010012","Equisetopsida","Lycopodiales","Lycopodiaceae","Lycopodium annotinum",13350,"L.","Lycopodium","annotinum","","","","","Davidson, Donald W.","s.n.","1985-11-20",1985,11,20,324,"1985-11-20","","Aspen being replaced by mesic hardwoods, balsam fir, and paper birch.",NA,"Ashland","National Forest Rd 187. Near Morgan Falls",46.32062,-90.85862,NA,5298,"46.320620 N"," 90.858620 W","Georeferencing Quick Reference Guide 2012-10-02","Geolocate","",NA,"","November","Davidson, Donald W.; Johnson, Robbye, Heim, Michael","Davidson, Donald W."
"SUWS010014","Equisetopsida","Lycopodiales","Lycopodiaceae","Lycopodium annotinum",13350,"L.","Lycopodium","annotinum","","","","","Zarling, Ruth","s.n.","1967-07-11",1967,7,11,192,"1967-07-11","","Hemlock forest.",NA,"Bayfield","Drummond. NE of Drummond on Donald's road",46.37173,-91.21608,NA,1757,"46.371730 N"," 91.216080 W","Georeferencing Quick Reference Guide 2012-10-02","Geolocate","",NA,"","July","Zarling, Ruth","Other Collectors"
"SUWS010015","Equisetopsida","Lycopodiales","Lycopodiaceae","Lycopodium clavatum",4148,"L.","Lycopodium","clavatum","","","Cochrane, Theodore S.","","Richardson, Timothy","77","1969-10-24",1969,10,24,297,"1969-10-24","","Rocky soil in hardwood forest. The very long, more or less twisted weak tips on the leaves distinguish this species from the others.",NA,"Ashland","Sanborn. Morgan Falls, 5 miles S of Feeney Rd. S of Sanborn",46.34717,-90.9163,NA,429,"46.347170 N"," 90.916300 W","Georeferencing Quick Reference Guide 2012-10-02","Geolocate","",NA,"","October","Richardson, Timothy","Other Collectors"
"SUWS010023","Equisetopsida","Lycopodiales","Lycopodiaceae","Lycopodium clavatum",4148,"L.","Lycopodium","clavatum","","","Peck, James H.","","Brashier","PL-247","1964-06-27",1964,6,27,179,"1964-06-27","","Dry forest floor.",NA,"Bayfield","Pigeon Lake Field Station",46.34228,-91.34901,NA,2257,"46.342280 N"," 91.349010 W","Georeferencing Quick Reference Guide 2012-10-02","Geolocate","",NA,"","June","Brashier; Raatz","Brashier"
"SUWS010024","Equisetopsida","Lycopodiales","Lycopodiaceae","Lycopodium clavatum",4148,"L.","Lycopodium","clavatum","","","Peck, James H.","","Zarling, Ruth","s.n.","1967-07-11",1967,7,11,192,"1967-07-11","","Hemlock forest.",NA,"Bayfield","Drummond. NE of Drummond on Donald's road",46.37173,-91.21608,NA,1757,"46.371730 N"," 91.216080 W","Georeferencing Quick Reference Guide 2012-10-02","Geolocate","",NA,"","July","Zarling, Ruth","Other Collectors"
"SUWS010025","Equisetopsida","Lycopodiales","Lycopodiaceae","Lycopodium clavatum",4148,"L.","Lycopodium","clavatum","","","Peck, James H.","","Severson, Bob","s.n.","1967-07-22",1967,7,22,203,"1967-07-22","","Moist, low, woodlands.",NA,"Bayfield","Drummond. 4 mi. S of Drummond on Natl. Forest Road 213",46.2778,-91.27891,NA,2517,"46.277800 N"," 91.278910 W","Georeferencing Quick Reference Guide 2012-10-02","Geolocate","",NA,"","July","Severson, Bob","Other Collectors"
"SUWS010026","Equisetopsida","Lycopodiales","Lycopodiaceae","Lycopodium clavatum",4148,"L.","Lycopodium","clavatum","","","","","Mitchell, John A.","s.n.","1968-05-01",1968,5,1,122,"1968-05-01","","Very damp area in mixed hardwoods, ground with grasses and sedges.",NA,"Bayfield","Iron River. Near Muskellunge Lake, S of Iron River",46.49791,-91.37486,NA,619,"46.497910 N"," 91.374860 W","Georeferencing Quick Reference Guide 2012-10-02","Geolocate","",NA,"","May","Mitchell, John A.","Other Collectors"
"SUWS010027","Equisetopsida","Lycopodiales","Lycopodiaceae","Lycopodium clavatum",4148,"L.","Lycopodium","clavatum","","","","","Cherf","s.n.","1964-07-10",1964,7,10,192,"1964-07-10","","Open woods off nature trail.",NA,"Bayfield","Pigeon Lake Field Station",46.34228,-91.34901,NA,2257,"46.342280 N"," 91.349010 W","Georeferencing Quick Reference Guide 2012-10-02","Geolocate","",NA,"","July","Cherf; Brashier","Other Collectors"
"SUWS010030","Equisetopsida","Lycopodiales","Lycopodiaceae","Lycopodium dendroideum",12974,"Michx.","Lycopodium","dendroideum","","","Peck, James H.","","Zarling, Ruth","s.n.","1967-07-11",1967,7,11,192,"1967-07-11","","Hemlock forest.",NA,"Bayfield","Drummond. On Donald's Road",46.37173,-91.21608,NA,1757,"46.371730 N"," 91.216080 W","Georeferencing Quick Reference Guide 2012-10-02","Geolocate","",NA,"","July","Zarling, Ruth","Other Collectors"
"SUWS010031","Equisetopsida","Lycopodiales","Lycopodiaceae","Lycopodium dendroideum",12974,"Michx.","Lycopodium","dendroideum","","","Peck, James H.","","Cherf","s.n.","1964-07-15",1964,7,15,197,"1964-07-15","","Open woods.",NA,"Bayfield","Pigeon Lake Field Station",46.34228,-91.34901,NA,2257,"46.342280 N"," 91.349010 W","Georeferencing Quick Reference Guide 2012-10-02","Geolocate","",NA,"","July","Cherf; Brashier","Other Collectors"
"SUWS010033","Equisetopsida","Lycopodiales","Lycopodiaceae","Lycopodium dendroideum",12974,"Michx.","Lycopodium","dendroideum","","","Peck, James H.","","Brashier","PL-250","1964-07-02",1964,7,2,184,"1964-07-02","","Forest floor.",NA,"Bayfield","Pigeon Lake Field Station",46.34228,-91.34901,NA,2257,"46.342280 N"," 91.349010 W","Georeferencing Quick Reference Guide 2012-10-02","Geolocate","",NA,"","July","Brashier; Parrish","Brashier"
"SUWS010037","Equisetopsida","Lycopodiales","Lycopodiaceae","Lycopodium dendroideum",12974,"Michx.","Lycopodium","dendroideum","","","","","Davidson, Donald W.","s.n.","1985-11-20",1985,11,20,324,"1985-11-20","","Aspen being replaced by mesic hardwoods. Balsam fir and paper birch.",NA,"Ashland","National Forest Rd. 187. Near Morgan Falls",46.34717,-90.9163,NA,429,"46.347170 N"," 90.916300 W","Georeferencing Quick Reference Guide 2012-10-02","Geolocate","",NA,"","November","Davidson, Donald W.; Heim, Mike, Johnson, Robbye","Davidson, Donald W."
"SUWS010039","Equisetopsida","Lycopodiales","Lycopodiaceae","Lycopodium dendroideum",12974,"Michx.","Lycopodium","dendroideum","","","Peck, James H.","","Pilt, Karen","s.n.","1967-07-22",1967,7,22,203,"1967-07-22","","Hemlock forest.",NA,"Bayfield","Drummond. NE of Drummond, S on Donald's Road.",46.37173,-91.21608,NA,1757,"46.371730 N"," 91.216080 W","Georeferencing Quick Reference Guide 2012-10-02","Geolocate","",NA,"","July","Pilt, Karen","Other Collectors"
"SUWS010040","Equisetopsida","Lycopodiales","Lycopodiaceae","Lycopodium obscurum",12976,"L.","Lycopodium","obscurum","","","","","Davidson, Donald W.","s.n.","1985-11-20",1985,11,20,324,"1985-11-20","","Near stream, mixed hard and softwood mature forest.",NA,"Ashland","Above Morgan Falls",46.34717,-90.9163,NA,429,"46.347170 N"," 90.916300 W","Georeferencing Quick Reference Guide 2012-10-02","Geolocate","",NA,"","November","Davidson, Donald W.; Heim, Mike, Johnson, Robbye","Davidson, Donald W."
"SUWS010042","Equisetopsida","Lycopodiales","Lycopodiaceae","Lycopodium dendroideum",12974,"Michx.","Lycopodium","dendroideum","","","","","Zirngibl, William","s.n.","1984-09-13",1984,9,13,257,"1984-09-13","","Mature white pine forest.",NA,"Douglas","Wisconsin Point, a sand spit forming the Superior Harbor. Lakeside 1 mile from tip. Fossil Dunes.",46.69966,-92.00158,NA,1551,"46.699660 N"," 92.001580 W","Georeferencing Quick Reference Guide 2012-10-02","Geolocate","",NA,"","September","Zirngibl, William","Other Collectors"
"SUWS010048","Equisetopsida","Lycopodiales","Lycopodiaceae","Diphasiastrum digitatum",3414,"(Dill. ex A.Braun) Holub","Diphasiastrum","digitatum","","","","","Davidson, Donald W.","s.n.","1985-08-16",1985,8,16,228,"1985-08-16","","Mixed deciduous and coniferous forest.",NA,"Douglas","3 miles S of Lake Amnicon and 500 ft E of CTH A",46.43215,-92.06223,NA,927,"46.432150 N"," 92.062230 W","Georeferencing Quick Reference Guide 2012-10-02","Geolocate","",NA,"","August","Davidson, Donald W.; Zirngibl, William","Davidson, Donald W."
"SUWS010049","Equisetopsida","Lycopodiales","Lycopodiaceae","Diphasiastrum digitatum",3414,"(Dill. ex A.Braun) Holub","Diphasiastrum","digitatum","","","","","Davidson, Donald W.","s.n.","1985-08-16",1985,8,16,228,"1985-08-16","","Mixed deciduous and coniferous forest.",NA,"Douglas","3 miles S of Lake Amnicon and 500 ft E of CTH A",46.43215,-92.06223,NA,927,"46.432150 N"," 92.062230 W","Georeferencing Quick Reference Guide 2012-10-02","Geolocate","",NA,"","August","Davidson, Donald W.; Zirngibl, William","Davidson, Donald W."
"SUWS010050","Equisetopsida","Lycopodiales","Lycopodiaceae","Diphasiastrum digitatum",3414,"(Dill. ex A.Braun) Holub","Diphasiastrum","digitatum","","","","","Davidson, Donald W.","s.n.","1985-11-20",1985,11,20,324,"1985-11-20","","Aspen being replaced by mesic hardwoods Balsam fir and paper birch.",NA,"Ashland","Rd. 187 (National Forest Road). Near Morgan Falls.",46.34717,-90.9163,NA,429,"46.347170 N"," 90.916300 W","Georeferencing Quick Reference Guide 2012-10-02","Geolocate","",NA,"","November","Davidson, Donald W.; Johnson, Robbye, Heim, Michael","Davidson, Donald W."
"SUWS010051","Equisetopsida","Lycopodiales","Lycopodiaceae","Diphasiastrum digitatum",3414,"(Dill. ex A.Braun) Holub","Diphasiastrum","digitatum","","","","","Brashier","PL-252","1964-07-06",1964,7,6,188,"1964-07-06","","Hardwood forest floor.",NA,"Bayfield","Pigeon Lake Field Station",46.34228,-91.34901,NA,2257,"46.342280 N"," 91.349010 W","Georeferencing Quick Reference Guide 2012-10-02","Geolocate","",NA,"","July","Brashier; Smith","Brashier"
"SUWS010052","Equisetopsida","Lycopodiales","Lycopodiaceae","Diphasiastrum digitatum",3414,"(Dill. ex A.Braun) Holub","Diphasiastrum","digitatum","","","","","Mitchell, John A.","s.n.","1968-05-01",1968,5,1,122,"1968-05-01","","Moist area beneath large old growth of white pine.",NA,"Bayfield","Iron River. S shore, Twin Bear Lake, S of Iron River",46.50626,-91.36704,NA,1083,"46.506260 N"," 91.367040 W","Georeferencing Quick Reference Guide 2012-10-02","Geolocate","",NA,"","May","Mitchell, John A.","Other Collectors"
"SUWS010053","Equisetopsida","Lycopodiales","Lycopodiaceae","Diphasiastrum digitatum",3414,"(Dill. ex A.Braun) Holub","Diphasiastrum","digitatum","","","","","Johnson, Kurt","s.n.","1967-07-12",1967,7,12,193,"1967-07-12","","Woods.",NA,"Bayfield","Drummond. Donald's Road, 3 mi. NE of Drummond",46.37173,-91.21608,NA,1757,"46.371730 N"," 91.216080 W","Georeferencing Quick Reference Guide 2012-10-02","Geolocate","",NA,"","July","Johnson, Kurt","Other Collectors"
"SUWS010054","Equisetopsida","Lycopodiales","Lycopodiaceae","Diphasiastrum digitatum",3414,"(Dill. ex A.Braun) Holub","Diphasiastrum","digitatum","","","","","Brashier","PL-251","1964-07-15",1964,7,15,197,"1964-07-15","","Forest floor.",NA,"Bayfield","Pigeon Lake Field Station",46.34228,-91.34901,NA,2257,"46.342280 N"," 91.349010 W","Georeferencing Quick Reference Guide 2012-10-02","Geolocate","",NA,"","July","Brashier; Walvoord","Brashier"
"SUWS010056","Equisetopsida","Lycopodiales","Lycopodiaceae","Huperzia lucidula",3885,"(Michx.) Trevis.","Huperzia","lucidula","","","","","Mitchell, John A.","s.n.","1968-05-01",1968,5,1,122,"1968-05-01","","Just above lake edge on slope bank beneath large old growth white pines, soil sandy and covered with needles.",NA,"Bayfield","Iron River. S shore Twin Bear Lake, S of Iron River",46.50626,-91.36704,NA,1083,"46.506260 N"," 91.367040 W","Georeferencing Quick Reference Guide 2012-10-02","Geolocate","",NA,"","May","Mitchell, John A.","Other Collectors"
"SUWS010070","Equisetopsida","Lycopodiales","Lycopodiaceae","Diphasiastrum tristachyum",3415,"(Pursh) Holub","Diphasiastrum","tristachyum","","","","","Zarling, Ruth","s.n.","1967-07-28",1967,7,28,209,"1967-07-28","","Jack pine forest.",NA,"Bayfield","On CTH N, 5 miles from Pigeon Lake Field Station",46.33991,-91.36446,NA,9024,"46.339910 N"," 91.364460 W","Georeferencing Quick Reference Guide 2012-10-02","Geolocate","",NA,"","July","Zarling, Ruth","Other Collectors"
"SUWS010072","Equisetopsida","Lycopodiales","Lycopodiaceae","Diphasiastrum tristachyum",3415,"(Pursh) Holub","Diphasiastrum","tristachyum","","","","","Zirngibl, William","s.n.","1985-07-20",1985,7,20,201,"1985-07-20","","Mature poplar and pine forest about 15 ft. from edge of swamp. Deep rhizome not surficial.",NA,"Price","9 miles N of Phillips, E side of Rd. (Hwy 13), Property of Roger Kreger. [W of Coolidge Lake]",45.82694,-90.40043,NA,3036,"45.826940 N"," 90.400430 W","Georeferencing Quick Reference Guide 2012-10-02","Geolocate","",NA,"","July","Zirngibl, William","Other Collectors"
"SUWS010073","Equisetopsida","Lycopodiales","Lycopodiaceae","Diphasiastrum tristachyum",3415,"(Pursh) Holub","Diphasiastrum","tristachyum","","","","","Johnson, Robbye","s.n.","1985-10-09",1985,10,9,282,"1985-10-09","","",NA,"Bayfield","1.5 miles N by NE of CTH A and National Forest Rd. 390 [there is no FR 390, there is 391 just S of Camp Nine Lake that jcts. with CTH A]",46.40073,-91.41715,NA,819,"46.400730 N"," 91.417150 W","Georeferencing Quick Reference Guide 2012-10-02","Geolocate","",NA,"","October","Johnson, Robbye","Other Collectors"
"SUWS010075","Equisetopsida","Lycopodiales","Lycopodiaceae","Diphasiastrum tristachyum",3415,"(Pursh) Holub","Diphasiastrum","tristachyum","","","","","Johnson, Robbye","s.n.","1985-10-09",1985,10,9,282,"1985-10-09","","",NA,"Bayfield","Iron River. Fred's Rd. Chequmegon National Forest, off of CTH A in Iron River",46.62887,-91.31853,NA,7370,"46.628870 N"," 91.318530 W","Georeferencing Quick Reference Guide 2012-10-02","Geolocate","",NA,"","October","Johnson, Robbye","Other Collectors"
"SUWS010076","Equisetopsida","Lycopodiales","Lycopodiaceae","Diphasiastrum tristachyum",3415,"(Pursh) Holub","Diphasiastrum","tristachyum","","","","","Johnson, Robbye","s.n.","1985-10-09",1985,10,9,282,"1985-10-09","","Brush prairie, burned 10 years before collection, full sun.",NA,"Douglas","CTH T and Cronin Rd. S Douglas Co. [can't find Cronin Rd.]",46.18661,-91.98815,NA,14403,"46.186610 N"," 91.988150 W","Georeferencing Quick Reference Guide 2012-10-02","Geolocate","",NA,"","October","Johnson, Robbye","Other Collectors"
"SUWS010078","Equisetopsida","Equisetales","Equisetaceae","Equisetum arvense",3530,"L.","Equisetum","arvense","","","Peck, James H.","","Thomson, John W., Jr.","s.n.","1942-07-18",1942,7,18,199,"1942-07-18","","",NA,"Douglas","Superior. Sand Island in Superior Bay",46.73216,-92.0663,NA,5466,"46.732160 N"," 92.066300 W","Georeferencing Quick Reference Guide 2012-10-02","Geolocate","",NA,"","July","Thomson, John W., Jr.; Smith, C. W.","Thomson, John W., Jr."
"SUWS010090","Equisetopsida","Selaginellales","Selaginellaceae","Selaginella rupestris",5023,"(L.) Spring","Selaginella","rupestris","","","Peck, James H.","","Cherf","s.n.","1964-07-25",1964,7,25,207,"1964-07-25","","On rock in side of cliff.",NA,"Bayfield","Pigeon Lake Biology Station",46.34228,-91.34901,NA,2257,"46.342280 N"," 91.349010 W","Georeferencing Quick Reference Guide 2012-10-02","Geolocate","",NA,"","July","Cherf; Brashier","Other Collectors"
"SUWS010091","Equisetopsida","Ophioglossales","Ophioglossaceae","Botrychium virginianum",12874,"(L.) Sw.","Botrychium","virginianum","","","Peck, James H.","","Brashier","PL-229","1964-07-15",1964,7,15,197,"1964-07-15","","Floor of virgin hemlock forest.",NA,"Bayfield","Pigeon Lake Biology Station",46.34228,-91.34901,NA,2257,"46.342280 N"," 91.349010 W","Georeferencing Quick Reference Guide 2012-10-02","Geolocate","",NA,"","July","Brashier; Cherf","Brashier"
"SUWS010095","Equisetopsida","Osmundales","Osmundaceae","Osmunda cinnamomea",4382,"L.","Osmunda","cinnamomea","","","","","Brashier","PL-227","1964-07-04",1964,7,4,186,"1964-07-04","","Shady forest floor.",NA,"Bayfield","Pigeon Lake Field Station",46.34228,-91.34901,NA,2257,"46.342280 N"," 91.349010 W","Georeferencing Quick Reference Guide 2012-10-02","Geolocate","",NA,"","July","Brashier; Grage","Brashier"
"SUWS010097","Equisetopsida","Osmundales","Osmundaceae","Osmunda cinnamomea",4382,"L.","Osmunda","cinnamomea","","","","","Brashier","PL-240","1964-06-30",1964,6,30,182,"1964-06-30","","Forest floor.",NA,"Bayfield","Pigeon Lake Field Station",46.34228,-91.34901,NA,2257,"46.342280 N"," 91.349010 W","Georeferencing Quick Reference Guide 2012-10-02","Geolocate","",NA,"","June","Brashier","Brashier"
"SUWS010098","Equisetopsida","Osmundales","Osmundaceae","Osmunda cinnamomea",4382,"L.","Osmunda","cinnamomea","","","","","Brashier","PL-225","1964-06-30",1964,6,30,182,"1964-06-30","","Shady, moist forest floor.",NA,"Bayfield","Pigeon Lake Field Station",46.34228,-91.34901,NA,2257,"46.342280 N"," 91.349010 W","Georeferencing Quick Reference Guide 2012-10-02","Geolocate","",NA,"","June","Brashier; Raatz","Brashier"
"SUWS010103","Equisetopsida","Osmundales","Osmundaceae","Osmunda claytoniana",4383,"L.","Osmunda","claytoniana","","","","","Thomson, John W., Jr.","s.n.","1942-06-27",1942,6,27,178,"1942-06-27","","",NA,"Douglas","Superior. Road to Wisconsin Point",46.69472,-91.99265,NA,2450,"46.694720 N"," 91.992650 W","Georeferencing Quick Reference Guide 2012-10-02","Geolocate","",NA,"","June","Thomson, John W., Jr.","Thomson, John W., Jr."
"SUWS010119","Equisetopsida","Polypodiales","Thelypteridaceae","Phegopteris connectilis",4474,"(Michx.) Watt","Phegopteris","connectilis","","","Peck, James H.","1978","Koch, Rudy G.","8858","1974-07-25",1974,7,25,206,"1974-07-25","","Forest, maple stand.",NA,"Ashland","Stockton Island. One of the Apostle Island group; ca. 10 miles NE of Bayfield",46.13035,-90.66867,NA,13163,"46.130350 N"," 90.668670 W","Georeferencing Quick Reference Guide 2012-10-02","Geolocate","",NA,"","July","Koch, Rudy G.","Koch, Rudy G."
"SUWS010121","Equisetopsida","Polypodiales","Dryopteridaceae","Athyrium filix-femina var. angustum",6516,"(Willd.) G.Lawson","Athyrium","filix-femina","angustum","var.","","","Koch, Rudy G.","6187","1969-08-21",1969,8,21,233,"1969-08-21","","Deciduous woods with some conifers, sandy soil in a shady area, along trail.",NA,"Bayfield","Drummond. Lake Owen Campground area, ca 5 mi. W of Drummond",46.33685,-91.36282,NA,2559,"46.336850 N"," 91.362820 W","Georeferencing Quick Reference Guide 2012-10-02","Geolocate","",NA,"","August","Koch, Rudy G.","Koch, Rudy G."
"SUWS010126","Equisetopsida","Polypodiales","Dryopteridaceae","Athyrium filix-femina var. angustum",6516,"(Willd.) G.Lawson","Athyrium","filix-femina","angustum","var.","","","Michell, John","s.n.","1968-07-14",1968,7,14,196,"1968-07-14","","Marsh with mostly black ash present, shady.",NA,"Douglas","Marsh area 800 ft. from Big Lake, Brule River 0.5 mile S of access landing.",46.47883,-91.60297,NA,986,"46.478830 N"," 91.602970 W","Georeferencing Quick Reference Guide 2012-10-02","Geolocate","",NA,"","July","Michell, John","Other Collectors"
"SUWS010131","Equisetopsida","Polypodiales","Dryopteridaceae","Gymnocarpium dryopteris",3784,"(L.) Newman","Gymnocarpium","dryopteris","","","Peck, James H.","1978","Mitchell, John A.","s.n.","1968-07-28",1968,7,28,210,"1968-07-28","","Cedar grove, old growth, very shady, growing mostly on rotting wood with moss.",NA,"Douglas","E of Stone's Bridge, CTH S, Brule River",46.43413,-91.67513,NA,1371,"46.434130 N"," 91.675130 W","Georeferencing Quick Reference Guide 2012-10-02","Geolocate","",NA,"","July","Mitchell, John A.","Other Collectors"
"SUWS010136","Equisetopsida","Polypodiales","Dryopteridaceae","Matteuccia struthiopteris var. pensylvanica",4206,"(Willd.) C.V.Morton","Matteuccia","struthiopteris","pensylvanica","var.","","","","s.n.","1942-07-13",1942,7,13,194,"1942-07-13","","Creek valley.",NA,"Douglas","Dewey. Clear Creek, S of Dewey",46.55439,-92.24019,NA,2085,"46.554390 N"," 92.240190 W","Georeferencing Quick Reference Guide 2012-10-02","Geolocate","",NA,"","July","","Other Collectors"
"SUWS010138","Equisetopsida","Polypodiales","Dryopteridaceae","Onoclea sensibilis",4358,"L.","Onoclea","sensibilis","","","Peck, James H.","1978","Brashier","PL-233","1964-07-08",1964,7,8,190,"1964-07-08","","Forest floor.",NA,"Bayfield","Pigeon Lake Field Station",46.34228,-91.34901,NA,2257,"46.342280 N"," 91.349010 W","Georeferencing Quick Reference Guide 2012-10-02","Geolocate","",NA,"","July","Brashier; Parrish","Brashier"
"SUWS010148","Equisetopsida","Polypodiales","Dryopteridaceae","Dryopteris intermedia",3446,"(Muhl. ex Willd.) A.Gray","Dryopteris","intermedia","","","Peck, James H.","1978","Koch, Rudy G.","8848","1974-07-25",1974,7,25,206,"1974-07-25","","Forest floor, maple stand.",NA,"Ashland","Stockton Island. Stockton Island in the Apostle Island group; ca. 10 miles NE of Bayfield",46.93799,-90.57852,NA,6365,"46.937990 N"," 90.578520 W","Georeferencing Quick Reference Guide 2012-10-02","Geolocate","",NA,"","July","Koch, Rudy G.","Koch, Rudy G."
"SUWS010150","Equisetopsida","Polypodiales","Dryopteridaceae","Dryopteris intermedia",3446,"(Muhl. ex Willd.) A.Gray","Dryopteris","intermedia","","","Peck, James H.","1978","Brashier","PL-237","1964-07-20",1964,7,20,202,"1964-07-20","","Wet soil near bog.",NA,"Bayfield","Pigeon Lake Field Station",46.34228,-91.34901,NA,2257,"46.342280 N"," 91.349010 W","Georeferencing Quick Reference Guide 2012-10-02","Geolocate","",NA,"","July","Brashier; Cherf","Brashier"
"SUWS010152","Equisetopsida","Polypodiales","Dryopteridaceae","Dryopteris intermedia",3446,"(Muhl. ex Willd.) A.Gray","Dryopteris","intermedia","","","Peck, James H.","1977","Koch, Rudy G.","6812","1970-06-27",1970,6,27,178,"1970-06-27","","Mixed decidous forest.",NA,"Bayfield","Drummond. Perch Lake Campground area, Chequamegon National Forest; ca 5 mi. N of Drummond",46.38856,-91.26936,NA,2334,"46.388560 N"," 91.269360 W","Georeferencing Quick Reference Guide 2012-10-02","Geolocate","",NA,"","June","Koch, Rudy G.","Koch, Rudy G."
"SUWS010159","Equisetopsida","Polypodiales","Dryopteridaceae","Dryopteris intermedia",3446,"(Muhl. ex Willd.) A.Gray","Dryopteris","intermedia","","","Peck, James H.","1978","Brashier","PL-236","1964-07-08",1964,7,8,190,"1964-07-08","","Mixed forest undergrowth.",NA,"Bayfield","Pigeon Lake Field Station",46.34228,-91.34901,NA,2257,"46.342280 N"," 91.349010 W","Georeferencing Quick Reference Guide 2012-10-02","Geolocate","",NA,"","July","Brashier; Thoren","Brashier"
"SUWS010160","Equisetopsida","Polypodiales","Dryopteridaceae","Dryopteris carthusiana",3440,"(Vill.) H.P.Fuchs","Dryopteris","carthusiana","","","","","Koch, Rudy G.","8010","1973-08-02",1973,8,2,214,"1973-08-02","","",NA,"Ashland","Stockton Island. One of the Apostle Island group, ca. 10 miles NE Bayfield",46.13035,-90.66867,NA,13163,"46.130350 N"," 90.668670 W","Georeferencing Quick Reference Guide 2012-10-02","Geolocate","",NA,"","August","Koch, Rudy G.","Koch, Rudy G."
"SUWS010164","Equisetopsida","Pinales","Pinaceae","Abies balsamea",2407,"(L.) Mill.","Abies","balsamea","","","","","Brashier","PL-217","1964-07-20",1964,7,20,202,"1964-07-20","","",NA,"Bayfield","Pigeon Lake Field Station",46.34228,-91.34901,NA,2257,"46.342280 N"," 91.349010 W","Georeferencing Quick Reference Guide 2012-10-02","Geolocate","",NA,"","July","Brashier; Janowski","Brashier"
"SUWS010169","Equisetopsida","Pinales","Pinaceae","Picea mariana",4495,"(Mill.) Britton, Sterns & Poggenb.","Picea","mariana","","","","","Thomson, John W., Jr.","s.n.","1943-08-21",1943,8,21,233,"1943-08-21","","",NA,"Douglas","On upper Brule below Douglas Springs",46.553,-91.57658,NA,25304,"46.553000 N"," 91.576580 W","Georeferencing Quick Reference Guide 2012-10-02","Geolocate","",NA,"","August","Thomson, John W., Jr.; Fassett, Norman C.","Thomson, John W., Jr."
"SUWS010200","Equisetopsida","Alismatales","Potamogetonaceae","Potamogeton amplifolius",4615,"Tuck.","Potamogeton","amplifolius","","","","","Swanson, Denny","44","1980-08-05",1980,8,5,218,"1980-08-05","","Growing in 1 meter of water.",NA,"Douglas","Lyman Lake; 25 miles S of Superior",46.45669,-91.98397,NA,1672,"46.456690 N"," 91.983970 W","Georeferencing Quick Reference Guide 2012-10-02","Geolocate","",NA,"","August","Swanson, Denny","Other Collectors"
"SUWS010216","Equisetopsida","Alismatales","Potamogetonaceae","Potamogeton nodosus",4627,"Poir.","Potamogeton","nodosus","","","","","Sohmer, S. H.","7423","1973-06-05",1973,6,5,156,"1973-06-05","","",NA,"Vernon","Stoddard. Upper Mississippi Wildlife Preserve; near mile 685 of the Navigation channel [Near Stoddard]",43.63458,-91.22566,NA,4000,"43.634580 N"," 91.225660 W","Georeferencing Quick Reference Guide 2012-10-02","Geolocate","",NA,"","June","Sohmer, S. H.","Other Collectors"
"SUWS010225","Equisetopsida","Alismatales","Potamogetonaceae","Potamogeton pusillus",4632,"L.","Potamogeton","pusillus","","","","","Koch, Rudy G.","12557","1980-07-17",1980,7,17,199,"1980-07-17","","Growing in about 12 inches of water; silt-muck bottom.",NA,"Douglas","Superior. SW end of Allouez Bay at base of Wisconsin Point; ca. 3 miles SW of Superior",46.68671,-91.98638,NA,1562,"46.686710 N"," 91.986380 W","Georeferencing Quick Reference Guide 2012-10-02","Geolocate","",NA,"","July","Koch, Rudy G.","Koch, Rudy G."
"SUWS010318","Equisetopsida","Alismatales","Araceae","Arisaema triphyllum subsp. triphyllum",2605,"","Arisaema","triphyllum","triphyllum","subsp.","Gitar, Richard","28FEB1992","Brashier","29a","1964-06-04",1964,6,4,156,"1964-06-04","","Swampy, shaded area in deep woods, rich soil.",NA,"Manitowoc","Near Kasbuam Lake on State Hwy. 42 S of jct. with U.S. Hwy 151",44.05936,-87.73621,NA,200,"44.059360 N"," 87.736210 W","Georeferencing Quick Reference Guide 2012-10-02","Geolocate","",NA,"","June","Brashier; Romans","Brashier"
"SUWS010320","Equisetopsida","Alismatales","Araceae","Arisaema triphyllum subsp. triphyllum",2605,"","Arisaema","triphyllum","triphyllum","subsp.","Gitar, Richard","28FEB1992","Koch, Rudy G.","6946","1971-06-03",1971,6,3,154,"1971-06-03","","Hillside, oak-hickory woods; hills of the driftless area.",NA,"Richland","Boaz. Ca. 5 miles N of Boaz",43.40249,-90.5566,NA,3000,"43.402490 N"," 90.556600 W","Georeferencing Quick Reference Guide 2012-10-02","Geolocate","",NA,"","June","Koch, Rudy G.","Koch, Rudy G."
"SUWS010326","Equisetopsida","Alismatales","Araceae","Calla palustris",2830,"L.","Calla","palustris","","","","","Brashier","PL-25","1964-06-25",1964,6,25,177,"1964-06-25","","In water hole.",NA,"Bayfield","Near Pigeon Lake Field Station on Pigeon Lake Rd.",46.34228,-91.34901,NA,2257,"46.342280 N"," 91.349010 W","Georeferencing Quick Reference Guide 2012-10-02","Geolocate","",NA,"","June","Brashier; Valaskey","Brashier"
"SUWS010334","Equisetopsida","Alismatales","Araceae","Lemna trisulca",4038,"L.","Lemna","trisulca","","","","","Brimmer, K.","64","1974-09-11",1974,9,11,254,"1974-09-11","","Growing floating on the surface.",NA,"La Crosse","Nelson Park; N end of French Island",43.89342,-91.26951,NA,200,"43.893420 N"," 91.269510 W","Georeferencing Quick Reference Guide 2012-10-02","Geolocate","",NA,"","September","Brimmer, K.","Other Collectors"
"SUWS010351","Equisetopsida","Commelinales","Commelinaceae","Tradescantia ohiensis",8686,"Raf.","Tradescantia","ohiensis","","","","","Brashier","36b","1964-06-03",1964,6,3,155,"1964-06-03","","Near roadside picnic area on railroad embankment; sandy soil.",NA,"Juneau","Wonewoc. 1 mile N of Wonewoc on State Hwy. 82",43.66724,-90.22346,NA,1056,"43.667240 N"," 90.223460 W","Georeferencing Quick Reference Guide 2012-10-02","Geolocate","",NA,"","June","Brashier; Romans","Brashier"
"SUWS010355","Equisetopsida","Poales","Eriocaulaceae","Eriocaulon aquaticum",3557,"(Hill) Druce","Eriocaulon","aquaticum","","","Castle, R.","1994","Koch, Rudy G.","10016","1975-09-13",1975,9,13,256,"1975-09-13","","Sandy slough area behind lake.",NA,"Ashland","Stockton Island. One of the Apostle Island group; ca. 10 miles NE of Bayfield",46.13035,-90.66867,NA,13163,"46.130350 N"," 90.668670 W","Georeferencing Quick Reference Guide 2012-10-02","Geolocate","",NA,"","September","Koch, Rudy G.","Koch, Rudy G."
"SUWS010364","Equisetopsida","Poales","Juncaceae","Juncus alpinoarticulatus",3960,"Chaix","Juncus","alpinoarticulatus","","","Castle, R.","1994","Thomson, John W., Jr.","s.n.","1942-07-18",1942,7,18,199,"1942-07-18","","Island in bay.",NA,"Douglas","Superior. Sand Island in Superior Bay",46.73216,-92.0663,NA,5466,"46.732160 N"," 92.066300 W","Georeferencing Quick Reference Guide 2012-10-02","Geolocate","",NA,"","July","Thomson, John W., Jr.; Smith, C. W.","Thomson, John W., Jr."
"SUWS010366","Equisetopsida","Poales","Juncaceae","Juncus brevicaudatus",3964,"(Engelm.) Fernald","Juncus","brevicaudatus","","","","","Koch, Rudy G.","5157","1968-09-30",1968,9,30,274,"1968-09-30","","Sandy lake margin, roots in sand maintained by wave action.",NA,"Bayfield","Drummond. Ca. 5 miles W of Drummond; opposite field station on Pigeon Lake",46.33685,-91.36282,NA,2559,"46.336850 N"," 91.362820 W","Georeferencing Quick Reference Guide 2012-10-02","Geolocate","",NA,"","September","Koch, Rudy G.","Koch, Rudy G."
"SUWS010367","Equisetopsida","Poales","Juncaceae","Juncus bufonius",3965,"L.","Juncus","bufonius","","","","","Koch, Rudy G.","10021","1975-09-13",1975,9,13,256,"1975-09-13","","Sandy slough area behind lake.",NA,"Ashland","Stockton Island. One of the Apostle Island group; ca. 10 miles NE of Bayfield",46.13035,-90.66867,NA,13163,"46.130350 N"," 90.668670 W","Georeferencing Quick Reference Guide 2012-10-02","Geolocate","",NA,"","September","Koch, Rudy G.","Koch, Rudy G."
"SUWS010368","Equisetopsida","Poales","Juncaceae","Juncus bufonius",3965,"L.","Juncus","bufonius","","","Harriman, Neil A.","13May1976","Koch, Rudy G.","6157","1969-08-03",1969,8,3,215,"1969-08-03","","Newley graded lawn; adjacent to sidewalk.",NA,"Douglas","Superior. UW-Superior campus",46.71784,-92.08786,NA,699,"46.717840 N"," 92.087860 W","Georeferencing Quick Reference Guide 2012-10-02","Geolocate","",NA,"","August","Koch, Rudy G.","Koch, Rudy G."
"SUWS010369","Equisetopsida","Poales","Juncaceae","Juncus canadensis",3966,"J.Gay","Juncus","canadensis","","","Harriman, Neil A.","19Sep1974","Sohmer, S. H.","2858","1968-08-06",1968,8,6,219,"1968-08-06","","Woods and sandy soil; near public fishing area.",NA,"Monroe","Camp Mccoy. 1.5 miles W of Camp McCoy on Hwy. 21; near Fish Hatchery and La Crosse River Public Fishing Area",43.97591,-90.75207,NA,1000,"43.975910 N"," 90.752070 W","Georeferencing Quick Reference Guide 2012-10-02","Geolocate","",NA,"","August","Sohmer, S. H.","Other Collectors"
"SUWS010371","Equisetopsida","Pinales","Pinaceae","Pinus resinosa",4505,"Aiton","Pinus","resinosa","","","","","Anderson, Danette","43","1992-10-29",1992,10,29,303,"1992-10-29","","Pine forest. Mature tree, 30 ft. height.",NA,"Douglas","Superior",46.68122,-92.06631,NA,12939,"46.681220 N"," 92.066310 W","Georeferencing Quick Reference Guide 2012-10-02","Geolocate","",NA,"","October","Anderson, Danette","Other Collectors"
"SUWS010372","Equisetopsida","Pinales","Pinaceae","Pinus strobus",4506,"L.","Pinus","strobus","","","","","Anderson, Danette","41","1992-10-29",1992,10,29,303,"1992-10-29","","Pine forest. Mature tree, 35 ft. height.",NA,"Douglas","Superior",46.68122,-92.06631,NA,12939,"46.681220 N"," 92.066310 W","Georeferencing Quick Reference Guide 2012-10-02","Geolocate","",NA,"","October","Anderson, Danette","Other Collectors"
"SUWS010373","Equisetopsida","Pinales","Pinaceae","Larix laricina",4014,"(Du Roi) K.Koch","Larix","laricina","","","","","Anderson, Danette","36","1992-10-04",1992,10,4,278,"1992-10-04","","Deciduous and pine forest. Mature tree, 25 ft. height.",NA,"Douglas","Superior",46.68122,-92.06631,NA,12939,"46.681220 N"," 92.066310 W","Georeferencing Quick Reference Guide 2012-10-02","Geolocate","",NA,"","October","Anderson, Danette","Other Collectors"
"SUWS010374","Equisetopsida","Cupressales","Cupressaceae","Juniperus communis var. depressa",6709,"Pursh","Juniperus","communis","depressa","var.","","","Anderson, Danette","16","1992-09-20",1992,9,20,264,"1992-09-20","","Dry grassland with sandy soil near lake. Shrub.",NA,"Douglas","Superior. Near Lake Superior",46.69111,-91.91731,NA,29129,"46.691110 N"," 91.917310 W","Georeferencing Quick Reference Guide 2012-10-02","Geolocate","",NA,"","September","Anderson, Danette","Other Collectors"
"SUWS010375","Equisetopsida","Equisetales","Equisetaceae","Equisetum hyemale subsp. affine",6656,"(Engelm.) Calder & Roy L.Taylor","Equisetum","hyemale","affine","subsp.","","","Anderson, Danette","18","1992-09-12",1992,9,12,256,"1992-09-12","","Grassland, sandy soil. 1.5 ft height.",NA,"Douglas","Superior",46.68122,-92.06631,NA,12939,"46.681220 N"," 92.066310 W","Georeferencing Quick Reference Guide 2012-10-02","Geolocate","",NA,"","September","Anderson, Danette","Other Collectors"
"SUWS010376","Equisetopsida","Lycopodiales","Lycopodiaceae","Lycopodium annotinum",13350,"L.","Lycopodium","annotinum","","","","","Anderson, Danette","27","1992-10-04",1992,10,4,278,"1992-10-04","","Pine forest near lake.",NA,"Douglas","Superior. Near Lake Superior",46.69111,-91.91731,NA,29129,"46.691110 N"," 91.917310 W","Georeferencing Quick Reference Guide 2012-10-02","Geolocate","",NA,"","October","Anderson, Danette","Other Collectors"
"SUWS010385","Equisetopsida","Lamiales","Plantaginaceae","Linaria vulgaris",4078,"Mill.","Linaria","vulgaris","","","","","Anderson, Danette","05","1992-09-12",1992,9,12,256,"1992-09-12","","Grassland.",NA,"Douglas","Superior",46.68122,-92.06631,NA,12939,"46.681220 N"," 92.066310 W","Georeferencing Quick Reference Guide 2012-10-02","Geolocate","",NA,"","September","Anderson, Danette","Other Collectors"
"SUWS010389","Equisetopsida","Ericales","Ericaceae","Pyrola asarifolia subsp. asarifolia",6821,"","Pyrola","asarifolia","asarifolia","subsp.","","","Anderson, Danette","29","1992-10-04",1992,10,4,278,"1992-10-04","","Pine forest.",NA,"Douglas","Superior",46.68122,-92.06631,NA,12939,"46.681220 N"," 92.066310 W","Georeferencing Quick Reference Guide 2012-10-02","Geolocate","",NA,"","October","Anderson, Danette","Other Collectors"
"SUWS010427","Equisetopsida","Asterales","Asteraceae","Cirsium discolor",3138,"(Muhl. ex Willd.) Spreng.","Cirsium","discolor","","","","","Kristiansen, Stein","92/8","1992-09-20",1992,9,20,264,"1992-09-20","","Open field, high amount of humus, light clay.",NA,"Bayfield","Iron River. 5 miles N of Iron River",46.63677,-91.40825,NA,4108,"46.636770 N"," 91.408250 W","Georeferencing Quick Reference Guide 2012-10-02","Geolocate","",NA,"","September","Kristiansen, Stein","Other Collectors"
"SUWS010429","Equisetopsida","Asterales","Asteraceae","Anaphalis margaritacea",2518,"(L.) Benth. & Hook.f.","Anaphalis","margaritacea","","","","","Kristiansen, Stein","92-12","1992-09-20",1992,9,20,264,"1992-09-20","","Open field; light clay.",NA,"Bayfield","Iron River. 5 miles N of Iron River",46.63677,-91.40825,NA,4108,"46.636770 N"," 91.408250 W","Georeferencing Quick Reference Guide 2012-10-02","Geolocate","",NA,"","September","Kristiansen, Stein","Other Collectors"
"SUWS010430","Equisetopsida","Asterales","Asteraceae","Aster pilosus",13431,"Willd.","Aster","pilosus","","","","","Kristiansen, Stein","92/3","1992-09-20",1992,9,20,264,"1992-09-20","","Open field; light clay.",NA,"Bayfield","Iron River. 5 miles N of Iron River",46.63677,-91.40825,NA,4108,"46.636770 N"," 91.408250 W","Georeferencing Quick Reference Guide 2012-10-02","Geolocate","",NA,"","September","Kristiansen, Stein","Other Collectors"
"SUWS010438","Equisetopsida","Rosales","Rosaceae","Fragaria virginiana",3645,"Duchesne","Fragaria","virginiana","","","","","Munich, Robert A.","33/92","1992-10-20",1992,10,20,294,"1992-10-20","","Wet humus, many grasses, field. About 1 foot tall, running inbetween grasses, not erect.",NA,"Douglas","Superior. Billings Drive Archery Range in Superior Municipal Forest",46.68211,-92.15082,NA,2995,"46.682110 N"," 92.150820 W","Georeferencing Quick Reference Guide 2012-10-02","Geolocate","",NA,"","October","Munich, Robert A.","Other Collectors"
"SUWS010441","Equisetopsida","Equisetales","Equisetaceae","Equisetum arvense",3530,"L.","Equisetum","arvense","","","","","Kristiansen, Stein","92-7","1992-09-03",1992,9,3,247,"1992-09-03","","Moist humus clay. Several individuals clumped together, 1.5 ft. tall.",NA,"Douglas","Superior. Northern area in Superior Municipal Forest",46.69453,-92.14991,NA,2699,"46.694530 N"," 92.149910 W","Georeferencing Quick Reference Guide 2012-10-02","Geolocate","",NA,"","September","Kristiansen, Stein","Other Collectors"
"SUWS010444","Equisetopsida","Cupressales","Cupressaceae","Thuja occidentalis",5227,"L.","Thuja","occidentalis","","","","","Kristiansen, Stein","92-15","1992-10-30",1992,10,30,304,"1992-10-30","","Humus, moist, light clay.",NA,"Douglas","Superior. Northern area of Superior Municipal Forest",46.69453,-92.14991,NA,2699,"46.694530 N"," 92.149910 W","Georeferencing Quick Reference Guide 2012-10-02","Geolocate","",NA,"","October","Kristiansen, Stein","Other Collectors"
"SUWS010445","Equisetopsida","Aquifoliales","Aquifoliaceae","Ilex verticillata",3923,"(L.) A.Gray","Ilex","verticillata","","","","","Kristiansen, Stein","92-5","1992-09-20",1992,9,20,264,"1992-09-20","","Edge of dense woods, open field, humus clay.",NA,"Bayfield","Iron River. 5 mile N of Iron River",46.63677,-91.40825,NA,4108,"46.636770 N"," 91.408250 W","Georeferencing Quick Reference Guide 2012-10-02","Geolocate","",NA,"","September","Kristiansen, Stein","Other Collectors"
"SUWS010447","Equisetopsida","Rosales","Rosaceae","Rubus parviflorus",4884,"Nutt.","Rubus","parviflorus","","","","","Kristiansen, Stein","12-9","1992-10-03",1992,10,3,277,"1992-10-03","","Clay soil, dense forest canopy. Many in area.",NA,"Douglas","Superior. Northern area of Superior Municipal Forest",46.69453,-92.14991,NA,2699,"46.694530 N"," 92.149910 W","Georeferencing Quick Reference Guide 2012-10-02","Geolocate","",NA,"","October","Kristiansen, Stein","Other Collectors"
"SUWS010448","Equisetopsida","Rosales","Rosaceae","Sorbus americana",5108,"Marshall","Sorbus","americana","","","","","Kristiansen, Stein","92-19","1992-10-03",1992,10,3,277,"1992-10-03","","Moist woods, clay soil. Shrub, 7 feet tall, multi stemmed.",NA,"Douglas","Superior. Northern part of Superior Municipal Forest",46.69453,-92.14991,NA,2699,"46.694530 N"," 92.149910 W","Georeferencing Quick Reference Guide 2012-10-02","Geolocate","",NA,"","October","Kristiansen, Stein","Other Collectors"
"SUWS010449","Equisetopsida","Malpighiales","Salicaceae","Salix petiolaris",4957,"Sm.","Salix","petiolaris","","","","","Kristiansen, Stein","92-11","1992-09-19",1992,9,19,263,"1992-09-19","","Edge of field, with grasses, clay soil. Multi-stemmed shrub, 10 feet tall.",NA,"Douglas","Superior. Northern part of Superior Municipal Forest",46.69453,-92.14991,NA,2699,"46.694530 N"," 92.149910 W","Georeferencing Quick Reference Guide 2012-10-02","Geolocate","",NA,"","September","Kristiansen, Stein","Other Collectors"
"SUWS010451","Equisetopsida","Pinales","Pinaceae","Picea glauca",4494,"(Moench) Voss","Picea","glauca","","","","","Kristiansen, Stein","92-14","1992-10-30",1992,10,30,304,"1992-10-30","","Moist, high amount of humus, light clay.",NA,"Douglas","Superior. Northern area of Superior Municipal Forest",46.69453,-92.14991,NA,2699,"46.694530 N"," 92.149910 W","Georeferencing Quick Reference Guide 2012-10-02","Geolocate","",NA,"","October","Kristiansen, Stein","Other Collectors"
"SUWS010489","Equisetopsida","Lycopodiales","Lycopodiaceae","Lycopodium annotinum",13350,"L.","Lycopodium","annotinum","","","","","Thomson, John W., Jr.","s.n.","1942-04-19",1942,4,19,109,"1942-04-19","","In pine woods.",NA,"Douglas","Superior",46.68122,-92.06631,NA,12939,"46.681220 N"," 92.066310 W","Georeferencing Quick Reference Guide 2012-10-02","Geolocate","",NA,"","April","Thomson, John W., Jr.","Thomson, John W., Jr."
"SUWS010490","Equisetopsida","Lycopodiales","Lycopodiaceae","Lycopodium annotinum",13350,"L.","Lycopodium","annotinum","","","","","McGovern, Scott","92/16","1992-09-12",1992,9,12,256,"1992-09-12","","Jack pine forest, moss covered ground well shaded area. 4-5 in moss-like plant with above ground stem with many individual sprouts.",NA,"Douglas","Superior. 100 yds. from Lake Superior",46.69111,-91.91731,NA,29129,"46.691110 N"," 91.917310 W","Georeferencing Quick Reference Guide 2012-10-02","Geolocate","",NA,"","September","McGovern, Scott","Other Collectors"
"SUWS010491","Equisetopsida","Lycopodiales","Lycopodiaceae","Lycopodium annotinum",13350,"L.","Lycopodium","annotinum","","","Davidson, Donald W.","","Hansen, Perky","92/11","1992-09-22",1992,9,22,266,"1992-09-22","","Forest. Piney humus surounded by red pine trees and bunch berries. Collected vegetative specimen only.",NA,"Douglas","Superior. Wisconsin Point, a sand spit forming the Superior Harbor. Lake side",46.69472,-91.99265,NA,2450,"46.694720 N"," 91.992650 W","Georeferencing Quick Reference Guide 2012-10-02","Geolocate","",NA,"","September","Hansen, Perky","Other Collectors"
"SUWS010492","Equisetopsida","Lycopodiales","Lycopodiaceae","Lycopodium annotinum",13350,"L.","Lycopodium","annotinum","","","","","Munich, Robert A.","17/92","1992-10-12",1992,10,12,286,"1992-10-12","","Very moist humus, leave covered ground, quite shaded from the sun. Low on ground, shaded area, moist soil. Grows like a vine.",NA,"Douglas","CTH A, about 8 miles S of Lake Amnicon [E of Bear Lake]",46.37426,-92.07105,NA,3876,"46.374260 N"," 92.071050 W","Georeferencing Quick Reference Guide 2012-10-02","Geolocate","",NA,"","October","Munich, Robert A.","Other Collectors"
"SUWS010495","Equisetopsida","Lycopodiales","Lycopodiaceae","Lycopodium clavatum",4148,"L.","Lycopodium","clavatum","","","","","Zirngibl, William","s.n.","1984-09-13",1984,9,13,257,"1984-09-13","","Fossil dune in mature pine forest.",NA,"Douglas","1 mile from tip of point, lake side",46.69472,-91.99265,NA,2450,"46.694720 N"," 91.992650 W","Georeferencing Quick Reference Guide 2012-10-02","Geolocate","",NA,"","September","Zirngibl, William","Other Collectors"
"SUWS010496","Equisetopsida","Lycopodiales","Lycopodiaceae","Lycopodium dendroideum",12974,"Michx.","Lycopodium","dendroideum","","","","","Castle, R.","s.n.","1992-09-20",1992,9,20,264,"1992-09-20","","Under red pine. To 12 in.",NA,"Douglas","Brule. W of Brule Fish hatchery on Fish Hatchery Rd.",46.53529,-91.58211,NA,1088,"46.535290 N"," 91.582110 W","Georeferencing Quick Reference Guide 2012-10-02","Geolocate","",NA,"","September","Castle, R.","Castle, R."
"SUWS010497","Equisetopsida","Lycopodiales","Lycopodiaceae","Lycopodium dendroideum",12974,"Michx.","Lycopodium","dendroideum","","","","","McGovern, Scott","92-22","1992-10-15",1992,10,15,289,"1992-10-15","","Shaded by balsam fir, wintergreen growing too, soil with 3 in humus layer sandy underneath. 6-8 in plant evergreen-like, leaves are scale-like with above ground creeping stem.",NA,"Vilas","Arbor Vitae. Hwy 70 E 1 mile from Hwy 51; old 51 1.5 mi.; Whiches Lake Rd. 1 mi. S",45.94557,-89.65526,NA,1070,"45.945570 N"," 89.655260 W","Georeferencing Quick Reference Guide 2012-10-02","Geolocate","",NA,"","October","McGovern, Scott","Other Collectors"
"SUWS010498","Equisetopsida","Lycopodiales","Lycopodiaceae","Diphasiastrum digitatum",3414,"(Dill. ex A.Braun) Holub","Diphasiastrum","digitatum","","","Davidson, Donald W.","17Apr1993","Munich, Robert A.","18/92","1993-04-17",1993,4,17,107,"1993-04-17","","Very moist humus. Leaves covered ground quite shaded from the sun. Low trailing plant, with a runner like root.",NA,"Douglas","CTH A, about 8 miles S of Lake Amnicon [E of Bear Lake]",46.37426,-92.07105,NA,3876,"46.374260 N"," 92.071050 W","Georeferencing Quick Reference Guide 2012-10-02","Geolocate","",NA,"","April","Munich, Robert A.","Other Collectors"
"SUWS010499","Equisetopsida","Lycopodiales","Lycopodiaceae","Lycopodium annotinum",13350,"L.","Lycopodium","annotinum","","","Davidson, Donald W.","","Gitar","91/17","1991-08-14",1991,8,14,226,"1991-08-14","","Pine woods - sandy, moist soil with pine needle litter. Large colony.",NA,"Douglas","Superior",46.68122,-92.06631,NA,12939,"46.681220 N"," 92.066310 W","Georeferencing Quick Reference Guide 2012-10-02","Geolocate","",NA,"","August","Gitar; Rounce","Other Collectors"
"SUWS010500","Equisetopsida","Lycopodiales","Lycopodiaceae","Lycopodium obscurum",12976,"L.","Lycopodium","obscurum","","","","","Gitar","91/19","1991-08-14",1991,8,14,226,"1991-08-14","","Pine woods, sandy moist soil with pine needle litter. Many colonies.",NA,"Douglas","Superior",46.68122,-92.06631,NA,12939,"46.681220 N"," 92.066310 W","Georeferencing Quick Reference Guide 2012-10-02","Geolocate","",NA,"","August","Gitar; Rounce","Other Collectors"
"SUWS010501","Equisetopsida","Lycopodiales","Lycopodiaceae","Lycopodium obscurum",12976,"L.","Lycopodium","obscurum","","","","","Anderson, Danette","31","1992-10-04",1992,10,4,278,"1992-10-04","","Pine forest near lake.",NA,"Douglas","Superior. Near Lake Superior",46.69111,-91.91731,NA,29129,"46.691110 N"," 91.917310 W","Georeferencing Quick Reference Guide 2012-10-02","Geolocate","",NA,"","October","Anderson, Danette","Other Collectors"
"SUWS010502","Equisetopsida","Lycopodiales","Lycopodiaceae","Lycopodium obscurum",12976,"L.","Lycopodium","obscurum","","","","","Munich, Robert A.","17/92","1992-10-12",1992,10,12,286,"1992-10-12","","Very moist humus, leaf covered ground, shady area. Low on ground, shaded from the sun, moist soil.",NA,"Douglas","CTH A, about 8 miles S of Lake Amnicon [E of Bear Lake]",46.37426,-92.07105,NA,3876,"46.374260 N"," 92.071050 W","Georeferencing Quick Reference Guide 2012-10-02","Geolocate","",NA,"","October","Munich, Robert A.","Other Collectors"
"SUWS010505","Equisetopsida","Equisetales","Equisetaceae","Equisetum hyemale subsp. affine",6656,"(Engelm.) Calder & Roy L.Taylor","Equisetum","hyemale","affine","subsp.","","","Hansen, Perky","92/05","1992-09-23",1992,9,23,267,"1992-09-23","","Sandy humus in fields before beach. Collected entire specimen.",NA,"Douglas","Superior",46.68122,-92.06631,NA,12939,"46.681220 N"," 92.066310 W","Georeferencing Quick Reference Guide 2012-10-02","Geolocate","",NA,"","September","Hansen, Perky","Other Collectors"
"SUWS010507","Equisetopsida","Equisetales","Equisetaceae","Equisetum hyemale subsp. affine",6656,"(Engelm.) Calder & Roy L.Taylor","Equisetum","hyemale","affine","subsp.","","","Mendenhall, Paula M.","19","1992-09-20",1992,9,20,264,"1992-09-20","","In sandy soil, among grasses and many of the same species. About 2.5 feet tall, green with dark bands, stobil on top.",NA,"Douglas","Superior",46.68122,-92.06631,NA,12939,"46.681220 N"," 92.066310 W","Georeferencing Quick Reference Guide 2012-10-02","Geolocate","",NA,"","September","Mendenhall, Paula M.","Other Collectors"
"SUWS010508","Equisetopsida","Equisetales","Equisetaceae","Equisetum hyemale subsp. affine",6656,"(Engelm.) Calder & Roy L.Taylor","Equisetum","hyemale","affine","subsp.","","","McGovern, Scott","92/10","1992-09-13",1992,9,13,257,"1992-09-13","","Sandy soil, young aspen growing above many equisetum along a hillside. 2 feet tall asparagus-like plant, extending from the ground in sections.",NA,"Douglas","Superior. Billings Park along Lake Superior",46.71189,-92.14325,NA,419,"46.711890 N"," 92.143250 W","Georeferencing Quick Reference Guide 2012-10-02","Geolocate","",NA,"","September","McGovern, Scott","Other Collectors"
"SUWS010510","Equisetopsida","Equisetales","Equisetaceae","Equisetum sylvaticum",3537,"L.","Equisetum","sylvaticum","","","","","Hansen, Perky","92/16","1992-09-30",1992,9,30,274,"1992-09-30","","Dry sandy soil, some pine humus.",NA,"Douglas","Superior. Wisconsin Point, a sand spit forming the Superior Harbor. Lake side",46.69472,-91.99265,NA,2450,"46.694720 N"," 91.992650 W","Georeferencing Quick Reference Guide 2012-10-02","Geolocate","",NA,"","September","Hansen, Perky","Other Collectors"
"SUWS010513","Equisetopsida","Equisetales","Equisetaceae","Equisetum fluviatile",3531,"L.","Equisetum","fluviatile","","","Cochrane, Theodore S.","Apr 2002","Castle, R.","92-34","1992-09-29",1992,9,29,273,"1992-09-29","","Wet ditch.",NA,"Douglas","Hwy 2 and Hwy 13 [near Parkland]",46.64802,-91.9813,NA,1981,"46.648020 N"," 91.981300 W","Georeferencing Quick Reference Guide 2012-10-02","Geolocate","",NA,"","September","Castle, R.","Castle, R."
"SUWS010514","Equisetopsida","Equisetales","Equisetaceae","Equisetum fluviatile",3531,"L.","Equisetum","fluviatile","","","Cochrane, Theodore S.","Apr 2002","Mendenhall, Paula M.","27","1992-09-20",1992,9,20,264,"1992-09-20","","Edge of forest in sandy soil. 1.5 feet tall, light green.",NA,"Douglas","Superior",46.68122,-92.06631,NA,12939,"46.681220 N"," 92.066310 W","Georeferencing Quick Reference Guide 2012-10-02","Geolocate","",NA,"","September","Mendenhall, Paula M.","Other Collectors"
"SUWS010523","Equisetopsida","Polypodiales","Dryopteridaceae","Dryopteris carthusiana",3440,"(Vill.) H.P.Fuchs","Dryopteris","carthusiana","","","Cochrane, Theodore S.","Apr 2002","Mendenhall, Paula M.","21","1992-09-20",1992,9,20,264,"1992-09-20","","Moist soil, humus. Plant about one foot tall, found in the moist humus soil in the forest.",NA,"Douglas","Superior. Wisconsin Park Point, Northern end of Forest",46.69472,-91.99265,NA,2450,"46.694720 N"," 91.992650 W","Georeferencing Quick Reference Guide 2012-10-02","Geolocate","",NA,"","September","Mendenhall, Paula M.","Other Collectors"
"SUWS010525","Equisetopsida","Polypodiales","Dryopteridaceae","Dryopteris carthusiana",3440,"(Vill.) H.P.Fuchs","Dryopteris","carthusiana","","","Cochrane, Theodore S.","Apr 2002","Hansen, Perky","92/03","1992-09-22",1992,9,22,266,"1992-09-22","","Lakeside forest. Pine humus, surrounded by Lycopodia, red pines and other various herbs. Whole plant is collected, minus the rhizome.",NA,"Douglas","Superior",46.68122,-92.06631,NA,12939,"46.681220 N"," 92.066310 W","Georeferencing Quick Reference Guide 2012-10-02","Geolocate","",NA,"","September","Hansen, Perky","Other Collectors"
"SUWS010526","Equisetopsida","Polypodiales","Dryopteridaceae","Dryopteris carthusiana",3440,"(Vill.) H.P.Fuchs","Dryopteris","carthusiana","","","Cochrane, Theodore S.","Apr 2002","McGovern, Scott","92/14","1992-09-19",1992,9,19,263,"1992-09-19","","Shaded woods, jack pine fores and moss covered ground. Soil 2-3 inch humus layer beyond that all sand. Fern with light green frond, with serreated pinules.",NA,"Douglas","Superior. Approx. 100 yds. from Lake Superior",46.69111,-91.91731,NA,29129,"46.691110 N"," 91.917310 W","Georeferencing Quick Reference Guide 2012-10-02","Geolocate","",NA,"","September","McGovern, Scott","Other Collectors"
"SUWS010529","Equisetopsida","Polypodiales","Dryopteridaceae","Dryopteris carthusiana",3440,"(Vill.) H.P.Fuchs","Dryopteris","carthusiana","","","","","Munich, Robert A.","34/92","1992-10-28",1992,10,28,302,"1992-10-28","","Buried in snow and covered with grasses many Betula papyrifera present in a wet bog like area.",NA,"Douglas","CTH A, 8 miles S of Lake Amnicon [E of Bear Lake]",46.37426,-92.07105,NA,3876,"46.374260 N"," 92.071050 W","Georeferencing Quick Reference Guide 2012-10-02","Geolocate","",NA,"","October","Munich, Robert A.","Other Collectors"
"SUWS010530","Equisetopsida","Polypodiales","Dryopteridaceae","Dryopteris carthusiana",3440,"(Vill.) H.P.Fuchs","Dryopteris","carthusiana","","","","","Kristiansen, Stein","92-2","1992-10-15",1992,10,15,289,"1992-10-15","","Tall grass, wet humus, edge of thick wood. Single frond.",NA,"Douglas","Superior. Northern part of Superior Municipal Forest.",46.69453,-92.14991,NA,2699,"46.694530 N"," 92.149910 W","Georeferencing Quick Reference Guide 2012-10-02","Geolocate","",NA,"","October","Kristiansen, Stein","Other Collectors"
"SUWS010531","Equisetopsida","Polypodiales","Dryopteridaceae","Dryopteris carthusiana",3440,"(Vill.) H.P.Fuchs","Dryopteris","carthusiana","","","","","Anderson, Danette","22","1992-09-20",1992,9,20,264,"1992-09-20","","Pine forest.",NA,"Douglas","Superior",46.68122,-92.06631,NA,12939,"46.681220 N"," 92.066310 W","Georeferencing Quick Reference Guide 2012-10-02","Geolocate","",NA,"","September","Anderson, Danette","Other Collectors"
"SUWS010539","Equisetopsida","Pinales","Pinaceae","Abies balsamea",2407,"(L.) Mill.","Abies","balsamea","","","","","McGovern, Scott","92/20","1992-10-15",1992,10,15,289,"1992-10-15","","3 in humus layer with sandy soil underneath, undergrowth Lycopodium and wintergreen. 30 feet tall tree, needle flat attached in to rulls on each side of branch.",NA,"Vilas","Arbor Vitae. Hwy 70 E 1 mile from Hwy 51; Wiehes Lake Rd. 1 mile S of Hoorah Lake",45.94557,-89.65526,NA,300,"45.945570 N"," 89.655260 W","Georeferencing Quick Reference Guide 2012-10-02","Geolocate","",NA,"","October","McGovern, Scott","Other Collectors"
"SUWS010540","Equisetopsida","Pinales","Pinaceae","Pinus strobus",4506,"L.","Pinus","strobus","","","","","Kristiansen, Stein","92-1","1992-10-15",1992,10,15,289,"1992-10-15","","Wet humus, near water.",NA,"Douglas","Superior. Southern part of Superior Municipal Forest",46.67545,-92.14871,NA,2848,"46.675450 N"," 92.148710 W","Georeferencing Quick Reference Guide 2012-10-02","Geolocate","",NA,"","October","Kristiansen, Stein","Other Collectors"
"SUWS010552","Equisetopsida","Pinales","Pinaceae","Picea glauca",4494,"(Moench) Voss","Picea","glauca","","","Cochrane, Theodore S.","Apr 2002","McGovern, Scott","92/28","1992-10-29",1992,10,29,303,"1992-10-29","","Sandy soil; direct sun; grass underneath. 15 ft tall tree; pointed at top and gradually wider at base of canopy,",NA,"Douglas","Superior. 100 yds. from Lake Superior",46.69111,-91.91731,NA,29129,"46.691110 N"," 91.917310 W","Georeferencing Quick Reference Guide 2012-10-02","Geolocate","",NA,"","October","McGovern, Scott","Other Collectors"
"SUWS010556","Equisetopsida","Pinales","Pinaceae","Picea mariana",4495,"(Mill.) Britton, Sterns & Poggenb.","Picea","mariana","","","","","Castle, R.","29/92","1992-10-15",1992,10,15,289,"1992-10-15","","Sandy soil, leaves covering most of the ground. About 15 ft. high.",NA,"Douglas","6 miles S of Amnicon Lake, on CTH A, John Schmidt Road",46.37454,-92.04302,NA,4401,"46.374540 N"," 92.043020 W","Georeferencing Quick Reference Guide 2012-10-02","Geolocate","",NA,"","October","Castle, R.","Castle, R."
"SUWS010557","Equisetopsida","Pinales","Pinaceae","Picea mariana",4495,"(Mill.) Britton, Sterns & Poggenb.","Picea","mariana","","","","","Castle, R.","92-35","1992-09-25",1992,9,25,269,"1992-09-25","","Spruce swamp with balsam. 20-30 feet tall, with cones.",NA,"Douglas","Blueberry. Highway 2 and CTH O [Blueberry]",46.58022,-91.6688,NA,2290,"46.580220 N"," 91.668800 W","Georeferencing Quick Reference Guide 2012-10-02","Geolocate","",NA,"","September","Castle, R.","Castle, R."
"SUWS010559","Equisetopsida","Pinales","Pinaceae","Pinus banksiana",4501,"Lamb.","Pinus","banksiana","","","","","McGovern, Scott","92/27","1992-10-29",1992,10,29,303,"1992-10-29","","Sandy soil with grass underneath. 25 ft tall tree; cones curved at tips; dark brown bark.",NA,"Douglas","Superior. 100 yds. from Lake Superior",46.69111,-91.91731,NA,29129,"46.691110 N"," 91.917310 W","Georeferencing Quick Reference Guide 2012-10-02","Geolocate","",NA,"","October","McGovern, Scott","Other Collectors"
"SUWS010573","Equisetopsida","Lycopodiales","Lycopodiaceae","Lycopodium annotinum",13350,"L.","Lycopodium","annotinum","","","","","Castle, R.","93-73","1993-05-04",1993,5,4,124,"1993-05-04","","Bog soils. Growing in colonies, creeping rhizome.",NA,"Douglas","Solon Springs. Near Solon Springs, Brule Bog",46.35327,-91.82241,NA,4012,"46.353270 N"," 91.822410 W","Georeferencing Quick Reference Guide 2012-10-02","Geolocate","",NA,"","May","Castle, R.","Castle, R."
"SUWS010574","Equisetopsida","Equisetales","Equisetaceae","Equisetum fluviatile",3531,"L.","Equisetum","fluviatile","","","","","Castle, R.","93-116","1993-05-20",1993,5,20,140,"1993-05-20","","Damp soils, shaded area. Sterile and fertile monomorphic stems.",NA,"Douglas","Brule. CTH H and Hwy 2 [Brule]",46.553,-91.57658,NA,4500,"46.553000 N"," 91.576580 W","Georeferencing Quick Reference Guide 2012-10-02","Geolocate","",NA,"","May","Castle, R.","Castle, R."
"SUWS010576","Equisetopsida","Polypodiales","Pteridaceae","Adiantum pedatum",8511,"L.","Adiantum","pedatum","","","Peck, James H.","","Brashier","PL-244","1964-07-29",1964,7,29,211,"1964-07-29","","Forest floor.",NA,"Bayfield","Pigeon Lake Field Station",46.34228,-91.34901,NA,2257,"46.342280 N"," 91.349010 W","Georeferencing Quick Reference Guide 2012-10-02","Geolocate","",NA,"","July","Brashier; Smith","Brashier"
"SUWS010578","Equisetopsida","Lycopodiales","Lycopodiaceae","Diphasiastrum complanatum",3413,"(L.) Holub","Diphasiastrum","complanatum","","","","","Martin, Bonita","94-43","1994-10-15",1994,10,15,288,"1994-10-15","","Sandy loam, open woods, pine and birch wintergreen ferns grasses. Northern running - pine 1-2 (4) stobili apex blunt; steril tip absent sporophylls broadly deltate to nearly cordate, apex abruptly tapering.",NA,"Douglas","Gordon. Near Gordon, Camp Roundelay by covered wagons on point.",46.18085,-91.6993,NA,3036,"46.180850 N"," 91.699300 W","Georeferencing Quick Reference Guide 2012-10-02","Geolocate","",NA,"","October","Martin, Bonita","Other Collectors"
"SUWS010581","Equisetopsida","Lycopodiales","Lycopodiaceae","Lycopodium clavatum",4148,"L.","Lycopodium","clavatum","","","","","Martin, Bonita","94-26","1994-09-17",1994,9,17,260,"1994-09-17","","Sandy loam, mixed woods. Stobili 2-5 alternate stalks, sporophylls 1.5-2.5 mm apex abruptly reduced to hair tip.",NA,"Douglas","Gordon. Near Gordon, Camp Roundelay trail to Echo Hill",46.18085,-91.6993,NA,3036,"46.180850 N"," 91.699300 W","Georeferencing Quick Reference Guide 2012-10-02","Geolocate","",NA,"","September","Martin, Bonita","Other Collectors"
"SUWS010583","Equisetopsida","Lycopodiales","Lycopodiaceae","Lycopodium clavatum",4148,"L.","Lycopodium","clavatum","","","","","Ojanen, Joanne M.","94-16","1994-09-24",1994,9,24,267,"1994-09-24","","Woodland, well drained sandy loam soil. Green shoots growing from horizontal stem.",NA,"Douglas","Oakland. Eastman Road. Approx. 0.75 mile off CTH B",46.54564,-92.04657,NA,1735,"46.545640 N"," 92.046570 W","Georeferencing Quick Reference Guide 2012-10-02","Geolocate","",NA,"","September","Ojanen, Joanne M.","Other Collectors"
"SUWS010585b","Equisetopsida","Lycopodiales","Lycopodiaceae","Lycopodium dendroideum",12974,"Michx.","Lycopodium","dendroideum","","","","","Anderson, Jason","21","1994-10-23",1994,10,23,296,"1994-10-23","","Well drained loam soil. Herbaceous plant.",NA,"Bayfield","Iron River. N of Hwy 2, Firelane 242. At Lake side",46.57869,-91.28226,NA,2965,"46.578690 N"," 91.282260 W","Georeferencing Quick Reference Guide 2012-10-02","Geolocate","",NA,"","October","Anderson, Jason","Other Collectors"
"SUWS010587","Equisetopsida","Lycopodiales","Lycopodiaceae","Lycopodium obscurum",12976,"L.","Lycopodium","obscurum","","","","","Ojanen, Joanne M.","94-14","1994-09-24",1994,9,24,267,"1994-09-24","","Woodland, well drained sandy loam soil. Small herbaceous plant. Brown and yellow strobili.",NA,"Douglas","Oakland. Eastman Rd. approx. 0.75 mile off CTH B",46.54564,-92.04657,NA,1735,"46.545640 N"," 92.046570 W","Georeferencing Quick Reference Guide 2012-10-02","Geolocate","",NA,"","September","Ojanen, Joanne M.","Other Collectors"
"SUWS010593","Equisetopsida","Equisetales","Equisetaceae","Equisetum sylvaticum",3537,"L.","Equisetum","sylvaticum","","","","","Smetak, Scott","11","1994-09-13",1994,9,13,256,"1994-09-13","","Wet clay soil, under trees. 1-2 feet tall.",NA,"Douglas","Superior. Superior Municipal Forest",46.67545,-92.14871,NA,2848,"46.675450 N"," 92.148710 W","Georeferencing Quick Reference Guide 2012-10-02","Geolocate","",NA,"","September","Smetak, Scott","Other Collectors"
"SUWS010603","Equisetopsida","Osmundales","Osmundaceae","Osmunda cinnamomea",4382,"L.","Osmunda","cinnamomea","","","","","Ojanen, Joanne M.","94-23","1994-10-05",1994,10,5,278,"1994-10-05","","Woodland, well drained sandy loam soil. Single large frond, 42 inches.",NA,"Douglas","Oakland. Eastman Rd. approx. 0.75 mile off CTH B",46.54564,-92.04657,NA,1735,"46.545640 N"," 92.046570 W","Georeferencing Quick Reference Guide 2012-10-02","Geolocate","",NA,"","October","Ojanen, Joanne M.","Other Collectors"
"SUWS010611","Equisetopsida","Polypodiales","Dennstaedtiaceae","Pteridium aquilinum var. latiusculum",6819,"(Desv.) Underw. ex A.Heller","Pteridium","aquilinum","latiusculum","var.","","","Ojanen, Joanne M.","94-21","1994-10-05",1994,10,5,278,"1994-10-05","","Woodland, well-drained, sandy loam soil.",NA,"Douglas","Oakland. Eastman Rd. approx. 0.75 mile off CTH B",46.54564,-92.04657,NA,1735,"46.545640 N"," 92.046570 W","Georeferencing Quick Reference Guide 2012-10-02","Geolocate","",NA,"","October","Ojanen, Joanne M.","Other Collectors"
"SUWS010614","Equisetopsida","Polypodiales","Dryopteridaceae","Dryopteris carthusiana",3440,"(Vill.) H.P.Fuchs","Dryopteris","carthusiana","","","","","Martin, Bonita","94-15","1994-09-13",1994,9,13,256,"1994-09-13","","Wet woods clay soil. Leaflets only on upper half of frond.",NA,"Douglas","Superior. Superior Municipal Forest",46.67545,-92.14871,NA,2848,"46.675450 N"," 92.148710 W","Georeferencing Quick Reference Guide 2012-10-02","Geolocate","",NA,"","September","Martin, Bonita","Other Collectors"
"SUWS010626","Equisetopsida","Cupressales","Cupressaceae","Juniperus communis var. depressa",6709,"Pursh","Juniperus","communis","depressa","var.","","","Smetak, Scott","24","1994-10-16",1994,10,16,289,"1994-10-16","","Edge of forest, sandy soil, grassy area. Green needles, low spreading shrub, 3-4 ft tall, 10-15 ft wide.",NA,"Douglas","Superior",46.68122,-92.06631,NA,12939,"46.681220 N"," 92.066310 W","Georeferencing Quick Reference Guide 2012-10-02","Geolocate","",NA,"","October","Smetak, Scott","Other Collectors"
"SUWS010630","Equisetopsida","Cupressales","Cupressaceae","Juniperus communis var. depressa",6709,"Pursh","Juniperus","communis","depressa","var.","","","McGovern, Scott","92/26","1992-10-29",1992,10,29,303,"1992-10-29","","Sandy soil, in direct sunlight. Evergreen shrub with white stripe on needles.",NA,"Douglas","Superior. 50 yds. from Lake Superior",46.69111,-91.91731,NA,29129,"46.691110 N"," 91.917310 W","Georeferencing Quick Reference Guide 2012-10-02","Geolocate","",NA,"","October","McGovern, Scott","Other Collectors"
"SUWS010632","Equisetopsida","Cupressales","Cupressaceae","Juniperus communis var. depressa",6709,"Pursh","Juniperus","communis","depressa","var.","","","Munich, Robert A.","Feb-92","1992-09-28",1992,9,28,272,"1992-09-28","","Sandy, needle covered soil, red pine dominant. Low to the ground, many others present, pointed needles quite sharp to touch",NA,"Douglas","Superior",46.68122,-92.06631,NA,12939,"46.681220 N"," 92.066310 W","Georeferencing Quick Reference Guide 2012-10-02","Geolocate","",NA,"","September","Munich, Robert A.","Other Collectors"
"SUWS010633","Equisetopsida","Cupressales","Cupressaceae","Juniperus communis var. depressa",6709,"Pursh","Juniperus","communis","depressa","var.","","","Hansen, Perky","92/01","1992-09-21",1992,9,21,265,"1992-09-21","","Sandy soil with some pine humus, Equisetum surrounds junipers. 2.5 feet tall.",NA,"Douglas","Superior. Lake side",46.69111,-91.91731,NA,29129,"46.691110 N"," 91.917310 W","Georeferencing Quick Reference Guide 2012-10-02","Geolocate","",NA,"","September","Hansen, Perky","Other Collectors"
"SUWS010634","Equisetopsida","Cupressales","Cupressaceae","Juniperus communis var. depressa",6709,"Pursh","Juniperus","communis","depressa","var.","","","Castle, R.","92-21","1992-09-15",1992,9,15,259,"1992-09-15","","Roadside. Low creeping shrub.",NA,"Douglas","Blueberry. Hwy 2 and CTH O, 4 miles N on CTH O roadside [4mi N of Blueberry]",46.62964,-91.65781,NA,1753,"46.629640 N"," 91.657810 W","Georeferencing Quick Reference Guide 2012-10-02","Geolocate","",NA,"","September","Castle, R.","Castle, R."
"SUWS010642","Equisetopsida","Cupressales","Cupressaceae","Thuja occidentalis",5227,"L.","Thuja","occidentalis","","","","","McGovern, Scott","92/25","1992-10-15",1992,10,15,289,"1992-10-15","","Jack pine and red pine forest, moss covered ground with 3 in. humus layer with sand underneath. Tree 20 ft tall canopy oval shaped; scale-like leaves.",NA,"Vilas","Arbor Vitae. 100 yds. off of Hwy 70 E 1 mi. from Hwy 51 [near Arbor Vitae]",45.92107,-89.67367,NA,300,"45.921070 N"," 89.673670 W","Georeferencing Quick Reference Guide 2012-10-02","Geolocate","",NA,"","October","McGovern, Scott","Other Collectors"
"SUWS010644","Equisetopsida","Cupressales","Cupressaceae","Thuja occidentalis",5227,"L.","Thuja","occidentalis","","","","","Ojanen, Joanne M.","94-8","1994-09-13",1994,9,13,256,"1994-09-13","","Woodland, well-drained clay loam soil. Tree, 35 ft. Dark brown furrowed bark.",NA,"Douglas","Superior. Superior Municipal Forest on Billings Drive at foot of Dwights Point between Kimballs Bay and Pokegama River",46.68448,-92.14959,NA,1753,"46.684480 N"," 92.149590 W","Georeferencing Quick Reference Guide 2012-10-02","Geolocate","",NA,"","September","Ojanen, Joanne M.","Other Collectors"
"SUWS010648","Equisetopsida","Cupressales","Cupressaceae","Thuja occidentalis",5227,"L.","Thuja","occidentalis","","","","","Smetak, Scott","9","1994-09-13",1994,9,13,256,"1994-09-13","","Swampy hilled area. 25 ft tall, black scaly furrowed bark.",NA,"Douglas","Superior. Superior Municipal Forest along hiking trail",46.67545,-92.14871,NA,2848,"46.675450 N"," 92.148710 W","Georeferencing Quick Reference Guide 2012-10-02","Geolocate","",NA,"","September","Smetak, Scott","Other Collectors"
"SUWS010652","Equisetopsida","Pinales","Pinaceae","Abies balsamea",2407,"(L.) Mill.","Abies","balsamea","","","","","Ojanen, Joanne M.","94-15","1994-09-24",1994,9,24,267,"1994-09-24","","Woodland, well drained sandy loam soil. Tree, 8 feet, brown smooth bark, 3-4 branches at nodes.",NA,"Douglas","Oakland. Eastman Rd. Approx 0.75 mile off CTH B",46.54564,-92.04657,NA,1735,"46.545640 N"," 92.046570 W","Georeferencing Quick Reference Guide 2012-10-02","Geolocate","",NA,"","September","Ojanen, Joanne M.","Other Collectors"
"SUWS010658","Equisetopsida","Pinales","Pinaceae","Larix laricina",4014,"(Du Roi) K.Koch","Larix","laricina","","","","","Martin, Bonita","94-27","1994-09-17",1994,9,17,260,"1994-09-17","","Wet shoreline. Tree to 20m, cones with 10-18 glabrous scales red at first, pale brown when ripe.",NA,"Douglas","Gordon. Near Gordon, Camp Roundelay, shore of Echo Lake",46.18085,-91.6993,NA,3036,"46.180850 N"," 91.699300 W","Georeferencing Quick Reference Guide 2012-10-02","Geolocate","",NA,"","September","Martin, Bonita","Other Collectors"
"SUWS010669","Equisetopsida","Pinales","Pinaceae","Pinus resinosa",4505,"Aiton","Pinus","resinosa","","","","","Mendenhall, Paula M.","20","1992-09-20",1992,9,20,264,"1992-09-20","","Sandy soil, pine needle covering ground layer, near other red pines. About 20 feet tall, collected with cone.",NA,"Douglas","Superior",46.68122,-92.06631,NA,12939,"46.681220 N"," 92.066310 W","Georeferencing Quick Reference Guide 2012-10-02","Geolocate","",NA,"","September","Mendenhall, Paula M.","Other Collectors"
"SUWS010670","Equisetopsida","Pinales","Pinaceae","Pinus resinosa",4505,"Aiton","Pinus","resinosa","","","","","McGovern, Scott","92/24","1992-10-15",1992,10,15,289,"1992-10-15","","Jack pine and red pine forest, moss covered ground with 3 in covering of humus, sandy under humus layer. Tree 30 ft tall, needle 2 to a bundle; bark flakes, dark gray in color.",NA,"Vilas","Arbor Vitae. Arbor Vitae, 100 yds. off of Hwy 70 E, 1 mi. from Hwy 51",45.92107,-89.67367,NA,300,"45.921070 N"," 89.673670 W","Georeferencing Quick Reference Guide 2012-10-02","Geolocate","",NA,"","October","McGovern, Scott","Other Collectors"
"SUWS010671","Equisetopsida","Pinales","Pinaceae","Pinus resinosa",4505,"Aiton","Pinus","resinosa","","","","","Davidson, Donald W.","s.n.","1989-06-15",1989,6,15,166,"1989-06-15","","",NA,"Douglas","Superior",46.68122,-92.06631,NA,12939,"46.681220 N"," 92.066310 W","Georeferencing Quick Reference Guide 2012-10-02","Geolocate","",NA,"","June","Davidson, Donald W.; Collins, Matt","Davidson, Donald W."
"SUWS010674","Equisetopsida","Pinales","Pinaceae","Pinus resinosa",4505,"Aiton","Pinus","resinosa","","","","","Smetak, Scott","19","1994-10-16",1994,10,16,289,"1994-10-16","","Wooded forest, sandy soil. Vertical furrowed bark, black brown.",NA,"Douglas","Superior",46.68122,-92.06631,NA,12939,"46.681220 N"," 92.066310 W","Georeferencing Quick Reference Guide 2012-10-02","Geolocate","",NA,"","October","Smetak, Scott","Other Collectors"
"SUWS010684","Equisetopsida","Pinales","Pinaceae","Pinus strobus",4506,"L.","Pinus","strobus","","","","","Anderson, Jason","01","1994-09-06",1994,9,6,249,"1994-09-06","","Sandy soil. Approx. 50-60 ft tall.",NA,"Douglas","Superior",46.68122,-92.06631,NA,12939,"46.681220 N"," 92.066310 W","Georeferencing Quick Reference Guide 2012-10-02","Geolocate","",NA,"","September","Anderson, Jason","Other Collectors"
"SUWS010685","Equisetopsida","Pinales","Pinaceae","Pinus strobus",4506,"L.","Pinus","strobus","","","","","Smetak, Scott","1","1994-09-06",1994,9,6,249,"1994-09-06","","Forest, sandy soil. Vertical furrowed bark, 40 ft tree.",NA,"Douglas","Superior",46.68122,-92.06631,NA,12939,"46.681220 N"," 92.066310 W","Georeferencing Quick Reference Guide 2012-10-02","Geolocate","",NA,"","September","Smetak, Scott","Other Collectors"
"SUWS010688","Equisetopsida","Pinales","Pinaceae","Pinus strobus",4506,"L.","Pinus","strobus","","","","","Gitar, Richard D.","94-01","1994-09-06",1994,9,6,249,"1994-09-06","","Sandy soil, wild rose, grasses red pine. Tree to 67m, trunk to 1.8 m diameter, straight. Bark gray brown, deeply furrowed. Pollen cones yellow ellipsoid, 10-15mm seed cones mature in 2 years.",NA,"Douglas","Superior",46.68122,-92.06631,NA,12939,"46.681220 N"," 92.066310 W","Georeferencing Quick Reference Guide 2012-10-02","Geolocate","",NA,"","September","Gitar, Richard D.","Other Collectors"
"SUWS010689","Equisetopsida","Pinales","Pinaceae","Pinus strobus",4506,"L.","Pinus","strobus","","","","","Ojanen, Joanne M.","94-1","1994-09-06",1994,9,6,249,"1994-09-06","","Sandy, well-drained soil, woodland with birch and shrubs. Tree, 60 ft, furrowed, brown bark.",NA,"Douglas","Superior. Wisconsin Point, a sand spit forming the Superior Harbor. Approx. 1.5 miles off Moccasin Mike Rd. on Wisconsin Point Rd.",46.69472,-91.99265,NA,2450,"46.694720 N"," 91.992650 W","Georeferencing Quick Reference Guide 2012-10-02","Geolocate","",NA,"","September","Ojanen, Joanne M.","Other Collectors"
"SUWS010690","Equisetopsida","Pinales","Pinaceae","Pinus sylvestris",4507,"L.","Pinus","sylvestris","","","","","Castle, R.","93-53","1993-01-14",1993,1,14,14,"1993-01-14","","Clay soils, well drained. With cones, 16 feet, orange bark.",NA,"Douglas","Maple. 3 miles N of Maple on CTH F",46.63309,-91.72074,NA,1083,"46.633090 N"," 91.720740 W","Georeferencing Quick Reference Guide 2012-10-02","Geolocate","",NA,"","January","Castle, R.","Castle, R."
"SUWS010708","Equisetopsida","Piperales","Aristolochiaceae","Asarum canadense",2634,"L.","Asarum","canadense","","","","","Brashier","s.n.","1965-06-06",1965,6,6,157,"1965-06-06","","Woods, shaded and damp.",NA,"Douglas","Foxboro. 3 miles N of CTH B on Pelky Rd. near Foxboro, on Rogge farm",46.49696,-92.25905,NA,886,"46.496960 N"," 92.259050 W","Georeferencing Quick Reference Guide 2012-10-02","Geolocate","",NA,"","June","Brashier; Romans","Brashier"
"SUWS010709","Equisetopsida","Piperales","Aristolochiaceae","Asarum canadense",2634,"L.","Asarum","canadense","","","","","Brashier","s.n.","1965-06-06",1965,6,6,157,"1965-06-06","","Woods, shaded and damp.",NA,"Douglas","Foxboro. 3 miles N of CTH B on Pelky Rd. near Foxboro, on Rogge farm",46.49696,-92.25905,NA,886,"46.496960 N"," 92.259050 W","Georeferencing Quick Reference Guide 2012-10-02","Geolocate","",NA,"","June","Brashier; Romans","Brashier"
"SUWS010714","Equisetopsida","Piperales","Aristolochiaceae","Asarum canadense",2634,"L.","Asarum","canadense","","","","","Brashier","s.n.","1965-06-06",1965,6,6,157,"1965-06-06","","Woods, shaded and damp.",NA,"Douglas","Foxboro. 3 miles N of CTH B on Pelky Rd. near Foxboro, on Rogge farm",46.49696,-92.25905,NA,886,"46.496960 N"," 92.259050 W","Georeferencing Quick Reference Guide 2012-10-02","Geolocate","",NA,"","June","Brashier; Romans","Brashier"
"SUWS010715","Equisetopsida","Piperales","Aristolochiaceae","Asarum canadense",2634,"L.","Asarum","canadense","","","","","Brashier","s.n.","1965-06-06",1965,6,6,157,"1965-06-06","","Woods, shaded and damp.",NA,"Douglas","Foxboro. 3 miles N of CTH B on Pelky Rd. near Foxboro, on Rogge farm",46.49696,-92.25905,NA,886,"46.496960 N"," 92.259050 W","Georeferencing Quick Reference Guide 2012-10-02","Geolocate","",NA,"","June","Brashier; Romans","Brashier"
"SUWS010719","Equisetopsida","Nymphaeales","Nymphaeaceae","Nuphar variegata",4340,"Durand","Nuphar","variegata","","","","","Brashier","s.n.","1965-06-08",1965,6,8,159,"1965-06-08","","In lake.",NA,"Douglas","Solon Springs. Solon Springs Wildlife Sanctuary, S of conservation buildings.",46.35327,-91.82241,NA,4012,"46.353270 N"," 91.822410 W","Georeferencing Quick Reference Guide 2012-10-02","Geolocate","",NA,"","June","Brashier; Romans","Brashier"
"SUWS010720","Equisetopsida","Nymphaeales","Nymphaeaceae","Nuphar variegata",4340,"Durand","Nuphar","variegata","","","","","Brashier","PL-8","1964-07-01",1964,7,1,183,"1964-07-01","","",NA,"Bayfield","Pigeon Lake Field Station",46.34228,-91.34901,NA,2257,"46.342280 N"," 91.349010 W","Georeferencing Quick Reference Guide 2012-10-02","Geolocate","",NA,"","July","Brashier; Gunderson","Brashier"
"SUWS010721","Equisetopsida","Nymphaeales","Nymphaeaceae","Nuphar variegata",4340,"Durand","Nuphar","variegata","","","","","Brashier","PL-9","1964-07-24",1964,7,24,206,"1964-07-24","","",NA,"Bayfield","Pigeon Lake Field Station",46.34228,-91.34901,NA,2257,"46.342280 N"," 91.349010 W","Georeferencing Quick Reference Guide 2012-10-02","Geolocate","",NA,"","July","Brashier; Janowski","Brashier"
"SUWS010723","Equisetopsida","Nymphaeales","Nymphaeaceae","Nuphar variegata",4340,"Durand","Nuphar","variegata","","","","","Brashier","PL-10","1964-07-12",1964,7,12,194,"1964-07-12","","",NA,"Bayfield","Pigeon Lake Field Station",46.34228,-91.34901,NA,2257,"46.342280 N"," 91.349010 W","Georeferencing Quick Reference Guide 2012-10-02","Geolocate","",NA,"","July","Brashier; Thoren","Brashier"
"SUWS010725","Equisetopsida","Nymphaeales","Nymphaeaceae","Nuphar variegata",4340,"Durand","Nuphar","variegata","","","","","Barnard","s.n.","1966-07-11",1966,7,11,192,"1966-07-11","","In the water.",NA,"Bayfield","Lake Reynard",46.3922,-91.28649,NA,513,"46.392200 N"," 91.286490 W","Georeferencing Quick Reference Guide 2012-10-02","Geolocate","",NA,"","July","Barnard; Brashier","Other Collectors"
"SUWS010726","Equisetopsida","Nymphaeales","Nymphaeaceae","Nymphaea odorata",4342,"Aiton","Nymphaea","odorata","","","","","Brashier","184b","1964-08-04",1964,8,4,217,"1964-08-04","","In open water in center of floating bog.",NA,"Burnett","Danbury. 5 miles S of Danbury on State Hwy 35",45.93422,-92.36169,NA,NA,"45.934220 N"," 92.361690 W","Georeferencing Quick Reference Guide 2012-10-02","Geolocate","",NA,"","August","Brashier; Romans","Brashier"
"SUWS010736","Equisetopsida","Ranunculales","Ranunculaceae","Actaea rubra",2435,"(Aiton) Willd.","Actaea","rubra","","","","","Castle, R.","93-123","1993-05-26",1993,5,26,146,"1993-05-26","","Riverside, shady moist sandy soil. To 2 ft tall.",NA,"Douglas","Brule. Brule Rest stop, Hwy 2",46.553,-91.57658,NA,4284,"46.553000 N"," 91.576580 W","Georeferencing Quick Reference Guide 2012-10-02","Geolocate","",NA,"","May","Castle, R.","Castle, R."
"SUWS010737","Equisetopsida","Ranunculales","Ranunculaceae","Actaea rubra",2435,"(Aiton) Willd.","Actaea","rubra","","","","","Brashier","s.n.","1965-06-07",1965,6,7,158,"1965-06-07","","In clay soil in hardwoods; shade.",NA,"Douglas","Superior. 3 miles S of Superior on Hwy 35, on the Ralph Law property",46.65497,-92.10442,NA,4161,"46.654970 N"," 92.104420 W","Georeferencing Quick Reference Guide 2012-10-02","Geolocate","",NA,"","June","Brashier; Romans","Brashier"
"SUWS010740","Equisetopsida","Ranunculales","Ranunculaceae","Actaea pachypoda",2434,"Elliott","Actaea","pachypoda","","","","","Brashier","199a","1964-06-20",1964,6,20,172,"1964-06-20","","Rich woods.",NA,"Douglas","Superior. 3 miles S of Superior on Hwy 35 on the Ralph Law property",46.65497,-92.10442,NA,4161,"46.654970 N"," 92.104420 W","Georeferencing Quick Reference Guide 2012-10-02","Geolocate","",NA,"","June","Brashier; Romans","Brashier"
"SUWS010744","Equisetopsida","Ranunculales","Ranunculaceae","Actaea rubra",2435,"(Aiton) Willd.","Actaea","rubra","","","","","Brashier","202a","1964-07-26",1964,7,26,208,"1964-07-26","","Rich, shady woods.",NA,"Douglas","Superior. 3 miles S of Superior on State Hwy 35 on the Ralph Law property",46.65497,-92.10442,NA,4161,"46.654970 N"," 92.104420 W","Georeferencing Quick Reference Guide 2012-10-02","Geolocate","",NA,"","July","Brashier; Romans","Brashier"
"SUWS010749","Equisetopsida","Ranunculales","Ranunculaceae","Anemone canadensis",2530,"L.","Anemone","canadensis","","","","","Brashier","PL-54","1964-06-27",1964,6,27,179,"1964-06-27","","Mixed forest undergrowth.",NA,"Bayfield","Pigeon Lake Field Station",46.34228,-91.34901,NA,2257,"46.342280 N"," 91.349010 W","Georeferencing Quick Reference Guide 2012-10-02","Geolocate","",NA,"","June","Brashier; Thoren","Brashier"
"SUWS010751","Equisetopsida","Ranunculales","Ranunculaceae","Anemone canadensis",2530,"L.","Anemone","canadensis","","","","","Brashier","PL-53","1964-07-12",1964,7,12,194,"1964-07-12","","Roadside, sandy soil.",NA,"Bayfield","Pigeon Lake Field Station",46.34228,-91.34901,NA,2257,"46.342280 N"," 91.349010 W","Georeferencing Quick Reference Guide 2012-10-02","Geolocate","",NA,"","July","Brashier; Cherf","Brashier"
"SUWS010753","Equisetopsida","Ranunculales","Ranunculaceae","Anemone canadensis",2530,"L.","Anemone","canadensis","","","","","C., E. A.","s.n.","1927-08-01",1927,8,1,213,"1927-08-01","","",NA,"Douglas","Superior",46.68122,-92.06631,NA,12939,"46.681220 N"," 92.066310 W","Georeferencing Quick Reference Guide 2012-10-02","Geolocate","",NA,"","August","C., E. A.","Other Collectors"
"SUWS010754","Equisetopsida","Ranunculales","Ranunculaceae","Anemone canadensis",2530,"L.","Anemone","canadensis","","","","","Cornell","s.n.","1966-07-01",1966,7,1,182,"1966-07-01","","Soil sandy and loose, surrounding area woody, immediate area grassy and open.",NA,"Bayfield","0.75 mi. W of Pigeon Lake Camp, cove on N shore",46.34228,-91.36474,NA,2257,"46.342280 N"," 91.364740 W","Georeferencing Quick Reference Guide 2012-10-02","Geolocate","",NA,"","July","Cornell; Brashier","Other Collectors"
"SUWS010755","Equisetopsida","Ranunculales","Ranunculaceae","Anemone canadensis",2530,"L.","Anemone","canadensis","","","","","Raatz","s.n.","1964-06-25",1964,6,25,177,"1964-06-25","","Rocky, sandy slope near the lake shore.",NA,"Bayfield","Pigeon Lake",46.34228,-91.34901,NA,2257,"46.342280 N"," 91.349010 W","Georeferencing Quick Reference Guide 2012-10-02","Geolocate","",NA,"","June","Raatz; Brashier","Other Collectors"
"SUWS010756","Equisetopsida","Ranunculales","Ranunculaceae","Anemone canadensis",2530,"L.","Anemone","canadensis","","","","","Hjerleid","s.n.","1966-07-09",1966,7,9,190,"1966-07-09","","Sandy, open area.",NA,"Bayfield","Jct. of Highway 63 and CTH A [do not intersect- could this be CTH N instead of CTH A at Drummond?]",46.33038,-91.26501,NA,1129,"46.330380 N"," 91.265010 W","Georeferencing Quick Reference Guide 2012-10-02","Geolocate","",NA,"","July","Hjerleid; Brashier","Other Collectors"
"SUWS010758","Equisetopsida","Ranunculales","Ranunculaceae","Anemone canadensis",2530,"L.","Anemone","canadensis","","","","","Collins","s.n.","1966-07-15",1966,7,15,196,"1966-07-15","","Road side.",NA,"Bayfield","Pigeon Lake Forest Trail",46.34228,-91.34901,NA,2257,"46.342280 N"," 91.349010 W","Georeferencing Quick Reference Guide 2012-10-02","Geolocate","",NA,"","July","Collins; Brashier","Other Collectors"
"SUWS010759","Equisetopsida","Ranunculales","Ranunculaceae","Anemone canadensis",2530,"L.","Anemone","canadensis","","","","","Holden","s.n.","1966-06-30",1966,6,30,181,"1966-06-30","","Roadside area with loose soil and dense grasses; woods further back.",NA,"Bayfield","1 mile E of Pigeon Lake",46.34228,-91.32803,NA,2257,"46.342280 N"," 91.328030 W","Georeferencing Quick Reference Guide 2012-10-02","Geolocate","",NA,"","June","Holden; Brashier","Other Collectors"
"SUWS010760","Equisetopsida","Ranunculales","Ranunculaceae","Anemone canadensis",2530,"L.","Anemone","canadensis","","","","","Muller","s.n.","1964-06-23",1964,6,23,175,"1964-06-23","","Trailside in woods.",NA,"Bayfield","Pigeon Lake Camp Nature Trail",46.34228,-91.34901,NA,2257,"46.342280 N"," 91.349010 W","Georeferencing Quick Reference Guide 2012-10-02","Geolocate","",NA,"","June","Muller; Brashier","Other Collectors"
"SUWS010761","Equisetopsida","Ranunculales","Ranunculaceae","Anemone canadensis",2530,"L.","Anemone","canadensis","","","","","Wassgren","s.n.","1964-06-25",1964,6,25,177,"1964-06-25","","",NA,"Bayfield","Pigeon Lake, near cabin on Pigeon Lake Campgrounds",46.34228,-91.34901,NA,2257,"46.342280 N"," 91.349010 W","Georeferencing Quick Reference Guide 2012-10-02","Geolocate","",NA,"","June","Wassgren; Brashier","Other Collectors"
"SUWS010762","Equisetopsida","Ranunculales","Ranunculaceae","Anemone canadensis",2530,"L.","Anemone","canadensis","","","","","Hjerleid","s.n.","1966-07-10",1966,7,10,191,"1966-07-10","","Clearing near woods.",NA,"Bayfield","S shore of Pigeon Lake",46.34228,-91.34901,NA,2257,"46.342280 N"," 91.349010 W","Georeferencing Quick Reference Guide 2012-10-02","Geolocate","",NA,"","July","Hjerleid; Brashier","Other Collectors"
"SUWS010763","Equisetopsida","Ranunculales","Ranunculaceae","Anemone canadensis",2530,"L.","Anemone","canadensis","","","","","Brashier","137a","1964-06-03",1964,6,3,155,"1964-06-03","","Open sunlight in sandy soil on bank of railroad.",NA,"Juneau","Wonewoc. 1 mi. N of Wonewoc, on State Hwy 82 E of picnic area on RR embankment",43.66724,-90.22346,NA,1056,"43.667240 N"," 90.223460 W","Georeferencing Quick Reference Guide 2012-10-02","Geolocate","",NA,"","June","Brashier; Romans","Brashier"
"SUWS010764","Equisetopsida","Ranunculales","Ranunculaceae","Anemone canadensis",2530,"L.","Anemone","canadensis","","","","","Brashier","PL-55","1964-06-25",1964,6,25,177,"1964-06-25","","",NA,"Bayfield","Pigeon Lake Field Station, on road across from nature trail by Pigeon Lake",46.34228,-91.34901,NA,2257,"46.342280 N"," 91.349010 W","Georeferencing Quick Reference Guide 2012-10-02","Geolocate","",NA,"","June","Brashier; Valaskey","Brashier"
"SUWS010767","Equisetopsida","Ranunculales","Ranunculaceae","Anemone quinquefolia var. quinquefolia",6483,"","Anemone","quinquefolia","quinquefolia","var.","","","Brashier","s.n.","1965-05-20",1965,5,20,140,"1965-05-20","","Woods and pasture areas.",NA,"Douglas","Patzau. 0.5 mile W of Hwy 35 on CTH BB on the James Romans property [ca. 2mi E of Patzau]",46.48986,-92.18414,NA,1517,"46.489860 N"," 92.184140 W","Georeferencing Quick Reference Guide 2012-10-02","Geolocate","",NA,"","May","Brashier; Romans","Brashier"
"SUWS010773","Equisetopsida","Ranunculales","Ranunculaceae","Anemone quinquefolia var. quinquefolia",6483,"","Anemone","quinquefolia","quinquefolia","var.","","","Thomson, John W., Jr.","s.n.","1942-04-24",1942,4,24,114,"1942-04-24","","",NA,"Douglas","Superior. E of Superior",46.67492,-91.83406,NA,14396,"46.674920 N"," 91.834060 W","Georeferencing Quick Reference Guide 2012-10-02","Geolocate","",NA,"","April","Thomson, John W., Jr.","Thomson, John W., Jr."
"SUWS010779","Equisetopsida","Ranunculales","Ranunculaceae","Aquilegia canadensis",2566,"L.","Aquilegia","canadensis","","","","","Cornell","s.n.","1966-07-02",1966,7,2,183,"1966-07-02","","Soil sandy and firm, cover dense grasses and herbs.",NA,"Bayfield","Drummond. NE of Drummond at jct. of Hwy 402 and Hwy 63",46.34383,-91.21467,NA,358,"46.343830 N"," 91.214670 W","Georeferencing Quick Reference Guide 2012-10-02","Geolocate","",NA,"","July","Cornell; Brashier","Other Collectors"
"SUWS010780","Equisetopsida","Ranunculales","Ranunculaceae","Aquilegia canadensis",2566,"L.","Aquilegia","canadensis","","","","","Valaskey","s.n.","1964-06-25",1964,6,25,177,"1964-06-25","","Along the nature trail.",NA,"Bayfield","Pigeon Lake",46.34228,-91.34901,NA,2257,"46.342280 N"," 91.349010 W","Georeferencing Quick Reference Guide 2012-10-02","Geolocate","",NA,"","June","Valaskey; Brashier","Other Collectors"
"SUWS010781","Equisetopsida","Ranunculales","Ranunculaceae","Aquilegia canadensis",2566,"L.","Aquilegia","canadensis","","","","","Brashier","PL-30","1964-07-15",1964,7,15,197,"1964-07-15","","Along nature trail.",NA,"Bayfield","Pigeon Lake Field Station",46.34228,-91.34901,NA,2257,"46.342280 N"," 91.349010 W","Georeferencing Quick Reference Guide 2012-10-02","Geolocate","",NA,"","July","Brashier; Cherf","Brashier"
"SUWS010782","Equisetopsida","Ranunculales","Ranunculaceae","Aquilegia canadensis",2566,"L.","Aquilegia","canadensis","","","","","Muller","s.n.","1964-06-23",1964,6,23,175,"1964-06-23","","Along roadside.",NA,"Bayfield","Drummond",46.33689,-91.25797,NA,6377,"46.336890 N"," 91.257970 W","Georeferencing Quick Reference Guide 2012-10-02","Geolocate","",NA,"","June","Muller; Brashier","Other Collectors"
"SUWS010784","Equisetopsida","Ranunculales","Ranunculaceae","Aquilegia canadensis",2566,"L.","Aquilegia","canadensis","","","","","Brashier","32a","1964-06-01",1964,6,1,153,"1964-06-01","","Open, sandy roadside area adjacent to woods.",NA,"Burnett","Danbury. 3 miles S of Danbury, at jct. of old 35 road and State Hwy 35",45.96741,-92.36349,NA,150,"45.967410 N"," 92.363490 W","Georeferencing Quick Reference Guide 2012-10-02","Geolocate","",NA,"","June","Brashier; Romans","Brashier"
"SUWS010785","Equisetopsida","Ranunculales","Ranunculaceae","Aquilegia canadensis",2566,"L.","Aquilegia","canadensis","","","","","Brashier","PL-29","1964-06-23",1964,6,23,175,"1964-06-23","","Woods.",NA,"Bayfield","Pigeon Lake Field Station",46.34228,-91.34901,NA,2257,"46.342280 N"," 91.349010 W","Georeferencing Quick Reference Guide 2012-10-02","Geolocate","",NA,"","June","Brashier; Gunderson","Brashier"
"SUWS010786","Equisetopsida","Ranunculales","Ranunculaceae","Aquilegia canadensis",2566,"L.","Aquilegia","canadensis","","","","","Brashier","PL-28","1964-07-25",1964,7,25,207,"1964-07-25","","Along nature trail.",NA,"Bayfield","Pigeon Lake Field Station",46.34228,-91.34901,NA,2257,"46.342280 N"," 91.349010 W","Georeferencing Quick Reference Guide 2012-10-02","Geolocate","",NA,"","July","Brashier; Janowski","Brashier"
"SUWS010789","Equisetopsida","Ranunculales","Ranunculaceae","Aquilegia canadensis",2566,"L.","Aquilegia","canadensis","","","","","Smith","s.n.","1964-06-25",1964,6,25,177,"1964-06-25","","Along nature trail.",NA,"Bayfield","Pigeon Lake",46.34228,-91.34901,NA,2257,"46.342280 N"," 91.349010 W","Georeferencing Quick Reference Guide 2012-10-02","Geolocate","",NA,"","June","Smith; Brashier","Other Collectors"
"SUWS010790","Equisetopsida","Ranunculales","Ranunculaceae","Aquilegia canadensis",2566,"L.","Aquilegia","canadensis","","","","","Holden","s.n.","1966-07-05",1966,7,5,186,"1966-07-05","","Sandy, grassy roadside area with shrubs; at the edge of a woods.",NA,"Bayfield","5 miles N of Pigeon Lake on Hwy 228",46.41467,-91.34901,NA,3275,"46.414670 N"," 91.349010 W","Georeferencing Quick Reference Guide 2012-10-02","Geolocate","",NA,"","July","Holden; Brashier","Other Collectors"
"SUWS010792","Equisetopsida","Ranunculales","Ranunculaceae","Aquilegia canadensis",2566,"L.","Aquilegia","canadensis","","","","","Barnard","s.n.","1966-07-21",1966,7,21,202,"1966-07-21","","Sandy area.",NA,"Bayfield","Pigeon Lake -- Jake's Lake",46.34228,-91.34901,NA,2257,"46.342280 N"," 91.349010 W","Georeferencing Quick Reference Guide 2012-10-02","Geolocate","",NA,"","July","Barnard; Brashier","Other Collectors"
"SUWS010793","Equisetopsida","Ranunculales","Ranunculaceae","Aquilegia canadensis",2566,"L.","Aquilegia","canadensis","","","","","Hjerleid","s.n.","1966-07-14",1966,7,14,195,"1966-07-14","","Open road bank.",NA,"Bayfield","4 miles S of Pigeon Lake on Hwy 222",46.28348,-91.32248,NA,2098,"46.283480 N"," 91.322480 W","Georeferencing Quick Reference Guide 2012-10-02","Geolocate","",NA,"","July","Hjerleid; Brashier","Other Collectors"
"SUWS010795","Equisetopsida","Ranunculales","Ranunculaceae","Thalictrum thalictroides",5219,"(L.) A.J.Eames & B.Boivin","Thalictrum","thalictroides","","","","","Brashier","s.n.","1965-05-22",1965,5,22,142,"1965-05-22","","River bottom, clay soil. Collected 1 month after area was flooded.",NA,"Douglas","Superior. 3 miles S of Superior on Hwy 35 on the Ralph Law property. Nemadji River",46.65497,-92.10442,NA,4161,"46.654970 N"," 92.104420 W","Georeferencing Quick Reference Guide 2012-10-02","Geolocate","",NA,"","May","Brashier; Romans","Brashier"
"SUWS010796","Equisetopsida","Ranunculales","Ranunculaceae","Thalictrum thalictroides",5219,"(L.) A.J.Eames & B.Boivin","Thalictrum","thalictroides","","","","","Brashier","72b","1964-06-02",1964,6,2,154,"1964-06-02","","Sandy loam hillside in shade.",NA,"Pepin","Pepin. 5 miles N of Pepin on Hwy 183",44.50692,-92.17439,NA,1200,"44.506920 N"," 92.174390 W","Guide Version 2012-10-02","Geolocate","",NA,"","June","Brashier; Romans","Brashier"
"SUWS010797","","","","Anemonella",NA,"Spach","","","","","","","Brashier","143b","1964-06-03",1964,6,3,155,"1964-06-03","","Sandy loam hillside covered with trees.",NA,"Juneau","Wonewoc. 1 mile N of Wonewoc on Hwy 82, W of roadside picnic area",43.66724,-90.22346,NA,1056,"43.667240 N"," 90.223460 W","Georeferencing Quick Reference Guide 2012-10-02","Geolocate","",NA,"","June","Brashier; Romans","Brashier"
"SUWS010798","Equisetopsida","Ranunculales","Ranunculaceae","Thalictrum thalictroides",5219,"(L.) A.J.Eames & B.Boivin","Thalictrum","thalictroides","","","","","Brashier","72c","1964-06-02",1964,6,2,154,"1964-06-02","","Sandy loam hillside in shade.",NA,"Pepin","Pepin. 5 miles N of Pepin on Hwy 183",44.50692,-92.17439,NA,1200,"44.506920 N"," 92.174390 W","Guide Version 2012-10-02","Geolocate","",NA,"","June","Brashier; Romans","Brashier"
"SUWS010800","Equisetopsida","Ranunculales","Ranunculaceae","Caltha palustris",2843,"L.","Caltha","palustris","","","","","Mitchell, John A.","s.n.","1968-07-14",1968,7,14,196,"1968-07-14","","Muddy edges of lake in old growth cedar areas (and others), area had been flooded in spring.",NA,"Douglas","Edges of Big Lake, Brule River (E side)",46.47883,-91.60297,NA,986,"46.478830 N"," 91.602970 W","Georeferencing Quick Reference Guide 2012-10-02","Geolocate","",NA,"","July","Mitchell, John A.","Other Collectors"
"SUWS010801","Equisetopsida","Ranunculales","Ranunculaceae","Caltha palustris",2843,"L.","Caltha","palustris","","","","","Staupe, Jane","2","1980-04-28",1980,4,28,119,"1980-04-28","","Marshy area.",NA,"Douglas","Superior. Superior city limits, Superior Island",46.73216,-92.0663,NA,5466,"46.732160 N"," 92.066300 W","Georeferencing Quick Reference Guide 2012-10-02","Geolocate","",NA,"","April","Staupe, Jane","Other Collectors"
"SUWS010805","Equisetopsida","Ranunculales","Ranunculaceae","Caltha palustris",2843,"L.","Caltha","palustris","","","","","Brashier","63","1964-06-05",1964,6,5,157,"1964-06-05","","Wet bog with dark black soil.",NA,"Oconto","Lena. 8 miles S of Lena, on U.S. Hwy 141 near roadside picnic area",44.83525,-88.04677,NA,2499,"44.835250 N"," 88.046770 W","Georeferencing Quick Reference Guide 2012-10-02","Geolocate","",NA,"","June","Brashier; Romans","Brashier"
"SUWS010809","Equisetopsida","Ranunculales","Ranunculaceae","Clematis virginiana",3155,"L.","Clematis","virginiana","","","","","Castle, R.","94-182B","1994-07-11",1994,7,11,192,"1994-07-11","","Wet area. Climbing vine.",NA,"Douglas","Blueberry. Blueberry Pit, Hwy 2 and CTH O",46.58022,-91.6688,NA,2290,"46.580220 N"," 91.668800 W","Georeferencing Quick Reference Guide 2012-10-02","Geolocate","",NA,"","July","Castle, R.","Castle, R."
"SUWS010817","Equisetopsida","Ranunculales","Ranunculaceae","Coptis trifolia",3200,"(L.) Salisb.","Coptis","trifolia","","","","","Cornell","s.n.","1966-07-21",1966,7,21,202,"1966-07-21","","Old, open field.",NA,"Bayfield","1.5 miles N of Pigeon Lake Camp on Rd. 228",46.36317,-91.37424,NA,2788,"46.363170 N"," 91.374240 W","Georeferencing Quick Reference Guide 2012-10-02","Geolocate","",NA,"","July","Cornell; Brashier","Other Collectors"
"SUWS010824","Equisetopsida","Ranunculales","Ranunculaceae","Delphinium carolinianum subsp. virescens",6621,"(Nutt.) R.E.Brooks","Delphinium","carolinianum","virescens","subsp.","Cochrane, Theodore S.","Apr 2002","Holden","s.n.","1966-07-02",1966,7,2,183,"1966-07-02","","Meadow with dry, rocky soil and many shrubs and grass.",NA,"St. Croix","Hudson. 3 miles E of Hudson on Hwy 12",44.97613,-92.68035,NA,1300,"44.976130 N"," 92.680350 W","Georeferencing Quick Reference Guide 2012-10-02","Geolocate","",NA,"","July","Holden; Brashier","Other Collectors"
"SUWS010829","Equisetopsida","Ranunculales","Ranunculaceae","Anemone americana",2529,"(DC.) H.Hara","Anemone","americana","","","","","McGovern, Scott","92/21","1992-10-15",1992,10,15,289,"1992-10-15","","Hard packed soil on logging road with some grasses among hepatica. Single 3 lobed leaf on petiole.",NA,"Vilas","Arbor Vitae. Hwy 70 E, 1 mile from Hwy 51; Wiches Lake road 1 mi. S of Hooreh Lake",45.94447,-89.65324,NA,400,"45.944470 N"," 89.653240 W","Georeferencing Quick Reference Guide 2012-10-02","Geolocate","",NA,"","October","McGovern, Scott","Other Collectors"
"SUWS010830","Equisetopsida","Ranunculales","Ranunculaceae","Anemone americana",2529,"(DC.) H.Hara","Anemone","americana","","","","","Mitchell, John A.","s.n.","1968-05-21",1968,5,21,142,"1968-05-21","","Nature trail.",NA,"Bayfield","Drummond. Pigeon Lake Biology Camp",46.34228,-91.34901,NA,2257,"46.342280 N"," 91.349010 W","Georeferencing Quick Reference Guide 2012-10-02","Geolocate","",NA,"","May","Mitchell, John A.","Other Collectors"
"SUWS010832","Equisetopsida","Ranunculales","Ranunculaceae","Anemone americana",2529,"(DC.) H.Hara","Anemone","americana","","","","","Mitchell, John A.","s.n.","1968-05-20",1968,5,20,141,"1968-05-20","","",NA,"Bayfield","Drummond. S of Drummond, Pigeon Lake Biology Camp Nature Trail",46.34228,-91.34901,NA,2257,"46.342280 N"," 91.349010 W","Georeferencing Quick Reference Guide 2012-10-02","Geolocate","",NA,"","May","Mitchell, John A.","Other Collectors"
"SUWS010833","Equisetopsida","Ranunculales","Ranunculaceae","Anemone americana",2529,"(DC.) H.Hara","Anemone","americana","","","","","Brashier","s.n.","1965-05-01",1965,5,1,121,"1965-05-01","","Beneath trees; leaf litter.",NA,"Bayfield","Drummond. Pigeon Lake Field Camp, in camp proper.",46.34228,-91.34901,NA,2257,"46.342280 N"," 91.349010 W","Georeferencing Quick Reference Guide 2012-10-02","Geolocate","",NA,"","May","Brashier; Romans","Brashier"
"SUWS010838","Equisetopsida","Ranunculales","Ranunculaceae","Ranunculus acris",4752,"L.","Ranunculus","acris","","","","","Barnard","s.n.","1966-07-16",1966,7,16,197,"1966-07-16","","Edge of stream.",NA,"Bayfield","White River",46.47814,-90.98825,NA,5401,"46.478140 N"," 90.988250 W","Georeferencing Quick Reference Guide 2012-10-02","Geolocate","",NA,"","July","Barnard; Brashier","Other Collectors"
"SUWS010843","Equisetopsida","Ranunculales","Ranunculaceae","Ranunculus acris",4752,"L.","Ranunculus","acris","","","","","Sima, Bessie R.","s.n.","1944-08-07",1944,8,7,220,"1944-08-07","","Dry field.",NA,"Douglas","Superior. Vacant lot by Weeks Ave., Superior",46.72459,-92.09196,NA,462,"46.724590 N"," 92.091960 W","Georeferencing Quick Reference Guide 2012-10-02","Geolocate","",NA,"","August","Sima, Bessie R.","Other Collectors"
"SUWS010844","Equisetopsida","Ranunculales","Ranunculaceae","Ranunculus acris",4752,"L.","Ranunculus","acris","","","","","Holden","s.n.","1966-06-30",1966,6,30,181,"1966-06-30","","Roadside area with loose soil and grasses; woods further back.",NA,"Bayfield","3 miles SE of Pigeon Lake on Hwy 222",46.30782,-91.32289,NA,1634,"46.307820 N"," 91.322890 W","Georeferencing Quick Reference Guide 2012-10-02","Geolocate","",NA,"","June","Holden; Brashier","Other Collectors"
"SUWS010847","Equisetopsida","Ranunculales","Ranunculaceae","Ranunculus acris",4752,"L.","Ranunculus","acris","","","","","Hjerleid","s.n.","1966-07-17",1966,7,17,198,"1966-07-17","","Open field.",NA,"Bayfield","3 miles S of Pigeon Lake on Hwy 222",46.30782,-91.32289,NA,1634,"46.307820 N"," 91.322890 W","Georeferencing Quick Reference Guide 2012-10-02","Geolocate","",NA,"","July","Hjerleid; Brashier","Other Collectors"
"SUWS010849","Equisetopsida","Ranunculales","Ranunculaceae","Ranunculus acris",4752,"L.","Ranunculus","acris","","","","","Brashier","130a","1964-08-19",1964,8,19,232,"1964-08-19","","Moist ditch.",NA,"Douglas","Superior. On campus of University of Wisconsin - Superior, near student center",46.71784,-92.08786,NA,699,"46.717840 N"," 92.087860 W","Georeferencing Quick Reference Guide 2012-10-02","Geolocate","",NA,"","August","Brashier; Romans","Brashier"
"SUWS010855","Equisetopsida","Ranunculales","Ranunculaceae","Ranunculus hispidus",4761,"Michx.","Ranunculus","hispidus","","","","","Smetak, Scott","12","1994-09-13",1994,9,13,256,"1994-09-13","","Gravel roadside ditch. Yellow flower, 1-2 feet tall.",NA,"Douglas","Superior. Superior Municipal Forest",46.67545,-92.14871,NA,2848,"46.675450 N"," 92.148710 W","Georeferencing Quick Reference Guide 2012-10-02","Geolocate","",NA,"","September","Smetak, Scott","Other Collectors"
"SUWS010856","Equisetopsida","Ranunculales","Ranunculaceae","Ranunculus aquatilis var. diffusus",6823,"With.","Ranunculus","aquatilis","diffusus","var.","Alverson, William S.","May 1979","Brashier","PL-63","1964-07-06",1964,7,6,188,"1964-07-06","","In water.",NA,"Bayfield","Pigeon Lake Field Station at Delta Hatchery",46.34228,-91.34901,NA,2257,"46.342280 N"," 91.349010 W","Georeferencing Quick Reference Guide 2012-10-02","Geolocate","",NA,"","July","Brashier; Thoren","Brashier"
"SUWS010859","Equisetopsida","Ranunculales","Ranunculaceae","Ranunculus aquatilis var. diffusus",6823,"With.","Ranunculus","aquatilis","diffusus","var.","","","Cornell","s.n.","1966-07-17",1966,7,17,198,"1966-07-17","","Shore of river, muddy shore line.",NA,"Bayfield","Mason. White River near bridge by Mason",46.47814,-90.98825,NA,5401,"46.478140 N"," 90.988250 W","Georeferencing Quick Reference Guide 2012-10-02","Geolocate","",NA,"","July","Cornell; Brashier","Other Collectors"
"SUWS010860","Equisetopsida","Ranunculales","Ranunculaceae","Ranunculus aquatilis var. diffusus",6823,"With.","Ranunculus","aquatilis","diffusus","var.","","","Holden","s.n.","1966-07-16",1966,7,16,197,"1966-07-16","","Grows in stream - under water, current rapid, temperature 50 degrees F.",NA,"Bayfield","White River",46.47814,-90.98825,NA,5401,"46.478140 N"," 90.988250 W","Georeferencing Quick Reference Guide 2012-10-02","Geolocate","",NA,"","July","Holden; Brashier","Other Collectors"
"SUWS010862","Equisetopsida","Ranunculales","Ranunculaceae","Ranunculus pensylvanicus",4763,"L.f.","Ranunculus","pensylvanicus","","","","","Brashier","207a","1964-06-27",1964,6,27,179,"1964-06-27","","Wet meadow area.",NA,"Douglas","Superior. 3 miles S of Superior on Hwy 35 on the Ralph Law property",46.65497,-92.10442,NA,4161,"46.654970 N"," 92.104420 W","Georeferencing Quick Reference Guide 2012-10-02","Geolocate","",NA,"","June","Brashier; Romans","Brashier"
"SUWS010863","Equisetopsida","Ranunculales","Ranunculaceae","Ranunculus pensylvanicus",4763,"L.f.","Ranunculus","pensylvanicus","","","","","Cornell","s.n.","1966-07-14",1966,7,14,195,"1966-07-14","","Sandy, moist soil in an open area.",NA,"Bayfield","N shore of Jake's Lake [=Pigeon Lake]",46.34228,-91.34901,NA,2257,"46.342280 N"," 91.349010 W","Georeferencing Quick Reference Guide 2012-10-02","Geolocate","",NA,"","July","Cornell; Brashier","Other Collectors"
"SUWS010864","Equisetopsida","Ranunculales","Ranunculaceae","Ranunculus pensylvanicus",4763,"L.f.","Ranunculus","pensylvanicus","","","","","Barnard","s.n.","1966-07-19",1966,7,19,200,"1966-07-19","","Along side the river.",NA,"Bayfield","Along White River",46.47814,-90.98825,NA,5401,"46.478140 N"," 90.988250 W","Georeferencing Quick Reference Guide 2012-10-02","Geolocate","",NA,"","July","Barnard; Brashier","Other Collectors"
"SUWS010868","Equisetopsida","Ranunculales","Ranunculaceae","Ranunculus sceleratus",4767,"L.","Ranunculus","sceleratus","","","","","Brashier","97b","1964-06-05",1964,6,5,157,"1964-06-05","","Vey wet bog area; soil dark black, shady, with many trees.",NA,"Oconto","Lena. 8 miles S of Lena, in vicinity of roadside picnic area",44.83525,-88.04677,NA,2499,"44.835250 N"," 88.046770 W","Georeferencing Quick Reference Guide 2012-10-02","Geolocate","",NA,"","June","Brashier; Romans","Brashier"
"SUWS010869","Equisetopsida","Ranunculales","Ranunculaceae","Ranunculus recurvatus var. recurvatus",6827,"","Ranunculus","recurvatus","recurvatus","var.","","","Brashier","s.n.","1965-06-10",1965,6,10,161,"1965-06-10","","Large white pine stand; sunny open area in path.",NA,"Bayfield","Drummond. 2 miles N of Drummond on Hwy 63 on Forest Service Road",46.36585,-91.25797,NA,1513,"46.365850 N"," 91.257970 W","Georeferencing Quick Reference Guide 2012-10-02","Geolocate","",NA,"","June","Brashier; Romans","Brashier"
"SUWS010873","Equisetopsida","Ranunculales","Ranunculaceae","Thalictrum dioicum",5216,"L.","Thalictrum","dioicum","","","","","Brashier","s.n.","1965-06-07",1965,6,7,158,"1965-06-07","","Rich, damp wood.",NA,"Douglas","Foxboro. 3 miles N of CTH B on Pelkey Rd., near Foxboro, on Rogge farm",46.49696,-92.25905,NA,886,"46.496960 N"," 92.259050 W","Georeferencing Quick Reference Guide 2012-10-02","Geolocate","",NA,"","June","Brashier; Romans","Brashier"
"SUWS010875","Equisetopsida","Ranunculales","Ranunculaceae","Thalictrum dasycarpum",5215,"Fisch. & Avé-Lall.","Thalictrum","dasycarpum","","","","","Castle, R.","93-123","1993-05-26",1993,5,26,146,"1993-05-26","","Moist shaded sandy soils,.",NA,"Douglas","Brule. Brule rest stop on Hwy 2",46.553,-91.57658,NA,4284,"46.553000 N"," 91.576580 W","Georeferencing Quick Reference Guide 2012-10-02","Geolocate","",NA,"","May","Castle, R.","Castle, R."
"SUWS010876","Equisetopsida","Ranunculales","Ranunculaceae","Thalictrum dasycarpum",5215,"Fisch. & Avé-Lall.","Thalictrum","dasycarpum","","","","","Brashier","PL-146","1964-07-20",1964,7,20,202,"1964-07-20","","Open ground.",NA,"Bayfield","Pigeon Lake Field Station",46.34228,-91.34901,NA,2257,"46.342280 N"," 91.349010 W","Georeferencing Quick Reference Guide 2012-10-02","Geolocate","",NA,"","July","Brashier; Cherf","Brashier"
"SUWS010878","Equisetopsida","Ranunculales","Ranunculaceae","Thalictrum dasycarpum",5215,"Fisch. & Avé-Lall.","Thalictrum","dasycarpum","","","Cochrane, Theodore S.","29Sep2009","Mitchell, John A.","s.n.","1968-07-28",1968,7,28,210,"1968-07-28","","Growing in ditch with standing water present. Salix, alder, and dogwood present.",NA,"Douglas","CTH S E of Stone's Bridge, Brule River",46.4353,-91.67262,NA,1162,"46.435300 N"," 91.672620 W","Georeferencing Quick Reference Guide 2012-10-02","Geolocate","",NA,"","July","Mitchell, John A.","Other Collectors"
"SUWS010887","Equisetopsida","Ranunculales","Papaveraceae","Sanguinaria canadensis",4971,"L.","Sanguinaria","canadensis","","","","","Castle, R.","93-67","1993-05-02",1993,5,2,122,"1993-05-02","","Riverside, rich woods. Broken root produces red liquid, flower white.",NA,"Douglas","Brule. Near Brule and Little Brule confluence [Brule]",46.553,-91.57658,NA,25304,"46.553000 N"," 91.576580 W","Georeferencing Quick Reference Guide 2012-10-02","Geolocate","",NA,"","May","Castle, R.","Castle, R."
"SUWS010889","Equisetopsida","Ranunculales","Papaveraceae","Sanguinaria canadensis",4971,"L.","Sanguinaria","canadensis","","","","","Shaw, Merton R.","s.n.","1928-05-01",1928,5,1,122,"1928-05-01","","Wet, muddy-lake bottom.",NA,"Douglas","Nemadji River",46.5882,-92.12577,NA,14965,"46.588200 N"," 92.125770 W","Georeferencing Quick Reference Guide 2012-10-02","Geolocate","",NA,"","May","Shaw, Merton R.","Other Collectors"
"SUWS010900","Equisetopsida","Ranunculales","Berberidaceae","Podophyllum peltatum",4553,"L.","Podophyllum","peltatum","","","","","Koch, Rudy G.","6947","1971-06-03",1971,6,3,154,"1971-06-03","","Openings in woods, hillside pasture of the Driftless Area.",NA,"Richland","Boaz. John Shelton farm, ca. 5 miles N of Boaz",43.40249,-90.5566,NA,3000,"43.402490 N"," 90.556600 W","Georeferencing Quick Reference Guide 2012-10-02","Geolocate","",NA,"","June","Koch, Rudy G.","Koch, Rudy G."
"SUWS010910","Equisetopsida","Rosales","Ulmaceae","Ulmus americana",5296,"L.","Ulmus","americana","","","","","G., R. A.","12055","1939-06-01",1939,6,1,152,"1939-06-01","","",NA,"Douglas","Superior",46.68122,-92.06631,NA,12939,"46.681220 N"," 92.066310 W","Georeferencing Quick Reference Guide 2012-10-02","Geolocate","",NA,"","June","G., R. A.","Other Collectors"
"SUWS010914","Equisetopsida","Rosales","Ulmaceae","Ulmus americana",5296,"L.","Ulmus","americana","","","","","Trapp, K.","9","1977-03-31",1977,3,31,90,"1977-03-31","","Tree, 20 m tall.",NA,"La Crosse","La Crosse. 1700 block of State St., La Crosse",43.81279,-91.23181,NA,100,"43.812790 N"," 91.231810 W","Georeferencing Quick Reference Guide 2012-10-02","Geolocate","",NA,"","March","Trapp, K.","Other Collectors"
"SUWS010915","Equisetopsida","Rosales","Ulmaceae","Ulmus americana",5296,"L.","Ulmus","americana","","","","","Brashier","PL-186","1964-08-23",1964,8,23,236,"1964-08-23","","",NA,"Bayfield","Pigeon Lake Field Station",46.34228,-91.34901,NA,2257,"46.342280 N"," 91.349010 W","Georeferencing Quick Reference Guide 2012-10-02","Geolocate","",NA,"","August","Brashier; Gall","Brashier"
"SUWS010916","Equisetopsida","Rosales","Ulmaceae","Ulmus americana",5296,"L.","Ulmus","americana","","","","","Brashier","PL-187","1964-07-23",1964,7,23,205,"1964-07-23","","",NA,"Bayfield","Pigeon Lake Field Station",46.34228,-91.34901,NA,2257,"46.342280 N"," 91.349010 W","Georeferencing Quick Reference Guide 2012-10-02","Geolocate","",NA,"","July","Brashier; Grage","Brashier"
"SUWS010919","Equisetopsida","Rosales","Ulmaceae","Ulmus pumila",5299,"L.","Ulmus","pumila","","","Cochrane, Theodore S.","V/2002","G., R. A.","12017","1939-06-01",1939,6,1,152,"1939-06-01","","[Planted]",NA,"Douglas","Superior",46.68122,-92.06631,NA,12939,"46.681220 N"," 92.066310 W","Georeferencing Quick Reference Guide 2012-10-02","Geolocate","",NA,"","June","G., R. A.","Other Collectors"
"SUWS010920","Equisetopsida","Rosales","Ulmaceae","Ulmus pumila",5299,"L.","Ulmus","pumila","","","Cochrane, Theodore S.","V/2000","Hall, Norma","12079","1938-06-26",1938,6,26,177,"1938-06-26","","[Planted]",NA,"Douglas","Superior",46.68122,-92.06631,NA,12939,"46.681220 N"," 92.066310 W","Georeferencing Quick Reference Guide 2012-10-02","Geolocate","",NA,"","June","Hall, Norma","Other Collectors"
"SUWS010924","Equisetopsida","Rosales","Cannabaceae","Cannabis sativa",2864,"L.","Cannabis","sativa","","","","","Hartley, R.","s.n.","1971-10-01",1971,10,1,274,"1971-10-01","","",NA,"La Crosse","La Crosse. Property of Richard Hartley, Shelby Twp.",43.77491,-91.15831,NA,6500,"43.774910 N"," 91.158310 W","Georeferencing Quick Reference Guide 2012-10-02","Geolocate","",NA,"","October","Hartley, R.","Other Collectors"
"SUWS010926","Equisetopsida","Rosales","Cannabaceae","Humulus lupulus",3884,"L.","Humulus","lupulus","","","","","Schmidt, Mike","94-331A","1994-08-04",1994,8,4,216,"1994-08-04","","Planted.",NA,"Douglas","Superior. 1800 Hughitt Ave., Superior",46.71699,-92.09949,NA,80,"46.716990 N"," 92.099490 W","Georeferencing Quick Reference Guide 2012-10-02","Geolocate","",NA,"","August","Schmidt, Mike","Other Collectors"
"SUWS010927","Equisetopsida","Rosales","Cannabaceae","Humulus lupulus",3884,"L.","Humulus","lupulus","","","","","Castle, R.","94-198C","1994-07-11",1994,7,11,192,"1994-07-11","","Edge of woods, sandy soils.",NA,"Douglas","Bellwood Pit, near Hwy 2 and CTH O",46.58022,-91.6688,NA,2290,"46.580220 N"," 91.668800 W","Georeferencing Quick Reference Guide 2012-10-02","Geolocate","",NA,"","July","Castle, R.","Castle, R."
"SUWS010929","Equisetopsida","Rosales","Moraceae","Morus alba",4279,"L.","Morus","alba","","","","","Sohmer, S. H.","7435","1973-06-05",1973,6,5,156,"1973-06-05","","",NA,"Vernon","Upper Mississippi River, Transect running E-W from Minn to Wis, 0.25 mi N of channel mark mile 690, 3rd Isle E of Minn shore on transect",43.69345,-91.2418,NA,3732,"43.693450 N"," 91.241800 W","Georeferencing Quick Reference Guide 2012-10-02","Geolocate","",NA,"","June","Sohmer, S. H.","Other Collectors"
"SUWS010938","Equisetopsida","Rosales","Urticaceae","Urtica dioica subsp. gracilis",6922,"(Aiton) Selander","Urtica","dioica","gracilis","subsp.","","","Shaw","s.n.","1928-08-01",1928,8,1,214,"1928-08-01","","In a wooded area.",NA,"Bayfield","Cornucopia",46.85382,-91.10185,NA,3036,"46.853820 N"," 91.101850 W","Georeferencing Quick Reference Guide 2012-10-02","Geolocate","",NA,"","August","Shaw; Brashier","Other Collectors"
"SUWS010939","Equisetopsida","Rosales","Urticaceae","Urtica dioica subsp. gracilis",6922,"(Aiton) Selander","Urtica","dioica","gracilis","subsp.","","","Thomson, John W., Jr.","5489","1943-09-11",1943,9,11,254,"1943-09-11","","In orchard.",NA,"Rock","Newville",42.8289,-89.0215,NA,3036,"42.828900 N"," 89.021500 W","Georeferencing Quick Reference Guide 2012-10-02","Geolocate","",NA,"","September","Thomson, John W., Jr.","Thomson, John W., Jr."
"SUWS010944","Equisetopsida","Fagales","Juglandaceae","Carya ovata var. ovata",6569,"","Carya","ovata","ovata","var.","","","Thomson, John W., Jr.","s.n.","1942-06-20",1942,6,20,171,"1942-06-20","","",NA,"Rock","Edgerton. Near outlet of Lake Koshkonong",42.83101,-89.00923,NA,4547,"42.831010 N"," 89.009230 W","Georeferencing Quick Reference Guide 2012-10-02","Geolocate","",NA,"","June","Thomson, John W., Jr.","Thomson, John W., Jr."
"SUWS010945","Equisetopsida","Fagales","Juglandaceae","Carya ovata var. ovata",6569,"","Carya","ovata","ovata","var.","","","Thomson, John W., Jr.","s.n.","1942-06-20",1942,6,20,171,"1942-06-20","","",NA,"Rock","Edgerton. Near outlet of Lake Koshkonong",42.83101,-89.00923,NA,4547,"42.831010 N"," 89.009230 W","Georeferencing Quick Reference Guide 2012-10-02","Geolocate","",NA,"","June","Thomson, John W., Jr.","Thomson, John W., Jr."
"SUWS010946","Equisetopsida","Fagales","Juglandaceae","Juglans cinerea",3957,"L.","Juglans","cinerea","","","Cochrane, Theodore S.","IV/2002","Hall, Norma","11715","1938-06-28",1938,6,28,179,"1938-06-28","","[Planted]",NA,"Douglas","Superior",46.68122,-92.06631,NA,12939,"46.681220 N"," 92.066310 W","Georeferencing Quick Reference Guide 2012-10-02","Geolocate","",NA,"","June","Hall, Norma","Other Collectors"
"SUWS010948","Equisetopsida","Fagales","Myricaceae","Comptonia peregrina",3184,"(L.) J.M.Coult.","Comptonia","peregrina","","","","","Martin, Bonita","94-41","1994-10-15",1994,10,15,288,"1994-10-15","","Sandy loam, mixed woods, grasses. Pistillate flowers initially subtended by bract & bracteoles. Forms a bur. Ovary glabrous, achene smooth, hard. Aromatic shrub.",NA,"Douglas","Gordon. Near Gordon, Camp Roundelay along trail to Frontier Point",46.18085,-91.6993,NA,3036,"46.180850 N"," 91.699300 W","Georeferencing Quick Reference Guide 2012-10-02","Geolocate","",NA,"","October","Martin, Bonita","Other Collectors"
"SUWS010952","Equisetopsida","Fagales","Myricaceae","Comptonia peregrina",3184,"(L.) J.M.Coult.","Comptonia","peregrina","","","","","Wassgren","s.n.","1964-07-22",1964,7,22,204,"1964-07-22","","Roadside area.",NA,"Bayfield","Drummond. E of Pigeon Lake near Drummond",46.33784,-91.29093,NA,2310,"46.337840 N"," 91.290930 W","Georeferencing Quick Reference Guide 2012-10-02","Geolocate","",NA,"","July","Wassgren; Brashier","Other Collectors"
"SUWS010955","Equisetopsida","Fagales","Myricaceae","Myrica gale",4308,"L.","Myrica","gale","","","","","Thomson, John W., Jr.","s.n.","1942-07-18",1942,7,18,199,"1942-07-18","","Sand island in bay.",NA,"Douglas","Superior. Sand Island, Superior Bay",46.73216,-92.0663,NA,5466,"46.732160 N"," 92.066300 W","Georeferencing Quick Reference Guide 2012-10-02","Geolocate","",NA,"","July","Thomson, John W., Jr.; Smith, C. W.","Thomson, John W., Jr."
"SUWS010957","Equisetopsida","Fagales","Myricaceae","Myrica gale",4308,"L.","Myrica","gale","","","","","McGovern, Scott","92/18","1992-09-19",1992,9,19,263,"1992-09-19","","Sandy soil, with grass underneath in direct sun, shore of the bay. 4-5 ft shrub with oblanceolate leaves and small cone-like structure at leaf attachment.",NA,"Douglas","Superior",46.68122,-92.06631,NA,12939,"46.681220 N"," 92.066310 W","Georeferencing Quick Reference Guide 2012-10-02","Geolocate","",NA,"","September","McGovern, Scott","Other Collectors"
"SUWS010962","Equisetopsida","Fagales","Fagaceae","Quercus macrocarpa",4734,"Michx.","Quercus","macrocarpa","","","","","Hall, Norma","11958","1938-06-29",1938,6,29,180,"1938-06-29","","",NA,"Douglas","Superior",46.68122,-92.06631,NA,12939,"46.681220 N"," 92.066310 W","Georeferencing Quick Reference Guide 2012-10-02","Geolocate","",NA,"","June","Hall, Norma","Other Collectors"
"SUWS010963","Equisetopsida","Fagales","Fagaceae","Quercus macrocarpa",4734,"Michx.","Quercus","macrocarpa","","","","","Suneson, Verna","11957","1934-07-03",1934,7,3,184,"1934-07-03","","",NA,"Douglas","Superior",46.68122,-92.06631,NA,12939,"46.681220 N"," 92.066310 W","Georeferencing Quick Reference Guide 2012-10-02","Geolocate","",NA,"","July","Suneson, Verna","Other Collectors"
"SUWS010965","Equisetopsida","Fagales","Fagaceae","Quercus macrocarpa",4734,"Michx.","Quercus","macrocarpa","","","","","Castle, R.","93-110","1993-05-13",1993,5,13,133,"1993-05-13","","Upland with hardwood. Male catkins.",NA,"Douglas","Maple. CTH F and Hwy 2 [Maple]",46.58966,-91.72074,NA,1302,"46.589660 N"," 91.720740 W","Georeferencing Quick Reference Guide 2012-10-02","Geolocate","",NA,"","May","Castle, R.","Castle, R."
"SUWS010968","Equisetopsida","Fagales","Fagaceae","Quercus macrocarpa",4734,"Michx.","Quercus","macrocarpa","","","","","Thomson, John W., Jr.","s.n.","1942-08-04",1942,8,4,216,"1942-08-04","","",NA,"Douglas","Superior. Falls of Copper Creek, S of Superior",46.59395,-92.08538,NA,2294,"46.593950 N"," 92.085380 W","Georeferencing Quick Reference Guide 2012-10-02","Geolocate","",NA,"","August","Thomson, John W., Jr.","Thomson, John W., Jr."
"SUWS010971","Equisetopsida","Fagales","Fagaceae","Quercus X bebbiana",4740,"C.K.Schneid.","Quercus","x bebbiana","","","Cochrane, Theodore S.","Apr 2002","Suneson, Verna","11914","1934-07-03",1934,7,3,184,"1934-07-03","","[Very fragmentary ""specimen"" appears to be Q. alba X Q. macrocarpa - T.S. Cochrane, 2002]",NA,"Douglas","Superior",46.68122,-92.06631,NA,12939,"46.681220 N"," 92.066310 W","Georeferencing Quick Reference Guide 2012-10-02","Geolocate","",NA,"","July","Suneson, Verna","Other Collectors"
"SUWS010972","Equisetopsida","Fagales","Fagaceae","Quercus macrocarpa",4734,"Michx.","Quercus","macrocarpa","","","Cochrane, Theodore S.","Apr 2002","Brashier","PL-207","1964-07-22",1964,7,22,204,"1964-07-22","","[Lvs of this sp. sometime very slightly lobed and vary from densely tomentose to almost glabrate - T.S. Cochrane, 2002]",NA,"Bayfield","Pigeon Lake Field Station",46.34228,-91.34901,NA,2257,"46.342280 N"," 91.349010 W","Georeferencing Quick Reference Guide 2012-10-02","Geolocate","",NA,"","July","Brashier; Smith","Brashier"
"SUWS010973","Equisetopsida","Fagales","Fagaceae","Quercus macrocarpa",4734,"Michx.","Quercus","macrocarpa","","","Cochrane, Theodore S.","Apr 2002","Brashier","PL-208","1964-07-23",1964,7,23,205,"1964-07-23","","Near edge of woods. Lvs of this sp. sometime very slightly lobed and vary from densely tomentose to almost glabrate - T.S. Cochrane, 2002]",NA,"Bayfield","Pigeon Lake Field Station",46.34228,-91.34901,NA,2257,"46.342280 N"," 91.349010 W","Georeferencing Quick Reference Guide 2012-10-02","Geolocate","",NA,"","July","Brashier; Walvoord","Brashier"
"SUWS010977","Equisetopsida","Fagales","Fagaceae","Quercus ellipsoidalis",4733,"E.J.Hill","Quercus","ellipsoidalis","","","","","Brashier","PL-209","1964-07-23",1964,7,23,205,"1964-07-23","","",NA,"Bayfield","Pigeon Lake Field Station",46.34228,-91.34901,NA,2257,"46.342280 N"," 91.349010 W","Georeferencing Quick Reference Guide 2012-10-02","Geolocate","",NA,"","July","Brashier; Walvoord","Brashier"
"SUWS010978","Equisetopsida","Fagales","Fagaceae","Quercus ellipsoidalis",4733,"E.J.Hill","Quercus","ellipsoidalis","","","","","Hall, Norma","12019","1938-07-17",1938,7,17,198,"1938-07-17","","",NA,"Barron","Chetek",45.31413,-91.651,NA,3114,"45.314130 N"," 91.651000 W","Georeferencing Quick Reference Guide 2012-10-02","Geolocate","",NA,"","July","Hall, Norma","Other Collectors"
"SUWS010979","Equisetopsida","Fagales","Fagaceae","Quercus ellipsoidalis",4733,"E.J.Hill","Quercus","ellipsoidalis","","","","","Suneson, Verna","12020","1934-07-07",1934,7,7,188,"1934-07-07","","",NA,"Douglas","Billings Park, Superior",46.71189,-92.14325,NA,NA,"46.711890 N"," 92.143250 W","Georeferencing Quick Reference Guide 2012-10-02","Geolocate","",NA,"","July","Suneson, Verna","Other Collectors"
"SUWS010980","Equisetopsida","Fagales","Fagaceae","Quercus ellipsoidalis",4733,"E.J.Hill","Quercus","ellipsoidalis","","","","","Castle, R.","93-303","1993-06-08",1993,6,8,159,"1993-06-08","","Mowed area.",NA,"Burnett","Siren. Park. N of Hwy 48, 8 miles, jct. of 35 and 8 [could this be CTH B near Siren?]",45.76688,-92.38459,NA,600,"45.766880 N"," 92.384590 W","Georeferencing Quick Reference Guide 2012-10-02","Geolocate","",NA,"","June","Castle, R.","Castle, R."
"SUWS010981","Equisetopsida","Fagales","Fagaceae","Quercus ellipsoidalis",4733,"E.J.Hill","Quercus","ellipsoidalis","","","","","Hall, Norma","11937","1938-07-12",1938,7,12,193,"1938-07-12","","",NA,"Douglas","Superior",46.68122,-92.06631,NA,12939,"46.681220 N"," 92.066310 W","Georeferencing Quick Reference Guide 2012-10-02","Geolocate","",NA,"","July","Hall, Norma","Other Collectors"
"SUWS010994","Equisetopsida","Fagales","Fagaceae","Quercus rubra",4737,"L.","Quercus","rubra","","","","","Brashier","PL-212","1964-07-28",1964,7,28,210,"1964-07-28","","",NA,"Bayfield","Pigeon Lake Field Station",46.34228,-91.34901,NA,2257,"46.342280 N"," 91.349010 W","Georeferencing Quick Reference Guide 2012-10-02","Geolocate","",NA,"","July","Brashier; Ruff","Brashier"
"SUWS010995","Equisetopsida","Fagales","Fagaceae","Quercus rubra",4737,"L.","Quercus","rubra","","","","","Castle, R.","93-107","1993-05-13",1993,5,13,133,"1993-05-13","","Rich woods with maples. Staminate catkins, and acorn-like pistils on same branch.",NA,"Douglas","Maple. Near Maple Middle School on Hwy 2",46.58966,-91.72074,NA,1713,"46.589660 N"," 91.720740 W","Georeferencing Quick Reference Guide 2012-10-02","Geolocate","",NA,"","May","Castle, R.","Castle, R."
"SUWS010997","Equisetopsida","Fagales","Fagaceae","Quercus rubra",4737,"L.","Quercus","rubra","","","","","Hall, Norma","11978","1938-06-20",1938,6,20,171,"1938-06-20","","",NA,"Douglas","Superior",46.68122,-92.06631,NA,12939,"46.681220 N"," 92.066310 W","Georeferencing Quick Reference Guide 2012-10-02","Geolocate","",NA,"","June","Hall, Norma","Other Collectors"
"SUWS010998","Equisetopsida","Fagales","Fagaceae","Quercus rubra",4737,"L.","Quercus","rubra","","","","","Suneson, Verna","11979","1934-07-05",1934,7,5,186,"1934-07-05","","",NA,"Douglas","Superior",46.68122,-92.06631,NA,12939,"46.681220 N"," 92.066310 W","Georeferencing Quick Reference Guide 2012-10-02","Geolocate","",NA,"","July","Suneson, Verna","Other Collectors"
"SUWS010999","Equisetopsida","Fagales","Fagaceae","Quercus rubra",4737,"L.","Quercus","rubra","","","","","Brashier","PL-211","1964-07-20",1964,7,20,202,"1964-07-20","","",NA,"Bayfield","Pigeon Lake Field Station",46.34228,-91.34901,NA,2257,"46.342280 N"," 91.349010 W","Georeferencing Quick Reference Guide 2012-10-02","Geolocate","",NA,"","July","Brashier; Janowski","Brashier"
"SUWS011000","Equisetopsida","Fagales","Fagaceae","Quercus rubra",4737,"L.","Quercus","rubra","","","","","Brashier","PL-210","1964-07-27",1964,7,27,209,"1964-07-27","","",NA,"Bayfield","Pigeon Lake Field Station",46.34228,-91.34901,NA,2257,"46.342280 N"," 91.349010 W","Georeferencing Quick Reference Guide 2012-10-02","Geolocate","",NA,"","July","Brashier; Thoren","Brashier"
"SUWS011001","Equisetopsida","Fagales","Fagaceae","Quercus rubra",4737,"L.","Quercus","rubra","","","","","Castle, R.","93-107","1993-05-13",1993,5,13,133,"1993-05-13","","Rich soils, with maple. Immature pistillate flowers on upper branch, naked staminate catkins on lower branch and tips.",NA,"Douglas","Maple. Hwy 2 and Maple Middle School",46.58966,-91.72074,NA,1713,"46.589660 N"," 91.720740 W","Georeferencing Quick Reference Guide 2012-10-02","Geolocate","",NA,"","May","Castle, R.","Castle, R."
"SUWS011005","Equisetopsida","Fagales","Fagaceae","Quercus rubra",4737,"L.","Quercus","rubra","","","","","G., R. A.","11974","1939-06-01",1939,6,1,152,"1939-06-01","","",NA,"Douglas","Superior",46.68122,-92.06631,NA,12939,"46.681220 N"," 92.066310 W","Georeferencing Quick Reference Guide 2012-10-02","Geolocate","",NA,"","June","G., R. A.","Other Collectors"
"SUWS011008","Equisetopsida","Fagales","Fagaceae","Quercus rubra",4737,"L.","Quercus","rubra","","","","","Suneson, Verna","11942","1934-07-05",1934,7,5,186,"1934-07-05","","",NA,"Douglas","Superior",46.68122,-92.06631,NA,12939,"46.681220 N"," 92.066310 W","Georeferencing Quick Reference Guide 2012-10-02","Geolocate","",NA,"","July","Suneson, Verna","Other Collectors"
"SUWS011021","Equisetopsida","Fagales","Betulaceae","Alnus incana subsp. rugosa",6478,"(Du Roi) R.T.Clausen","Alnus","incana","rugosa","subsp.","","","Team 6","s.n.","1975-08-13",1975,8,13,225,"1975-08-13","","Near shore.",NA,"Ashland","Outer Island. Flora of the Apostle Islands - Northland College funded through CEPA",46.5805,-90.87435,NA,575,"46.580500 N"," 90.874350 W","Georeferencing Quick Reference Guide 2012-10-02","Geolocate","",NA,"","August","Team 6","Other Collectors"
"SUWS011023","Equisetopsida","Fagales","Betulaceae","Alnus incana subsp. rugosa",6478,"(Du Roi) R.T.Clausen","Alnus","incana","rugosa","subsp.","","","Ojanen, Joanne M.","94-9","1994-09-13",1994,9,13,256,"1994-09-13","","Woodland, well drained clay loam soil. Tree, 25 feet, smooth brown bark, green leaves, green catkins",NA,"Douglas","Superior Superior. Superior Municipal Forest on Billings Drive, at foot of Dwights Point between Kimballs Bay and Pokegama River",46.68448,-92.14959,NA,1753,"46.684480 N"," 92.149590 W","Georeferencing Quick Reference Guide 2012-10-02","Geolocate","",NA,"","September","Ojanen, Joanne M.","Other Collectors"
"SUWS011024","Equisetopsida","Fagales","Betulaceae","Alnus",359,"Mill.","Alnus","","","","","","Thomson, John W., Jr.","s.n.","1942-04-24",1942,4,24,114,"1942-04-24","","",NA,"Douglas","Superior. E of Superior",46.67492,-91.83406,NA,14396,"46.674920 N"," 91.834060 W","Georeferencing Quick Reference Guide 2012-10-02","Geolocate","",NA,"","April","Thomson, John W., Jr.","Thomson, John W., Jr."
"SUWS011026","Equisetopsida","Fagales","Betulaceae","Alnus incana subsp. rugosa",6478,"(Du Roi) R.T.Clausen","Alnus","incana","rugosa","subsp.","","","Hall, Norma","11757","1938-06-28",1938,6,28,179,"1938-06-28","","",NA,"Douglas","Superior",46.68122,-92.06631,NA,12939,"46.681220 N"," 92.066310 W","Georeferencing Quick Reference Guide 2012-10-02","Geolocate","",NA,"","June","Hall, Norma","Other Collectors"
"SUWS011031","Equisetopsida","Fagales","Betulaceae","Alnus viridis subsp. crispa",6479,"(Aiton) Turrill","Alnus","viridis","crispa","subsp.","","","Team 4","s.n.","1975-07-10",1975,7,10,191,"1975-07-10","","Margin of boggy depression.",NA,"Ashland","South Twin Island. Flora of the Apostle Islands - Northland College funded through CEPA",46.5805,-90.87435,NA,575,"46.580500 N"," 90.874350 W","Georeferencing Quick Reference Guide 2012-10-02","Geolocate","",NA,"","July","Team 4","Other Collectors"
"SUWS011032","Equisetopsida","Fagales","Betulaceae","Alnus viridis subsp. crispa",6479,"(Aiton) Turrill","Alnus","viridis","crispa","subsp.","","","Team 6","s.n.","1975-08-06",1975,8,6,218,"1975-08-06","","Along shore.",NA,"Ashland","Cat Island. Flora of the Apostle Islands - Northland College funded through CEPA",46.5805,-90.87435,NA,575,"46.580500 N"," 90.874350 W","Georeferencing Quick Reference Guide 2012-10-02","Geolocate","",NA,"","August","Team 6","Other Collectors"
"SUWS011033","Equisetopsida","Fagales","Betulaceae","Alnus viridis subsp. crispa",6479,"(Aiton) Turrill","Alnus","viridis","crispa","subsp.","","","Swanson, Denny","22","1980-07-29",1980,7,29,211,"1980-07-29","","Lake margin/splash zone.",NA,"Douglas","Superior. Wisconsin Point, a sand spit forming the Superior Harbor. Allouez Bay",46.69472,-91.99265,NA,2450,"46.694720 N"," 91.992650 W","Georeferencing Quick Reference Guide 2012-10-02","Geolocate","",NA,"","July","Swanson, Denny","Other Collectors"
"SUWS011034","Equisetopsida","Fagales","Betulaceae","Alnus viridis subsp. crispa",6479,"(Aiton) Turrill","Alnus","viridis","crispa","subsp.","","","Thomson, John W., Jr.","s.n.","1942-07-18",1942,7,18,199,"1942-07-18","","",NA,"Douglas","Superior. Sand Island in Superior Bay",46.73216,-92.0663,NA,5466,"46.732160 N"," 92.066300 W","Georeferencing Quick Reference Guide 2012-10-02","Geolocate","",NA,"","July","Thomson, John W., Jr.; Smith, C. W.","Thomson, John W., Jr."
"SUWS011041","Equisetopsida","Fagales","Betulaceae","Betula papyrifera",2738,"Marshall","Betula","papyrifera","","","","","Schmidt, John E.","19","1971-05-09",1971,5,9,129,"1971-05-09","","Sandy soil.",NA,"Douglas","Superior",46.68122,-92.06631,NA,12939,"46.681220 N"," 92.066310 W","Georeferencing Quick Reference Guide 2012-10-02","Geolocate","",NA,"","May","Schmidt, John E.","Other Collectors"
"SUWS011047","Equisetopsida","Fagales","Betulaceae","Betula papyrifera",2738,"Marshall","Betula","papyrifera","","","","","Brashier","PL-184","1964-07-23",1964,7,23,205,"1964-07-23","","",NA,"Bayfield","Pigeon Lake Field Station",46.34228,-91.34901,NA,2257,"46.342280 N"," 91.349010 W","Georeferencing Quick Reference Guide 2012-10-02","Geolocate","",NA,"","July","Brashier; Grage","Brashier"
"SUWS011048","Equisetopsida","Fagales","Betulaceae","Betula papyrifera",2738,"Marshall","Betula","papyrifera","","","","","Brashier","PL-185","1964-07-23",1964,7,23,205,"1964-07-23","","",NA,"Bayfield","Pigeon Lake Field Station",46.34228,-91.34901,NA,2257,"46.342280 N"," 91.349010 W","Georeferencing Quick Reference Guide 2012-10-02","Geolocate","",NA,"","July","Brashier; Gall","Brashier"
"SUWS011061","Equisetopsida","Fagales","Betulaceae","Betula papyrifera",2738,"Marshall","Betula","papyrifera","","","","","Suneson, Verna","s.n.","1934-07-03",1934,7,3,184,"1934-07-03","","",NA,"Douglas","Superior",46.68122,-92.06631,NA,12939,"46.681220 N"," 92.066310 W","Georeferencing Quick Reference Guide 2012-10-02","Geolocate","",NA,"","July","Suneson, Verna","Other Collectors"
"SUWS011062","Equisetopsida","Fagales","Betulaceae","Betula papyrifera",2738,"Marshall","Betula","papyrifera","","","","","Hall, Norma","s.n.","1938-06-20",1938,6,20,171,"1938-06-20","","",NA,"Douglas","Superior",46.68122,-92.06631,NA,12939,"46.681220 N"," 92.066310 W","Georeferencing Quick Reference Guide 2012-10-02","Geolocate","",NA,"","June","Hall, Norma","Other Collectors"
"SUWS011069","Equisetopsida","Fagales","Betulaceae","Carpinus caroliniana subsp. virginiana",6568,"(Marshall) Furlow","Carpinus","caroliniana","virginiana","subsp.","","","Castle, R.","93-108","1993-05-13",1993,5,13,133,"1993-05-13","","Upland, drained soils. Male catkins on specimen",NA,"Douglas","4 miles N of Lake Nebagamon on CTH H.",46.57285,-91.69991,NA,3251,"46.572850 N"," 91.699910 W","Georeferencing Quick Reference Guide 2012-10-02","Geolocate","",NA,"","May","Castle, R.","Castle, R."
"SUWS011070","Equisetopsida","Fagales","Betulaceae","Carpinus caroliniana subsp. virginiana",6568,"(Marshall) Furlow","Carpinus","caroliniana","virginiana","subsp.","","","Brashier","PL-181","1964-07-23",1964,7,23,205,"1964-07-23","","",NA,"Bayfield","Pigeon Lake Field Station",46.34228,-91.34901,NA,2257,"46.342280 N"," 91.349010 W","Georeferencing Quick Reference Guide 2012-10-02","Geolocate","",NA,"","July","Brashier; Walvoord","Brashier"
"SUWS011071","Equisetopsida","Fagales","Betulaceae","Carpinus caroliniana subsp. virginiana",6568,"(Marshall) Furlow","Carpinus","caroliniana","virginiana","subsp.","","","Brashier","PL-183","1964-07-14",1964,7,14,196,"1964-07-14","","",NA,"Bayfield","Pigeon Lake Field Station",46.34228,-91.34901,NA,2257,"46.342280 N"," 91.349010 W","Georeferencing Quick Reference Guide 2012-10-02","Geolocate","",NA,"","July","Brashier; Grage","Brashier"
"SUWS011072","Equisetopsida","Fagales","Betulaceae","Carpinus caroliniana subsp. virginiana",6568,"(Marshall) Furlow","Carpinus","caroliniana","virginiana","subsp.","","","Brashier","PL-182","1964-07-17",1964,7,17,199,"1964-07-17","","",NA,"Bayfield","Pigeon Lake Field Station",46.34228,-91.34901,NA,2257,"46.342280 N"," 91.349010 W","Georeferencing Quick Reference Guide 2012-10-02","Geolocate","",NA,"","July","Brashier; Gunderson","Brashier"
"SUWS011076","Equisetopsida","Fagales","Betulaceae","Corylus americana",3227,"Walter","Corylus","americana","","","","","Brashier","PL-176","1964-07-23",1964,7,23,205,"1964-07-23","","",NA,"Bayfield","Pigeon Lake Field Station",46.34228,-91.34901,NA,2257,"46.342280 N"," 91.349010 W","Georeferencing Quick Reference Guide 2012-10-02","Geolocate","",NA,"","July","Brashier; Walvoord","Brashier"
"SUWS011078","Equisetopsida","Fagales","Betulaceae","Corylus americana",3227,"Walter","Corylus","americana","","","","","Brashier","PL-177","1964-07-14",1964,7,14,196,"1964-07-14","","Deciduous woods.",NA,"Bayfield","Pigeon Lake Field Station",46.34228,-91.34901,NA,2257,"46.342280 N"," 91.349010 W","Georeferencing Quick Reference Guide 2012-10-02","Geolocate","",NA,"","July","Brashier; Grage","Brashier"
"SUWS011083","Equisetopsida","Fagales","Betulaceae","Corylus cornuta subsp. cornuta",6595,"","Corylus","cornuta","cornuta","subsp.","","","Brashier","PL-175","1964-07-24",1964,7,24,206,"1964-07-24","","",NA,"Bayfield","Pigeon Lake Field Station",46.34228,-91.34901,NA,2257,"46.342280 N"," 91.349010 W","Georeferencing Quick Reference Guide 2012-10-02","Geolocate","",NA,"","July","Brashier; Janowski","Brashier"
"SUWS011084","Equisetopsida","Fagales","Betulaceae","Corylus cornuta subsp. cornuta",6595,"","Corylus","cornuta","cornuta","subsp.","","","Brashier","PL-180","1964-07-22",1964,7,22,204,"1964-07-22","","",NA,"Bayfield","Pigeon Lake Field Station",46.34228,-91.34901,NA,2257,"46.342280 N"," 91.349010 W","Georeferencing Quick Reference Guide 2012-10-02","Geolocate","",NA,"","July","Brashier; Smith","Brashier"
"SUWS011090","Equisetopsida","Fagales","Betulaceae","Ostrya virginiana",4386,"(Mill.) K.Koch","Ostrya","virginiana","","","","","Brashier","PL-178","1964-07-23",1964,7,23,205,"1964-07-23","","",NA,"Bayfield","Pigeon Lake Field Station",46.34228,-91.34901,NA,2257,"46.342280 N"," 91.349010 W","Georeferencing Quick Reference Guide 2012-10-02","Geolocate","",NA,"","July","Brashier; Walvoord","Brashier"
"SUWS011091","Equisetopsida","Fagales","Betulaceae","Ostrya virginiana",4386,"(Mill.) K.Koch","Ostrya","virginiana","","","","","Brashier","PL-179","1964-07-25",1964,7,25,207,"1964-07-25","","",NA,"Bayfield","Pigeon Lake Field Station",46.34228,-91.34901,NA,2257,"46.342280 N"," 91.349010 W","Georeferencing Quick Reference Guide 2012-10-02","Geolocate","",NA,"","July","Brashier; Gall","Brashier"
"SUWS011092","Equisetopsida","Fagales","Betulaceae","Ostrya virginiana",4386,"(Mill.) K.Koch","Ostrya","virginiana","","","","","Brashier","PL-162a","1964-07-14",1964,7,14,196,"1964-07-14","","In deciduous woods.",NA,"Bayfield","Pigeon Lake Field Station. W of lake.",46.34228,-91.34901,NA,2257,"46.342280 N"," 91.349010 W","Georeferencing Quick Reference Guide 2012-10-02","Geolocate","",NA,"","July","Brashier; Grage","Brashier"
"SUWS011104","Equisetopsida","Caryophyllales","Nyctaginaceae","Mirabilis nyctaginea",4264,"(Michx.) MacMill.","Mirabilis","nyctaginea","","","Cochrane, Theodore S.","Nov 1974","Brashier","48a","1964-06-02",1964,6,2,154,"1964-06-02","","Full sunlight near RR embankment.",NA,"Pierce","East Ellsworth. 2 miles N of East Ellsworth, on Hwy 35, near RR embankment",44.76115,-92.48741,NA,400,"44.761150 N"," 92.487410 W","Georeferencing Quick Reference Guide 2012-10-02","Geolocate","",NA,"","June","Brashier; Romans","Brashier"
"SUWS011105","Equisetopsida","Caryophyllales","Nyctaginaceae","Mirabilis nyctaginea",4264,"(Michx.) MacMill.","Mirabilis","nyctaginea","","","Cochrane, Theodore S.","Nov 1974","Brashier","138a","1964-06-03",1964,6,3,155,"1964-06-03","","Open sunlight, sandy soil on RR embankment.",NA,"Juneau","Wonewoc. 1 mile N of Wonewoc, on State Hwy 82, E of picnic area on railroad embankment",43.66724,-90.22346,NA,1056,"43.667240 N"," 90.223460 W","Georeferencing Quick Reference Guide 2012-10-02","Geolocate","",NA,"","June","Brashier; Romans","Brashier"
"SUWS011112","Equisetopsida","Caryophyllales","Amaranthaceae","Atriplex patula",2701,"L.","Atriplex","patula","","","","","Thomson, John W., Jr.","5471","1943-08-15",1943,8,15,227,"1943-08-15","","Weed.",NA,"Douglas","Superior. Beside house, 920N 22nd St., Superior",46.71231,-92.09136,NA,122,"46.712310 N"," 92.091360 W","Georeferencing Quick Reference Guide 2012-10-02","Geolocate","",NA,"","August","Thomson, John W., Jr.","Thomson, John W., Jr."
"SUWS011113","Equisetopsida","Caryophyllales","Amaranthaceae","Chenopodium album",3105,"L.","Chenopodium","album","","","","","Brashier","PL-112","1964-07-25",1964,7,25,207,"1964-07-25","","Open field area.",NA,"Bayfield","Pigeon Lake Field Station",46.34228,-91.34901,NA,2257,"46.342280 N"," 91.349010 W","Georeferencing Quick Reference Guide 2012-10-02","Geolocate","",NA,"","July","Brashier; Gunderson","Brashier"
"SUWS011115","Equisetopsida","Caryophyllales","Amaranthaceae","Chenopodium album",3105,"L.","Chenopodium","album","","","","","Brashier","PL-113","1964-07-24",1964,7,24,206,"1964-07-24","","Open fields.",NA,"Bayfield","Pigeon Lake Field Station",46.34228,-91.34901,NA,2257,"46.342280 N"," 91.349010 W","Georeferencing Quick Reference Guide 2012-10-02","Geolocate","",NA,"","July","Brashier; Thoren","Brashier"
"SUWS011117","Equisetopsida","Caryophyllales","Amaranthaceae","Chenopodium album",3105,"L.","Chenopodium","album","","","","","Thomson, John W., Jr.","5470","1943-08-15",1943,8,15,227,"1943-08-15","","Back yard.",NA,"Douglas","Superior. 920 N 22 St., Superior",46.71231,-92.09136,NA,122,"46.712310 N"," 92.091360 W","Georeferencing Quick Reference Guide 2012-10-02","Geolocate","",NA,"","August","Thomson, John W., Jr.","Thomson, John W., Jr."
"SUWS011118","Equisetopsida","Caryophyllales","Amaranthaceae","Chenopodium album",3105,"L.","Chenopodium","album","","","","","Brashier","171c","1964-08-03",1964,8,3,216,"1964-08-03","","Around manure pile in barnyard.",NA,"Douglas","Patzau. 0.5 mile W of State Hwy 35 on CTH BB on the James Romans property [ca. 2mi E of Patzau]",46.48986,-92.18414,NA,1517,"46.489860 N"," 92.184140 W","Georeferencing Quick Reference Guide 2012-10-02","Geolocate","",NA,"","August","Brashier; Romans","Brashier"
"SUWS011121","Equisetopsida","Caryophyllales","Amaranthaceae","Chenopodium album",3105,"L.","Chenopodium","album","","","","","Sima, Bessie R.","s.n.","1944-08-21",1944,8,21,234,"1944-08-21","","Vacant lot.",NA,"Douglas","Superior. On 17th St., Superior",46.7181,-92.11468,NA,1753,"46.718100 N"," 92.114680 W","Georeferencing Quick Reference Guide 2012-10-02","Geolocate","",NA,"","August","Sima, Bessie R.","Other Collectors"
"SUWS011122","Equisetopsida","Caryophyllales","Amaranthaceae","Chenopodium album",3105,"L.","Chenopodium","album","","","","","C., E. A.","3","1927-10-01",1927,10,1,274,"1927-10-01","","",NA,"Douglas","Superior. Central Park",46.71688,-92.07436,NA,1370,"46.716880 N"," 92.074360 W","Georeferencing Quick Reference Guide 2012-10-02","Geolocate","",NA,"","October","C., E. A.","Other Collectors"
"SUWS011123","Equisetopsida","Caryophyllales","Amaranthaceae","Chenopodium capitatum var. capitatum",6575,"","Chenopodium","capitatum","capitatum","var.","","","Hjerleid","s.n.","1966-07-27",1966,7,27,208,"1966-07-27","","Sandy shore line. Sandy shore line.",NA,"Bayfield","W shore of Pigeon Lake",46.34228,-91.34901,NA,2257,"46.342280 N"," 91.349010 W","Georeferencing Quick Reference Guide 2012-10-02","Geolocate","",NA,"","July","Hjerleid; Brashier","Other Collectors"
"SUWS011124","Equisetopsida","Caryophyllales","Amaranthaceae","Chenopodium capitatum var. capitatum",6575,"","Chenopodium","capitatum","capitatum","var.","","","Brashier","PL-109","1964-07-23",1964,7,23,205,"1964-07-23","","Sandy soil. Sandy soil.",NA,"Bayfield","Pigeon Lake Field Station",46.34228,-91.34901,NA,2257,"46.342280 N"," 91.349010 W","Georeferencing Quick Reference Guide 2012-10-02","Geolocate","",NA,"","July","Brashier; Parrish","Brashier"
"SUWS011125","Equisetopsida","Caryophyllales","Amaranthaceae","Chenopodium capitatum var. capitatum",6575,"","Chenopodium","capitatum","capitatum","var.","","","Brashier","PL-110","1964-07-12",1964,7,12,194,"1964-07-12","","Open soil area. Open soil area.",NA,"Bayfield","Pigeon Lake Field Station",46.34228,-91.34901,NA,2257,"46.342280 N"," 91.349010 W","Georeferencing Quick Reference Guide 2012-10-02","Geolocate","",NA,"","July","Brashier; Janowski","Brashier"
"SUWS011126","Equisetopsida","Caryophyllales","Amaranthaceae","Chenopodium capitatum var. capitatum",6575,"","Chenopodium","capitatum","capitatum","var.","","","Brashier","PL-111","1964-07-18",1964,7,18,200,"1964-07-18","","Open field area. Open field area.",NA,"Bayfield","Pigeon Lake Field Station",46.34228,-91.34901,NA,2257,"46.342280 N"," 91.349010 W","Georeferencing Quick Reference Guide 2012-10-02","Geolocate","",NA,"","July","Brashier; Walvoord","Brashier"
"SUWS011128","Equisetopsida","Caryophyllales","Amaranthaceae","Chenopodium capitatum var. capitatum",6575,"","Chenopodium","capitatum","capitatum","var.","","","Cornell","s.n.","1966-07-21",1966,7,21,202,"1966-07-21","","An old field. An old field.",NA,"Bayfield","1.5 miles N of Pigeon Lake Camp on Rd. 228",46.36317,-91.37424,NA,2788,"46.363170 N"," 91.374240 W","Georeferencing Quick Reference Guide 2012-10-02","Geolocate","",NA,"","July","Cornell; Brashier","Other Collectors"
"SUWS011130","Equisetopsida","Asterales","Asteraceae","Artemisia ludoviciana subsp. ludoviciana",6499,"","Artemisia","ludoviciana","ludoviciana","subsp.","Cochrane, Theodore S.","Apr 2002","Brashier","174c","1964-08-04",1964,8,4,217,"1964-08-04","","Very sandy roadside bordering scrub oak forest.",NA,"Burnett","Danbury. 3 miles E of State Hwy 35 on State Hwy 77 [near Danbury]",46.0357,-92.27174,NA,300,"46.035700 N"," 92.271740 W","Georeferencing Quick Reference Guide 2012-10-02","Geolocate","",NA,"","August","Brashier; Romans","Brashier"
"SUWS011132","Equisetopsida","Caryophyllales","Amaranthaceae","Corispermum americanum var. americanum",6589,"","Corispermum","americanum","americanum","var.","Cochrane, Theodore S.","IV/2002","Mendenhall, Paula M.","1","1992-09-10",1992,9,10,254,"1992-09-10","","In sand about 30 feet from shore. About 7 in. height from ground level, bright green leaves and buds, reddish color stem near ground.[Labeled as Corisperumum hypsifolium]]",NA,"Douglas","Superior",46.68122,-92.06631,NA,12939,"46.681220 N"," 92.066310 W","Georeferencing Quick Reference Guide 2012-10-02","Geolocate","",NA,"","September","Mendenhall, Paula M.","Other Collectors"
"SUWS011138","Equisetopsida","Caryophyllales","Amaranthaceae","Kochia scoparia subsp. scoparia",12863,"(L.) A.J. Scott","Kochia","scoparia","scoparia","subsp.","","","Thomson, John W., Jr.","365","1943-08-27",1943,8,27,239,"1943-08-27","","In an alley.",NA,"Rock","Edgerton",42.83528,-89.06761,NA,2915,"42.835280 N"," 89.067610 W","Georeferencing Quick Reference Guide 2012-10-02","Geolocate","",NA,"","August","Thomson, John W., Jr.","Thomson, John W., Jr."
"SUWS011148","Equisetopsida","Caryophyllales","Amaranthaceae","Amaranthus blitoides",2495,"S.Watson","Amaranthus","blitoides","","","","","C., E. A.","2","1927-09-01",1927,9,1,244,"1927-09-01","","",NA,"Douglas","Superior",46.68122,-92.06631,NA,12939,"46.681220 N"," 92.066310 W","Georeferencing Quick Reference Guide 2012-10-02","Geolocate","",NA,"","September","C., E. A.","Other Collectors"
"SUWS011151","Equisetopsida","Caryophyllales","Amaranthaceae","Amaranthus retroflexus",2500,"L.","Amaranthus","retroflexus","","","","","Thomson, John W., Jr.","5439","1943-08-15",1943,8,15,227,"1943-08-15","","In field, clay soil.",NA,"Douglas","Superior. S of 920 N. 22nd St., Superior",46.71231,-92.09136,NA,122,"46.712310 N"," 92.091360 W","Georeferencing Quick Reference Guide 2012-10-02","Geolocate","",NA,"","August","Thomson, John W., Jr.","Thomson, John W., Jr."
"SUWS011152","Equisetopsida","Caryophyllales","Amaranthaceae","Amaranthus retroflexus",2500,"L.","Amaranthus","retroflexus","","","","","","s.n.","1943-07-07",1943,7,7,188,"1943-07-07","","Weed in garden. [No collector specified]",NA,"Rock","Newville. Near Edgerton",42.83528,-89.06761,NA,2915,"42.835280 N"," 89.067610 W","Georeferencing Quick Reference Guide 2012-10-02","Geolocate","",NA,"","July","","Other Collectors"
"SUWS011154","Equisetopsida","Caryophyllales","Amaranthaceae","Amaranthus retroflexus",2500,"L.","Amaranthus","retroflexus","","","","","Brashier","127a","1964-08-18",1964,8,18,231,"1964-08-18","","Cultivated potato field.",NA,"Douglas","Patzau. James Romans farm 0.5 mile W of State Hwy 35 on CTH BB [ca. 2mi E of Patzau]",46.48986,-92.18414,NA,1517,"46.489860 N"," 92.184140 W","Georeferencing Quick Reference Guide 2012-10-02","Geolocate","",NA,"","August","Brashier; Romans","Brashier"
"SUWS011161","Equisetopsida","Caryophyllales","Portulacaceae","Portulaca oleracea",4613,"L.","Portulaca","oleracea","","","","","Romans","s.n.","1964-08-07",1964,8,7,220,"1964-08-07","","Found in a lawn.",NA,"Douglas","Superior. Univ. Wiconsin - Superior campus, near sidewalk by the student center",46.71784,-92.08786,NA,699,"46.717840 N"," 92.087860 W","Georeferencing Quick Reference Guide 2012-10-02","Geolocate","",NA,"","August","Romans; Brashier","Romans"
"SUWS011162","Equisetopsida","Caryophyllales","Portulacaceae","Portulaca oleracea",4613,"L.","Portulaca","oleracea","","","","","Koch, Rudy G.","10507","1976-07-03",1976,7,3,185,"1976-07-03","","Garden weed.",NA,"Douglas","Superior. 2127 Tower Ave., Superior",46.71253,-92.10444,NA,88,"46.712530 N"," 92.104440 W","Georeferencing Quick Reference Guide 2012-10-02","Geolocate","",NA,"","July","Koch, Rudy G.","Koch, Rudy G."
"SUWS011173","Equisetopsida","Caryophyllales","Caryophyllaceae","Cerastium fontanum subsp. vulgare",6572,"(Hartm.) Greuter & Burdet","Cerastium","fontanum","vulgare","subsp.","Cochrane, Theodore S.","Apr 2002","Cornell","s.n.","1966-07-21",1966,7,21,202,"1966-07-21","","Sandy, loose soil in an open field.",NA,"Bayfield","2 miles N of Pigeon Lake Camp on Hwy 224",46.36259,-91.39982,NA,2688,"46.362590 N"," 91.399820 W","Georeferencing Quick Reference Guide 2012-10-02","Geolocate","",NA,"","July","Cornell; Brashier","Other Collectors"
"SUWS011177","Equisetopsida","Caryophyllales","Caryophyllaceae","Cerastium fontanum subsp. vulgare",6572,"(Hartm.) Greuter & Burdet","Cerastium","fontanum","vulgare","subsp.","","","Cherf","s.n.","1964-07-15",1964,7,15,197,"1964-07-15","","Along road going north from camp.",NA,"Bayfield","Pigeon Lake Field Station",46.34228,-91.34901,NA,2257,"46.342280 N"," 91.349010 W","Georeferencing Quick Reference Guide 2012-10-02","Geolocate","",NA,"","July","Cherf; Brashier","Other Collectors"
"SUWS011181","Equisetopsida","Caryophyllales","Caryophyllaceae","Cerastium fontanum subsp. vulgare",6572,"(Hartm.) Greuter & Burdet","Cerastium","fontanum","vulgare","subsp.","","","Holden","s.n.","1966-07-13",1966,7,13,194,"1966-07-13","","Sandy beach, grassy.",NA,"Bayfield","N shore of Pigeon Lake",46.34228,-91.34901,NA,2257,"46.342280 N"," 91.349010 W","Georeferencing Quick Reference Guide 2012-10-02","Geolocate","",NA,"","July","Holden; Brashier","Other Collectors"
"SUWS011183","Equisetopsida","Caryophyllales","Caryophyllaceae","Cerastium fontanum subsp. vulgare",6572,"(Hartm.) Greuter & Burdet","Cerastium","fontanum","vulgare","subsp.","","","Cornell","s.n.","1966-07-07",1966,7,7,188,"1966-07-07","","Sandy, loose soil; surrounded by dense woods.",NA,"Bayfield","Drummond. 4 miles E of Drummond on Hwy 216-213",46.33686,-91.17409,NA,2372,"46.336860 N"," 91.174090 W","Georeferencing Quick Reference Guide 2012-10-02","Geolocate","",NA,"","July","Cornell; Brashier","Other Collectors"
"SUWS011187","Equisetopsida","Caryophyllales","Caryophyllaceae","Cerastium fontanum subsp. vulgare",6572,"(Hartm.) Greuter & Burdet","Cerastium","fontanum","vulgare","subsp.","","","Holden","s.n.","1966-07-20",1966,7,20,201,"1966-07-20","","Sandy beach, sparsely grassy.",NA,"Bayfield","N side of Middle Eau Claire Lake, Hwy 27",46.29554,-91.52141,NA,2423,"46.295540 N"," 91.521410 W","Georeferencing Quick Reference Guide 2012-10-02","Geolocate","",NA,"","July","Holden; Brashier","Other Collectors"
"SUWS011195","Equisetopsida","Caryophyllales","Caryophyllaceae","Silene latifolia subsp. alba",13322,"Poir.","Silene","latifolia","alba","subsp.","","","Castle, R.","93-306","1993-06-08",1993,6,8,159,"1993-06-08","","Mowed area with grasses. 5 styles, hairy leaves and stems.",NA,"Burnett","Siren. N of Hwy 48 and Hwy 35, 8 miles on 35 [near Siren]",45.76688,-92.38459,NA,600,"45.766880 N"," 92.384590 W","Georeferencing Quick Reference Guide 2012-10-02","Geolocate","",NA,"","June","Castle, R.","Castle, R."
"SUWS011198","Equisetopsida","Caryophyllales","Caryophyllaceae","Silene latifolia subsp. alba",13322,"Poir.","Silene","latifolia","alba","subsp.","","","Barnard","s.n.","1966-07-08",1966,7,8,189,"1966-07-08","","Sandy.",NA,"Bayfield","Cable",46.20801,-91.29213,NA,3036,"46.208010 N"," 91.292130 W","Georeferencing Quick Reference Guide 2012-10-02","Geolocate","",NA,"","July","Barnard; Brashier","Other Collectors"
"SUWS011199","Equisetopsida","Caryophyllales","Caryophyllaceae","Silene latifolia subsp. alba",13322,"Poir.","Silene","latifolia","alba","subsp.","","","Hjerleid","s.n.","1966-07-17",1966,7,17,198,"1966-07-17","","Roadside bank.",NA,"Bayfield","Hwy 228, 0.5 mile N of Pigeon Lake",46.34952,-91.34901,NA,2257,"46.349520 N"," 91.349010 W","Georeferencing Quick Reference Guide 2012-10-02","Geolocate","",NA,"","July","Hjerleid; Brashier","Other Collectors"
"SUWS011201","Equisetopsida","Caryophyllales","Caryophyllaceae","Silene latifolia subsp. alba",13322,"Poir.","Silene","latifolia","alba","subsp.","","","Brashier","PL-69","1964-06-24",1964,6,24,176,"1964-06-24","","Lake nature trail.",NA,"Bayfield","Pigeon Lake Field Station",46.34228,-91.34901,NA,2257,"46.342280 N"," 91.349010 W","Georeferencing Quick Reference Guide 2012-10-02","Geolocate","",NA,"","June","Brashier; Janowski","Brashier"
"SUWS011202","Equisetopsida","Caryophyllales","Caryophyllaceae","Silene latifolia subsp. alba",13322,"Poir.","Silene","latifolia","alba","subsp.","","","Brashier","PL-70","1964-07-22",1964,7,22,204,"1964-07-22","","Sandy roadside.",NA,"Bayfield","Pigeon Lake Field Station",46.34228,-91.34901,NA,2257,"46.342280 N"," 91.349010 W","Georeferencing Quick Reference Guide 2012-10-02","Geolocate","",NA,"","July","Brashier; Cherf","Brashier"
"SUWS011214","Equisetopsida","Caryophyllales","Caryophyllaceae","Saponaria officinalis",4977,"L.","Saponaria","officinalis","","","","","Castle, R.","94-400J","1994-07-31",1994,7,31,212,"1994-07-31","","Beach.",NA,"Ashland","Ashland. Lake Superior shore and City Park",46.82815,-90.66694,NA,35066,"46.828150 N"," 90.666940 W","Georeferencing Quick Reference Guide 2012-10-02","Geolocate","",NA,"","July","Castle, R.","Castle, R."
"SUWS011218","Equisetopsida","Caryophyllales","Caryophyllaceae","Silene csereii",5045,"Baumg.","Silene","csereii","","","","","Thomson, John W., Jr.","s.n.","1938-06-17",1938,6,17,168,"1938-06-17","","Along railroad.",NA,"Juneau","New Lisbon",43.87988,-90.15923,NA,2735,"43.879880 N"," 90.159230 W","Georeferencing Quick Reference Guide 2012-10-02","Geolocate","",NA,"","June","Thomson, John W., Jr.; Fassett, Norman C.","Thomson, John W., Jr."
"SUWS011221","Equisetopsida","Caryophyllales","Caryophyllaceae","Silene csereii",5045,"Baumg.","Silene","csereii","","","","","Thomson, John W., Jr.","s.n.","1942-07-09",1942,7,9,190,"1942-07-09","","Along railroad.",NA,"Douglas","Superior. Along railroad at 21st St. Station, Superior",46.71345,-92.11232,NA,414,"46.713450 N"," 92.112320 W","Georeferencing Quick Reference Guide 2012-10-02","Geolocate","",NA,"","July","Thomson, John W., Jr.","Thomson, John W., Jr."
"SUWS011224","Equisetopsida","Caryophyllales","Caryophyllaceae","Silene latifolia subsp. alba",13322,"Poir.","Silene","latifolia","alba","subsp.","","","Castle, R.","93-309","1993-07-24",1993,7,24,205,"1993-07-24","","Roadside. Hairy, curved protruding styles.",NA,"Douglas","Superior",46.68122,-92.06631,NA,12939,"46.681220 N"," 92.066310 W","Georeferencing Quick Reference Guide 2012-10-02","Geolocate","",NA,"","July","Castle, R.","Castle, R."
"SUWS011225","Equisetopsida","Caryophyllales","Caryophyllaceae","Silene latifolia subsp. alba",13322,"Poir.","Silene","latifolia","alba","subsp.","","","Sima, Bessie R.","s.n.","1944-08-13",1944,8,13,226,"1944-08-13","","In a potato patch, gravelly, dry soil.",NA,"Price","Phillips",45.69663,-90.40043,NA,2976,"45.696630 N"," 90.400430 W","Georeferencing Quick Reference Guide 2012-10-02","Geolocate","",NA,"","August","Sima, Bessie R.","Other Collectors"
"SUWS011229","Equisetopsida","Caryophyllales","Caryophyllaceae","Silene vulgaris",5054,"(Moench) Garcke","Silene","vulgaris","","","","","Holden","s.n.","1966-07-23",1966,7,23,204,"1966-07-23","","Gravelly, sparsely grassy roadside.",NA,"Bayfield","Hwy 63, 7 miles S of Drummond [near Price Lake]",46.23555,-91.25797,NA,1791,"46.235550 N"," 91.257970 W","Georeferencing Quick Reference Guide 2012-10-02","Geolocate","",NA,"","July","Holden; Brashier","Other Collectors"
"SUWS011238","Equisetopsida","Caryophyllales","Caryophyllaceae","Stellaria longifolia",5155,"Muhl. ex Willd.","Stellaria","longifolia","","","","","Thomson, John W., Jr.","s.n.","1942-07-18",1942,7,18,199,"1942-07-18","","",NA,"Douglas","Superior. Sand Island in Superior Bay",46.73216,-92.0663,NA,5466,"46.732160 N"," 92.066300 W","Georeferencing Quick Reference Guide 2012-10-02","Geolocate","",NA,"","July","Thomson, John W., Jr.; Smith, C. W.","Thomson, John W., Jr."
"SUWS011239","Equisetopsida","Caryophyllales","Caryophyllaceae","Stellaria longifolia",5155,"Muhl. ex Willd.","Stellaria","longifolia","","","","","Brashier","PL-140","1964-06-25",1964,6,25,177,"1964-06-25","","On nature trail.",NA,"Bayfield","Pigeon Lake Field Station",46.34228,-91.34901,NA,2257,"46.342280 N"," 91.349010 W","Georeferencing Quick Reference Guide 2012-10-02","Geolocate","",NA,"","June","Brashier; Grage","Brashier"
"SUWS011241","Equisetopsida","Caryophyllales","Caryophyllaceae","Stellaria longifolia",5155,"Muhl. ex Willd.","Stellaria","longifolia","","","","","Brashier","197a","1964-06-20",1964,6,20,172,"1964-06-20","","Edge of woods, clay soil.",NA,"Douglas","Superior. 3 miles S of Superior on State Hwy 35 on the Ralph Law property",46.65497,-92.10442,NA,4161,"46.654970 N"," 92.104420 W","Georeferencing Quick Reference Guide 2012-10-02","Geolocate","",NA,"","June","Brashier; Romans","Brashier"
"SUWS011242","Equisetopsida","Caryophyllales","Caryophyllaceae","Stellaria longifolia",5155,"Muhl. ex Willd.","Stellaria","longifolia","","","","","Cornell","s.n.","1966-07-21",1966,7,21,202,"1966-07-21","","Old, open field.",NA,"Bayfield","2 miles N of Pigeon Lake Camp on Hwy 224",46.36259,-91.39982,NA,2688,"46.362590 N"," 91.399820 W","Georeferencing Quick Reference Guide 2012-10-02","Geolocate","",NA,"","July","Cornell; Brashier","Other Collectors"
"SUWS011243","Equisetopsida","Caryophyllales","Caryophyllaceae","Stellaria longifolia",5155,"Muhl. ex Willd.","Stellaria","longifolia","","","","","Holden","s.n.","1966-07-12",1966,7,12,193,"1966-07-12","","Meadow with tall grass, surrounded by woods.",NA,"Bayfield","Cty. Trunk 228, 3 miles N of Pigeon Lake",46.38512,-91.3369,NA,1541,"46.385120 N"," 91.336900 W","Georeferencing Quick Reference Guide 2012-10-02","Geolocate","",NA,"","July","Holden; Brashier","Other Collectors"
"SUWS011245","Equisetopsida","Caryophyllales","Caryophyllaceae","Stellaria longifolia",5155,"Muhl. ex Willd.","Stellaria","longifolia","","","","","Brashier","PL-139","1964-07-06",1964,7,6,188,"1964-07-06","","Brookside.",NA,"Douglas","Brule. Brule Hatchery",46.53529,-91.58211,NA,1088,"46.535290 N"," 91.582110 W","Georeferencing Quick Reference Guide 2012-10-02","Geolocate","",NA,"","July","Brashier; Thoren","Brashier"
"SUWS011247","Equisetopsida","Caryophyllales","Caryophyllaceae","Stellaria media",5156,"(L.) Vill.","Stellaria","media","","","","","Koch, Rudy G.","9617","1975-07-06",1975,7,6,187,"1975-07-06","","Growing along sidewalk in a lawn.",NA,"Douglas","Superior. At Univ. of Wisconsin - Superior [campus]",46.71784,-92.08786,NA,699,"46.717840 N"," 92.087860 W","Georeferencing Quick Reference Guide 2012-10-02","Geolocate","",NA,"","July","Koch, Rudy G.","Koch, Rudy G."
"SUWS011248","Equisetopsida","Caryophyllales","Caryophyllaceae","Stellaria media",5156,"(L.) Vill.","Stellaria","media","","","","","Thomson, John W., Jr.","5486","1943-07-04",1943,7,4,185,"1943-07-04","","In yard, clay soil.",NA,"Douglas","Superior. 920N 22 St., Superior",46.71231,-92.09136,NA,122,"46.712310 N"," 92.091360 W","Georeferencing Quick Reference Guide 2012-10-02","Geolocate","",NA,"","July","Thomson, John W., Jr.","Thomson, John W., Jr."
"SUWS011255","Equisetopsida","Caryophyllales","Polygonaceae","Polygonella articulata",4570,"(L.) Meisn.","Polygonella","articulata","","","","","Martin, Bonita","94-03","1994-09-06",1994,9,6,249,"1994-09-06","","Sandy field, grasses, mosses, lichens, poison ivy, strawberry, birch, white pine nearby. Flowers pink/white, fruit achene 1.5-2 mm.",NA,"Douglas","Superior",46.68122,-92.06631,NA,12939,"46.681220 N"," 92.066310 W","Georeferencing Quick Reference Guide 2012-10-02","Geolocate","",NA,"","September","Martin, Bonita","Other Collectors"
"SUWS011257","Equisetopsida","Caryophyllales","Polygonaceae","Polygonella articulata",4570,"(L.) Meisn.","Polygonella","articulata","","","","","Castle, R.","93-292-A","1993-08-31",1993,8,31,243,"1993-08-31","","Sandy dry road. To 1.5 feet tal, small white flowers, leaves absent.",NA,"Douglas","Near Rush Lake [also in Bayfield Co.]",46.48917,-91.55495,NA,1786,"46.489170 N"," 91.554950 W","Georeferencing Quick Reference Guide 2012-10-02","Geolocate","",NA,"","August","Castle, R.","Castle, R."
"SUWS011259","Equisetopsida","Caryophyllales","Polygonaceae","Polygonella articulata",4570,"(L.) Meisn.","Polygonella","articulata","","","","","Castle, R.","93-292A","1993-08-31",1993,8,31,243,"1993-08-31","","Dry sand road. To 1.5 feet tall, small white to pink flowers, leaves revolute.",NA,"Douglas","Brule. Near 27 and Troy Pit Rd., S of Brule",46.52277,-91.56731,NA,1249,"46.522770 N"," 91.567310 W","Georeferencing Quick Reference Guide 2012-10-02","Geolocate","",NA,"","August","Castle, R.","Castle, R."
"SUWS011263","Equisetopsida","Caryophyllales","Polygonaceae","Polygonum amphibium",12303,"L.","Polygonum","amphibium","","","","","Brashier","PL-20","1964-07-08",1964,7,8,190,"1964-07-08","","Shore of lake.",NA,"Bayfield","Pigeon Lake Field Station, on N shore",46.34228,-91.34901,NA,2257,"46.342280 N"," 91.349010 W","Georeferencing Quick Reference Guide 2012-10-02","Geolocate","",NA,"","July","Brashier; Grage","Brashier"
"SUWS011264","Equisetopsida","Caryophyllales","Polygonaceae","Polygonum amphibium",12303,"L.","Polygonum","amphibium","","","","","Cornell","s.n.","1966-08-01",1966,8,1,213,"1966-08-01","","Sandy moist shore.",NA,"Bayfield","NE shore of Pigeon Lake",46.34228,-91.34901,NA,2257,"46.342280 N"," 91.349010 W","Georeferencing Quick Reference Guide 2012-10-02","Geolocate","",NA,"","August","Cornell; Brashier","Other Collectors"
"SUWS011265","Equisetopsida","Caryophyllales","Polygonaceae","Polygonum amphibium",12303,"L.","Polygonum","amphibium","","","","","Hjerleid","s.n.","1966-07-22",1966,7,22,203,"1966-07-22","","Edge of water.",NA,"Bayfield","SE shore Pigeon Lake",46.34228,-91.34901,NA,2257,"46.342280 N"," 91.349010 W","Georeferencing Quick Reference Guide 2012-10-02","Geolocate","",NA,"","July","Hjerleid; Brashier","Other Collectors"
"SUWS011266","Equisetopsida","Caryophyllales","Polygonaceae","Polygonum amphibium",12303,"L.","Polygonum","amphibium","","","","","Parrish","s.n.","1964-07-01",1964,7,1,183,"1964-07-01","","On the beach.",NA,"Bayfield","Pigeon Lake Field Station",46.34228,-91.34901,NA,2257,"46.342280 N"," 91.349010 W","Georeferencing Quick Reference Guide 2012-10-02","Geolocate","",NA,"","July","Parrish; Brashier","Other Collectors"
"SUWS011267","Equisetopsida","Caryophyllales","Polygonaceae","Polygonum amphibium",12303,"L.","Polygonum","amphibium","","","","","Parrish","s.n.","1964-07-01",1964,7,1,183,"1964-07-01","","Beach.",NA,"Bayfield","Pigeon Lake Field Station",46.34228,-91.34901,NA,2257,"46.342280 N"," 91.349010 W","Georeferencing Quick Reference Guide 2012-10-02","Geolocate","",NA,"","July","Parrish; Brashier","Other Collectors"
"SUWS011269","Equisetopsida","Caryophyllales","Polygonaceae","Polygonum amphibium",12303,"L.","Polygonum","amphibium","","","","","Cornell","s.n.","1966-07-21",1966,7,21,202,"1966-07-21","","Growing in middle of lake.",NA,"Bayfield","NE end of Pigeon Lake",46.34228,-91.34901,NA,2257,"46.342280 N"," 91.349010 W","Georeferencing Quick Reference Guide 2012-10-02","Geolocate","",NA,"","July","Cornell; Brashier","Other Collectors"
"SUWS011271","Equisetopsida","Caryophyllales","Polygonaceae","Polygonum amphibium",12303,"L.","Polygonum","amphibium","","","","","Brashier","PL-21","1964-07-15",1964,7,15,197,"1964-07-15","","",NA,"Bayfield","Pigeon Lake Field Station",46.34228,-91.34901,NA,2257,"46.342280 N"," 91.349010 W","Georeferencing Quick Reference Guide 2012-10-02","Geolocate","",NA,"","July","Brashier; Ruff","Brashier"
"SUWS011273","Equisetopsida","Caryophyllales","Polygonaceae","Polygonum amphibium",12303,"L.","Polygonum","amphibium","","","","","Brashier","229a","1964-07-07",1964,7,7,189,"1964-07-07","","Near water's edge on sandy beach of lake.",NA,"Bayfield","Drummond. Pigeon Lake Biology Field Station, on shore of Pigeon Lake",46.34228,-91.34901,NA,2257,"46.342280 N"," 91.349010 W","Georeferencing Quick Reference Guide 2012-10-02","Geolocate","",NA,"","July","Brashier; Romans","Brashier"
"SUWS011277","Equisetopsida","Caryophyllales","Polygonaceae","Polygonum aviculare subsp. aviculare",19462,"L.","Polygonum","aviculare","aviculare","subsp.","","","Thomson, John W., Jr.","s.n.","1942-07-10",1942,7,10,191,"1942-07-10","","",NA,"Douglas","18 St. and Grand Ave., Superior",46.71701,-92.0935,NA,160,"46.717010 N"," 92.093500 W","Georeferencing Quick Reference Guide 2012-10-02","Geolocate","",NA,"","July","Thomson, John W., Jr.","Thomson, John W., Jr."
"SUWS011281","Equisetopsida","Caryophyllales","Polygonaceae","Polygonum aviculare subsp. aviculare",19462,"L.","Polygonum","aviculare","aviculare","subsp.","","","McC., N. V.","s.n.","1927-08-25",1927,8,25,237,"1927-08-25","","",NA,"Douglas","Superior",46.68122,-92.06631,NA,12939,"46.681220 N"," 92.066310 W","Georeferencing Quick Reference Guide 2012-10-02","Geolocate","",NA,"","August","McC., N. V.; C., E. A.","Other Collectors"
"SUWS011283","Equisetopsida","Caryophyllales","Polygonaceae","Polygonum cuspidatum",11964,"Siebold & Zucc.","Polygonum","cuspidatum","","","","","Sohmer, S. H.","5107 a","1968-09-22",1968,9,22,266,"1968-09-22","","",NA,"La Crosse","Gordor Rd., behind Oak Grove Cemetary",43.82045,-91.2322,NA,300,"43.820450 N"," 91.232200 W","Georeferencing Quick Reference Guide 2012-10-02","Geolocate","",NA,"","September","Sohmer, S. H.","Other Collectors"
"SUWS011291","Equisetopsida","Caryophyllales","Polygonaceae","Polygonum cilinode",13039,"Michx.","Polygonum","cilinode","","","Cochrane, Theodore S.","Mar 1972","Cherf","s.n.","1964-07-20",1964,7,20,202,"1964-07-20","","In sandy soil along the road.",NA,"Bayfield","Pigeon Lake Field Station",46.34228,-91.34901,NA,2257,"46.342280 N"," 91.349010 W","Georeferencing Quick Reference Guide 2012-10-02","Geolocate","",NA,"","July","Cherf; Brashier","Other Collectors"
"SUWS011292","Equisetopsida","Caryophyllales","Polygonaceae","Polygonum cilinode",13039,"Michx.","Polygonum","cilinode","","","Cochrane, Theodore S.","Mar 1972","Hjerleid","s.n.","1966-07-27",1966,7,27,208,"1966-07-27","","Woody to open area.",NA,"Bayfield","Lake Owen picnic area",46.30245,-91.22102,NA,1359,"46.302450 N"," 91.221020 W","Georeferencing Quick Reference Guide 2012-10-02","Geolocate","",NA,"","July","Hjerleid; Brashier","Other Collectors"
"SUWS011294","Equisetopsida","Caryophyllales","Polygonaceae","Polygonum cilinode",13039,"Michx.","Polygonum","cilinode","","","Cochrane, Theodore S.","Mar 1972","Cornell","s.n.","1966-07-27",1966,7,27,208,"1966-07-27","","Approximately 15 feet from shore, soil sandy and moist.",NA,"Bayfield","NE shore of Pigeon Lake",46.34228,-91.34901,NA,2257,"46.342280 N"," 91.349010 W","Georeferencing Quick Reference Guide 2012-10-02","Geolocate","",NA,"","July","Cornell; Brashier","Other Collectors"
"SUWS011296","Equisetopsida","Caryophyllales","Polygonaceae","Polygonum cilinode",13039,"Michx.","Polygonum","cilinode","","","Cochrane, Theodore S.","Mar 1972","Brashier","PL-22","1964-07-09",1964,7,9,191,"1964-07-09","","",NA,"Bayfield","Pigeon Lake Field Station",46.34228,-91.34901,NA,2257,"46.342280 N"," 91.349010 W","Georeferencing Quick Reference Guide 2012-10-02","Geolocate","",NA,"","July","Brashier; Walvoord","Brashier"
"SUWS011297","Equisetopsida","Caryophyllales","Polygonaceae","Polygonum erectum",4582,"L.","Polygonum","erectum","","","","","Thomson, John W., Jr.","s.n.","1942-08-03",1942,8,3,215,"1942-08-03","","In cindered alley.",NA,"Douglas","Superior. S of 22nd St and Weeks Ave., Superior",46.72459,-92.09196,NA,462,"46.724590 N"," 92.091960 W","Georeferencing Quick Reference Guide 2012-10-02","Geolocate","",NA,"","August","Thomson, John W., Jr.","Thomson, John W., Jr."
"SUWS011300","Equisetopsida","Caryophyllales","Polygonaceae","Polygonum hydropiper",13191,"L.","Polygonum","hydropiper","","","","","Sima, Bessie R.","s.n.","1944-08-17",1944,8,17,230,"1944-08-17","","Damp soil.",NA,"Douglas","Superior. Vacant lot in Superior",46.68122,-92.06631,NA,12939,"46.681220 N"," 92.066310 W","Georeferencing Quick Reference Guide 2012-10-02","Geolocate","",NA,"","August","Sima, Bessie R.","Other Collectors"
"SUWS011301","Equisetopsida","Caryophyllales","Polygonaceae","Polygonum hydropiper",13191,"L.","Polygonum","hydropiper","","","Fassett, Norman C.","","Thomson, John W., Jr.","5281","1943-08-04",1943,8,4,216,"1943-08-04","","In cultivated clay soil.",NA,"Douglas","Superior. S of 22nd St., Superior",46.70545,-92.10404,NA,2064,"46.705450 N"," 92.104040 W","Georeferencing Quick Reference Guide 2012-10-02","Geolocate","",NA,"","August","Thomson, John W., Jr.","Thomson, John W., Jr."
"SUWS011302","Equisetopsida","Caryophyllales","Polygonaceae","Polygonum lapathifolium",13194,"L.","Polygonum","lapathifolium","","","","","Brashier","201b","1964-08-03",1964,8,3,216,"1964-08-03","","In barnyard, near manure heap.",NA,"Douglas","Patzau. 0.5 mile W of State Hwy 35 on CTH BB on the James Romans property [ca. 2mi E of Patzau]",46.48986,-92.18414,NA,1517,"46.489860 N"," 92.184140 W","Georeferencing Quick Reference Guide 2012-10-02","Geolocate","",NA,"","August","Brashier; Romans","Brashier"
"SUWS011304","Equisetopsida","Caryophyllales","Polygonaceae","Polygonum lapathifolium",13194,"L.","Polygonum","lapathifolium","","","","","Brashier","126c","1964-08-18",1964,8,18,231,"1964-08-18","","Cultivated potato field.",NA,"Douglas","Patzau. On James Romans farm 0.5 mile W of state Hwy 35 on CTH BB, [ca. 2mi E of Patzau]",46.48986,-92.18414,NA,1517,"46.489860 N"," 92.184140 W","Georeferencing Quick Reference Guide 2012-10-02","Geolocate","",NA,"","August","Brashier; Romans","Brashier"
"SUWS011307","Equisetopsida","Caryophyllales","Polygonaceae","Polygonum lapathifolium",13194,"L.","Polygonum","lapathifolium","","","","","Thomson, John W., Jr.","5282","1943-08-04",1943,8,4,216,"1943-08-04","","Cultivated clay soil.",NA,"Douglas","Superior. S of 920N 22nd St., Superior",46.71231,-92.09136,NA,122,"46.712310 N"," 92.091360 W","Georeferencing Quick Reference Guide 2012-10-02","Geolocate","",NA,"","August","Thomson, John W., Jr.","Thomson, John W., Jr."
"SUWS011316","Equisetopsida","Caryophyllales","Polygonaceae","Polygonum pensylvanicum",13197,"L.","Polygonum","pensylvanicum","","","","","Hjerleid","s.n.","1966-08-01",1966,8,1,213,"1966-08-01","","Sandy, moist shore.",NA,"Bayfield","NE shore of Pigeon Lake",46.34228,-91.34901,NA,2257,"46.342280 N"," 91.349010 W","Georeferencing Quick Reference Guide 2012-10-02","Geolocate","",NA,"","August","Hjerleid; Brashier","Other Collectors"
"SUWS011317","Equisetopsida","Caryophyllales","Polygonaceae","Polygonum pensylvanicum",13197,"L.","Polygonum","pensylvanicum","","","","","Cornell","s.n.","1966-08-01",1966,8,1,213,"1966-08-01","","Sandy, moist shore.",NA,"Bayfield","NE shore of Pigeon Lake",46.34228,-91.34901,NA,2257,"46.342280 N"," 91.349010 W","Georeferencing Quick Reference Guide 2012-10-02","Geolocate","",NA,"","August","Cornell; Brashier","Other Collectors"
"SUWS011319","Equisetopsida","Caryophyllales","Polygonaceae","Polygonum sagittatum",13199,"L.","Polygonum","sagittatum","","","Cochrane, Theodore S.","Mar 1972","Brashier","196a","1964-08-18",1964,8,18,231,"1964-08-18","","Brushy, wet ditchside bordering road.",NA,"Douglas","Patzau. 2 miles W of State Hwy 35 on CTH BB [E of Patzau]",46.48986,-92.18414,NA,1517,"46.489860 N"," 92.184140 W","Georeferencing Quick Reference Guide 2012-10-02","Geolocate","",NA,"","August","Brashier; Romans","Brashier"
"SUWS011323","Equisetopsida","Caryophyllales","Polygonaceae","Polygonum scandens",13042,"L.","Polygonum","scandens","","","","","Castle, R.","94-56","1994-06-25",1994,6,25,176,"1994-06-25","","Along trail.",NA,"Douglas","Maple. 0.25 miles S of Maple on CTH F",46.58604,-91.72074,NA,1337,"46.586040 N"," 91.720740 W","Georeferencing Quick Reference Guide 2012-10-02","Geolocate","",NA,"","June","Castle, R.","Castle, R."
"SUWS011324","Equisetopsida","Caryophyllales","Polygonaceae","Rumex acetosella",4916,"L.","Rumex","acetosella","","","","","Cherf","s.n.","1964-07-15",1964,7,15,197,"1964-07-15","","Roadside, sandy soil.",NA,"Bayfield","Pigeon Lake Field Station",46.34228,-91.34901,NA,2257,"46.342280 N"," 91.349010 W","Georeferencing Quick Reference Guide 2012-10-02","Geolocate","",NA,"","July","Cherf; Brashier","Other Collectors"
"SUWS011325","Equisetopsida","Caryophyllales","Polygonaceae","Rumex acetosella",4916,"L.","Rumex","acetosella","","","","","Valaskey","s.n.","1964-06-25",1964,6,25,177,"1964-06-25","","Along the roadside.",NA,"Bayfield","Pigeon Lake Field Station",46.34228,-91.34901,NA,2257,"46.342280 N"," 91.349010 W","Georeferencing Quick Reference Guide 2012-10-02","Geolocate","",NA,"","June","Valaskey; Brashier","Other Collectors"
"SUWS011328","Equisetopsida","Caryophyllales","Polygonaceae","Rumex acetosella",4916,"L.","Rumex","acetosella","","","","","Brashier","14a","1964-06-01",1964,6,1,153,"1964-06-01","","Sandy open pasture area.",NA,"Douglas","Patzau. 0.5 mile W of State Hwy 35 on CTH BB on the James Romans farm [ca. 2mi E of Patzau]",46.48986,-92.18414,NA,1517,"46.489860 N"," 92.184140 W","Georeferencing Quick Reference Guide 2012-10-02","Geolocate","",NA,"","June","Brashier; Romans","Brashier"
"SUWS011332","Equisetopsida","Caryophyllales","Polygonaceae","Rumex acetosella",4916,"L.","Rumex","acetosella","","","","","Muller","s.n.","1964-06-30",1964,6,30,182,"1964-06-30","","In a bog near the lake.",NA,"Bayfield","Drummond",46.33689,-91.25797,NA,6377,"46.336890 N"," 91.257970 W","Georeferencing Quick Reference Guide 2012-10-02","Geolocate","",NA,"","June","Muller; Brashier","Other Collectors"
"SUWS011333","Equisetopsida","Caryophyllales","Polygonaceae","Rumex acetosella",4916,"L.","Rumex","acetosella","","","","","Cornell","s.n.","1966-07-02",1966,7,2,183,"1966-07-02","","Soil sandy with sawdust; ground cover sparse.",NA,"Bayfield","Drummond. NE edge of factory district of Drummond",46.33689,-91.25797,NA,6377,"46.336890 N"," 91.257970 W","Georeferencing Quick Reference Guide 2012-10-02","Geolocate","",NA,"","July","Cornell; Brashier","Other Collectors"
"SUWS011335","Equisetopsida","Caryophyllales","Polygonaceae","Rumex crispus",4918,"L.","Rumex","crispus","","","","","Hicks, James","s.n.","1943-08-02",1943,8,2,214,"1943-08-02","","In a rubbish pile in an open field.",NA,"Douglas","Superior",46.68122,-92.06631,NA,12939,"46.681220 N"," 92.066310 W","Georeferencing Quick Reference Guide 2012-10-02","Geolocate","",NA,"","August","Hicks, James; Brashier","Other Collectors"
"SUWS011336","Equisetopsida","Caryophyllales","Polygonaceae","Rumex crispus",4918,"L.","Rumex","crispus","","","","","Brashier","PL-123","1964-07-04",1964,7,4,186,"1964-07-04","","Sandy soil.",NA,"Bayfield","Grand View",46.36745,-91.10825,NA,7936,"46.367450 N"," 91.108250 W","Georeferencing Quick Reference Guide 2012-10-02","Geolocate","",NA,"","July","Brashier; Grage","Brashier"
"SUWS011337","Equisetopsida","Caryophyllales","Polygonaceae","Rumex crispus",4918,"L.","Rumex","crispus","","","","","Brashier","131a","1964-08-19",1964,8,19,232,"1964-08-19","","Moist ditch.",NA,"Douglas","Superior. On campus of Univ. of Wisconsin - Superior, near the student center",46.71784,-92.08786,NA,699,"46.717840 N"," 92.087860 W","Georeferencing Quick Reference Guide 2012-10-02","Geolocate","",NA,"","August","Brashier; Romans","Brashier"
"SUWS011342","Equisetopsida","Malpighiales","Hypericaceae","Hypericum majus",3907,"(A.Gray) Britton","Hypericum","majus","","","Fassett, Norman C.","1943","Thomson, John W., Jr.","5060","1942-08-18",1942,8,18,230,"1942-08-18","","Field.",NA,"Douglas","Superior. S of 22nd St and Weeks Ave., Superior",46.72459,-92.09196,NA,462,"46.724590 N"," 92.091960 W","Georeferencing Quick Reference Guide 2012-10-02","Geolocate","",NA,"","August","Thomson, John W., Jr.","Thomson, John W., Jr."
"SUWS011349","Equisetopsida","Malvales","Malvaceae","Tilia americana var. americana",6915,"","Tilia","americana","americana","var.","","","Brashier","PL-172","1964-07-21",1964,7,21,203,"1964-07-21","","",NA,"Bayfield","Pigeon Lake Field Station",46.34228,-91.34901,NA,2257,"46.342280 N"," 91.349010 W","Georeferencing Quick Reference Guide 2012-10-02","Geolocate","",NA,"","July","Brashier; Janowski","Brashier"
"SUWS011351","Equisetopsida","Malvales","Malvaceae","Tilia americana var. americana",6915,"","Tilia","americana","americana","var.","","","Brashier","PL-173","1964-07-22",1964,7,22,204,"1964-07-22","","",NA,"Bayfield","Pigeon Lake Field Station",46.34228,-91.34901,NA,2257,"46.342280 N"," 91.349010 W","Georeferencing Quick Reference Guide 2012-10-02","Geolocate","",NA,"","July","Brashier; Smith","Brashier"
"SUWS011352","Equisetopsida","Malvales","Malvaceae","Tilia americana var. americana",6915,"","Tilia","americana","americana","var.","","","Castle, R.","93-328","1993-08-02",1993,8,2,214,"1993-08-02","","Hilltop, clay soils. Single tree. Stamens, pistils both present.",NA,"Douglas","Cloverland. 2 miles W of CTH O on Hwy 13 [Cloverland]",46.67682,-91.67896,NA,2355,"46.676820 N"," 91.678960 W","Georeferencing Quick Reference Guide 2012-10-02","Geolocate","",NA,"","August","Castle, R.","Castle, R."
"SUWS011361","Equisetopsida","Malvales","Malvaceae","Malva rotundifolia",13133,"L.","Malva","rotundifolia","","","Cochrane, Theodore S.","25Jan2010","Thomson, John W., Jr.","5413","1943-10-03",1943,10,3,276,"1943-10-03","","Yard.",NA,"Douglas","Superior. Yard of 920 N 22nd St., Superior",46.71231,-92.09136,NA,122,"46.712310 N"," 92.091360 W","Georeferencing Quick Reference Guide 2012-10-02","Geolocate","",NA,"","October","Thomson, John W., Jr.","Thomson, John W., Jr."
"SUWS011363","Equisetopsida","Malvales","Malvaceae","Malva moschata",4190,"L.","Malva","moschata","","","","","Mortensen, Sara","s.n.","1943-07-20",1943,7,20,201,"1943-07-20","","Magenta form.",NA,"Iron","Hurley",46.44967,-90.18656,NA,3317,"46.449670 N"," 90.186560 W","Georeferencing Quick Reference Guide 2012-10-02","Geolocate","",NA,"","July","Mortensen, Sara","Other Collectors"
"SUWS011364","Equisetopsida","Malvales","Malvaceae","Malva moschata",4190,"L.","Malva","moschata","","","Cochrane, Theodore S.","25Jan2010","Castle, R.","93-317","1993-06-10",1993,6,10,161,"1993-06-10","","Partially shaded woods. 5 notched white petals.",NA,"Douglas","Brule. Hwy 2 rest stop near Brule",46.553,-91.57658,NA,4284,"46.553000 N"," 91.576580 W","Georeferencing Quick Reference Guide 2012-10-02","Geolocate","",NA,"","June","Castle, R.","Castle, R."
"SUWS011366","Equisetopsida","Malvales","Malvaceae","Malva neglecta",4191,"Wallr.","Malva","neglecta","","","","","Brashier","277a","1964-06-16",1964,6,16,168,"1964-06-16","","Sand, open area.",NA,"Bayfield","Pigeon Lake Field Station",46.34228,-91.34901,NA,2257,"46.342280 N"," 91.349010 W","Georeferencing Quick Reference Guide 2012-10-02","Geolocate","",NA,"","June","Brashier; Romans","Brashier"
"SUWS011367","Equisetopsida","Malvales","Malvaceae","Malva neglecta",4191,"Wallr.","Malva","neglecta","","","","","Brashier","PL-76","1964-07-25",1964,7,25,207,"1964-07-25","","Parking lot - sandy soil.",NA,"Bayfield","Pigeon Lake Field Station",46.34228,-91.34901,NA,2257,"46.342280 N"," 91.349010 W","Georeferencing Quick Reference Guide 2012-10-02","Geolocate","",NA,"","July","Brashier; Cherf","Brashier"
"SUWS011368","Equisetopsida","Malvales","Malvaceae","Malva neglecta",4191,"Wallr.","Malva","neglecta","","","","","Brashier","PL-75","1964-07-23",1964,7,23,205,"1964-07-23","","Next to parking lot of station.",NA,"Bayfield","Pigeon Lake Field Station",46.34228,-91.34901,NA,2257,"46.342280 N"," 91.349010 W","Georeferencing Quick Reference Guide 2012-10-02","Geolocate","",NA,"","July","Brashier; Valaskey","Brashier"
"SUWS011380","Equisetopsida","Malvales","Cistaceae","Hudsonia tomentosa var. tomentosa",6700,"","Hudsonia","tomentosa","tomentosa","var.","Cochrane, Theodore S.","25Jan2010","","s.n.","1942-07-18",1942,7,18,199,"1942-07-18","","[ORIG. Var. intermedia- NOT WIS TAXON]]",NA,"Douglas","Superior. Sand Island in Superior Bay",46.73216,-92.0663,NA,5466,"46.732160 N"," 92.066300 W","Georeferencing Quick Reference Guide 2012-10-02","Geolocate","",NA,"","July","","Other Collectors"
"SUWS011385","Equisetopsida","Malpighiales","Violaceae","Viola labradorica",5391,"Schrank","Viola","labradorica","","","","","Brashier","s.n.","1965-06-07",1965,6,7,158,"1965-06-07","","Rich wooded area.",NA,"Douglas","Foxboro. 3 miles N of CTH B on the Pelkey Road near Foxboro",46.49696,-92.25905,NA,886,"46.496960 N"," 92.259050 W","Georeferencing Quick Reference Guide 2012-10-02","Geolocate","",NA,"","June","Brashier; Romans","Brashier"
"SUWS011386","Equisetopsida","Malpighiales","Violaceae","Viola labradorica",5391,"Schrank","Viola","labradorica","","","","","Brashier","s.n.","1965-05-22",1965,5,22,142,"1965-05-22","","River bottom, clay soil. Collected 1 month after area was flooded.",NA,"Douglas","Superior. 3 miles S of Superior on State Hwy 35 on the Ralph Law property, near the Nemadji River",46.65497,-92.10442,NA,4161,"46.654970 N"," 92.104420 W","Georeferencing Quick Reference Guide 2012-10-02","Geolocate","",NA,"","May","Brashier; Romans","Brashier"
"SUWS011387","Equisetopsida","Malpighiales","Violaceae","Viola labradorica",5391,"Schrank","Viola","labradorica","","","","","Brashier","s.n.","1965-05-22",1965,5,22,142,"1965-05-22","","River bottom, clay soil. Specimen collected 1 month after area was flooded.",NA,"Douglas","Superior. 3 miles S of Superior on State Hwy 35 on the Ralph Law property, near the Nemadji River",46.65497,-92.10442,NA,4161,"46.654970 N"," 92.104420 W","Georeferencing Quick Reference Guide 2012-10-02","Geolocate","",NA,"","May","Brashier; Romans","Brashier"
"SUWS011388","Equisetopsida","Malpighiales","Violaceae","Viola cucullata",5390,"Aiton","Viola","cucullata","","","","","Brashier","84c","1964-06-01",1964,6,1,153,"1964-06-01","","Cold swampy area in shade of tag alder brush.",NA,"Douglas","Patzau. 0.5 mile W of State Hwy 35 on CTH BB, on the James Romans farm [ca. 2mi E of Patzau]",46.48986,-92.18414,NA,1517,"46.489860 N"," 92.184140 W","Georeferencing Quick Reference Guide 2012-10-02","Geolocate","",NA,"","June","Brashier; Romans","Brashier"
"SUWS011389","Equisetopsida","Malpighiales","Violaceae","Viola cucullata",5390,"Aiton","Viola","cucullata","","","","","Brashier","84a","1964-06-01",1964,6,1,153,"1964-06-01","","Cold swampy area in shade of tag alder brush.",NA,"Douglas","Patzau. 0.5 mile W of State Hwy 35 on CTH BB on the James Romans farm [ca. 2mi E of Patzau]",46.48986,-92.18414,NA,1517,"46.489860 N"," 92.184140 W","Georeferencing Quick Reference Guide 2012-10-02","Geolocate","",NA,"","June","Brashier; Romans","Brashier"
"SUWS011391","Equisetopsida","Malpighiales","Violaceae","Viola lanceolata var. lanceolata",6942,"","Viola","lanceolata","lanceolata","var.","","","Brashier","s.n.","1965-06-08",1965,6,8,159,"1965-06-08","","On lake shore near conservation builidings, sand.",NA,"Douglas","Solon Springs. Solon Springs Wildlife Sanctuary",46.35327,-91.82241,NA,4012,"46.353270 N"," 91.822410 W","Georeferencing Quick Reference Guide 2012-10-02","Geolocate","",NA,"","June","Brashier; Romans","Brashier"
"SUWS011393","Equisetopsida","Malpighiales","Violaceae","Viola canadensis",5389,"L.","Viola","canadensis","","","Cochrane, Theodore S.","25Jan2010","Brashier","s.n.","1965-05-22",1965,5,22,142,"1965-05-22","","Clay soil, river bottom. Collected 1 month after area was flooded.",NA,"Douglas","Superior. 3 miles S of Superior on State Hwy 35 on the Ralph Law property, near the Nemadji River",46.65497,-92.10442,NA,4161,"46.654970 N"," 92.104420 W","Georeferencing Quick Reference Guide 2012-10-02","Geolocate","",NA,"","May","Brashier; Romans","Brashier"
"SUWS011400","Equisetopsida","Malpighiales","Violaceae","Viola pubescens",5399,"Aiton","Viola","pubescens","","","","","Castle, R.","99-111A","1993-05-13",1993,5,13,133,"1993-05-13","","Near the river, rich soils. Yellow flowers, purple veins.",NA,"Douglas","Brule. Hwy 2 rest stop near Brule and the Little Brule River",46.553,-91.57658,NA,4284,"46.553000 N"," 91.576580 W","Georeferencing Quick Reference Guide 2012-10-02","Geolocate","",NA,"","May","Castle, R.","Castle, R."
"SUWS011401","Equisetopsida","Malpighiales","Violaceae","Viola pubescens",5399,"Aiton","Viola","pubescens","","","","","Brashier","s.n.","1965-05-22",1965,5,22,142,"1965-05-22","","River bottom, clay soil. Collected 1 month after area was flooded.",NA,"Douglas","Superior. 3 miles S of Superior on State Hwy 35 on the Ralph Law property, near the Nemadji River",46.65497,-92.10442,NA,4161,"46.654970 N"," 92.104420 W","Georeferencing Quick Reference Guide 2012-10-02","Geolocate","",NA,"","May","Brashier; Romans","Brashier"
"SUWS011410","Equisetopsida","Malpighiales","Violaceae","Viola pedata",5397,"L.","Viola","pedata","","","","","Brashier","3b","1964-06-01",1964,6,1,153,"1964-06-01","","Open, sandy area bordering the highway.",NA,"Burnett","Danbury. 3 miles S of Danbury, at the jct. of old 35 Rd., and State Hwy 35",45.96741,-92.36349,NA,150,"45.967410 N"," 92.363490 W","Georeferencing Quick Reference Guide 2012-10-02","Geolocate","",NA,"","June","Brashier; Romans","Brashier"
"SUWS011411","Equisetopsida","Malpighiales","Violaceae","Viola pedata",5397,"L.","Viola","pedata","","","","","Brashier","3a","1964-06-01",1964,6,1,153,"1964-06-01","","Open, sandy area bordering the highway.",NA,"Burnett","Danbury. 3 miles S of Danbury, at the jct. of old 35 Rd., and State Hwy 35",45.96741,-92.36349,NA,150,"45.967410 N"," 92.363490 W","Georeferencing Quick Reference Guide 2012-10-02","Geolocate","",NA,"","June","Brashier; Romans","Brashier"
"SUWS011414","Equisetopsida","Malpighiales","Violaceae","Viola macloskeyi subsp. pallens",6943,"(Banks ex Ging.) M.S.Baker","Viola","macloskeyi","pallens","subsp.","","","Castle, R.","93-122","1993-05-25",1993,5,25,145,"1993-05-25","","Growing on shore of lake.",NA,"Douglas","Brule. SE of Brule near Rush Lake",46.48917,-91.55495,NA,1000,"46.489170 N"," 91.554950 W","Georeferencing Quick Reference Guide 2012-10-02","Geolocate","",NA,"","May","Castle, R.","Castle, R."
"SUWS011415","Equisetopsida","Malpighiales","Violaceae","Viola macloskeyi subsp. pallens",6943,"(Banks ex Ging.) M.S.Baker","Viola","macloskeyi","pallens","subsp.","","","Brashier","12b","1964-06-01",1964,6,1,153,"1964-06-01","","Moist area with dark black soil.",NA,"Douglas","Patzau. 0.5 mile W of State Hwy 35 on CTH BB on the James Romans property [ca. 2mi E of Patzau]",46.48986,-92.18414,NA,1517,"46.489860 N"," 92.184140 W","Georeferencing Quick Reference Guide 2012-10-02","Geolocate","",NA,"","June","Brashier; Romans","Brashier"
"SUWS011420","Equisetopsida","Malpighiales","Violaceae","Viola sororia",5404,"Willd.","Viola","sororia","","","","","Thomson, John W., Jr.","5032","1942-06-12",1942,6,12,163,"1942-06-12","","Clay soil, wet field.",NA,"Douglas","Superior. S of 22nd St and Weeks Ave., Superior",46.72459,-92.09196,NA,462,"46.724590 N"," 92.091960 W","Georeferencing Quick Reference Guide 2012-10-02","Geolocate","",NA,"","June","Thomson, John W., Jr.","Thomson, John W., Jr."
"SUWS011420b","Equisetopsida","Malpighiales","Violaceae","Viola sororia",5404,"Willd.","Viola","sororia","","","","","Thomson, John W., Jr.","5430","1943-06-09",1943,6,9,160,"1943-06-09","","Low, wet, clay soil.",NA,"Douglas","Superior. Clough Ave. and 23rd St., Superior",46.71163,-92.09063,NA,120,"46.711630 N"," 92.090630 W","Georeferencing Quick Reference Guide 2012-10-02","Geolocate","",NA,"","June","Thomson, John W., Jr.","Thomson, John W., Jr."
"SUWS011421","Equisetopsida","Malpighiales","Violaceae","Viola sororia",5404,"Willd.","Viola","sororia","","","","","Brashier","s.n.","1965-06-07",1965,6,7,158,"1965-06-07","","Roadside in sand; near bog.",NA,"Douglas","Patzau. 0.5 mile W State Hwy 35 on CTH BB on the James Romans property [ca. 2mi E of Patzau]",46.48986,-92.18414,NA,1517,"46.489860 N"," 92.184140 W","Georeferencing Quick Reference Guide 2012-10-02","Geolocate","",NA,"","June","Brashier; Romans","Brashier"
"SUWS011423","Equisetopsida","Malpighiales","Violaceae","Viola sororia",5404,"Willd.","Viola","sororia","","","","","Brashier","s.n.","1965-06-07",1965,6,7,158,"1965-06-07","","Roadside in sand, near bog.",NA,"Douglas","Patzau. 0.5 mile W State Hwy 35 on CTH BB on the James Romans property [ca. 2mi E of Patzau]",46.48986,-92.18414,NA,1517,"46.489860 N"," 92.184140 W","Georeferencing Quick Reference Guide 2012-10-02","Geolocate","",NA,"","June","Brashier; Romans","Brashier"
"SUWS011424","Equisetopsida","Malpighiales","Violaceae","Viola sororia",5404,"Willd.","Viola","sororia","","","","","Brashier","s.n.","1965-06-10",1965,6,10,161,"1965-06-10","","In forest path in virgin white pine forest; shaded.",NA,"Bayfield","Drummond. 2.5 miles N of Drummond on Hwy 63",46.3456,-91.19926,NA,3287,"46.345600 N"," 91.199260 W","Georeferencing Quick Reference Guide 2012-10-02","Geolocate","",NA,"","June","Brashier; Romans","Brashier"
"SUWS011425","Equisetopsida","Malpighiales","Violaceae","Viola tricolor",5406,"L.","Viola","tricolor","","","Cochrane, Theodore S.","25Jan2010","Mackensen","s.n.","1966-07-26",1966,7,26,207,"1966-07-26","","Very rich soil.",NA,"Burnett","Nemakogen River area [Bayfield Co. - original in error]",46.08287,-92.11127,NA,5000,"46.082870 N"," 92.111270 W","Georeferencing Quick Reference Guide 2012-10-02","Geolocate","",NA,"","July","Mackensen; Brashier","Other Collectors"
"SUWS011426","Equisetopsida","Malpighiales","Violaceae","Viola sagittata var. sagittata",6947,"","Viola","sagittata","sagittata","var.","Cochrane, Theodore S.","25Jan2010","Brashier","s.n.","1965-06-07",1965,6,7,158,"1965-06-07","","Wet ditchside.",NA,"Douglas","Superior. 5 miles S of Superior on Hwy 35",46.63637,-92.10374,NA,4228,"46.636370 N"," 92.103740 W","Georeferencing Quick Reference Guide 2012-10-02","Geolocate","",NA,"","June","Brashier; Romans","Brashier"
"SUWS011428","Equisetopsida","Malpighiales","Violaceae","Viola sagittata var. sagittata",6947,"","Viola","sagittata","sagittata","var.","Cochrane, Theodore S.","25Jan2010","Brashier","s.n.","1965-06-07",1965,6,7,158,"1965-06-07","","Wet ditchside.",NA,"Douglas","Superior. 5 miles S of Superior on Hwy 35",46.63637,-92.10374,NA,4228,"46.636370 N"," 92.103740 W","Georeferencing Quick Reference Guide 2012-10-02","Geolocate","",NA,"","June","Brashier; Romans","Brashier"
"SUWS011429","Equisetopsida","Malpighiales","Violaceae","Viola cucullata",5390,"Aiton","Viola","cucullata","","","Cochrane, Theodore S.","25Jan2010","Brashier","s.n.","1965-05-22",1965,5,22,142,"1965-05-22","","River bottom, clay soil. Collected 1 month after area was flooded.",NA,"Douglas","Superior. 3 miles S of Superior on State Hwy 35 on the Ralph Law property, near the Nemadji River",46.65497,-92.10442,NA,4161,"46.654970 N"," 92.104420 W","Georeferencing Quick Reference Guide 2012-10-02","Geolocate","",NA,"","May","Brashier; Romans","Brashier"
"SUWS011430","Equisetopsida","Malpighiales","Violaceae","Viola sagittata var. sagittata",6947,"","Viola","sagittata","sagittata","var.","Cochrane, Theodore S.","25Jan2010","Brashier","s.n.","1965-06-08",1965,6,8,159,"1965-06-08","","Open area in field, wet.",NA,"Douglas","Superior. Wisconsin State University Forest [Don't think it exists anymore]",46.46411,-91.8994,NA,45399,"46.464110 N"," 91.899400 W","Georeferencing Quick Reference Guide 2012-10-02","Geolocate","",NA,"","June","Brashier; Romans","Brashier"
"SUWS011431","Equisetopsida","Malpighiales","Violaceae","Viola renifolia",5400,"A.Gray","Viola","renifolia","","","","","Brashier","s.n.","1965-05-20",1965,5,20,140,"1965-05-20","","Wet soil near swamp; rich soil.",NA,"Douglas","Patzau. 0.5 mile W of State Hwy 35 on CTH BB on the James Romans property [ca. 2mi E of Patzau]",46.48986,-92.18414,NA,1517,"46.489860 N"," 92.184140 W","Georeferencing Quick Reference Guide 2012-10-02","Geolocate","",NA,"","May","Brashier; Romans","Brashier"
"SUWS011435","Equisetopsida","Cucurbitales","Cucurbitaceae","Echinocystis lobata",3466,"(Michx.) Torr. & A.Gray","Echinocystis","lobata","","","","","Castle, R.","93-354","1993-08-11",1993,8,11,223,"1993-08-11","","Roadside, growing on weeds. 6 petaled, greenish white flowers.",NA,"Douglas","Maple. S of Maple 0.25 mile on CTH H",46.58604,-91.72074,NA,1337,"46.586040 N"," 91.720740 W","Georeferencing Quick Reference Guide 2012-10-02","Geolocate","",NA,"","August","Castle, R.","Castle, R."
"SUWS011437","Equisetopsida","Cucurbitales","Cucurbitaceae","Echinocystis lobata",3466,"(Michx.) Torr. & A.Gray","Echinocystis","lobata","","","","","Lunda, Judy","65","1977-09-18",1977,9,18,261,"1977-09-18","","Rich soil, open sun, along fence row.",NA,"Bayfield","Ino. 12 miles W of Ashland on CTH G [near Ino]",46.53645,-91.1534,NA,4066,"46.536450 N"," 91.153400 W","Georeferencing Quick Reference Guide 2012-10-02","Geolocate","",NA,"","September","Lunda, Judy","Other Collectors"
"SUWS011442","Equisetopsida","Malpighiales","Salicaceae","Populus grandidentata",4609,"Michx.","Populus","grandidentata","","","","","Brashier","PL-198","1964-07-23",1964,7,23,205,"1964-07-23","","",NA,"Bayfield","Pigeon Lake Field Station",46.34228,-91.34901,NA,2257,"46.342280 N"," 91.349010 W","Georeferencing Quick Reference Guide 2012-10-02","Geolocate","",NA,"","July","Brashier; Walvoord","Brashier"
"SUWS011443","Equisetopsida","Malpighiales","Salicaceae","Populus grandidentata",4609,"Michx.","Populus","grandidentata","","","","","Brashier","PL-200","1964-07-23",1964,7,23,205,"1964-07-23","","",NA,"Bayfield","Pigeon Lake Field Station",46.34228,-91.34901,NA,2257,"46.342280 N"," 91.349010 W","Georeferencing Quick Reference Guide 2012-10-02","Geolocate","",NA,"","July","Brashier; Grage","Brashier"
"SUWS011448","Equisetopsida","Malpighiales","Salicaceae","Populus deltoides subsp. monilifera",6805,"(Aiton) Eckenw.","Populus","deltoides","monilifera","subsp.","Cochrane, Theodore S.","V/2002","Castle, R.","93-94","1993-05-10",1993,5,10,130,"1993-05-10","","Planted on old farm, rich soils. Male flowers and a few female flowers present. Planted.",NA,"Douglas","CTH B, 3 miles E of Lake Nebagamon",46.51492,-91.6368,NA,1250,"46.514920 N"," 91.636800 W","Georeferencing Quick Reference Guide 2012-10-02","Geolocate","",NA,"","May","Castle, R.","Castle, R."
"SUWS011449","Equisetopsida","Malpighiales","Salicaceae","Populus deltoides subsp. monilifera",6805,"(Aiton) Eckenw.","Populus","deltoides","monilifera","subsp.","","","Demaske, D.","635","1974-05-30",1974,5,30,150,"1974-05-30","","Open area.",NA,"Trempealeau","Perrot State Park, between railroad and cliff in open area on SW side of Trempealeau Mt.",44.01972,-91.48681,NA,500,"44.019720 N"," 91.486810 W","Georeferencing Quick Reference Guide 2012-10-02","Geolocate","",NA,"","May","Demaske, D.","Other Collectors"
"SUWS011457","Equisetopsida","Malpighiales","Salicaceae","Populus balsamifera subsp. balsamifera",13230,"L.","Populus","balsamifera","balsamifera","subsp.","","","Suneson, Verna","11329","1934-07-13",1934,7,13,194,"1934-07-13","","",NA,"Douglas","Superior",46.68122,-92.06631,NA,12939,"46.681220 N"," 92.066310 W","Georeferencing Quick Reference Guide 2012-10-02","Geolocate","",NA,"","July","Suneson, Verna","Other Collectors"
"SUWS011458","Equisetopsida","Malpighiales","Salicaceae","Populus balsamifera subsp. balsamifera",13230,"L.","Populus","balsamifera","balsamifera","subsp.","","","Castle, R.","93-10","1993-05-01",1993,5,1,121,"1993-05-01","","Low wet ground with aspen. Stamens collected on ground from 40 feet tall mature trees.",NA,"Douglas","Allouez. Nemadji River and Hwy 2 [Allouez]",46.69663,-92.03495,NA,1035,"46.696630 N"," 92.034950 W","Georeferencing Quick Reference Guide 2012-10-02","Geolocate","",NA,"","May","Castle, R.","Castle, R."
"SUWS011461","Equisetopsida","Malpighiales","Salicaceae","Populus alba",4606,"L.","Populus","alba","","","","","Micke, Brian","s.n.","1979-09-16",1979,9,16,259,"1979-09-16","","[Planted?]",NA,"Douglas","Superior. Univ. of Wisconsin - Superior campus",46.71784,-92.08786,NA,699,"46.717840 N"," 92.087860 W","Georeferencing Quick Reference Guide 2012-10-02","Geolocate","",NA,"","September","Micke, Brian","Other Collectors"
"SUWS011462","Equisetopsida","Malpighiales","Salicaceae","Populus alba",4606,"L.","Populus","alba","","","Cochrane, Theodore S.","V/2002","Castle, R.","93-79","1993-05-08",1993,5,8,128,"1993-05-08","","Clay soils. Planted.",NA,"Douglas","Superior. Univ. of Wisconsin - Superior campus",46.71784,-92.08786,NA,699,"46.717840 N"," 92.087860 W","Georeferencing Quick Reference Guide 2012-10-02","Geolocate","",NA,"","May","Castle, R.","Castle, R."
"SUWS011463","Equisetopsida","Malpighiales","Salicaceae","Populus alba",4606,"L.","Populus","alba","","","Cochrane, Theodore S.","V/2002","Hall, Norma","11389","1938-07-01",1938,7,1,182,"1938-07-01","","[Probably not wild, but a cultivated tree or root-sprout from a cultivated tree - T.S. Cochrane, 2002]",NA,"Barron","Chetek",45.31413,-91.651,NA,3114,"45.314130 N"," 91.651000 W","Georeferencing Quick Reference Guide 2012-10-02","Geolocate","",NA,"","July","Hall, Norma","Other Collectors"
"SUWS011468","Equisetopsida","Malpighiales","Salicaceae","Populus tremuloides",4611,"Michx.","Populus","tremuloides","","","","","Brashier","PL-203","1964-07-22",1964,7,22,204,"1964-07-22","","",NA,"Bayfield","Pigeon Lake Field Station [Douglas Co. - original in error]",46.34228,-91.34901,NA,2257,"46.342280 N"," 91.349010 W","Georeferencing Quick Reference Guide 2012-10-02","Geolocate","",NA,"","July","Brashier; Smith","Brashier"
"SUWS011469","Equisetopsida","Malpighiales","Salicaceae","Populus tremuloides",4611,"Michx.","Populus","tremuloides","","","","","Brashier","PL-201","1964-07-23",1964,7,23,205,"1964-07-23","","",NA,"Bayfield","Pigeon Lake Field Station",46.34228,-91.34901,NA,2257,"46.342280 N"," 91.349010 W","Georeferencing Quick Reference Guide 2012-10-02","Geolocate","",NA,"","July","Brashier; Valaskey","Brashier"
"SUWS011470","Equisetopsida","Malpighiales","Salicaceae","Populus tremuloides",4611,"Michx.","Populus","tremuloides","","","","","Brashier","PL-202","1964-07-17",1964,7,17,199,"1964-07-17","","",NA,"Bayfield","Pigeon Lake Field Station",46.34228,-91.34901,NA,2257,"46.342280 N"," 91.349010 W","Georeferencing Quick Reference Guide 2012-10-02","Geolocate","",NA,"","July","Brashier; Gunderson","Brashier"
"SUWS011477","Equisetopsida","Malpighiales","Salicaceae","Populus tremuloides",4611,"Michx.","Populus","tremuloides","","","","","McGovern, Scott","92/11","1992-09-13",1992,9,13,257,"1992-09-13","","Found along roadside, sandy soil, in direct sun standing alone. 25 feet tall tree with smooth dark gray bark, simple leaves with oval shape.",NA,"Douglas","Superior",46.68122,-92.06631,NA,12939,"46.681220 N"," 92.066310 W","Georeferencing Quick Reference Guide 2012-10-02","Geolocate","",NA,"","September","McGovern, Scott","Other Collectors"
"SUWS011478","Equisetopsida","Malpighiales","Salicaceae","Populus tremuloides",4611,"Michx.","Populus","tremuloides","","","","","Munich, Robert A.","16/92","1992-10-01",1992,10,1,275,"1992-10-01","","Sandy soil, much grass present. About 20 feet tall, buds very fragrant and gummy.",NA,"Douglas","Superior",46.68122,-92.06631,NA,12939,"46.681220 N"," 92.066310 W","Georeferencing Quick Reference Guide 2012-10-02","Geolocate","",NA,"","October","Munich, Robert A.","Other Collectors"
"SUWS011482","Equisetopsida","Caryophyllales","Caryophyllaceae","Cerastium fontanum subsp. vulgare",6572,"(Hartm.) Greuter & Burdet","Cerastium","fontanum","vulgare","subsp.","","","Hjerleid","s.n.","1966-07-24",1966,7,24,205,"1966-07-24","","Sandy open ground.",NA,"Bayfield","NW side of Pigeon Lake",46.34228,-91.34901,NA,2257,"46.342280 N"," 91.349010 W","Georeferencing Quick Reference Guide 2012-10-02","Geolocate","",NA,"","July","Hjerleid; Brashier","Other Collectors"
"SUWS011483","Equisetopsida","Malpighiales","Salicaceae","Populus tremuloides",4611,"Michx.","Populus","tremuloides","","","","","Castle, R.","93-62","1993-04-25",1993,4,25,115,"1993-04-25","","Field, with tag alder. Male flowers present.",NA,"Douglas","Superior. Univ. of Wisconsin - Superior campus, In parking lot near Wessman Arena",46.71784,-92.08786,NA,699,"46.717840 N"," 92.087860 W","Georeferencing Quick Reference Guide 2012-10-02","Geolocate","",NA,"","April","Castle, R.","Castle, R."
"SUWS011485","Equisetopsida","Malpighiales","Salicaceae","Populus nigra",4610,"L.","Populus","nigra","","","Cochrane, Theodore S.","25Nov2009","Hall, Norma","11387","1938-07-10",1938,7,10,191,"1938-07-10","","[Some cultivated variety, lacking notes on or photo of habit - probably not growing ""wild"" - T.S. Cochrane, 2009]",NA,"Douglas","Superior",46.68122,-92.06631,NA,12939,"46.681220 N"," 92.066310 W","Georeferencing Quick Reference Guide 2012-10-02","Geolocate","",NA,"","July","Hall, Norma","Other Collectors"
"SUWS011486","Equisetopsida","Malpighiales","Salicaceae","Populus balsamifera subsp. balsamifera",13230,"L.","Populus","balsamifera","balsamifera","subsp.","Cochrane, Theodore S.","25Nov2009","Hall, Norma","11335","1938-06-20",1938,6,20,171,"1938-06-20","","",NA,"Douglas","Superior",46.68122,-92.06631,NA,12939,"46.681220 N"," 92.066310 W","Georeferencing Quick Reference Guide 2012-10-02","Geolocate","",NA,"","June","Hall, Norma","Other Collectors"
"SUWS011493","Equisetopsida","Malpighiales","Salicaceae","Salix bebbiana",4944,"Sarg.","Salix","bebbiana","","","","","Thomson, John W., Jr.","5467","1943-08-15",1943,8,15,227,"1943-08-15","","",NA,"Douglas","Superior",46.68122,-92.06631,NA,12939,"46.681220 N"," 92.066310 W","Georeferencing Quick Reference Guide 2012-10-02","Geolocate","",NA,"","August","Thomson, John W., Jr.","Thomson, John W., Jr."
"SUWS011495","Equisetopsida","Malpighiales","Salicaceae","Salix eriocephala",4949,"Michx.","Salix","eriocephala","","","","","Thomson, John W., Jr.","5468","1943-08-15",1943,8,15,227,"1943-08-15","","",NA,"Douglas","Superior",46.68122,-92.06631,NA,12939,"46.681220 N"," 92.066310 W","Georeferencing Quick Reference Guide 2012-10-02","Geolocate","",NA,"","August","Thomson, John W., Jr.","Thomson, John W., Jr."
"SUWS011497","Equisetopsida","Malpighiales","Salicaceae","Salix discolor",4948,"Muhl.","Salix","discolor","","","","","","s.n.","1942-04-22",1942,4,22,112,"1942-04-22","","",NA,"Douglas","Superior. UWS Campus [University of Wisconsin - Superior]",46.71784,-92.08786,NA,699,"46.717840 N"," 92.087860 W","Georeferencing Quick Reference Guide 2012-10-02","Geolocate","",NA,"","April","","Other Collectors"
"SUWS011498","Equisetopsida","Malpighiales","Salicaceae","Salix discolor",4948,"Muhl.","Salix","discolor","","","","","","s.n.","1942-04-22",1942,4,22,112,"1942-04-22","","",NA,"Douglas","Superior. UWS Campus [University of Wisconsin - Superior]",46.71784,-92.08786,NA,699,"46.717840 N"," 92.087860 W","Georeferencing Quick Reference Guide 2012-10-02","Geolocate","",NA,"","April","","Other Collectors"
"SUWS011501","Equisetopsida","Malpighiales","Salicaceae","Salix discolor",4948,"Muhl.","Salix","discolor","","","","","Castle, R.","93-91","1993-05-10",1993,5,10,130,"1993-05-10","","In ditch, damp soil.",NA,"Douglas","Near closed Lake Nebagamon dump",46.5102,-91.70372,NA,4603,"46.510200 N"," 91.703720 W","Georeferencing Quick Reference Guide 2012-10-02","Geolocate","",NA,"","May","Castle, R.","Castle, R."
"SUWS011502","Equisetopsida","Malpighiales","Salicaceae","Salix discolor",4948,"Muhl.","Salix","discolor","","","","","Charboneau, E.","C143E52","1980-08-05",1980,8,5,218,"1980-08-05","","",NA,"Douglas","Lyman Lake bridge, on CTH C at flowage",46.45669,-91.98397,NA,1672,"46.456690 N"," 91.983970 W","Georeferencing Quick Reference Guide 2012-10-02","Geolocate","",NA,"","August","Charboneau, E.","Other Collectors"
"SUWS011505","Equisetopsida","Malpighiales","Salicaceae","Salix exigua subsp. interior",11240,"Nutt.","Salix","exigua","interior","subsp.","","","Hansen, Perky","92/25","1992-10-01",1992,10,1,275,"1992-10-01","","Rocky, moist humus, dogwood nearby. 10 feet tall.",NA,"Douglas","Superior. Bayside, near road",46.69111,-91.91731,NA,29129,"46.691110 N"," 91.917310 W","Georeferencing Quick Reference Guide 2012-10-02","Geolocate","",NA,"","October","Hansen, Perky","Other Collectors"
"SUWS011506","Equisetopsida","Malpighiales","Salicaceae","Salix petiolaris",4957,"Sm.","Salix","petiolaris","","","Cochrane, Theodore S.","27Jan2010","Munich, Robert A.","31/92","1992-10-20",1992,10,20,294,"1992-10-20","","Wet humus, many grasses and poplars present, growing on the side of a field near a ravine. About 15 feet tall, many branches.",NA,"Douglas","Superior. Billings Drive archery range",46.68211,-92.15082,NA,2995,"46.682110 N"," 92.150820 W","Georeferencing Quick Reference Guide 2012-10-02","Geolocate","",NA,"","October","Munich, Robert A.","Other Collectors"
"SUWS011509","Equisetopsida","Malpighiales","Salicaceae","Salix humilis",4951,"Marshall","Salix","humilis","","","","","Hall, Norma","11484","1938-06-28",1938,6,28,179,"1938-06-28","","",NA,"Douglas","Superior",46.68122,-92.06631,NA,12939,"46.681220 N"," 92.066310 W","Georeferencing Quick Reference Guide 2012-10-02","Geolocate","",NA,"","June","Hall, Norma","Other Collectors"
"SUWS011512","Equisetopsida","Malpighiales","Salicaceae","Salix exigua subsp. interior",11240,"Nutt.","Salix","exigua","interior","subsp.","","","Suneson, Verna","11533","1934-07-16",1934,7,16,197,"1934-07-16","","",NA,"Douglas","Superior",46.68122,-92.06631,NA,12939,"46.681220 N"," 92.066310 W","Georeferencing Quick Reference Guide 2012-10-02","Geolocate","",NA,"","July","Suneson, Verna","Other Collectors"
"SUWS011513","Equisetopsida","Malpighiales","Salicaceae","Salix exigua subsp. interior",11240,"Nutt.","Salix","exigua","interior","subsp.","","","G., R.A.F","11516","1939-06-01",1939,6,1,152,"1939-06-01","","Collection date: 1939.",NA,"Douglas","Superior",46.68122,-92.06631,NA,12939,"46.681220 N"," 92.066310 W","Georeferencing Quick Reference Guide 2012-10-02","Geolocate","",NA,"","June","G., R.A.F","Other Collectors"
"SUWS011514","Equisetopsida","Malpighiales","Salicaceae","Salix exigua subsp. interior",11240,"Nutt.","Salix","exigua","interior","subsp.","","","Munich, Robert A.","13/92","1992-10-01",1992,10,1,275,"1992-10-01","","Wet, sandy soil on side of road. About 10 feet tall. Narrow toothed leaves.",NA,"Douglas","Superior",46.68122,-92.06631,NA,12939,"46.681220 N"," 92.066310 W","Georeferencing Quick Reference Guide 2012-10-02","Geolocate","",NA,"","October","Munich, Robert A.","Other Collectors"
"SUWS011519","Equisetopsida","Malpighiales","Salicaceae","Salix lucida subsp. lucida",13293,"Muhl.","Salix","lucida","lucida","subsp.","","","Hall, Norma","11549","1938-07-06",1938,7,6,187,"1938-07-06","","",NA,"Douglas","Superior",46.68122,-92.06631,NA,12939,"46.681220 N"," 92.066310 W","Georeferencing Quick Reference Guide 2012-10-02","Geolocate","",NA,"","July","Hall, Norma","Other Collectors"
"SUWS011520","Equisetopsida","Malpighiales","Salicaceae","Salix lucida subsp. lucida",13293,"Muhl.","Salix","lucida","lucida","subsp.","","","Suneson, Verna","11548","1934-07-13",1934,7,13,194,"1934-07-13","","",NA,"Douglas","Superior",46.68122,-92.06631,NA,12939,"46.681220 N"," 92.066310 W","Georeferencing Quick Reference Guide 2012-10-02","Geolocate","",NA,"","July","Suneson, Verna","Other Collectors"
"SUWS011521","Equisetopsida","Malpighiales","Salicaceae","Salix lucida subsp. lucida",13293,"Muhl.","Salix","lucida","lucida","subsp.","","","","s.n.","1931-07-01",1931,7,1,182,"1931-07-01","","",NA,"Douglas","Superior",46.68122,-92.06631,NA,12939,"46.681220 N"," 92.066310 W","Georeferencing Quick Reference Guide 2012-10-02","Geolocate","",NA,"","July","","Other Collectors"
"SUWS011526","Equisetopsida","Malpighiales","Salicaceae","Salix petiolaris",4957,"Sm.","Salix","petiolaris","","","","","Hall, Norma","11469","1938-06-23",1938,6,23,174,"1938-06-23","","",NA,"Douglas","Superior",46.68122,-92.06631,NA,12939,"46.681220 N"," 92.066310 W","Georeferencing Quick Reference Guide 2012-10-02","Geolocate","",NA,"","June","Hall, Norma","Other Collectors"
"SUWS011527","Equisetopsida","Malpighiales","Salicaceae","Salix petiolaris",4957,"Sm.","Salix","petiolaris","","","","","Suneson, Verna","11543","1934-07-13",1934,7,13,194,"1934-07-13","","",NA,"Douglas","Superior",46.68122,-92.06631,NA,12939,"46.681220 N"," 92.066310 W","Georeferencing Quick Reference Guide 2012-10-02","Geolocate","",NA,"","July","Suneson, Verna","Other Collectors"
"SUWS011528","Equisetopsida","Malpighiales","Salicaceae","Salix petiolaris",4957,"Sm.","Salix","petiolaris","","","","","Hall, Norma","11580","1938-06-26",1938,6,26,177,"1938-06-26","","",NA,"Douglas","Superior",46.68122,-92.06631,NA,12939,"46.681220 N"," 92.066310 W","Georeferencing Quick Reference Guide 2012-10-02","Geolocate","",NA,"","June","Hall, Norma","Other Collectors"
"SUWS011529","Equisetopsida","Malpighiales","Salicaceae","Salix petiolaris",4957,"Sm.","Salix","petiolaris","","","","","","s.n.","1931-07-01",1931,7,1,182,"1931-07-01","","",NA,"Douglas","Superior",46.68122,-92.06631,NA,12939,"46.681220 N"," 92.066310 W","Georeferencing Quick Reference Guide 2012-10-02","Geolocate","",NA,"","July","","Other Collectors"
"SUWS011531","Equisetopsida","Malpighiales","Salicaceae","Salix petiolaris",4957,"Sm.","Salix","petiolaris","","","","","Suneson, Verna","11578","1934-07-13",1934,7,13,194,"1934-07-13","","",NA,"Douglas","Superior",46.68122,-92.06631,NA,12939,"46.681220 N"," 92.066310 W","Georeferencing Quick Reference Guide 2012-10-02","Geolocate","",NA,"","July","Suneson, Verna","Other Collectors"
"SUWS011537","Equisetopsida","Malpighiales","Salicaceae","Salix pyrifolia",4959,"Andersson","Salix","pyrifolia","","","","","Brashier","91a","1964-06-06",1964,6,6,158,"1964-06-06","","In brushy area adjacent to road.",NA,"Bayfield","Cornucopia. 1 block W of Cornucopia on State Hwy 13",46.84725,-91.1276,NA,1867,"46.847250 N"," 91.127600 W","Georeferencing Quick Reference Guide 2012-10-02","Geolocate","",NA,"","June","Brashier; Romans","Brashier"
"SUWS011546","Equisetopsida","Brassicales","Brassicaceae","Arabis lyrata",9711,"L.","Arabis","lyrata","","","Cochrane, Theodore S.","Jan 1971","Brashier","s.n.","1965-06-08",1965,6,8,159,"1965-06-08","","Sandy roadside.",NA,"Douglas","Gordon. 0.5 mile N of Gordon on U.S. Hwy 53",46.25413,-91.79852,NA,977,"46.254130 N"," 91.798520 W","Georeferencing Quick Reference Guide 2012-10-02","Geolocate","",NA,"","June","Brashier; Romans","Brashier"
"SUWS011550","Equisetopsida","Brassicales","Brassicaceae","Armoracia rusticana",2615,"P.Gaertn., B.Mey. & Scherb.","Armoracia","rusticana","","","","","Thomson, John W., Jr.","5236","1943-07-10",1943,7,10,191,"1943-07-10","","On cinder pile.",NA,"Douglas","Superior. Back of 920 N 22nd St., Superior",46.71231,-92.09136,NA,122,"46.712310 N"," 92.091360 W","Georeferencing Quick Reference Guide 2012-10-02","Geolocate","",NA,"","July","Thomson, John W., Jr.","Thomson, John W., Jr."
"SUWS011553","Equisetopsida","Brassicales","Brassicaceae","Barbarea vulgaris",2718,"W.T.Aiton","Barbarea","vulgaris","","","Cochrane, Theodore S.","Mar 1977","Brashier","23a","1964-06-01",1964,6,1,153,"1964-06-01","","Open, sandy loam pasture land.",NA,"Douglas","Patzau. 0.5 mile W of State Hwy 35 on CTH BB, on the James Romans farm [ca. 2mi E of Patzau]",46.48986,-92.18414,NA,1517,"46.489860 N"," 92.184140 W","Georeferencing Quick Reference Guide 2012-10-02","Geolocate","",NA,"","June","Brashier; Romans","Brashier"
"SUWS011554","Equisetopsida","Brassicales","Brassicaceae","Barbarea vulgaris",2718,"W.T.Aiton","Barbarea","vulgaris","","","Cochrane, Theodore S.","Feb-77","Brashier","23c","1964-06-01",1964,6,1,153,"1964-06-01","","Open, sandy loam pasture land.",NA,"Douglas","Patzau. 0.5 mile W of State Hwy 35 on CTH BB, on the James Romans farm [ca. 2mi E of Patzau]",46.48986,-92.18414,NA,1517,"46.489860 N"," 92.184140 W","Georeferencing Quick Reference Guide 2012-10-02","Geolocate","",NA,"","June","Brashier; Romans","Brashier"
"SUWS011557","Equisetopsida","Brassicales","Brassicaceae","Berteroa incana",2732,"(L.) DC.","Berteroa","incana","","","Cochrane, Theodore S.","Mar 1972","Mackensen","s.n.","1966-07-20",1966,7,20,201,"1966-07-20","","Sandy roadside, somewhat gravelly.",NA,"Bayfield","3 miles W of [Pigeon Lake] Field Station on CTH N",46.34226,-91.41192,NA,1302,"46.342260 N"," 91.411920 W","Georeferencing Quick Reference Guide 2012-10-02","Geolocate","",NA,"","July","Mackensen; Brashier","Other Collectors"
"SUWS011558","Equisetopsida","Brassicales","Brassicaceae","Berteroa incana",2732,"(L.) DC.","Berteroa","incana","","","Cochrane, Theodore S.","Jan 1971","Holmgren","s.n.","1964-06-21",1964,6,21,173,"1964-06-21","","Roadside.",NA,"Douglas","Superior",46.68122,-92.06631,NA,12939,"46.681220 N"," 92.066310 W","Georeferencing Quick Reference Guide 2012-10-02","Geolocate","",NA,"","June","Holmgren; Brashier","Other Collectors"
"SUWS011559","Equisetopsida","Brassicales","Brassicaceae","Berteroa incana",2732,"(L.) DC.","Berteroa","incana","","","","","Anderson, D.","94-13D","1994-07-06",1994,7,6,187,"1994-07-06","","Sandy soils. To 3 feet tall, white flowers.",NA,"Douglas","Superior. Barkers Island Bird Sanctuary",46.718,-92.05575,NA,844,"46.718000 N"," 92.055750 W","Georeferencing Quick Reference Guide 2012-10-02","Geolocate","",NA,"","July","Anderson, D.; Castle, R.","Other Collectors"
"SUWS011560","Equisetopsida","Brassicales","Brassicaceae","Berteroa incana",2732,"(L.) DC.","Berteroa","incana","","","Cochrane, Theodore S.","Mar 1972","Brashier","125a","1964-08-18",1964,8,18,231,"1964-08-18","","Very dry, sandy soil, in a gravel pit.",NA,"Douglas","Patzau. 1 mile E of Patzau on CTH BB",46.49133,-92.19972,NA,979,"46.491330 N"," 92.199720 W","Georeferencing Quick Reference Guide 2012-10-02","Geolocate","",NA,"","August","Brashier; Romans","Brashier"
"SUWS011563","Equisetopsida","Brassicales","Brassicaceae","Berteroa incana",2732,"(L.) DC.","Berteroa","incana","","","Cochrane, Theodore S.","Jan 1971","Romans","s.n.","1964-06-02",1964,6,2,154,"1964-06-02","","Sandy hilltop area adjacent to road leading down to park and river.",NA,"St. Croix","Somerset. Within city limits of Somerset at entrance to city park on Hwy 35",45.12547,-92.67195,NA,1500,"45.125470 N"," 92.671950 W","Georeferencing Quick Reference Guide 2012-10-02","Geolocate","",NA,"","June","Romans; Brashier","Romans"
"SUWS011564","Equisetopsida","Brassicales","Brassicaceae","Berteroa incana",2732,"(L.) DC.","Berteroa","incana","","","Cochrane, Theodore S.","Jan 1971","Brashier","PL-40","1964-06-25",1964,6,25,177,"1964-06-25","","On nature trail.",NA,"Bayfield","Pigeon Lake Field Station",46.34228,-91.34901,NA,2257,"46.342280 N"," 91.349010 W","Georeferencing Quick Reference Guide 2012-10-02","Geolocate","",NA,"","June","Brashier; Valaskey","Brashier"
"SUWS011565","Equisetopsida","Brassicales","Brassicaceae","Berteroa incana",2732,"(L.) DC.","Berteroa","incana","","","Cochrane, Theodore S.","Jan 1971","Cornell","s.n.","1966-07-04",1966,7,4,185,"1966-07-04","","Sandy, loose soil; cover of low grasses and herbs.",NA,"Bayfield","7 miles S of Drummond on Hwy 63 [W of Price Lake]",46.23555,-91.25797,NA,1791,"46.235550 N"," 91.257970 W","Georeferencing Quick Reference Guide 2012-10-02","Geolocate","",NA,"","July","Cornell; Brashier","Other Collectors"
"SUWS011566","Equisetopsida","Brassicales","Brassicaceae","Berteroa incana",2732,"(L.) DC.","Berteroa","incana","","","Cochrane, Theodore S.","Jan 1971","Holden","s.n.","1966-07-23",1966,7,23,204,"1966-07-23","","Gravel bank along the roadside with only a few plants.",NA,"Bayfield","7 miles S of Drummond on Hwy 63 [W of Price Lake]",46.23555,-91.25797,NA,1791,"46.235550 N"," 91.257970 W","Georeferencing Quick Reference Guide 2012-10-02","Geolocate","",NA,"","July","Holden; Brashier","Other Collectors"
"SUWS011572","Equisetopsida","Brassicales","Brassicaceae","Capsella bursa-pastoris",2869,"(L.) Medik.","Capsella","bursa-pastoris","","","Cochrane, Theodore S.","Feb-72","Holden","s.n.","1966-07-21",1966,7,21,202,"1966-07-21","","Grassy, meadow surrounded by woods.",NA,"Bayfield","3 miles N of Pigeon Lake on Hwy 228",46.38536,-91.3369,NA,1073,"46.385360 N"," 91.336900 W","Georeferencing Quick Reference Guide 2012-10-02","Geolocate","",NA,"","July","Holden; Brashier","Other Collectors"
"SUWS011573","Equisetopsida","Brassicales","Brassicaceae","Capsella bursa-pastoris",2869,"(L.) Medik.","Capsella","bursa-pastoris","","","Cochrane, Theodore S.","Feb-72","Sima, Bessie R.","s.n.","1944-08-21",1944,8,21,234,"1944-08-21","","",NA,"Douglas","Superior. Vacant lot on 17th St., Superior",46.71813,-92.11468,NA,1776,"46.718130 N"," 92.114680 W","Georeferencing Quick Reference Guide 2012-10-02","Geolocate","",NA,"","August","Sima, Bessie R.","Other Collectors"
"SUWS011574","Equisetopsida","Brassicales","Brassicaceae","Capsella bursa-pastoris",2869,"(L.) Medik.","Capsella","bursa-pastoris","","","Cochrane, Theodore S.","Feb-72","Barnard","s.n.","1966-07-28",1966,7,28,209,"1966-07-28","","Sandy abandoned road.",NA,"Bayfield","N of Pigeon Lake",46.3745,-91.34935,NA,3898,"46.374500 N"," 91.349350 W","Georeferencing Quick Reference Guide 2012-10-02","Geolocate","",NA,"","July","Barnard; Brashier","Other Collectors"
"SUWS011575","Equisetopsida","Brassicales","Brassicaceae","Capsella bursa-pastoris",2869,"(L.) Medik.","Capsella","bursa-pastoris","","","Cochrane, Theodore S.","Feb-72","Thomson, John W., Jr.","5035","1942-06-12",1942,6,12,163,"1942-06-12","","Edge of field, clay soil.",NA,"Douglas","Superior. 920, N 22nd St., Superior",46.71231,-92.09136,NA,122,"46.712310 N"," 92.091360 W","Georeferencing Quick Reference Guide 2012-10-02","Geolocate","",NA,"","June","Thomson, John W., Jr.","Thomson, John W., Jr."
"SUWS011576","Equisetopsida","Brassicales","Brassicaceae","Capsella bursa-pastoris",2869,"(L.) Medik.","Capsella","bursa-pastoris","","","Cochrane, Theodore S.","Feb-72","Brashier","17c","1964-06-01",1964,6,1,153,"1964-06-01","","Sandy, pasture area.",NA,"Douglas","Patzau. 0.5 mile W of State Hwy 35 on CTH BB on the James Romans farm [ca. 2mi E of Patzau]",46.48986,-92.18414,NA,1517,"46.489860 N"," 92.184140 W","Georeferencing Quick Reference Guide 2012-10-02","Geolocate","",NA,"","June","Brashier; Romans","Brashier"
"SUWS011577","Equisetopsida","Brassicales","Brassicaceae","Capsella bursa-pastoris",2869,"(L.) Medik.","Capsella","bursa-pastoris","","","Cochrane, Theodore S.","Feb-72","Brashier","PL-115","1964-07-12",1964,7,12,194,"1964-07-12","","Field.",NA,"Bayfield","Pigeon Lake Field Station",46.34228,-91.34901,NA,2257,"46.342280 N"," 91.349010 W","Georeferencing Quick Reference Guide 2012-10-02","Geolocate","",NA,"","July","Brashier; Parrish","Brashier"
"SUWS011578","Equisetopsida","Brassicales","Brassicaceae","Capsella bursa-pastoris",2869,"(L.) Medik.","Capsella","bursa-pastoris","","","Cochrane, Theodore S.","Feb-72","Mackensen","s.n.","1966-07-26",1966,7,26,207,"1966-07-26","","Roadside sand and low grasses.",NA,"Bayfield","1 mile W of CTH D - Pigeon Lake",46.3418,-91.34766,NA,2037,"46.341800 N"," 91.347660 W","Georeferencing Quick Reference Guide 2012-10-02","Geolocate","",NA,"","July","Mackensen; Brashier","Other Collectors"
"SUWS011579","Equisetopsida","Brassicales","Brassicaceae","Capsella bursa-pastoris",2869,"(L.) Medik.","Capsella","bursa-pastoris","","","","","Brashier","17a","1964-06-01",1964,6,1,153,"1964-06-01","","Sandy, pasture area.",NA,"Douglas","Patzau. 0.5 mile W of State Hwy 35 on CTH BB on the James Romans farm [ca. 2mi E of Patzau]",46.48986,-92.18414,NA,1517,"46.489860 N"," 92.184140 W","Georeferencing Quick Reference Guide 2012-10-02","Geolocate","",NA,"","June","Brashier; Romans","Brashier"
"SUWS011580","Equisetopsida","Brassicales","Brassicaceae","Capsella bursa-pastoris",2869,"(L.) Medik.","Capsella","bursa-pastoris","","","Cochrane, Theodore S.","Feb-72","Hjerleid","s.n.","1966-07-29",1966,7,29,210,"1966-07-29","","Roadside area.",NA,"Bayfield","Drummond. On Hwy A [CTH N] between Drummond and Pigeon Lake",46.33903,-91.30226,NA,3519,"46.339030 N"," 91.302260 W","Georeferencing Quick Reference Guide 2012-10-02","Geolocate","",NA,"","July","Hjerleid; Brashier","Other Collectors"
"SUWS011584","Equisetopsida","Brassicales","Brassicaceae","Cardamine pensylvanica",2878,"Muhl. ex Willd.","Cardamine","pensylvanica","","","Cochrane, Theodore S.","Jan 1971","Thomson, John W., Jr.","5284","1943-08-04",1943,8,4,216,"1943-08-04","","Low, wet, clay soil.",NA,"Douglas","Superior. S of 22nd St. and Weeks Ave., Superior",46.72459,-92.09196,NA,462,"46.724590 N"," 92.091960 W","Georeferencing Quick Reference Guide 2012-10-02","Geolocate","",NA,"","August","Thomson, John W., Jr.","Thomson, John W., Jr."
"SUWS011587","Equisetopsida","Brassicales","Brassicaceae","Conringia orientalis",3191,"(L.) Dumort.","Conringia","orientalis","","","Cochrane, Theodore S.","Mar 1972","Thomson, John W., Jr.","5118","1942-06-12",1942,6,12,163,"1942-06-12","","Edge of field.",NA,"Douglas","Superior. S of 920 N 22nd St., Superior",46.72459,-92.09196,NA,462,"46.724590 N"," 92.091960 W","Georeferencing Quick Reference Guide 2012-10-02","Geolocate","",NA,"","June","Thomson, John W., Jr.; Fassett, Norman C.","Thomson, John W., Jr."
"SUWS011588","Equisetopsida","Brassicales","Brassicaceae","Diplotaxis muralis",3419,"(L.) DC.","Diplotaxis","muralis","","","Cochrane, Theodore S.","Mar 1977","Haglund, Anabelle","s.n.","1943-07-08",1943,7,8,189,"1943-07-08","","In garden.",NA,"Douglas","Superior. Central Park district",46.71688,-92.07436,NA,1370,"46.716880 N"," 92.074360 W","Georeferencing Quick Reference Guide 2012-10-02","Geolocate","",NA,"","July","Haglund, Anabelle","Other Collectors"
"SUWS011590","Equisetopsida","Brassicales","Brassicaceae","Erysimum cheiranthoides",3570,"L.","Erysimum","cheiranthoides","","","Cochrane, Theodore S.","Mar 1972","Cornell","s.n.","1966-07-21",1966,7,21,202,"1966-07-21","","Sandy soil, humus mixture.",NA,"Bayfield","Mason. Bridge over White River, outside of Mason",46.47814,-90.98825,NA,5401,"46.478140 N"," 90.988250 W","Georeferencing Quick Reference Guide 2012-10-02","Geolocate","",NA,"","July","Cornell; Brashier","Other Collectors"
"SUWS011591","Equisetopsida","Brassicales","Brassicaceae","Erysimum cheiranthoides",3570,"L.","Erysimum","cheiranthoides","","","Cochrane, Theodore S.","Mar 1972","Hjerleid","s.n.","1966-07-24",1966,7,24,205,"1966-07-24","","Sand and gravel roadside.",NA,"Bayfield","1 mile W on roadway connection of Pigeon Lake Camp to CTH A",46.34085,-91.42663,NA,1700,"46.340850 N"," 91.426630 W","Georeferencing Quick Reference Guide 2012-10-02","Geolocate","",NA,"","July","Hjerleid; Brashier","Other Collectors"
"SUWS011593","Equisetopsida","Brassicales","Brassicaceae","Erysimum cheiranthoides",3570,"L.","Erysimum","cheiranthoides","","","Cochrane, Theodore S.","Mar 1972","Thomson, John W., Jr.","s.n.","1942-07-10",1942,7,10,191,"1942-07-10","","",NA,"Douglas","Superior. 18th St. and Grand Ave., Superior",46.71701,-92.0935,NA,160,"46.717010 N"," 92.093500 W","Georeferencing Quick Reference Guide 2012-10-02","Geolocate","",NA,"","July","Thomson, John W., Jr.","Thomson, John W., Jr."
"SUWS011602","Equisetopsida","Brassicales","Brassicaceae","Lepidium densiflorum",4043,"Schrad.","Lepidium","densiflorum","","","","","Sima, Bessie R.","s.n.","1944-08-11",1944,8,11,224,"1944-08-11","","Vacant lot.",NA,"Douglas","Superior",46.68122,-92.06631,NA,12939,"46.681220 N"," 92.066310 W","Georeferencing Quick Reference Guide 2012-10-02","Geolocate","",NA,"","August","Sima, Bessie R.","Other Collectors"
"SUWS011605","Equisetopsida","Brassicales","Brassicaceae","Lepidium virginicum var. virginicum",13114,"L.","Lepidium","virginicum","virginicum","var.","","","Brashier","PL-117","1964-07-25",1964,7,25,207,"1964-07-25","","Dry open field.",NA,"Bayfield","Pigeon Lake Field Station",46.34228,-91.34901,NA,2257,"46.342280 N"," 91.349010 W","Georeferencing Quick Reference Guide 2012-10-02","Geolocate","",NA,"","July","Brashier; Thoren","Brashier"
"SUWS011607","Equisetopsida","Brassicales","Brassicaceae","Lepidium virginicum var. virginicum",13114,"L.","Lepidium","virginicum","virginicum","var.","","","Holden","s.n.","1966-07-23",1966,7,23,204,"1966-07-23","","Roadside gravelly, sparsely grassy.",NA,"Bayfield","Drummond. 4 miles S of Drummond on Hwy 63",46.2778,-91.27891,NA,2517,"46.277800 N"," 91.278910 W","Georeferencing Quick Reference Guide 2012-10-02","Geolocate","",NA,"","July","Holden; Brashier","Other Collectors"
"SUWS011610","Equisetopsida","Brassicales","Brassicaceae","Lepidium virginicum var. virginicum",13114,"L.","Lepidium","virginicum","virginicum","var.","","","Brashier","PL-118","1964-07-22",1964,7,22,204,"1964-07-22","","Roadside.",NA,"Bayfield","Pigeon Lake Field Station",46.34228,-91.34901,NA,2257,"46.342280 N"," 91.349010 W","Georeferencing Quick Reference Guide 2012-10-02","Geolocate","",NA,"","July","Brashier; Wassgren","Brashier"
"SUWS011611","Equisetopsida","Brassicales","Brassicaceae","Nasturtium officinale",4328,"W.T.Aiton","Nasturtium","officinale","","","","","Castle, R.","93-350","1993-11-15",1993,11,15,319,"1993-11-15","","Growing in water, rooted in muck. Leaves 3 segmented.",NA,"Douglas","Brule. Hwy 27 and the Little Brule River [S of Brule]",46.51716,-91.59377,NA,491,"46.517160 N"," 91.593770 W","Georeferencing Quick Reference Guide 2012-10-02","Geolocate","",NA,"","November","Castle, R.","Castle, R."
"SUWS011614","Equisetopsida","Brassicales","Brassicaceae","Raphanus sativus",4772,"L.","Raphanus","sativus","","","","","Thomson, John W., Jr.","5436","1943-08-17",1943,8,17,229,"1943-08-17","","",NA,"Douglas","Superior",46.68122,-92.06631,NA,12939,"46.681220 N"," 92.066310 W","Georeferencing Quick Reference Guide 2012-10-02","Geolocate","",NA,"","August","Thomson, John W., Jr.","Thomson, John W., Jr."
"SUWS011617","Equisetopsida","Brassicales","Brassicaceae","Rorippa palustris subsp. fernaldiana",13270,"(L.) Besser","Rorippa","palustris","fernaldiana","subsp.","","","Cornell","s.n.","1966-07-07",1966,7,7,188,"1966-07-07","","Sandy loose soil; surrounding area wooded.",NA,"Bayfield","Drummond. 2 miles E of Drummond on Hwy 216",46.33689,-91.21603,NA,1110,"46.336890 N"," 91.216030 W","Georeferencing Quick Reference Guide 2012-10-02","Geolocate","",NA,"","July","Cornell; Brashier","Other Collectors"
"SUWS011618","Equisetopsida","Brassicales","Brassicaceae","Rorippa palustris subsp. fernaldiana",13270,"(L.) Besser","Rorippa","palustris","fernaldiana","subsp.","","","Hjerleid","s.n.","1966-07-24",1966,7,24,205,"1966-07-24","","Lakeshore, sandy.",NA,"Bayfield","SE shore of Pigeon Lake",46.34228,-91.34901,NA,2257,"46.342280 N"," 91.349010 W","Georeferencing Quick Reference Guide 2012-10-02","Geolocate","",NA,"","July","Hjerleid; Brashier","Other Collectors"
"SUWS011619","Equisetopsida","Brassicales","Brassicaceae","Rorippa palustris subsp. fernaldiana",13270,"(L.) Besser","Rorippa","palustris","fernaldiana","subsp.","","","Mackensen","s.n.","1966-06-29",1966,6,29,180,"1966-06-29","","Grass that's quite scrubby.",NA,"Bayfield","Mason. 3 miles E of Mason",46.43521,-90.99689,NA,1190,"46.435210 N"," 90.996890 W","Georeferencing Quick Reference Guide 2012-10-02","Geolocate","",NA,"","June","Mackensen; Brashier","Other Collectors"
"SUWS011621","Equisetopsida","Brassicales","Brassicaceae","Rorippa palustris subsp. fernaldiana",13270,"(L.) Besser","Rorippa","palustris","fernaldiana","subsp.","","","Holden","s.n.","1966-07-23",1966,7,23,204,"1966-07-23","","Roadside - dry, gravelly, and sandy, sparsely grassy.",NA,"Bayfield","Drummond. 4 miles S of Drummond on Hwy 63",46.2778,-91.27891,NA,2517,"46.277800 N"," 91.278910 W","Georeferencing Quick Reference Guide 2012-10-02","Geolocate","",NA,"","July","Holden; Brashier","Other Collectors"
"SUWS011622","Equisetopsida","Brassicales","Brassicaceae","Rorippa palustris subsp. fernaldiana",13270,"(L.) Besser","Rorippa","palustris","fernaldiana","subsp.","","","Mackensen","s.n.","1966-07-21",1966,7,21,202,"1966-07-21","","Roadside humus.",NA,"Bayfield","3 miles E of camp [Pigeon Lake Field Station Camp bassed upon other collections of same time]",46.34226,-91.28609,NA,5074,"46.342260 N"," 91.286090 W","Georeferencing Quick Reference Guide 2012-10-02","Geolocate","",NA,"","July","Mackensen; Brashier","Other Collectors"
"SUWS011623","Equisetopsida","Brassicales","Brassicaceae","Rorippa palustris subsp. fernaldiana",13270,"(L.) Besser","Rorippa","palustris","fernaldiana","subsp.","","","Holden","s.n.","1966-07-28",1966,7,28,209,"1966-07-28","","Sandy, grassy roadside.",NA,"Bayfield","Cty. Trunk 228, 3 miles N of Pigeon Lake Camp",46.38536,-91.3369,NA,1073,"46.385360 N"," 91.336900 W","Georeferencing Quick Reference Guide 2012-10-02","Geolocate","",NA,"","July","Holden; Brashier","Other Collectors"
"SUWS011624","Equisetopsida","Brassicales","Brassicaceae","Rorippa palustris subsp. fernaldiana",13270,"(L.) Besser","Rorippa","palustris","fernaldiana","subsp.","","","Brashier","PL-85","1964-07-05",1964,7,5,187,"1964-07-05","","Along sandy shore of lake.",NA,"Bayfield","Pigeon Lake Field Station",46.34228,-91.34901,NA,2257,"46.342280 N"," 91.349010 W","Georeferencing Quick Reference Guide 2012-10-02","Geolocate","",NA,"","July","Brashier; Thoren","Brashier"
"SUWS011625","Equisetopsida","Brassicales","Brassicaceae","Rorippa palustris subsp. fernaldiana",13270,"(L.) Besser","Rorippa","palustris","fernaldiana","subsp.","","","Brashier","PL-86","1964-07-10",1964,7,10,192,"1964-07-10","","Along roadside.",NA,"Bayfield","Pigeon Lake Field Station",46.34228,-91.34901,NA,2257,"46.342280 N"," 91.349010 W","Georeferencing Quick Reference Guide 2012-10-02","Geolocate","",NA,"","July","Brashier; Cherf","Brashier"
"SUWS011628","Equisetopsida","Brassicales","Brassicaceae","Rorippa palustris subsp. fernaldiana",13270,"(L.) Besser","Rorippa","palustris","fernaldiana","subsp.","","","Barnard","s.n.","1966-07-28",1966,7,28,209,"1966-07-28","","Sandy abandoned road.",NA,"Bayfield","N of Pigeon Lake",46.3745,-91.34935,NA,3898,"46.374500 N"," 91.349350 W","Georeferencing Quick Reference Guide 2012-10-02","Geolocate","",NA,"","July","Barnard; Brashier","Other Collectors"
"SUWS011630","Equisetopsida","Brassicales","Brassicaceae","Sinapis arvensis",5060,"L.","Sinapis","arvensis","","","Cochrane, Theodore S.","Mar 1972","Brashier","106","1964-07-18",1964,7,18,200,"1964-07-18","","Edge of open field in clay soil.",NA,"Douglas","Superior. 2 miles S of Superior on State Hwy 35, on the Ralph Law property",46.66803,-92.10374,NA,3149,"46.668030 N"," 92.103740 W","Georeferencing Quick Reference Guide 2012-10-02","Geolocate","",NA,"","July","Brashier; Romans","Brashier"
"SUWS011631","Equisetopsida","Brassicales","Brassicaceae","Sinapis arvensis",5060,"L.","Sinapis","arvensis","","","Cochrane, Theodore S.","Apr 1972","Mackensen","s.n.","1966-07-28",1966,7,28,209,"1966-07-28","","Scrub grass.",NA,"Douglas","Superior. W side of Wisconsin Point [Labeled Ashland Co., but cannot find a Wisconsin Point in Ashland Co.]",46.69472,-91.99265,NA,2450,"46.694720 N"," 91.992650 W","Georeferencing Quick Reference Guide 2012-10-02","Geolocate","",NA,"","July","Mackensen; Brashier","Other Collectors"
"SUWS011632","Equisetopsida","Brassicales","Brassicaceae","Sinapis arvensis",5060,"L.","Sinapis","arvensis","","","Cochrane, Theodore S.","Mar 1972","Brashier","66c","1964-06-02",1964,6,2,154,"1964-06-02","","Dry, sandy area at entrance to park.",NA,"St. Croix","Somerset. In park within city limits, on State Hwy 35 near river [Probably the Apple River]",45.12547,-92.67195,NA,1500,"45.125470 N"," 92.671950 W","Georeferencing Quick Reference Guide 2012-10-02","Geolocate","",NA,"","June","Brashier; Romans","Brashier"
"SUWS011639","Equisetopsida","Brassicales","Brassicaceae","Thlaspi arvense",5225,"L.","Thlaspi","arvense","","","","","Castle, R.","94-77","1994-06-28",1994,6,28,179,"1994-06-28","","Waste ground.",NA,"Douglas","Superior. Belnap and Hwy 2 near Lake Superior",46.69111,-91.91731,NA,29129,"46.691110 N"," 91.917310 W","Georeferencing Quick Reference Guide 2012-10-02","Geolocate","",NA,"","June","Castle, R.","Castle, R."
"SUWS011640","Equisetopsida","Brassicales","Brassicaceae","Thlaspi arvense",5225,"L.","Thlaspi","arvense","","","","","Staupe, Jane","62","1980-05-28",1980,5,28,149,"1980-05-28","","Cut-over cultivated area, cultivated soil.",NA,"Douglas","Superior. Within Superior city limits",46.68122,-92.06631,NA,12939,"46.681220 N"," 92.066310 W","Georeferencing Quick Reference Guide 2012-10-02","Geolocate","",NA,"","May","Staupe, Jane","Other Collectors"
"SUWS011643","Equisetopsida","Brassicales","Brassicaceae","Thlaspi arvense",5225,"L.","Thlaspi","arvense","","","","","","s.n.","1942-07-10",1942,7,10,191,"1942-07-10","","[No collector specified]",NA,"Douglas","Superior, 18th St. and Grand Ave.",46.71701,-92.0935,NA,160,"46.717010 N"," 92.093500 W","Georeferencing Quick Reference Guide 2012-10-02","Geolocate","",NA,"","July","","Other Collectors"
"SUWS011650","Equisetopsida","Ericales","Ericaceae","Andromeda glaucophylla",12834,"Link","Andromeda","glaucophylla","","","","","Thomson, John W., Jr.","s.n.","1942-04-02",1942,4,2,92,"1942-04-02","","Peat bog.",NA,"Douglas","S of Amnicon Lake",46.43423,-92.06174,NA,4716,"46.434230 N"," 92.061740 W","Georeferencing Quick Reference Guide 2012-10-02","Geolocate","",NA,"","April","Thomson, John W., Jr.","Thomson, John W., Jr."
"SUWS011652","Equisetopsida","Ericales","Ericaceae","Arctostaphylos uva-ursi",2585,"(L.) Spreng.","Arctostaphylos","uva-ursi","","","","","Smetak, Scott","27","1994-10-16",1994,10,16,289,"1994-10-16","","Forest, along trail, under pines. Ground cover, creeping bark grey.",NA,"Douglas","Superior",46.68122,-92.06631,NA,12939,"46.681220 N"," 92.066310 W","Georeferencing Quick Reference Guide 2012-10-02","Geolocate","",NA,"","October","Smetak, Scott","Other Collectors"
"SUWS011655","Equisetopsida","Ericales","Ericaceae","Arctostaphylos uva-ursi",2585,"(L.) Spreng.","Arctostaphylos","uva-ursi","","","","","Longenecker, Jean","26","1980-05-15",1980,5,15,136,"1980-05-15","","Collected from an opening.",NA,"Douglas","Superior",46.68122,-92.06631,NA,12939,"46.681220 N"," 92.066310 W","Georeferencing Quick Reference Guide 2012-10-02","Geolocate","",NA,"","May","Longenecker, Jean","Other Collectors"
"SUWS011657","Equisetopsida","Ericales","Ericaceae","Arctostaphylos uva-ursi",2585,"(L.) Spreng.","Arctostaphylos","uva-ursi","","","","","McGovern, Scott","92/15","1992-09-19",1992,9,19,263,"1992-09-19","","Sandy soil, direct sun light. Small shrub with many branches, red fruit and leaves obovate.",NA,"Douglas","Superior. About 50 yards from Lake Superior",46.69111,-91.91731,NA,29129,"46.691110 N"," 91.917310 W","Georeferencing Quick Reference Guide 2012-10-02","Geolocate","",NA,"","September","McGovern, Scott","Other Collectors"
"SUWS011663","Equisetopsida","Ericales","Ericaceae","Chamaedaphne calyculata var. angustifolia",12906,"(L.) Moench","Chamaedaphne","calyculata","angustifolia","var.","","","Brashier","s.n.","1965-05-20",1965,5,20,140,"1965-05-20","","Bog.",NA,"Douglas","Patzau. 0.5 mile W of State Hwy 35 on CTH BB on the James Romans property [ca. 2mi E of Patzau]",46.48986,-92.18414,NA,1517,"46.489860 N"," 92.184140 W","Georeferencing Quick Reference Guide 2012-10-02","Geolocate","",NA,"","May","Brashier; Romans","Brashier"
"SUWS011664","Equisetopsida","Ericales","Ericaceae","Chamaedaphne calyculata var. angustifolia",12906,"(L.) Moench","Chamaedaphne","calyculata","angustifolia","var.","","","Castle, R.","93-111","1993-05-13",1993,5,13,133,"1993-05-13","","Along ditch in spruce cedar swamp. 2 feet tall, bell like white flowers.",NA,"Douglas","Lake Nebagamon. N of Old Lake Nebagamon Dump, 2 miles on CTH F",46.55143,-91.70001,NA,4581,"46.551430 N"," 91.700010 W","Georeferencing Quick Reference Guide 2012-10-02","Geolocate","",NA,"","May","Castle, R.","Castle, R."
"SUWS011667","Equisetopsida","Ericales","Ericaceae","Epigaea repens",3521,"L.","Epigaea","repens","","","","","Longenecker, Jean","1","1980-05-01",1980,5,1,122,"1980-05-01","","Rich woods, acid soil.",NA,"Douglas","Near Amnicon Lake",46.47775,-92.06105,NA,2321,"46.477750 N"," 92.061050 W","Georeferencing Quick Reference Guide 2012-10-02","Geolocate","",NA,"","May","Longenecker, Jean","Other Collectors"
"SUWS011673","Equisetopsida","Ericales","Ericaceae","Gaultheria procumbens",3680,"L.","Gaultheria","procumbens","","","","","McGovern, Scott","92/23","1992-10-15",1992,10,15,289,"1992-10-15","","Lycopodium growing along side and shaded by balsam fir. Soil in humus layer, sandy underneath. 6 inch plant with glossy oval leaves has runners with other vegetation growth attatched to one runner.",NA,"Vilas","Arbor Vitae. Hwy 70 E, 1 mile from Hwy 51; old 51 1.5 miles; Wiches Lake Rd. 1 mile S of Hourah Lake",45.94447,-89.65324,NA,400,"45.944470 N"," 89.653240 W","Georeferencing Quick Reference Guide 2012-10-02","Geolocate","",NA,"","October","McGovern, Scott","Other Collectors"
"SUWS011675","Equisetopsida","Ericales","Ericaceae","Gaultheria procumbens",3680,"L.","Gaultheria","procumbens","","","","","Barnard","s.n.","1966-07-30",1966,7,30,211,"1966-07-30","","Woods.",NA,"Ashland","Mellen",46.32551,-90.66102,NA,1875,"46.325510 N"," 90.661020 W","Georeferencing Quick Reference Guide 2012-10-02","Geolocate","",NA,"","July","Barnard; Brashier","Other Collectors"
"SUWS011676","Equisetopsida","Ericales","Ericaceae","Gaultheria procumbens",3680,"L.","Gaultheria","procumbens","","","","","Brashier","PL-81","1964-06-28",1964,6,28,180,"1964-06-28","","Bog.",NA,"Bayfield","Pigeon Lake Field Station",46.34228,-91.34901,NA,2257,"46.342280 N"," 91.349010 W","Georeferencing Quick Reference Guide 2012-10-02","Geolocate","",NA,"","June","Brashier; Walvoord","Brashier"
"SUWS011679","Equisetopsida","Ericales","Ericaceae","Gaultheria procumbens",3680,"L.","Gaultheria","procumbens","","","","","Castle, R.","93-332","1993-08-02",1993,8,2,214,"1993-08-02","","Pine woods, sandy soils.",NA,"Douglas","Brule. 5 miles W of Brule on Hwy 2 [orig. Bayfield Co. but that would have to be E of Brule]",46.55295,-91.68184,NA,1632,"46.552950 N"," 91.681840 W","Georeferencing Quick Reference Guide 2012-10-02","Geolocate","",NA,"","August","Castle, R.","Castle, R."
"SUWS011689","Equisetopsida","Ericales","Ericaceae","Kalmia polifolia",3986,"Wangenh.","Kalmia","polifolia","","","","","Brashier","PL-62","1964-06-30",1964,6,30,182,"1964-06-30","","In bog.",NA,"Bayfield","Pigeon Lake Field Station",46.34228,-91.34901,NA,2257,"46.342280 N"," 91.349010 W","Georeferencing Quick Reference Guide 2012-10-02","Geolocate","",NA,"","June","Brashier; Grage","Brashier"
"SUWS011690","Equisetopsida","Ericales","Ericaceae","Kalmia polifolia",3986,"Wangenh.","Kalmia","polifolia","","","","","Brashier","s.n.","1965-06-07",1965,6,7,158,"1965-06-07","","In a bog.",NA,"Douglas","Patzau. 0.5 mile W of State Hwy 35 on CTH BB on the James Romans property [ca. 2mi E of Patzau]",46.48986,-92.18414,NA,1517,"46.489860 N"," 92.184140 W","Georeferencing Quick Reference Guide 2012-10-02","Geolocate","",NA,"","June","Brashier; Romans","Brashier"
"SUWS011697","Equisetopsida","Ericales","Ericaceae","Ledum groenlandicum",13261,"Oeder","Ledum","groenlandicum","","","","","Martin, Bonita","94-44","1994-10-12",1994,10,12,285,"1994-10-12","","Boggy, wintergreen, ferns, poplar, pines. Shrub to 1 meter, flowers white, 1 cm. wide, 5-7 stamens fr. slender ovoid 5-7.",NA,"Douglas","Gordon. Near Camp Roundelay, near Gordon - trail to wagons",46.18085,-91.6993,NA,3036,"46.180850 N"," 91.699300 W","Georeferencing Quick Reference Guide 2012-10-02","Geolocate","",NA,"","October","Martin, Bonita","Other Collectors"
"SUWS011706","Equisetopsida","Ericales","Ericaceae","Ledum groenlandicum",13261,"Oeder","Ledum","groenlandicum","","","","","Brashier","PL-61","1964-07-04",1964,7,4,186,"1964-07-04","","Bog.",NA,"Bayfield","Pigeon Lake Field Station Nature Trail",46.34228,-91.34901,NA,2257,"46.342280 N"," 91.349010 W","Georeferencing Quick Reference Guide 2012-10-02","Geolocate","",NA,"","July","Brashier; Walvoord","Brashier"
"SUWS011714","Equisetopsida","Ericales","Ericaceae","Vaccinium angustifolium",5317,"Aiton","Vaccinium","angustifolium","","","","","Castle, R.","93-112","1993-05-13",1993,5,13,133,"1993-05-13","","Roadside, sandy soils, full sun. Shrub, finely toothed leaves, bristle tipped.",NA,"Douglas","Winneboujou. Winneboujou Canoe landing on CTH B",46.51738,-91.6042,NA,1208,"46.517380 N"," 91.604200 W","Georeferencing Quick Reference Guide 2012-10-02","Geolocate","",NA,"","May","Castle, R.","Castle, R."
"SUWS011715","Equisetopsida","Ericales","Ericaceae","Vaccinium angustifolium",5317,"Aiton","Vaccinium","angustifolium","","","","","Brashier","s.n.","1965-06-07",1965,6,7,158,"1965-06-07","","Poplar-alder woods near roadside.",NA,"Douglas","Superior. 5 miles S of Superior on U.S. Hwy 35",46.63637,-92.10374,NA,4228,"46.636370 N"," 92.103740 W","Georeferencing Quick Reference Guide 2012-10-02","Geolocate","",NA,"","June","Brashier; Romans","Brashier"
"SUWS011718","Equisetopsida","Ericales","Ericaceae","Vaccinium angustifolium",5317,"Aiton","Vaccinium","angustifolium","","","","","Thomson, John W., Jr.","s.n.","1942-05-17",1942,5,17,137,"1942-05-17","","",NA,"Douglas","S of Amnicon Lake",46.43423,-92.06174,NA,4716,"46.434230 N"," 92.061740 W","Georeferencing Quick Reference Guide 2012-10-02","Geolocate","",NA,"","May","Thomson, John W., Jr.","Thomson, John W., Jr."
"SUWS011720","Equisetopsida","Ericales","Ericaceae","Vaccinium angustifolium",5317,"Aiton","Vaccinium","angustifolium","","","","","Brashier","15b","1964-06-01",1964,6,1,153,"1964-06-01","","Sandy-loam, brush covered hillside.",NA,"Douglas","Patzau. 0.5 mile W of State Hwy 35 on CTH BB on the James Romans farm [ca. 2mi E of Patzau]",46.48986,-92.18414,NA,1517,"46.489860 N"," 92.184140 W","Georeferencing Quick Reference Guide 2012-10-02","Geolocate","",NA,"","June","Brashier; Romans","Brashier"
"SUWS011722","Equisetopsida","Ericales","Ericaceae","Vaccinium oxycoccos",5323,"L.","Vaccinium","oxycoccos","","","","","Walvoord","s.n.","1964-07-04",1964,7,4,186,"1964-07-04","","Bog.",NA,"Bayfield","Pigeon Lake Nature Trail",46.34228,-91.34901,NA,2257,"46.342280 N"," 91.349010 W","Georeferencing Quick Reference Guide 2012-10-02","Geolocate","",NA,"","July","Walvoord; Brashier","Other Collectors"
"SUWS011723","Equisetopsida","Ericales","Ericaceae","Vaccinium oxycoccos",5323,"L.","Vaccinium","oxycoccos","","","","","Brashier","PL-147","1964-06-27",1964,6,27,179,"1964-06-27","","In bog.",NA,"Bayfield","Pigeon Lake Field Station",46.34228,-91.34901,NA,2257,"46.342280 N"," 91.349010 W","Georeferencing Quick Reference Guide 2012-10-02","Geolocate","",NA,"","June","Brashier; Thoren","Brashier"
"SUWS011727","Equisetopsida","Ericales","Ericaceae","Vaccinium oxycoccos",5323,"L.","Vaccinium","oxycoccos","","","","","Wassgren","s.n.","1964-06-27",1964,6,27,179,"1964-06-27","","In a bog.",NA,"Bayfield","Drummond. N of Pigeon Lake",46.3745,-91.34935,NA,3898,"46.374500 N"," 91.349350 W","Georeferencing Quick Reference Guide 2012-10-02","Geolocate","",NA,"","June","Wassgren; Brashier","Other Collectors"
"SUWS011731","Equisetopsida","Ericales","Ericaceae","Vaccinium oxycoccos",5323,"L.","Vaccinium","oxycoccos","","","","","Mackensen","s.n.","1966-07-21",1966,7,21,202,"1966-07-21","","In a bog, swampy area.",NA,"Bayfield","Drummond. 1 mile NW of Drummond",46.34713,-91.2728,NA,1113,"46.347130 N"," 91.272800 W","Georeferencing Quick Reference Guide 2012-10-02","Geolocate","",NA,"","July","Mackensen; Brashier","Other Collectors"
"SUWS011733","Equisetopsida","Ericales","Ericaceae","Vaccinium oxycoccos",5323,"L.","Vaccinium","oxycoccos","","","","","Janowski","s.n.","1964-07-07",1964,7,7,189,"1964-07-07","","Near bog.",NA,"Bayfield","Pigeon Lake Nature Trail",46.34228,-91.34901,NA,2257,"46.342280 N"," 91.349010 W","Georeferencing Quick Reference Guide 2012-10-02","Geolocate","",NA,"","July","Janowski; Brashier","Other Collectors"
"SUWS011734","Equisetopsida","Ericales","Ericaceae","Vaccinium oxycoccos",5323,"L.","Vaccinium","oxycoccos","","","","","Muller","s.n.","1964-06-27",1964,6,27,179,"1964-06-27","","Bog.",NA,"Bayfield","Pigeon Lake Nature Trail",46.34228,-91.34901,NA,2257,"46.342280 N"," 91.349010 W","Georeferencing Quick Reference Guide 2012-10-02","Geolocate","",NA,"","June","Muller; Brashier","Other Collectors"
"SUWS011736","Equisetopsida","Ericales","Ericaceae","Vaccinium macrocarpon",5321,"Aiton","Vaccinium","macrocarpon","","","","","Hjerleid","s.n.","1966-07-10",1966,7,10,191,"1966-07-10","","Bog.",NA,"Bayfield","Drummond. 1 mile N of Hwy 63 on Hwy 223 [Delta-Drummond Rd. - N of Drummond]]",46.38525,-91.24698,NA,2474,"46.385250 N"," 91.246980 W","Georeferencing Quick Reference Guide 2012-10-02","Geolocate","",NA,"","July","Hjerleid; Brashier","Other Collectors"
"SUWS011738","Equisetopsida","Ericales","Ericaceae","Vaccinium oxycoccos",5323,"L.","Vaccinium","oxycoccos","","","","","Cherf","s.n.","1964-07-15",1964,7,15,197,"1964-07-15","","Bog.",NA,"Bayfield","Pigeon Lake Field Station",46.34228,-91.34901,NA,2257,"46.342280 N"," 91.349010 W","Georeferencing Quick Reference Guide 2012-10-02","Geolocate","",NA,"","July","Cherf; Brashier","Other Collectors"
"SUWS011740","Equisetopsida","Ericales","Ericaceae","Vaccinium oxycoccos",5323,"L.","Vaccinium","oxycoccos","","","","","Brashier","221a","1964-07-18",1964,7,18,200,"1964-07-18","","In small bog, very wet.",NA,"Douglas","Patzau. 0.5 mile W of State Hwy 35 on CTH BB on the James Romans property [ca. 2mi E of Patzau]",46.48986,-92.18414,NA,1517,"46.489860 N"," 92.184140 W","Georeferencing Quick Reference Guide 2012-10-02","Geolocate","",NA,"","July","Brashier; Romans","Brashier"
"SUWS011741","Equisetopsida","Ericales","Ericaceae","Vaccinium oxycoccos",5323,"L.","Vaccinium","oxycoccos","","","","","Valaskey","s.n.","1964-06-25",1964,6,25,177,"1964-06-25","","In bog.",NA,"Bayfield","Pigeon Lake Nature Trail",46.34228,-91.34901,NA,2257,"46.342280 N"," 91.349010 W","Georeferencing Quick Reference Guide 2012-10-02","Geolocate","",NA,"","June","Valaskey; Brashier","Other Collectors"
"SUWS011749","Equisetopsida","Ericales","Ericaceae","Chimaphila umbellata subsp. cisatlantica",12911,"(S.F.Blake) Hultén","Chimaphila","umbellata","cisatlantica","subsp.","","","McGovern, Scott","92/13","1992-09-19",1992,9,19,263,"1992-09-19","","Wooded area with balsam and maple, moss covered ground; sandy soil with 5 inch humus layer. Leaves in whirls, glossy surface, dark green.",NA,"Douglas","Superior",46.68122,-92.06631,NA,12939,"46.681220 N"," 92.066310 W","Georeferencing Quick Reference Guide 2012-10-02","Geolocate","",NA,"","September","McGovern, Scott","Other Collectors"
"SUWS011754","Equisetopsida","Ericales","Ericaceae","Pyrola asarifolia subsp. asarifolia",6821,"","Pyrola","asarifolia","asarifolia","subsp.","","","Brashier","247c","1964-06-26",1964,6,26,178,"1964-06-26","","Heavily shaded woods.",NA,"Douglas","Superior. 3 miles S of Superior on State Hwy 35 on the Ralph Law property",46.65497,-92.10442,NA,4161,"46.654970 N"," 92.104420 W","Georeferencing Quick Reference Guide 2012-10-02","Geolocate","",NA,"","June","Brashier; Romans","Brashier"
"SUWS011755","Equisetopsida","Ericales","Ericaceae","Pyrola asarifolia subsp. asarifolia",6821,"","Pyrola","asarifolia","asarifolia","subsp.","","","Brashier","209a","1964-06-26",1964,6,26,178,"1964-06-26","","Rich woods, base of pine tree.",NA,"Douglas","Superior. 3 miles S of Superior on State Hwy 35 on the Ralph Law property",46.65497,-92.10442,NA,4161,"46.654970 N"," 92.104420 W","Georeferencing Quick Reference Guide 2012-10-02","Geolocate","",NA,"","June","Brashier; Romans","Brashier"
"SUWS011760","Equisetopsida","Ericales","Ericaceae","Pyrola elliptica",4722,"Nutt.","Pyrola","elliptica","","","","","Brashier","PL-159","1964-07-12",1964,7,12,194,"1964-07-12","","Woods.",NA,"Bayfield","Perch Lake",46.54222,-91.3867,NA,259,"46.542220 N"," 91.386700 W","Georeferencing Quick Reference Guide 2012-10-02","Geolocate","",NA,"","July","Brashier; Walvoord","Brashier"
"SUWS011761","Equisetopsida","Ericales","Ericaceae","Pyrola elliptica",4722,"Nutt.","Pyrola","elliptica","","","","","Gunderson","s.n.","1964-07-08",1964,7,8,190,"1964-07-08","","Wet, roadside.",NA,"Bayfield","Perch Lake",46.54222,-91.3867,NA,259,"46.542220 N"," 91.386700 W","Georeferencing Quick Reference Guide 2012-10-02","Geolocate","",NA,"","July","Gunderson; Brashier","Other Collectors"
"SUWS011762","Equisetopsida","Ericales","Ericaceae","Pyrola elliptica",4722,"Nutt.","Pyrola","elliptica","","","","","Brashier","PL-156","1964-07-06",1964,7,6,188,"1964-07-06","","",NA,"Bayfield","Perch Lake",46.54222,-91.3867,NA,259,"46.542220 N"," 91.386700 W","Georeferencing Quick Reference Guide 2012-10-02","Geolocate","",NA,"","July","Brashier; Smith","Brashier"
"SUWS011763","Equisetopsida","Ericales","Ericaceae","Pyrola elliptica",4722,"Nutt.","Pyrola","elliptica","","","","","Brashier","PL-158","1964-07-20",1964,7,20,202,"1964-07-20","","Rich woods.",NA,"Bayfield","Pigeon Lake Field Station",46.34228,-91.34901,NA,2257,"46.342280 N"," 91.349010 W","Georeferencing Quick Reference Guide 2012-10-02","Geolocate","",NA,"","July","Brashier; Cherf","Brashier"
"SUWS011765","Equisetopsida","Ericales","Ericaceae","Pyrola elliptica",4722,"Nutt.","Pyrola","elliptica","","","","","Hjerleid","s.n.","1966-07-24",1966,7,24,205,"1966-07-24","","Forested area.",NA,"Bayfield","Picnic area of Owen Lake",46.28641,-91.22705,NA,5154,"46.286410 N"," 91.227050 W","Georeferencing Quick Reference Guide 2012-10-02","Geolocate","",NA,"","July","Hjerleid; Brashier","Other Collectors"
"SUWS011766","Equisetopsida","Ericales","Ericaceae","Pyrola elliptica",4722,"Nutt.","Pyrola","elliptica","","","","","Brashier","PL-157","1964-07-08",1964,7,8,190,"1964-07-08","","Near shore.",NA,"Bayfield","Perch Lake",46.54222,-91.3867,NA,259,"46.542220 N"," 91.386700 W","Georeferencing Quick Reference Guide 2012-10-02","Geolocate","",NA,"","July","Brashier; Grage","Brashier"
"SUWS011769","Equisetopsida","Ericales","Ericaceae","Pyrola rotundifolia subsp. americana",13254,"L.","Pyrola","rotundifolia","americana","subsp.","","","Brashier","PL-88","1964-07-05",1964,7,5,187,"1964-07-05","","",NA,"Bayfield","Pigeon Lake Field Station",46.34228,-91.34901,NA,2257,"46.342280 N"," 91.349010 W","Georeferencing Quick Reference Guide 2012-10-02","Geolocate","",NA,"","July","Brashier; Thoren","Brashier"
"SUWS011770","Equisetopsida","Ericales","Ericaceae","Pyrola rotundifolia subsp. americana",13254,"L.","Pyrola","rotundifolia","americana","subsp.","","","Brashier","PL-87","1964-07-10",1964,7,10,192,"1964-07-10","","Near woods.",NA,"Bayfield","Pigeon Lake Field Station",46.34228,-91.34901,NA,2257,"46.342280 N"," 91.349010 W","Georeferencing Quick Reference Guide 2012-10-02","Geolocate","",NA,"","July","Brashier; Valaskey","Brashier"
"SUWS011772","Equisetopsida","Ericales","Ericaceae","Orthilia secunda",4374,"(L.) House","Orthilia","secunda","","","","","Brashier","238b","1964-07-11",1964,7,11,193,"1964-07-11","","Mossy, shady ravine near river.",NA,"Douglas","Bardon State Park on Amnicon River",46.60755,-91.89927,NA,795,"46.607550 N"," 91.899270 W","Georeferencing Quick Reference Guide 2012-10-02","Geolocate","",NA,"","July","Brashier; Romans","Brashier"
"SUWS011775","Equisetopsida","Ericales","Ericaceae","Moneses uniflora subsp. uniflora",13153,"(L.) A.Gray","Moneses","uniflora","uniflora","subsp.","","","Castle, R.","94-54","1994-06-20",1994,6,20,171,"1994-06-20","","Shaded area. 5 petals, white flowers",NA,"Douglas","Superior. Univ. of Wisconsin - Superior campus",46.71784,-92.08786,NA,699,"46.717840 N"," 92.087860 W","Georeferencing Quick Reference Guide 2012-10-02","Geolocate","",NA,"","June","Castle, R.","Castle, R."
"SUWS011777","Equisetopsida","Ericales","Ericaceae","Monotropa uniflora",4275,"L.","Monotropa","uniflora","","","","","Castle, R.","92-32","1992-09-20",1992,9,20,264,"1992-09-20","","In groups 6-10 under red pine.",NA,"Douglas","Brule. W of Brule Fish hatchery on Fish Hatchery Rd.",46.53529,-91.58211,NA,1088,"46.535290 N"," 91.582110 W","Georeferencing Quick Reference Guide 2012-10-02","Geolocate","",NA,"","September","Castle, R.","Castle, R."
"SUWS011779","Equisetopsida","Ericales","Ericaceae","Monotropa uniflora",4275,"L.","Monotropa","uniflora","","","","","Gitar","91/16","1991-08-14",1991,8,14,226,"1991-08-14","","Pine woods - sandy, moist soil with pine needle liter. All white heads with pale white stems.",NA,"Douglas","Superior",46.68122,-92.06631,NA,12939,"46.681220 N"," 92.066310 W","Georeferencing Quick Reference Guide 2012-10-02","Geolocate","",NA,"","August","Gitar; Rounce","Other Collectors"
"SUWS011780","Equisetopsida","Ericales","Ericaceae","Monotropa uniflora",4275,"L.","Monotropa","uniflora","","","","","Mendenhall, Paula M.","29","1992-09-20",1992,9,20,264,"1992-09-20","","Darker soil, by edge of woods. Almost a foot tall.",NA,"Douglas","Superior",46.68122,-92.06631,NA,12939,"46.681220 N"," 92.066310 W","Georeferencing Quick Reference Guide 2012-10-02","Geolocate","",NA,"","September","Mendenhall, Paula M.","Other Collectors"
"SUWS011781","Equisetopsida","Ericales","Ericaceae","Monotropa uniflora",4275,"L.","Monotropa","uniflora","","","","","Brashier","PL-7","1964-07-24",1964,7,24,206,"1964-07-24","","Mixed forest.",NA,"Bayfield","Pigeon Lake Field Station Nature Trail",46.34228,-91.34901,NA,2257,"46.342280 N"," 91.349010 W","Georeferencing Quick Reference Guide 2012-10-02","Geolocate","",NA,"","July","Brashier; Thoren","Brashier"
"SUWS011783","Equisetopsida","Ericales","Ericaceae","Monotropa uniflora",4275,"L.","Monotropa","uniflora","","","","","Brashier","211a","1964-07-31",1964,7,31,213,"1964-07-31","","In rotting organic matter, shade.",NA,"Bayfield","N end of Lake Wabegoon",46.38367,-91.30858,NA,570,"46.383670 N"," 91.308580 W","Georeferencing Quick Reference Guide 2012-10-02","Geolocate","",NA,"","July","Brashier; Romans","Brashier"
"SUWS011788","Equisetopsida","Ericales","Primulaceae","Anagallis arvensis",2517,"L.","Anagallis","arvensis","","","","","Sima, Bessie R.","s.n.","1944-08-21",1944,8,21,234,"1944-08-21","","Vacant lot, waste, sandy field.",NA,"Douglas","Superior",46.68122,-92.06631,NA,12939,"46.681220 N"," 92.066310 W","Georeferencing Quick Reference Guide 2012-10-02","Geolocate","",NA,"","August","Sima, Bessie R.","Other Collectors"
"SUWS011790","Equisetopsida","Ericales","Primulaceae","Lysimachia ciliata",4158,"L.","Lysimachia","ciliata","","","","","Brashier","107a","1964-07-19",1964,7,19,201,"1964-07-19","","Deep, shaded woods.",NA,"Douglas","Superior. 2 miles S of Superior on State Hwy 35, on the Ralph Law property",46.66803,-92.10374,NA,3149,"46.668030 N"," 92.103740 W","Georeferencing Quick Reference Guide 2012-10-02","Geolocate","",NA,"","July","Brashier; Romans","Brashier"
"SUWS011794","Equisetopsida","Ericales","Primulaceae","Lysimachia ciliata",4158,"L.","Lysimachia","ciliata","","","","","","s.n.","1942-07-13",1942,7,13,194,"1942-07-13","","Valley of creek.",NA,"Douglas","Dewey. Valley of Clear Creek, S of Dewey",46.55439,-92.24019,NA,2085,"46.554390 N"," 92.240190 W","Georeferencing Quick Reference Guide 2012-10-02","Geolocate","",NA,"","July","","Other Collectors"
"SUWS011795","Equisetopsida","Ericales","Primulaceae","Lysimachia ciliata",4158,"L.","Lysimachia","ciliata","","","","","Barnard","s.n.","1966-07-14",1966,7,14,195,"1966-07-14","","Sandy.",NA,"Bayfield","Pigeon Lake area",46.34228,-91.34901,NA,2257,"46.342280 N"," 91.349010 W","Georeferencing Quick Reference Guide 2012-10-02","Geolocate","",NA,"","July","Barnard; Brashier","Other Collectors"
"SUWS011797","Equisetopsida","Ericales","Primulaceae","Lysimachia ciliata",4158,"L.","Lysimachia","ciliata","","","","","Hjerleid","s.n.","1966-07-20",1966,7,20,201,"1966-07-20","","Sandy clearing.",NA,"Bayfield","Drummond. Jct. of Hwy 63 and CTH A [CTH A meets CTH N, W of Drummond and it jcts. with Hwy 63 near Drummond]",46.33038,-91.26501,NA,1129,"46.330380 N"," 91.265010 W","Georeferencing Quick Reference Guide 2012-10-02","Geolocate","",NA,"","July","Hjerleid; Brashier","Other Collectors"
"SUWS011798","Equisetopsida","Ericales","Primulaceae","Lysimachia ciliata",4158,"L.","Lysimachia","ciliata","","","","","Cornell","s.n.","1966-07-13",1966,7,13,194,"1966-07-13","","Sandy and firm soil.",NA,"Bayfield","3 miles W of Pigeon Lake Camp on Hwy 394",46.34226,-91.41192,NA,1302,"46.342260 N"," 91.411920 W","Georeferencing Quick Reference Guide 2012-10-02","Geolocate","",NA,"","July","Cornell; Brashier","Other Collectors"
"SUWS011799","Equisetopsida","Ericales","Primulaceae","Lysimachia ciliata",4158,"L.","Lysimachia","ciliata","","","","","Castle, R.","94-84","1994-07-01",1994,7,1,182,"1994-07-01","","Open sloped field. Yellow flowers.",NA,"Douglas","Superior",46.68122,-92.06631,NA,12939,"46.681220 N"," 92.066310 W","Georeferencing Quick Reference Guide 2012-10-02","Geolocate","",NA,"","July","Castle, R.","Castle, R."
"SUWS011800","Equisetopsida","Ericales","Primulaceae","Lysimachia ciliata",4158,"L.","Lysimachia","ciliata","","","","","Brashier","157c","1964-08-07",1964,8,7,220,"1964-08-07","","Shady, damp area.",NA,"Douglas","Superior. 3 miles S of Superior on State Hwy 35, on Ralph Law property",46.65497,-92.10442,NA,4161,"46.654970 N"," 92.104420 W","Georeferencing Quick Reference Guide 2012-10-02","Geolocate","",NA,"","August","Brashier; Romans","Brashier"
"SUWS011803","Equisetopsida","Ericales","Primulaceae","Lysimachia quadrifolia",4163,"L.","Lysimachia","quadrifolia","","","Cochrane, Theodore S.","11Nov2009","Brashier","PL-71","1964-07-12",1964,7,12,194,"1964-07-12","","",NA,"Bayfield","Pigeon Lake Field Station, Hwy 27 off of CTH N.",46.34228,-91.34901,NA,2257,"46.342280 N"," 91.349010 W","Georeferencing Quick Reference Guide 2012-10-02","Geolocate","",NA,"","July","Brashier; Valaskey","Brashier"
"SUWS011804","Equisetopsida","Ericales","Primulaceae","Lysimachia quadrifolia",4163,"L.","Lysimachia","quadrifolia","","","Cochrane, Theodore S.","11Nov2009","Brashier","PL-72","1964-07-12",1964,7,12,194,"1964-07-12","","Shore of lake.",NA,"Bayfield","Pigeon Lake Field Station",46.34228,-91.34901,NA,2257,"46.342280 N"," 91.349010 W","Georeferencing Quick Reference Guide 2012-10-02","Geolocate","",NA,"","July","Brashier; Thoren","Brashier"
"SUWS011805","Equisetopsida","Ericales","Primulaceae","Lysimachia hybrida",4159,"Michx.","Lysimachia","hybrida","","","Cochrane, Theodore S.","11Nov2009","Cornell","s.n.","1966-07-26",1966,7,26,207,"1966-07-26","","Bog area.",NA,"Bayfield","W side of Anderson Lake",46.4037,-91.31713,NA,336,"46.403700 N"," 91.317130 W","Georeferencing Quick Reference Guide 2012-10-02","Geolocate","",NA,"","July","Cornell; Brashier","Other Collectors"
"SUWS011809","Equisetopsida","Ericales","Primulaceae","Lysimachia terrestris",4164,"(L.) Britton, Sterns & Poggenb.","Lysimachia","terrestris","","","","","Brashier","242a","1964-07-10",1964,7,10,192,"1964-07-10","","On roadside embankment, adjacent to small open water pond.",NA,"Douglas","2 miles E of Lake Nebagamon on CTH B",46.51493,-91.65784,NA,1250,"46.514930 N"," 91.657840 W","Georeferencing Quick Reference Guide 2012-10-02","Geolocate","",NA,"","July","Brashier; Romans","Brashier"
"SUWS011811","Equisetopsida","Ericales","Primulaceae","Lysimachia terrestris",4164,"(L.) Britton, Sterns & Poggenb.","Lysimachia","terrestris","","","","","Cornell","s.n.","1966-07-26",1966,7,26,207,"1966-07-26","","Bog area.",NA,"Bayfield","W side of Anderson Lake",46.4037,-91.31713,NA,336,"46.403700 N"," 91.317130 W","Georeferencing Quick Reference Guide 2012-10-02","Geolocate","",NA,"","July","Cornell; Brashier","Other Collectors"
"SUWS011813","Equisetopsida","Ericales","Primulaceae","Lysimachia terrestris",4164,"(L.) Britton, Sterns & Poggenb.","Lysimachia","terrestris","","","","","Brashier","PL-73","1964-07-12",1964,7,12,194,"1964-07-12","","Side of road.",NA,"Bayfield","Pigeon Lake Field Station, E of Hwy 27",46.34228,-91.34901,NA,2257,"46.342280 N"," 91.349010 W","Georeferencing Quick Reference Guide 2012-10-02","Geolocate","",NA,"","July","Brashier; Valaskey","Brashier"
"SUWS011814","Equisetopsida","Ericales","Primulaceae","Lysimachia terrestris",4164,"(L.) Britton, Sterns & Poggenb.","Lysimachia","terrestris","","","","","Brashier","PL-74","1964-07-12",1964,7,12,194,"1964-07-12","","Swamp.",NA,"Bayfield","Pigeon Lake Field Station",46.34228,-91.34901,NA,2257,"46.342280 N"," 91.349010 W","Georeferencing Quick Reference Guide 2012-10-02","Geolocate","",NA,"","July","Brashier; Walvoord","Brashier"
"SUWS011815","Equisetopsida","Ericales","Primulaceae","Lysimachia terrestris",4164,"(L.) Britton, Sterns & Poggenb.","Lysimachia","terrestris","","","","","Thomson, John W., Jr.","s.n.","1942-07-18",1942,7,18,199,"1942-07-18","","",NA,"Douglas","Superior. Sand Island in Superior Bay",46.73216,-92.0663,NA,5466,"46.732160 N"," 92.066300 W","Georeferencing Quick Reference Guide 2012-10-02","Geolocate","",NA,"","July","Thomson, John W., Jr.; Smith, C. W.","Thomson, John W., Jr."
"SUWS011816","Equisetopsida","Ericales","Primulaceae","Lysimachia terrestris",4164,"(L.) Britton, Sterns & Poggenb.","Lysimachia","terrestris","","","Koch, Rudy G.","29Jan1976","Hjerleid","s.n.","1966-07-17",1966,7,17,198,"1966-07-17","","Roadside bank, sandy.",NA,"Bayfield","Between Pigeon Lake Camp entrance W to CTH A",46.34228,-91.34901,NA,2257,"46.342280 N"," 91.349010 W","Georeferencing Quick Reference Guide 2012-10-02","Geolocate","",NA,"","July","Hjerleid; Brashier","Other Collectors"
"SUWS011817","Equisetopsida","Ericales","Primulaceae","Lysimachia thyrsiflora",4165,"L.","Lysimachia","thyrsiflora","","","","","Wong, Kenneth","s.n.","1975-06-22",1975,6,22,173,"1975-06-22","","Marsh near lake.",NA,"Douglas","Gordon. 2 miles S of Gordon on Hwy 53, near Halfway Lake",46.21793,-91.79852,NA,1214,"46.217930 N"," 91.798520 W","Georeferencing Quick Reference Guide 2012-10-02","Geolocate","",NA,"","June","Wong, Kenneth","Other Collectors"
"SUWS011822","Equisetopsida","Ericales","Primulaceae","Trientalis borealis subsp. borealis",13455,"Raf.","Trientalis","borealis","borealis","subsp.","","","Shaw","s.n.","1928-06-10",1928,6,10,162,"1928-06-10","","Woods.",NA,"Douglas","Superior. 28th St., Superior",46.70627,-92.09949,NA,3151,"46.706270 N"," 92.099490 W","Georeferencing Quick Reference Guide 2012-10-02","Geolocate","",NA,"","June","Shaw; Brashier","Other Collectors"
"SUWS011826","Equisetopsida","Ericales","Primulaceae","Trientalis borealis subsp. borealis",13455,"Raf.","Trientalis","borealis","borealis","subsp.","","","Brashier","s.n.","1965-06-07",1965,6,7,158,"1965-06-07","","Rich woods, sandy soil, forest litter in great amounts.",NA,"Douglas","Foxboro. 3 miles N of CTH B on Pelkey Rd. near Foxboro",46.49696,-92.25905,NA,886,"46.496960 N"," 92.259050 W","Georeferencing Quick Reference Guide 2012-10-02","Geolocate","",NA,"","June","Brashier; Romans","Brashier"
"SUWS011827","Equisetopsida","Ericales","Primulaceae","Trientalis borealis subsp. borealis",13455,"Raf.","Trientalis","borealis","borealis","subsp.","","","Brashier","30","1964-06-01",1964,6,1,153,"1964-06-01","","Low, wet wooded area.",NA,"Douglas","Patzau. 0.5 mile W of Wisconsin State Hwy 35 on CTH BB on the James Romans farm [ca. 2mi E of Patzau]",46.48986,-92.18414,NA,1517,"46.489860 N"," 92.184140 W","Georeferencing Quick Reference Guide 2012-10-02","Geolocate","",NA,"","June","Brashier; Romans","Brashier"
"SUWS011828","Equisetopsida","Ericales","Primulaceae","Trientalis borealis subsp. borealis",13455,"Raf.","Trientalis","borealis","borealis","subsp.","","","Cornell","s.n.","1966-07-21",1966,7,21,202,"1966-07-21","","Woods, soil sandy, some humus, moist and shady.",NA,"Bayfield","N of Pigeon Lake Camp",46.34228,-91.34901,NA,2257,"46.342280 N"," 91.349010 W","Georeferencing Quick Reference Guide 2012-10-02","Geolocate","",NA,"","July","Cornell; Brashier","Other Collectors"
"SUWS011829","Equisetopsida","Ericales","Primulaceae","Trientalis borealis subsp. borealis",13455,"Raf.","Trientalis","borealis","borealis","subsp.","","","Brashier","PL-141","1964-07-16",1964,7,16,198,"1964-07-16","","Wooded area.",NA,"Bayfield","Pigeon Lake Field Station",46.34228,-91.34901,NA,2257,"46.342280 N"," 91.349010 W","Georeferencing Quick Reference Guide 2012-10-02","Geolocate","",NA,"","July","Brashier; Janowski","Brashier"
"SUWS011843","Equisetopsida","Saxifragales","Grossulariaceae","Ribes hirtellum",4809,"Michx.","Ribes","hirtellum","","","","","Brashier","s.n.","1965-06-07",1965,6,7,158,"1965-06-07","","Poplar woods, damp soil.",NA,"Douglas","Superior. 5 miles S of Superior on Hwy 35",46.63637,-92.10374,NA,4228,"46.636370 N"," 92.103740 W","Georeferencing Quick Reference Guide 2012-10-02","Geolocate","",NA,"","June","Brashier; Romans","Brashier"
"SUWS011845","Equisetopsida","Saxifragales","Grossulariaceae","Ribes hirtellum",4809,"Michx.","Ribes","hirtellum","","","","","Staupe, Jane","31","1980-05-14",1980,5,14,135,"1980-05-14","","Sandy.",NA,"Douglas","Superior",46.68122,-92.06631,NA,12939,"46.681220 N"," 92.066310 W","Georeferencing Quick Reference Guide 2012-10-02","Geolocate","",NA,"","May","Staupe, Jane","Other Collectors"
"SUWS011847","Equisetopsida","Saxifragales","Grossulariaceae","Ribes glandulosum",4808,"Grauer","Ribes","glandulosum","","","","","Brashier","s.n.","1965-05-20",1965,5,20,140,"1965-05-20","","Edge of bog; very wet.",NA,"Douglas","Patzau. 0.5 mile W of State Hwy 35 on CTH BB on the James Romans property [ca. 2mi E of Patzau]",46.48986,-92.18414,NA,1517,"46.489860 N"," 92.184140 W","Georeferencing Quick Reference Guide 2012-10-02","Geolocate","",NA,"","May","Brashier; Romans","Brashier"
"SUWS011854","Equisetopsida","Saxifragales","Grossulariaceae","Ribes rubrum",4816,"L.","Ribes","rubrum","","","Cochrane, Theodore S.","11Nov2009","Castle, R.","93-311","1993-07-27",1993,7,27,208,"1993-07-27","","Moist soils with willow and tag alders. Thorn-less, upright to 5 feet, berries red, 3-5 lobed leaves.",NA,"Douglas","Superior",46.68122,-92.06631,NA,12939,"46.681220 N"," 92.066310 W","Georeferencing Quick Reference Guide 2012-10-02","Geolocate","",NA,"","July","Castle, R.","Castle, R."
"SUWS011860","Equisetopsida","Saxifragales","Saxifragaceae","Heuchera richardsonii",3844,"R.Br.","Heuchera","richardsonii","","","","","Thomson, John W., Jr.","s.n.","1942-06-13",1942,6,13,164,"1942-06-13","","Prairie.",NA,"Barron","Chetek. Between RR and Road 1 mile N of Chetek",45.33482,-91.67521,NA,1082,"45.334820 N"," 91.675210 W","Georeferencing Quick Reference Guide 2012-10-02","Geolocate","",NA,"","June","Thomson, John W., Jr.","Thomson, John W., Jr."
"SUWS011861","Equisetopsida","Saxifragales","Saxifragaceae","Heuchera richardsonii",3844,"R.Br.","Heuchera","richardsonii","","","","","Brashier","203b","1964-06-26",1964,6,26,178,"1964-06-26","","In wet ditch adjacent to roadside.",NA,"Douglas","Superior. 1 miles S of Superior on State Hwy 35",46.67568,-92.10339,NA,4506,"46.675680 N"," 92.103390 W","Georeferencing Quick Reference Guide 2012-10-02","Geolocate","",NA,"","June","Brashier; Romans","Brashier"
"SUWS011862","Equisetopsida","Saxifragales","Saxifragaceae","Heuchera richardsonii",3844,"R.Br.","Heuchera","richardsonii","","","","","Brashier","109c","1964-06-20",1964,6,20,172,"1964-06-20","","Wet roadside.",NA,"Douglas","Superior. 1 mile S of Superior on Hwy 35",46.67568,-92.10339,NA,4506,"46.675680 N"," 92.103390 W","Georeferencing Quick Reference Guide 2012-10-02","Geolocate","",NA,"","June","Brashier; Romans","Brashier"
"SUWS011867","Equisetopsida","Saxifragales","Saxifragaceae","Mitella diphylla",4267,"L.","Mitella","diphylla","","","","","Brashier","s.n.","1965-05-22",1965,5,22,142,"1965-05-22","","River bottom, clay soil, collected 1 month after area was flooded.",NA,"Douglas","Superior. 3 miles S of Superior on Hwy 35 on Ralph Law property, Nemadji River",46.65497,-92.10442,NA,4161,"46.654970 N"," 92.104420 W","Georeferencing Quick Reference Guide 2012-10-02","Geolocate","",NA,"","May","Brashier; Romans","Brashier"
"SUWS011868","Equisetopsida","Saxifragales","Saxifragaceae","Mitella diphylla",4267,"L.","Mitella","diphylla","","","","","Brashier","82b","1964-06-12",1964,6,12,164,"1964-06-12","","Deep, low, damp woods.",NA,"Manitowoc","Near Kashbaum Lake, on State Hwy 42, S of the jct. with U.S. Hwy 151",44.05936,-87.73621,NA,200,"44.059360 N"," 87.736210 W","Georeferencing Quick Reference Guide 2012-10-02","Geolocate","",NA,"","June","Brashier; Romans","Brashier"
"SUWS011870","Equisetopsida","Saxifragales","Saxifragaceae","Mitella nuda",4268,"L.","Mitella","nuda","","","","","Brashier","s.n.","1965-06-07",1965,6,7,158,"1965-06-07","","Rich woods; soil damp.",NA,"Douglas","Foxboro. 3 miles N of CTH B on Pelkey Rd. near Foxboro",46.49696,-92.25905,NA,886,"46.496960 N"," 92.259050 W","Georeferencing Quick Reference Guide 2012-10-02","Geolocate","",NA,"","June","Brashier; Romans","Brashier"
"SUWS011871","Equisetopsida","Saxifragales","Saxifragaceae","Mitella nuda",4268,"L.","Mitella","nuda","","","","","Brashier","s.n.","1965-06-10",1965,6,10,161,"1965-06-10","","On forest floor; very shaded and damp, rich soil; in virgin hemlock forest.",NA,"Bayfield","N end of Lake Owen",46.26801,-91.25852,NA,6777,"46.268010 N"," 91.258520 W","Georeferencing Quick Reference Guide 2012-10-02","Geolocate","",NA,"","June","Brashier; Romans","Brashier"
"SUWS011881","Equisetopsida","Saxifragales","Saxifragaceae","Saxifraga pensylvanica",13144,"L.","Saxifraga","pensylvanica","","","","","Brashier","s.n.","1965-06-07",1965,6,7,158,"1965-06-07","","In wet poplar-alder woods.",NA,"Douglas","Superior. 5 miles S of Superior on Hwy 35",46.63637,-92.10374,NA,4228,"46.636370 N"," 92.103740 W","Georeferencing Quick Reference Guide 2012-10-02","Geolocate","",NA,"","June","Brashier; Romans","Brashier"
"SUWS011884","Equisetopsida","Saxifragales","Saxifragaceae","Saxifraga pensylvanica",13144,"L.","Saxifraga","pensylvanica","","","","","Castle, R.","93-104","1993-05-13",1993,5,13,133,"1993-05-13","","Rich soil.",NA,"Douglas","Brule. Near Brule at Hwy 2 rest stop",46.553,-91.57658,NA,4284,"46.553000 N"," 91.576580 W","Georeferencing Quick Reference Guide 2012-10-02","Geolocate","",NA,"","May","Castle, R.","Castle, R."
"SUWS011887","Equisetopsida","Saxifragales","Saxifragaceae","Saxifraga pensylvanica",13144,"L.","Saxifraga","pensylvanica","","","","","Brashier","204a","1964-06-17",1964,6,17,169,"1964-06-17","","Along roadside, wet.",NA,"Douglas","Superior. 1 mile S of Superior on Hwy 35",46.67568,-92.10339,NA,4506,"46.675680 N"," 92.103390 W","Georeferencing Quick Reference Guide 2012-10-02","Geolocate","",NA,"","June","Brashier","Brashier"
"SUWS011898","Equisetopsida","Rosales","Rosaceae","Amelanchier",364,"Medik.","Amelanchier","","","","","","Brashier","s.n.","1965-06-07",1965,6,7,158,"1965-06-07","","Poplar-alder woods; damp. [Labeled as A. laevis x A. sanguinea]",NA,"Douglas","Superior. 5 miles S of Superior on Hwy 35",46.63637,-92.10374,NA,4228,"46.636370 N"," 92.103740 W","Georeferencing Quick Reference Guide 2012-10-02","Geolocate","",NA,"","June","Brashier; Romans","Brashier"
"SUWS011899","Equisetopsida","Rosales","Rosaceae","Amelanchier",364,"Medik.","Amelanchier","","","","","","Brashier","s.n.","1965-06-07",1965,6,7,158,"1965-06-07","","Poplar-alder woods; damp. [Labeled as A. laevis x A. sanguinea]",NA,"Douglas","Superior. 5 miles S of Superior on Hwy 35",46.63637,-92.10374,NA,4228,"46.636370 N"," 92.103740 W","Georeferencing Quick Reference Guide 2012-10-02","Geolocate","",NA,"","June","Brashier; Romans","Brashier"
"SUWS011900","Equisetopsida","Rosales","Rosaceae","Amelanchier",364,"Medik.","Amelanchier","","","","","","Brashier","s.n.","1965-05-20",1965,5,20,140,"1965-05-20","","Cut over area; second growth trees and shrubs. [Labeled as A. laevis x A. sanguinea]",NA,"Douglas","Patzau. 0.5 mile W of State Hwy 35 on CTH BB on the James Romans property [ca. 2mi E of Patzau]",46.48986,-92.18414,NA,1517,"46.489860 N"," 92.184140 W","Georeferencing Quick Reference Guide 2012-10-02","Geolocate","",NA,"","May","Brashier; Romans","Brashier"
"SUWS011903","Equisetopsida","Rosales","Rosaceae","Amelanchier bartramiana",2507,"(Tausch) M.Roem.","Amelanchier","bartramiana","","","","","Brashier","PL-188","1964-07-23",1964,7,23,205,"1964-07-23","","",NA,"Bayfield","Pigeon Lake Field Station",46.34228,-91.34901,NA,2257,"46.342280 N"," 91.349010 W","Georeferencing Quick Reference Guide 2012-10-02","Geolocate","",NA,"","July","Brashier; Walvoord","Brashier"
"SUWS011918","Equisetopsida","Rosales","Rosaceae","Fragaria virginiana",3645,"Duchesne","Fragaria","virginiana","","","","","Cornell","s.n.","1966-07-02",1966,7,2,183,"1966-07-02","","Soil sandy and firm, cover dense grasses and herbs, surrounding area heavy woods.",NA,"Bayfield","Drummond. NE of Drummond at the jct of Rd. 402 and Hwy 63",46.34389,-91.21338,NA,691,"46.343890 N"," 91.213380 W","Georeferencing Quick Reference Guide 2012-10-02","Geolocate","",NA,"","July","Cornell; Brashier","Other Collectors"
"SUWS011920","Equisetopsida","Rosales","Rosaceae","Fragaria virginiana",3645,"Duchesne","Fragaria","virginiana","","","","","Romans","147a","1964-06-01",1964,6,1,153,"1964-06-01","","Sandy-loam hillside.",NA,"Douglas","Patzau. 0.5 mile W of State Hwy 35 on CTH BB on the James Romans farm [ca. 2mi E of Patzau]",46.48986,-92.18414,NA,1517,"46.489860 N"," 92.184140 W","Georeferencing Quick Reference Guide 2012-10-02","Geolocate","",NA,"","June","Romans; Brashier","Romans"
"SUWS011921","Equisetopsida","Rosales","Rosaceae","Fragaria virginiana",3645,"Duchesne","Fragaria","virginiana","","","","","Brashier","PL-80","1964-07-05",1964,7,5,187,"1964-07-05","","Open field.",NA,"Bayfield","Pigeon Lake Field Station",46.34228,-91.34901,NA,2257,"46.342280 N"," 91.349010 W","Georeferencing Quick Reference Guide 2012-10-02","Geolocate","",NA,"","July","Brashier; Thoren","Brashier"
"SUWS011922","Equisetopsida","Rosales","Rosaceae","Fragaria virginiana",3645,"Duchesne","Fragaria","virginiana","","","","","Brashier","PL-79","1964-07-10",1964,7,10,192,"1964-07-10","","Along trail.",NA,"Bayfield","Pigeon Lake Field Station. Along nature trail",46.34228,-91.34901,NA,2257,"46.342280 N"," 91.349010 W","Georeferencing Quick Reference Guide 2012-10-02","Geolocate","",NA,"","July","Brashier; Cherf","Brashier"
"SUWS011923","Equisetopsida","Rosales","Rosaceae","Fragaria vesca subsp. americana",6672,"(Porter) Staudt","Fragaria","vesca","americana","subsp.","Cochrane, Theodore S.","Apr 2002","Brashier","10a","1964-06-02",1964,6,2,154,"1964-06-02","","Shady, moist area at base of hillside in river bottom area.",NA,"St. Croix","Somerset. Park within city limits, bank of river [Probably Apple River]",45.12547,-92.67195,NA,1500,"45.125470 N"," 92.671950 W","Georeferencing Quick Reference Guide 2012-10-02","Geolocate","",NA,"","June","Brashier; Romans","Brashier"
"SUWS011938","Equisetopsida","Rosales","Rosaceae","Potentilla argentea",4644,"L.","Potentilla","argentea","","","Cochrane, Theodore S.","Jan 1971","Brashier","70a","1964-06-03",1964,6,3,155,"1964-06-03","","Sandy, dry open railroad embankment.",NA,"Juneau","Wonewoc. 1 miile N of Wonewoc on State Hwy 82, E of roadside park",43.65275,-90.22346,NA,1056,"43.652750 N"," 90.223460 W","Georeferencing Quick Reference Guide 2012-10-02","Geolocate","",NA,"","June","Brashier; Romans","Brashier"
"SUWS011939","Equisetopsida","Rosales","Rosaceae","Potentilla argentea",4644,"L.","Potentilla","argentea","","","Cochrane, Theodore S.","Jan 1971","Brashier","70b","1964-06-03",1964,6,3,155,"1964-06-03","","Sandy, dry open railroad embankment.",NA,"Juneau","Wonewoc. 1 miile N of Wonewoc on State Hwy 82, E of roadside park",43.65275,-90.22346,NA,1056,"43.652750 N"," 90.223460 W","Georeferencing Quick Reference Guide 2012-10-02","Geolocate","",NA,"","June","Brashier; Romans","Brashier"
"SUWS011940","Equisetopsida","Rosales","Rosaceae","Potentilla argentea",4644,"L.","Potentilla","argentea","","","Cochrane, Theodore S.","Jan 1971","Holden","s.n.","1966-07-26",1966,7,26,207,"1966-07-26","","Sandy beach - sparsely grassy and woody.",NA,"Bayfield","N side of Pigeon Lake",46.34228,-91.34901,NA,2257,"46.342280 N"," 91.349010 W","Georeferencing Quick Reference Guide 2012-10-02","Geolocate","",NA,"","July","Holden; Brashier","Other Collectors"
"SUWS011941","Equisetopsida","Rosales","Rosaceae","Potentilla argentea",4644,"L.","Potentilla","argentea","","","Cochrane, Theodore S.","Jan 1971","Cornell","s.n.","1966-07-02",1966,7,2,183,"1966-07-02","","Soil sandy and loose, ground cover sparse - contains much sawdust.",NA,"Bayfield","Drummond. NE factory district of Drummond",46.33689,-91.25797,NA,4497,"46.336890 N"," 91.257970 W","Georeferencing Quick Reference Guide 2012-10-02","Geolocate","",NA,"","July","Cornell; Brashier","Other Collectors"
"SUWS011942","Equisetopsida","Rosales","Rosaceae","Potentilla argentea",4644,"L.","Potentilla","argentea","","","Cochrane, Theodore S.","Jan 1971","Brashier","s.n.","1965-06-08",1965,6,8,159,"1965-06-08","","Sandy roadside.",NA,"Douglas","Gordon. 0.5 mile N of Gordon on Hwy 53",46.25413,-91.79852,NA,977,"46.254130 N"," 91.798520 W","Georeferencing Quick Reference Guide 2012-10-02","Geolocate","",NA,"","June","Brashier; Romans","Brashier"
"SUWS011945","Equisetopsida","Rosales","Rosaceae","Potentilla argentea",4644,"L.","Potentilla","argentea","","","Cochrane, Theodore S.","Jan 1971","Thomson, John W., Jr.","s.n.","1942-06-13",1942,6,13,164,"1942-06-13","","",NA,"Barron","Chetek. 1 mile N of Chetek",45.32861,-91.651,NA,2880,"45.328610 N"," 91.651000 W","Georeferencing Quick Reference Guide 2012-10-02","Geolocate","",NA,"","June","Thomson, John W., Jr.","Thomson, John W., Jr."
"SUWS011947","Equisetopsida","Rosales","Rosaceae","Argentina anserina",13238,"(L.) Rydb.","Argentina","anserina","","","Cochrane, Theodore S.","Jan 1971","Collins","s.n.","1966-07-07",1966,7,7,188,"1966-07-07","","Roadside.",NA,"Bayfield","Pigeon Lake Forest Trail",46.34228,-91.34901,NA,2257,"46.342280 N"," 91.349010 W","Georeferencing Quick Reference Guide 2012-10-02","Geolocate","",NA,"","July","Collins; Brashier","Other Collectors"
"SUWS011948","Equisetopsida","Rosales","Rosaceae","Argentina anserina",13238,"(L.) Rydb.","Argentina","anserina","","","Cochrane, Theodore S.","Jan 1971","Holden","s.n.","1966-07-21",1966,7,21,202,"1966-07-21","","Sandy beach, sparsely grassy - wooded further back.",NA,"Bayfield","N shore of Pigeon Lake 1 mile W of field station",46.34228,-91.34901,NA,2257,"46.342280 N"," 91.349010 W","Georeferencing Quick Reference Guide 2012-10-02","Geolocate","",NA,"","July","Holden; Brashier","Other Collectors"
"SUWS011949","Equisetopsida","Rosales","Rosaceae","Argentina anserina",13238,"(L.) Rydb.","Argentina","anserina","","","","","Hjerleid","s.n.","1966-07-09",1966,7,9,190,"1966-07-09","","Sandy shoreline.",NA,"Bayfield","SE shore of Pigeon Lake",46.34228,-91.34901,NA,2257,"46.342280 N"," 91.349010 W","Georeferencing Quick Reference Guide 2012-10-02","Geolocate","",NA,"","July","Hjerleid; Brashier","Other Collectors"
"SUWS011950","Equisetopsida","Rosales","Rosaceae","Argentina anserina",13238,"(L.) Rydb.","Argentina","anserina","","","Cochrane, Theodore S.","Jan 1971","Brashier","68c","1964-06-04",1964,6,4,156,"1964-06-04","","Sandy shores of lake.",NA,"Manitowoc","Two Rivers. Near Lake Michigan",44.10992,-87.63865,NA,25000,"44.109920 N"," 87.638650 W","Georeferencing Quick Reference Guide 2012-10-02","Geolocate","",NA,"","June","Brashier; Romans","Brashier"
"SUWS011951","Equisetopsida","Rosales","Rosaceae","Argentina anserina",13238,"(L.) Rydb.","Argentina","anserina","","","Cochrane, Theodore S.","Jan 1971","Brashier","PL-23","1964-07-06",1964,7,6,188,"1964-07-06","","Shore of lake.",NA,"Bayfield","Pigeon Lake Field Station",46.34228,-91.34901,NA,2257,"46.342280 N"," 91.349010 W","Georeferencing Quick Reference Guide 2012-10-02","Geolocate","",NA,"","July","Brashier; Grage","Brashier"
"SUWS011956","Equisetopsida","Rosales","Rosaceae","Potentilla norvegica",4649,"L.","Potentilla","norvegica","","","Cochrane, Theodore S.","Jan 1971","Brashier","120","1964-08-18",1964,8,18,231,"1964-08-18","","Very dry, sandy open area in gravel pit.",NA,"Douglas","Patzau. 1 mile E of Patzau on CTH BB in Patzau gravel pit",46.49133,-92.19972,NA,979,"46.491330 N"," 92.199720 W","Georeferencing Quick Reference Guide 2012-10-02","Geolocate","",NA,"","August","Brashier; Collins","Brashier"
"SUWS011957","Equisetopsida","Rosales","Rosaceae","Potentilla norvegica",4649,"L.","Potentilla","norvegica","","","Cochrane, Theodore S.","Jan 1971","Brashier","s.n.","1965-06-08",1965,6,8,159,"1965-06-08","","Near lake shore.",NA,"Douglas","Solon Springs. Solon Springs Wildlife Sanctuary, by the conservation buildings",46.35327,-91.82241,NA,4012,"46.353270 N"," 91.822410 W","Georeferencing Quick Reference Guide 2012-10-02","Geolocate","",NA,"","June","Brashier; Romans","Brashier"
"SUWS011958","Equisetopsida","Rosales","Rosaceae","Potentilla norvegica",4649,"L.","Potentilla","norvegica","","","Cochrane, Theodore S.","Jan 1971","Brashier","218a","1964-06-24",1964,6,24,176,"1964-06-24","","Sandy hillside sloping to water.",NA,"Bayfield","Pigeon Lake Biology Field Station near the beach of Pigeon Lake",46.34228,-91.34901,NA,2257,"46.342280 N"," 91.349010 W","Georeferencing Quick Reference Guide 2012-10-02","Geolocate","",NA,"","June","Brashier; Romans","Brashier"
"SUWS011960","Equisetopsida","Rosales","Rosaceae","Potentilla norvegica",4649,"L.","Potentilla","norvegica","","","Cochrane, Theodore S.","Jan 1971","Holden","s.n.","1966-07-05",1966,7,5,186,"1966-07-05","","Sandy beach, grassy, wooded further back.",NA,"Bayfield","N shore of Pigeon Lake, 1 mile E of old boat dock",46.34228,-91.34901,NA,2257,"46.342280 N"," 91.349010 W","Georeferencing Quick Reference Guide 2012-10-02","Geolocate","",NA,"","July","Holden; Brashier","Other Collectors"
"SUWS011961","Equisetopsida","Rosales","Rosaceae","Potentilla norvegica",4649,"L.","Potentilla","norvegica","","","Cochrane, Theodore S.","Jan 1971","Cornell","s.n.","1966-07-03",1966,7,3,184,"1966-07-03","","Soil sandy and loose, cover low grasses and herbs, surrounding area dense woods.",NA,"Bayfield","1.8 miles from Pigeon Lake Camp on Rd. 222, Long View Rd.",46.31502,-91.32317,NA,2241,"46.315020 N"," 91.323170 W","Georeferencing Quick Reference Guide 2012-10-02","Geolocate","",NA,"","July","Cornell; Brashier","Other Collectors"
"SUWS011962","Equisetopsida","Rosales","Rosaceae","Potentilla norvegica",4649,"L.","Potentilla","norvegica","","","Cochrane, Theodore S.","Jan 1971","Thoren","s.n.","1964-07-24",1964,7,24,206,"1964-07-24","","Mixed forest.",NA,"Bayfield","Pigeon Lake Field Station",46.34228,-91.34901,NA,2257,"46.342280 N"," 91.349010 W","Georeferencing Quick Reference Guide 2012-10-02","Geolocate","",NA,"","July","Thoren; Brashier","Other Collectors"
"SUWS011963","Equisetopsida","Rosales","Rosaceae","Potentilla norvegica",4649,"L.","Potentilla","norvegica","","","Cochrane, Theodore S.","Jan 1971","Brashier","PL-24","1964-07-01",1964,7,1,183,"1964-07-01","","",NA,"Bayfield","Pigeon Lake Field Station",46.34228,-91.34901,NA,2257,"46.342280 N"," 91.349010 W","Georeferencing Quick Reference Guide 2012-10-02","Geolocate","",NA,"","July","Brashier; Parrish","Brashier"
"SUWS011969","Equisetopsida","Rosales","Rosaceae","Comarum palustre",3181,"L.","Comarum","palustre","","","Cochrane, Theodore S.","Feb-72","Holden","s.n.","1966-07-03",1966,7,3,184,"1966-07-03","","Unstable bog between lake and woods.",NA,"Bayfield","S of Lake Drummond",46.29563,-91.25934,NA,4707,"46.295630 N"," 91.259340 W","Georeferencing Quick Reference Guide 2012-10-02","Geolocate","",NA,"","July","Holden; Brashier","Other Collectors"
"SUWS011970","Equisetopsida","Rosales","Rosaceae","Comarum palustre",3181,"L.","Comarum","palustre","","","Cochrane, Theodore S.","Feb-72","Cornell","s.n.","1966-07-05",1966,7,5,186,"1966-07-05","","Low marshy area.",NA,"Bayfield","Drummond. 2.3 miles E of Drummond on Rd. 213",46.30381,-91.22587,NA,2112,"46.303810 N"," 91.225870 W","Georeferencing Quick Reference Guide 2012-10-02","Geolocate","",NA,"","July","Cornell; Brashier","Other Collectors"
"SUWS011973","Equisetopsida","Rosales","Rosaceae","Comarum palustre",3181,"L.","Comarum","palustre","","","Cochrane, Theodore S.","Feb-72","Brashier","235a","1964-07-09",1964,7,9,191,"1964-07-09","","Very wet bog.",NA,"Bayfield","Across from Lake Drummond",46.34353,-91.26174,NA,3707,"46.343530 N"," 91.261740 W","Georeferencing Quick Reference Guide 2012-10-02","Geolocate","",NA,"","July","Brashier; Romans","Brashier"
"SUWS011975","Equisetopsida","Rosales","Rosaceae","Potentilla recta",4650,"L.","Potentilla","recta","","","Cochrane, Theodore S.","Jan 1971","Cornell","s.n.","1966-07-04",1966,7,4,185,"1966-07-04","","Soil loose, glacial till, cover low grasses and herbs.",NA,"Bayfield","7 miles S of Drummond on U.S. Hwy 63 [W of Price Lake]",46.23555,-91.25797,NA,1791,"46.235550 N"," 91.257970 W","Georeferencing Quick Reference Guide 2012-10-02","Geolocate","",NA,"","July","Cornell; Brashier","Other Collectors"
"SUWS011977","Equisetopsida","Rosales","Rosaceae","Potentilla recta",4650,"L.","Potentilla","recta","","","","","Castle, R.","93-311","1993-07-08",1993,7,8,189,"1993-07-08","","Roadside. Erect hair stems, leaflets narrow 5-7.",NA,"Burnett","Siren. 7 miles N of Hwy 48 on Hwy 35 [S of Siren]",45.74213,-92.38309,NA,700,"45.742130 N"," 92.383090 W","Georeferencing Quick Reference Guide 2012-10-02","Geolocate","",NA,"","July","Castle, R.","Castle, R."
"SUWS011978","Equisetopsida","Rosales","Rosaceae","Potentilla recta",4650,"L.","Potentilla","recta","","","","","McGovern, Scott","92/17","1992-09-18",1992,9,18,262,"1992-09-18","","Direct sun in sandy soil near roadside. Yellow flowers, palmate leaves that are serrated.",NA,"Douglas","Superior",46.68122,-92.06631,NA,12939,"46.681220 N"," 92.066310 W","Georeferencing Quick Reference Guide 2012-10-02","Geolocate","",NA,"","September","McGovern, Scott","Other Collectors"
"SUWS011979","Equisetopsida","Rosales","Rosaceae","Sibbaldiopsis tridentata",5038,"(Aiton) Rydb.","Sibbaldiopsis","tridentata","","","Cochrane, Theodore S.","Jan 1971","Barnard","s.n.","1966-07-22",1966,7,22,203,"1966-07-22","","Sandy.",NA,"Eau Claire","Eau Claire. Midway Shopping Center",44.72812,-91.28547,NA,32588,"44.728120 N"," 91.285470 W","Georeferencing Quick Reference Guide 2012-10-02","Geolocate","",NA,"","July","Barnard; Brashier","Other Collectors"
"SUWS011985","Equisetopsida","Rosales","Rosaceae","Sibbaldiopsis tridentata",5038,"(Aiton) Rydb.","Sibbaldiopsis","tridentata","","","Cochrane, Theodore S.","Jan 1971","Holden","s.n.","1966-07-21",1966,7,21,202,"1966-07-21","","Roadside, dry gravel, edge of woods.",NA,"Bayfield","Cty. Hwy 228 0.5 mile N of Pigeon Lake",46.34952,-91.34901,NA,2257,"46.349520 N"," 91.349010 W","Georeferencing Quick Reference Guide 2012-10-02","Geolocate","",NA,"","July","Holden; Brashier","Other Collectors"
"SUWS011993","Equisetopsida","Rosales","Rosaceae","Potentilla simplex",4652,"Michx.","Potentilla","simplex","","","Cochrane, Theodore S.","Jan 1971","Cherf","s.n.","1964-07-20",1964,7,20,202,"1964-07-20","","Near sandy lakeshore.",NA,"Bayfield","Pigeon Lake Field Station",46.34228,-91.34901,NA,2257,"46.342280 N"," 91.349010 W","Georeferencing Quick Reference Guide 2012-10-02","Geolocate","",NA,"","July","Cherf; Brashier","Other Collectors"
"SUWS011994","Equisetopsida","Rosales","Rosaceae","Potentilla simplex",4652,"Michx.","Potentilla","simplex","","","Cochrane, Theodore S.","Jan 1971","Brashier","154c","1964-06-01",1964,6,1,153,"1964-06-01","","Dry, sandy, open roadside area.",NA,"Burnett","Danbury. 3 miles S of Danbury, near jct. of old 35 Rd and Wisconsin State Hwy 35",45.96741,-92.36349,NA,150,"45.967410 N"," 92.363490 W","Georeferencing Quick Reference Guide 2012-10-02","Geolocate","",NA,"","June","Brashier; Romans","Brashier"
"SUWS011996","Equisetopsida","Rosales","Rosaceae","Potentilla simplex",4652,"Michx.","Potentilla","simplex","","","Cochrane, Theodore S.","1971","Thomson, John W., Jr.","s.n.","1942-06-21",1942,6,21,172,"1942-06-21","","",NA,"Juneau","New Lisbon. S of New Lisbon",43.83854,-90.16609,NA,4802,"43.838540 N"," 90.166090 W","Georeferencing Quick Reference Guide 2012-10-02","Geolocate","",NA,"","June","Thomson, John W., Jr.","Thomson, John W., Jr."
"SUWS012000","Equisetopsida","Rosales","Rosaceae","Prunus nigra",4689,"Aiton","Prunus","nigra","","","Cochrane, Theodore S.","IV/2002","Castle, R.","93-108","1993-05-13",1993,5,13,133,"1993-05-13","","Clay soils, creek bank.",NA,"Douglas","Maple. 3 miles N of Maple on CTH H",46.63309,-91.72074,NA,1083,"46.633090 N"," 91.720740 W","Georeferencing Quick Reference Guide 2012-10-02","Geolocate","",NA,"","May","Castle, R.","Castle, R."
"SUWS012007","Equisetopsida","Rosales","Rosaceae","Prunus pensylvanica",4690,"L.f.","Prunus","pensylvanica","","","Cochrane, Theodore S.","Mar 1972","Brashier","PL-195","1964-07-23",1964,7,23,205,"1964-07-23","","",NA,"Bayfield","Pigeon Lake Field Station",46.34228,-91.34901,NA,2257,"46.342280 N"," 91.349010 W","Georeferencing Quick Reference Guide 2012-10-02","Geolocate","",NA,"","July","Brashier; Walvoord","Brashier"
"SUWS012008","Equisetopsida","Rosales","Rosaceae","Prunus pensylvanica",4690,"L.f.","Prunus","pensylvanica","","","","","Castle, R.","93-116","1993-05-13",1993,5,13,133,"1993-05-13","","Upland sandy soils. 5 petals per bloom, tree to 20 feet",NA,"Douglas","Lake Nebagamon. N of Lake Nebagamon on CTH H, 4 miles N",46.57285,-91.69991,NA,3251,"46.572850 N"," 91.699910 W","Georeferencing Quick Reference Guide 2012-10-02","Geolocate","",NA,"","May","Castle, R.","Castle, R."
"SUWS012009","Equisetopsida","Rosales","Rosaceae","Prunus pensylvanica",4690,"L.f.","Prunus","pensylvanica","","","","","Koch, Rudy G.","10193","1976-06-06",1976,6,6,158,"1976-06-06","","3.5 meter high streamside, shaded woods.",NA,"Bayfield","Port Wing. Park on W side of Port Wing",46.77466,-91.38657,NA,3036,"46.774660 N"," 91.386570 W","Georeferencing Quick Reference Guide 2012-10-02","Geolocate","",NA,"","June","Koch, Rudy G.","Koch, Rudy G."
"SUWS012012","Equisetopsida","Rosales","Rosaceae","Prunus pensylvanica",4690,"L.f.","Prunus","pensylvanica","","","Cochrane, Theodore S.","Mar 1972","Brashier","PL-196","1964-07-25",1964,7,25,207,"1964-07-25","","",NA,"Bayfield","Pigeon Lake Field Station",46.34228,-91.34901,NA,2257,"46.342280 N"," 91.349010 W","Georeferencing Quick Reference Guide 2012-10-02","Geolocate","",NA,"","July","Brashier; Gall","Brashier"
"SUWS012013","Equisetopsida","Rosales","Rosaceae","Prunus pensylvanica",4690,"L.f.","Prunus","pensylvanica","","","Cochrane, Theodore S.","Mar 1972","Brashier","PL-197","1964-07-23",1964,7,23,205,"1964-07-23","","",NA,"Bayfield","Pigeon Lake Field Station",46.34228,-91.34901,NA,2257,"46.342280 N"," 91.349010 W","Georeferencing Quick Reference Guide 2012-10-02","Geolocate","",NA,"","July","Brashier; Janowski","Brashier"
"SUWS012014","Equisetopsida","Rosales","Rosaceae","Prunus pensylvanica",4690,"L.f.","Prunus","pensylvanica","","","Cochrane, Theodore S.","Mar 1972","Brashier","s.n.","1965-06-07",1965,6,7,158,"1965-06-07","","Very sandy area in gravel pit.",NA,"Douglas","Foxboro. Bethlehem Lutheran Church gravel pit",46.46411,-91.8994,NA,45399,"46.464110 N"," 91.899400 W","Georeferencing Quick Reference Guide 2012-10-02","Geolocate","",NA,"","June","Brashier; Romans","Brashier"
"SUWS012023","Equisetopsida","Rosales","Rosaceae","Prunus pumila",4691,"L.","Prunus","pumila","","","","","Koch, Rudy G.","10658","1978-05-24",1978,5,24,144,"1978-05-24","","Middle beach area, open.",NA,"Douglas","Superior. Wisconsin Point, a sand spit forming the Superior Harbor.",46.69472,-91.99265,NA,2450,"46.694720 N"," 91.992650 W","Georeferencing Quick Reference Guide 2012-10-02","Geolocate","",NA,"","May","Koch, Rudy G.","Koch, Rudy G."
"SUWS012026","Equisetopsida","Rosales","Rosaceae","Prunus serotina var. serotina",13243,"Ehrh.","Prunus","serotina","serotina","var.","Cochrane, Theodore S.","Mar 1972","Brashier","64b","1964-06-05",1964,6,5,157,"1964-06-05","","Sandy loam soil in picnic area.",NA,"Marinette","Niagara. Ca. 5 miles S of Niagara [Labeled Oconto Co. But town is in Marinette], in roadside picnic area on east side of U.S. Hwy 141",45.69895,-87.99485,NA,3201,"45.698950 N"," 87.994850 W","Georeferencing Quick Reference Guide 2012-10-02","Geolocate","",NA,"","June","Brashier; Romans","Brashier"
"SUWS012027","Equisetopsida","Rosales","Rosaceae","Prunus serotina var. serotina",13243,"Ehrh.","Prunus","serotina","serotina","var.","Cochrane, Theodore S.","Mar 1972","Brashier","PL-192","1964-07-25",1964,7,25,207,"1964-07-25","","",NA,"Bayfield","Pigeon Lake Field Station",46.34228,-91.34901,NA,2257,"46.342280 N"," 91.349010 W","Georeferencing Quick Reference Guide 2012-10-02","Geolocate","",NA,"","July","Brashier; Gall","Brashier"
"SUWS012028","Equisetopsida","Rosales","Rosaceae","Prunus serotina var. serotina",13243,"Ehrh.","Prunus","serotina","serotina","var.","","","Castle, R.","93-118","1993-05-22",1993,5,22,142,"1993-05-22","","Along river. Immature flowers on dropping axis.",NA,"Douglas","Brule. Near DNR Brule Ranger Station",46.553,-91.57658,NA,25059,"46.553000 N"," 91.576580 W","Georeferencing Quick Reference Guide 2012-10-02","Geolocate","",NA,"","May","Castle, R.","Castle, R."
"SUWS012029","Equisetopsida","Rosales","Rosaceae","Prunus serotina var. serotina",13243,"Ehrh.","Prunus","serotina","serotina","var.","Cochrane, Theodore S.","Mar 1972","Brashier","PL-190","1964-07-20",1964,7,20,202,"1964-07-20","","",NA,"Bayfield","Pigeon Lake Field Station",46.34228,-91.34901,NA,2257,"46.342280 N"," 91.349010 W","Georeferencing Quick Reference Guide 2012-10-02","Geolocate","",NA,"","July","Brashier; Janowski","Brashier"
"SUWS012031","Equisetopsida","Rosales","Rosaceae","Prunus serotina var. serotina",13243,"Ehrh.","Prunus","serotina","serotina","var.","Cochrane, Theodore S.","Mar 1972","Brashier","PL-191","1964-07-23",1964,7,23,205,"1964-07-23","","",NA,"Bayfield","Pigeon Lake Field Station",46.34228,-91.34901,NA,2257,"46.342280 N"," 91.349010 W","Georeferencing Quick Reference Guide 2012-10-02","Geolocate","",NA,"","July","Brashier; Walvoord","Brashier"
"SUWS012032","Equisetopsida","Rosales","Rosaceae","Prunus virginiana var. virginiana",6816,"","Prunus","virginiana","virginiana","var.","Cochrane, Theodore S.","Mar 1972","Brashier","274a","1964-06-01",1964,6,1,153,"1964-06-01","","In woods adjacent to road in sandy soil. [Based upon other specimens by the collectors at this site, date is estimated 6/1/64]",NA,"Burnett","Danbury. 3 miles S of Danbury at jct. of Old 35 Rd and State Hwy 35 [The town is spelled incorrectly on the label]",45.96741,-92.36349,NA,150,"45.967410 N"," 92.363490 W","Georeferencing Quick Reference Guide 2012-10-02","Geolocate","",NA,"","June","Brashier; Romans","Brashier"
"SUWS012033","Equisetopsida","Rosales","Rosaceae","Prunus virginiana var. virginiana",6816,"","Prunus","virginiana","virginiana","var.","","","Hansen, Perky","92/28","1992-10-01",1992,10,1,275,"1992-10-01","","Leafy, piney humus, red pines and ferns nearby. 10-15 feet tall, smooth gray-brown bark.",NA,"Douglas","Superior",46.68122,-92.06631,NA,12939,"46.681220 N"," 92.066310 W","Georeferencing Quick Reference Guide 2012-10-02","Geolocate","",NA,"","October","Hansen, Perky","Other Collectors"
"SUWS012034","Equisetopsida","Rosales","Rosaceae","Prunus virginiana var. virginiana",6816,"","Prunus","virginiana","virginiana","var.","","","Munich, Robert A.","Oct-92","1992-10-01",1992,10,1,275,"1992-10-01","","Sandy soil, grasses surrounding the tree.",NA,"Douglas","Superior",46.68122,-92.06631,NA,12939,"46.681220 N"," 92.066310 W","Georeferencing Quick Reference Guide 2012-10-02","Geolocate","",NA,"","October","Munich, Robert A.","Other Collectors"
"SUWS012037","Equisetopsida","Rosales","Rosaceae","Prunus virginiana var. virginiana",6816,"","Prunus","virginiana","virginiana","var.","Cochrane, Theodore S.","Mar 1972","Brashier","PL-189b","1964-07-25",1964,7,25,207,"1964-07-25","","",NA,"Bayfield","Pigeon Lake Field Station",46.34228,-91.34901,NA,2257,"46.342280 N"," 91.349010 W","Georeferencing Quick Reference Guide 2012-10-02","Geolocate","",NA,"","July","Brashier; Gall","Brashier"
"SUWS012047","Equisetopsida","Rosales","Rosaceae","Rosa",1227,"L.","Rosa","","","","","","Thomson, John W., Jr.","5119","1942-07-18",1942,7,18,199,"1942-07-18","","",NA,"Douglas","Superior. On Sand Island in Superior Bay",46.73216,-92.0663,NA,5192,"46.732160 N"," 92.066300 W","Georeferencing Quick Reference Guide 2012-10-02","Geolocate","",NA,"","July","Thomson, John W., Jr.; Smith, C. W.","Thomson, John W., Jr."
"SUWS012055","Equisetopsida","Rosales","Rosaceae","Rosa blanda",4838,"Aiton","Rosa","blanda","","","","","Stackler, Susan","1500","1976-06-15",1976,6,15,167,"1976-06-15","","Open young popple woods, clay soil, with Aralia, Fragaria.",NA,"Douglas","Patzau. Ca. 1 mile N, 0.5 mile W of Patzau",46.50581,-92.23127,NA,1121,"46.505810 N"," 92.231270 W","Georeferencing Quick Reference Guide 2012-10-02","Geolocate","",NA,"","June","Stackler, Susan","Other Collectors"
"SUWS012058","Equisetopsida","Rosales","Rosaceae","Rosa carolina subsp. carolina",13272,"L.","Rosa","carolina","carolina","subsp.","","","Hjerleid","s.n.","1966-07-24",1966,7,24,205,"1966-07-24","","Roadside.",NA,"Bayfield","Drummond. S of Drummond 3 miles on Hwy 63",46.3011,-91.28063,NA,1346,"46.301100 N"," 91.280630 W","Georeferencing Quick Reference Guide 2012-10-02","Geolocate","",NA,"","July","Hjerleid; Brashier","Other Collectors"
"SUWS012059","Equisetopsida","Rosales","Rosaceae","Rosa carolina subsp. carolina",13272,"L.","Rosa","carolina","carolina","subsp.","","","Valaskey","s.n.","1964-07-12",1964,7,12,194,"1964-07-12","","Roadside area.",NA,"Bayfield","Cable",46.20801,-91.29213,NA,3036,"46.208010 N"," 91.292130 W","Georeferencing Quick Reference Guide 2012-10-02","Geolocate","",NA,"","July","Valaskey; Brashier","Other Collectors"
"SUWS012061","Equisetopsida","Rosales","Rosaceae","Rosa",1227,"L.","Rosa","","","","","","Clement, G. G.","s.n.","1939-07-07",1939,7,7,188,"1939-07-07","","Fields and thickets. [Specimen is identified as Rosa virginiana - either identified incorrectly or is found to be in WI]",NA,"Douglas","Superior",46.68122,-92.06631,NA,12939,"46.681220 N"," 92.066310 W","Georeferencing Quick Reference Guide 2012-10-02","Geolocate","",NA,"","July","Clement, G. G.","Other Collectors"
"SUWS012067","Equisetopsida","Rosales","Rosaceae","Rubus idaeus var. strigosus",13285,"(Michx.) Maxim.","Rubus","idaeus","strigosus","var.","","","Smetak, Scott","10","1994-09-13",1994,9,13,256,"1994-09-13","","Clay soil (red), growing everywhere. 4-5 feet tall, prickly stem.",NA,"Douglas","Superior. Superior Municipal Forest Hiking trails",46.67545,-92.14871,NA,2848,"46.675450 N"," 92.148710 W","Georeferencing Quick Reference Guide 2012-10-02","Geolocate","",NA,"","September","Smetak, Scott","Other Collectors"
"SUWS012070","Equisetopsida","Rosales","Rosaceae","Rubus idaeus var. strigosus",13285,"(Michx.) Maxim.","Rubus","idaeus","strigosus","var.","","","Anderson, Jason","22","1994-10-23",1994,10,23,296,"1994-10-23","","Grassy field edge.",NA,"Bayfield","Iron River. 1 mile N of Long Lake near Iron River",46.59648,-91.3437,NA,1513,"46.596480 N"," 91.343700 W","Georeferencing Quick Reference Guide 2012-10-02","Geolocate","",NA,"","October","Anderson, Jason","Other Collectors"
"SUWS012072","Equisetopsida","Rosales","Rosaceae","Rubus idaeus var. strigosus",13285,"(Michx.) Maxim.","Rubus","idaeus","strigosus","var.","","","Cherf","s.n.","1964-07-10",1964,7,10,192,"1964-07-10","","Along trail.",NA,"Bayfield","Pigeon Lake Field Station",46.34228,-91.34901,NA,2257,"46.342280 N"," 91.349010 W","Georeferencing Quick Reference Guide 2012-10-02","Geolocate","",NA,"","July","Cherf; Brashier","Other Collectors"
"SUWS012073","Equisetopsida","Rosales","Rosaceae","Rubus idaeus var. strigosus",13285,"(Michx.) Maxim.","Rubus","idaeus","strigosus","var.","","","Munich, Robert A.","03/92","1992-09-28",1992,9,28,272,"1992-09-28","","Grassy field, red-osier dogwood growing all around, humus damp. Prickly stem, green on top of leaf, white beneath, red stem.",NA,"Douglas","Superior. Superior Municipal Forest on Billings Drive near the Archery Range",46.68211,-92.15082,NA,2995,"46.682110 N"," 92.150820 W","Georeferencing Quick Reference Guide 2012-10-02","Geolocate","",NA,"","September","Munich, Robert A.","Other Collectors"
"SUWS012074","Equisetopsida","Rosales","Rosaceae","Rubus idaeus var. strigosus",13285,"(Michx.) Maxim.","Rubus","idaeus","strigosus","var.","","","Barnard","s.n.","1966-07-28",1966,7,28,209,"1966-07-28","","Sandy area.",NA,"Bayfield","Drummond",46.33689,-91.25797,NA,6377,"46.336890 N"," 91.257970 W","Georeferencing Quick Reference Guide 2012-10-02","Geolocate","",NA,"","July","Barnard; Brashier","Other Collectors"
"SUWS012076","Equisetopsida","Rosales","Rosaceae","Rubus occidentalis",4881,"L.","Rubus","occidentalis","","","","","Brashier","PL-83","1964-06-23",1964,6,23,175,"1964-06-23","","Open area.",NA,"Bayfield","Pigeon Lake Field Station",46.34228,-91.34901,NA,2257,"46.342280 N"," 91.349010 W","Georeferencing Quick Reference Guide 2012-10-02","Geolocate","",NA,"","June","Brashier; Gunderson","Brashier"
"SUWS012080","Equisetopsida","Rosales","Rosaceae","Rubus parviflorus",4884,"Nutt.","Rubus","parviflorus","","","","","Castle, R.","94-62","1994-06-25",1994,6,25,176,"1994-06-25","","Along trail.",NA,"Douglas","Maple. 0.25 mile S of Maple on CTH F",46.58604,-91.72074,NA,1337,"46.586040 N"," 91.720740 W","Georeferencing Quick Reference Guide 2012-10-02","Geolocate","",NA,"","June","Castle, R.","Castle, R."
"SUWS012082","Equisetopsida","Rosales","Rosaceae","Rubus parviflorus",4884,"Nutt.","Rubus","parviflorus","","","","","Brashier","39b","1964-06-06",1964,6,6,158,"1964-06-06","","Shady area bordering road.",NA,"Bayfield","Cornucopia. 1 block W of Cornucopia on Hwy 13",46.85382,-91.1276,NA,1867,"46.853820 N"," 91.127600 W","Georeferencing Quick Reference Guide 2012-10-02","Geolocate","",NA,"","June","Brashier; Romans","Brashier"
"SUWS012084","Equisetopsida","Rosales","Rosaceae","Rubus parviflorus",4884,"Nutt.","Rubus","parviflorus","","","","","Brashier","PL-84","1965-06-25",1965,6,25,176,"1965-06-25","","Along trail.",NA,"Bayfield","Pigeon Lake Field Station",46.34228,-91.34901,NA,2257,"46.342280 N"," 91.349010 W","Georeferencing Quick Reference Guide 2012-10-02","Geolocate","",NA,"","June","Brashier; Gall","Brashier"
"SUWS012089","Equisetopsida","Rosales","Rosaceae","Rubus pubescens",4887,"Raf.","Rubus","pubescens","","","","","Brashier","198a","1964-06-20",1964,6,20,172,"1964-06-20","","In rich woods, shade.",NA,"Douglas","Superior. 3 miles S of Superior on State Hwy 35 on the Ralph Law property",46.65497,-92.10442,NA,4161,"46.654970 N"," 92.104420 W","Georeferencing Quick Reference Guide 2012-10-02","Geolocate","",NA,"","June","Brashier; Romans","Brashier"
"SUWS012091","Equisetopsida","Rosales","Rosaceae","Rubus pubescens",4887,"Raf.","Rubus","pubescens","","","","","Barnard","s.n.","1966-06-28",1966,6,28,179,"1966-06-28","","Sandy area.",NA,"Bayfield","Pigeon Lake",46.34228,-91.34901,NA,2257,"46.342280 N"," 91.349010 W","Georeferencing Quick Reference Guide 2012-10-02","Geolocate","",NA,"","June","Barnard; Brashier","Other Collectors"
"SUWS012094","Equisetopsida","Rosales","Rosaceae","Sorbaria sorbifolia",5107,"(L.) A.Braun","Sorbaria","sorbifolia","","","","","Castle, R.","94-81","1994-07-01",1994,7,1,182,"1994-07-01","White flowers in panicles, doubly serrate leaves.","Sloping clay soils.",NA,"Douglas","Superior; Barkers Island",46.718,-92.05575,NA,844,"46.718000 N"," 92.055750 W","Georeferencing Quick Reference Guide 2012-10-02","Geolocate","",NA,"","July","Castle, R.","Castle, R."
"SUWS012109","Equisetopsida","Rosales","Rosaceae","Spiraea alba var. alba",6888,"","Spiraea","alba","alba","var.","Cochrane, Theodore S.","5/1972","Sima, Bessie R.","s.n.","1944-08-13",1944,8,13,226,"1944-08-13","","",NA,"Douglas","Superior",46.68122,-92.06631,NA,12939,"46.681220 N"," 92.066310 W","Georeferencing Quick Reference Guide 2012-10-02","Geolocate","",NA,"","August","Sima, Bessie R.","Other Collectors"
"SUWS012111","Equisetopsida","Rosales","Rosaceae","Spiraea alba var. alba",6888,"","Spiraea","alba","alba","var.","Cochrane, Theodore S.","5/1972","Hjerleid","s.n.","1966-07-23",1966,7,23,204,"1966-07-23","","Roadside drainage area.",NA,"Bayfield","NW side of Pigeon Lake",46.34228,-91.34901,NA,2257,"46.342280 N"," 91.349010 W","Georeferencing Quick Reference Guide 2012-10-02","Geolocate","",NA,"","July","Hjerleid; Brashier","Other Collectors"
"SUWS012115","Equisetopsida","Rosales","Rosaceae","Spiraea tomentosa var. rosea",6889,"(Raf.) Fernald","Spiraea","tomentosa","rosea","var.","Cochrane, Theodore S.","5/1972","Brashier","173e","1964-08-04",1964,8,4,217,"1964-08-04","","Very wet area around perimeter of loating bog. [TSC Determination is not labeled, but same handwriting and stamp of 'Mapped 1972 Flora of WI' as other specimens determined by TSC]",NA,"Burnett","Danbury. 5 miles S of Danbury on State Hwy 35",45.93422,-92.36169,NA,NA,"45.934220 N"," 92.361690 W","Georeferencing Quick Reference Guide 2012-10-02","Geolocate","",NA,"","August","Brashier; Romans","Brashier"
"SUWS012118","Equisetopsida","Rosales","Rosaceae","Waldsteinia fragarioides subsp. fragarioides",13053,"(Michx.) Smedmark","Waldsteinia","fragarioides","fragarioides","subsp.","","","Castle, R.","93-121","1993-05-25",1993,5,25,145,"1993-05-25","","Sandy soils with jack pine. Yellow flowers, plants in clusters.",NA,"Douglas","Brule. SE of Brule near Rush Lake",46.48917,-91.55495,NA,1000,"46.489170 N"," 91.554950 W","Georeferencing Quick Reference Guide 2012-10-02","Geolocate","",NA,"","May","Castle, R.","Castle, R."
"SUWS012130","Equisetopsida","Fabales","Fabaceae","Amorpha fruticosa",2515,"L.","Amorpha","fruticosa","","","","","Brashier","2a","1964-06-03",1964,6,3,155,"1964-06-03","","Sandy roadside area along river.",NA,"Buffalo","Alma. 0.5 mile S of Alma on State Hwy 35, E bank of Mississippi River",44.31315,-91.91094,NA,150,"44.313150 N"," 91.910940 W","Georeferencing Quick Reference Guide 2012-10-02","Geolocate","",NA,"","June","Brashier; Romans","Brashier"
"SUWS012137","Equisetopsida","Fabales","Fabaceae","Astragalus canadensis var. canadensis",6514,"","Astragalus","canadensis","canadensis","var.","","","Collins","s.n.","1966-07-11",1966,7,11,192,"1966-07-11","","Roadside.",NA,"Bayfield","Pigeon Lake Forest Trail",46.34228,-91.34901,NA,2257,"46.342280 N"," 91.349010 W","Georeferencing Quick Reference Guide 2012-10-02","Geolocate","",NA,"","July","Collins; Brashier","Other Collectors"
"SUWS012138","Equisetopsida","Fabales","Fabaceae","Astragalus canadensis var. canadensis",6514,"","Astragalus","canadensis","canadensis","var.","Cochrane, Theodore S.","3/1972","Holden","s.n.","1966-07-09",1966,7,9,190,"1966-07-09","","Sandy and grassy beach.",NA,"Bayfield","Shore of Pigeon Lake",46.34228,-91.34901,NA,2257,"46.342280 N"," 91.349010 W","Georeferencing Quick Reference Guide 2012-10-02","Geolocate","",NA,"","July","Holden; Brashier","Other Collectors"
"SUWS012153","Equisetopsida","Fabales","Fabaceae","Desmodium canadense",3367,"(L.) DC.","Desmodium","canadense","","","","","Konkel, Deborah","1145","1992-08-28",1992,8,28,241,"1992-08-28","","Low site; with Phalaris arundinaceae, Galium boreale, Anemone canadensis.",NA,"La Crosse","Rockland. E of Rockland; N of trail at base of bridge. [The area is very close to Monroe Co.]",43.91832,-90.92012,NA,500,"43.918320 N"," 90.920120 W","Georeferencing Quick Reference Guide 2012-10-02","Geolocate","",NA,"","August","Konkel, Deborah","Other Collectors"
"SUWS012154","Equisetopsida","Fabales","Fabaceae","Desmodium canadense",3367,"(L.) DC.","Desmodium","canadense","","","Cochrane, Theodore S.","3/1972","Brashier","PL-98","1964-07-06",1964,7,6,188,"1964-07-06","","Gravel shore, north edge of lake.",NA,"Bayfield","Pigeon Lake Field Station",46.34228,-91.34901,NA,2257,"46.342280 N"," 91.349010 W","Georeferencing Quick Reference Guide 2012-10-02","Geolocate","",NA,"","July","Brashier; Grage","Brashier"
"SUWS012163","Equisetopsida","Fabales","Fabaceae","Lathyrus japonicus var. maritimus",6715,"(L.) Kartesz & Gandhi","Lathyrus","japonicus","maritimus","var.","Cochrane, Theodore S.","3/1972","Barnard","s.n.","1966-07-18",1966,7,18,199,"1966-07-18","","Sandy beach.",NA,"Ashland","Rocky Island. Part of the Apostle Island group [Bayfield Co. - original in error]",46.93827,-90.65296,NA,32069,"46.938270 N"," 90.652960 W","Georeferencing Quick Reference Guide 2012-10-02","Geolocate","",NA,"","July","Barnard; Brashier","Other Collectors"
"SUWS012167","Equisetopsida","Fabales","Fabaceae","Lathyrus japonicus var. maritimus",6715,"(L.) Kartesz & Gandhi","Lathyrus","japonicus","maritimus","var.","Cochrane, Theodore S.","3/1972","Brashier","111a","1964-08-26",1964,8,26,239,"1964-08-26","","Sandy beach on shore of lake.",NA,"Douglas","Superior",46.68122,-92.06631,NA,12939,"46.681220 N"," 92.066310 W","Georeferencing Quick Reference Guide 2012-10-02","Geolocate","",NA,"","August","Brashier; Romans","Brashier"
"SUWS012169","Equisetopsida","Fabales","Fabaceae","Lathyrus japonicus var. maritimus",6715,"(L.) Kartesz & Gandhi","Lathyrus","japonicus","maritimus","var.","Cochrane, Theodore S.","3/1972","Koch, Rudy G.","5118","1968-09-10",1968,9,10,254,"1968-09-10","","Sandy soil near beach.",NA,"Douglas","Superior",46.68122,-92.06631,NA,12939,"46.681220 N"," 92.066310 W","Georeferencing Quick Reference Guide 2012-10-02","Geolocate","",NA,"","September","Koch, Rudy G.","Koch, Rudy G."
"SUWS012171","Equisetopsida","Fabales","Fabaceae","Lathyrus japonicus var. maritimus",6715,"(L.) Kartesz & Gandhi","Lathyrus","japonicus","maritimus","var.","","","Castle, R.","93-299","1993-07-20",1993,7,20,201,"1993-07-20","","Beach. Low trailing plant, purple flowers, triangular stipules at leaf stalk.",NA,"Douglas","Clevedon Rd. and Lake Superior [can't find Clevedon Rd.]",46.69111,-91.91731,NA,29129,"46.691110 N"," 91.917310 W","Georeferencing Quick Reference Guide 2012-10-02","Geolocate","",NA,"","July","Castle, R.","Castle, R."
"SUWS012174","Equisetopsida","Fabales","Fabaceae","Lathyrus ochroleucus",4018,"Hook.","Lathyrus","ochroleucus","","","Cochrane, Theodore S.","3/1972","Brashier","89a","1964-06-01",1964,6,1,153,"1964-06-01","","Between road and adjacent woods in open, sandy ditch with grasses.",NA,"Burnett","Danbury. 3 miles S of Danbury at the jct. of Old 35 Road and State Hwy 35",45.96741,-92.36349,NA,150,"45.967410 N"," 92.363490 W","Georeferencing Quick Reference Guide 2012-10-02","Geolocate","",NA,"","June","Brashier; Romans","Brashier"
"SUWS012176","Equisetopsida","Fabales","Fabaceae","Lathyrus ochroleucus",4018,"Hook.","Lathyrus","ochroleucus","","","Cochrane, Theodore S.","3/1972","Thomson, John W., Jr.","5036","1942-06-12",1942,6,12,163,"1942-06-12","","Wet field, clay soil.",NA,"Douglas","Superior. S of 22 St., Superior",46.70801,-92.10408,NA,3099,"46.708010 N"," 92.104080 W","Georeferencing Quick Reference Guide 2012-10-02","Geolocate","",NA,"","June","Thomson, John W., Jr.","Thomson, John W., Jr."
"SUWS012181","Equisetopsida","Fabales","Fabaceae","Lathyrus venosus",4024,"Muhl. ex Willd.","Lathyrus","venosus","","","Cochrane, Theodore S.","3/1972","Muller","s.n.","1964-06-25",1964,6,25,177,"1964-06-25","","Woods near lake.",NA,"Bayfield","Pigeon Lake Field Station",46.34228,-91.34901,NA,2257,"46.342280 N"," 91.349010 W","Georeferencing Quick Reference Guide 2012-10-02","Geolocate","",NA,"","June","Muller; Brashier","Other Collectors"
"SUWS012186","Equisetopsida","Fabales","Fabaceae","Lathyrus venosus",4024,"Muhl. ex Willd.","Lathyrus","venosus","","","Cochrane, Theodore S.","3/1972","Brashier","88b","1964-06-02",1964,6,2,154,"1964-06-02","","Between shady creek bottom near a railroad embankment in open sunlight.",NA,"Pierce","East Ellsworth. 2 miles N of East Ellsworth on Hwy 35 near railroad trestle",44.76115,-92.48741,NA,400,"44.761150 N"," 92.487410 W","Georeferencing Quick Reference Guide 2012-10-02","Geolocate","",NA,"","June","Brashier; Romans","Brashier"
"SUWS012191","Equisetopsida","Fabales","Fabaceae","Lotus corniculatus",4132,"L.","Lotus","corniculatus","","","Cochrane, Theodore S.","3/1972","Barnard","s.n.","1966-07-16",1966,7,16,197,"1966-07-16","","Sandy.",NA,"Bayfield","White River",46.47814,-90.98825,NA,5401,"46.478140 N"," 90.988250 W","Georeferencing Quick Reference Guide 2012-10-02","Geolocate","",NA,"","July","Barnard; Brashier","Other Collectors"
"SUWS012195","Equisetopsida","Fabales","Fabaceae","Lupinus perennis var. occidentalis",6738,"S.Watson","Lupinus","perennis","occidentalis","var.","Cochrane, Theodore S.","3/1972","Brashier","20c","1964-06-01",1964,6,1,153,"1964-06-01","","Dry, sandy, somewhat shaded roadside area.",NA,"Burnett","Danbury. 3 miles S of Danbury near the jct. of Old 35 Rd. and State Hwy 35",45.96741,-92.36349,NA,150,"45.967410 N"," 92.363490 W","Georeferencing Quick Reference Guide 2012-10-02","Geolocate","",NA,"","June","Brashier; Romans","Brashier"
"SUWS012196","Equisetopsida","Fabales","Fabaceae","Lupinus perennis var. occidentalis",6738,"S.Watson","Lupinus","perennis","occidentalis","var.","Cochrane, Theodore S.","3/1972","Brashier","20a","1964-06-01",1964,6,1,153,"1964-06-01","","Dry, sandy, somewhat shaded roadside area.",NA,"Burnett","Danbury. 3 miles S of Danbury near the jct. of Old 35 Rd. and State Hwy 35",45.96741,-92.36349,NA,150,"45.967410 N"," 92.363490 W","Georeferencing Quick Reference Guide 2012-10-02","Geolocate","",NA,"","June","Brashier; Romans","Brashier"
"SUWS012198","Equisetopsida","Fabales","Fabaceae","Lupinus polyphyllus",4139,"Lindl.","Lupinus","polyphyllus","","","","","Castle, R.","93-108-A","1993-06-30",1993,6,30,181,"1993-06-30","","Roadside ditch.",NA,"Douglas","Brule. 4 miles N of Brule on CTH H",46.61091,-91.57658,NA,1400,"46.610910 N"," 91.576580 W","Georeferencing Quick Reference Guide 2012-10-02","Geolocate","",NA,"","June","Castle, R.","Castle, R."
"SUWS012199","Equisetopsida","Fabales","Fabaceae","Lupinus polyphyllus",4139,"Lindl.","Lupinus","polyphyllus","","","","","Castle, R.","93-100-A","1993-06-30",1993,6,30,181,"1993-06-30","","Roadside ditch.",NA,"Douglas","Brule. 4 miles N of Brule on CTH H",46.61091,-91.57658,NA,1400,"46.610910 N"," 91.576580 W","Georeferencing Quick Reference Guide 2012-10-02","Geolocate","",NA,"","June","Castle, R.","Castle, R."
"SUWS012200","Equisetopsida","Fabales","Fabaceae","Lupinus polyphyllus",4139,"Lindl.","Lupinus","polyphyllus","","","","","Castle, R.","108A","1993-06-30",1993,6,30,181,"1993-06-30","","Roadside ditch.",NA,"Douglas","Brule. 4 miles N of Brule on CTH H",46.61091,-91.57658,NA,1400,"46.610910 N"," 91.576580 W","Georeferencing Quick Reference Guide 2012-10-02","Geolocate","",NA,"","June","Castle, R.","Castle, R."
"SUWS012202","Equisetopsida","Fabales","Fabaceae","Medicago lupulina",4212,"L.","Medicago","lupulina","","","Cochrane, Theodore S.","3/1972","Hicks, James","s.n.","1943-08-01",1943,8,1,213,"1943-08-01","","Grassy open field.",NA,"Douglas","Superior",46.68122,-92.06631,NA,12939,"46.681220 N"," 92.066310 W","Georeferencing Quick Reference Guide 2012-10-02","Geolocate","",NA,"","August","Hicks, James","Other Collectors"
"SUWS012204","Equisetopsida","Fabales","Fabaceae","Medicago lupulina",4212,"L.","Medicago","lupulina","","","Nee, M.","09Dec1971","Brashier","37a","1964-06-03",1964,6,3,155,"1964-06-03","","Near roadside picnic area on sandy railroad track embankment.",NA,"Juneau","Wonewoc. 1 mile N of Wonewoc on State Hwy 82",43.66724,-90.22346,NA,1056,"43.667240 N"," 90.223460 W","Georeferencing Quick Reference Guide 2012-10-02","Geolocate","",NA,"","June","Brashier; Romans","Brashier"
"SUWS012205","Equisetopsida","Fabales","Fabaceae","Medicago lupulina",4212,"L.","Medicago","lupulina","","","Cochrane, Theodore S.","3/1972","Brashier","37b","1964-06-03",1964,6,3,155,"1964-06-03","","Near roadside picnic area on sandy railroad track embankment.",NA,"Juneau","Wonewoc. 1 mile N of Wonewoc on State Hwy 82",43.66724,-90.22346,NA,1056,"43.667240 N"," 90.223460 W","Georeferencing Quick Reference Guide 2012-10-02","Geolocate","",NA,"","June","Brashier; Romans","Brashier"
"SUWS012208","Equisetopsida","Fabales","Fabaceae","Medicago sativa",4213,"L.","Medicago","sativa","","","Cochrane, Theodore S.","3/1972","Mercedes","s.n.","1934-06-24",1934,6,24,175,"1934-06-24","","Sandy soil.",NA,"Douglas","Superior",46.68122,-92.06631,NA,12939,"46.681220 N"," 92.066310 W","Georeferencing Quick Reference Guide 2012-10-02","Geolocate","",NA,"","June","Mercedes","Other Collectors"
"SUWS012212","Equisetopsida","Fabales","Fabaceae","Melilotus albus",4222,"Medik.","Melilotus","albus","","","Cochrane, Theodore S.","3/1972","Brashier","PL-1","1964-07-05",1964,7,5,187,"1964-07-05","","Sandy soil.",NA,"Bayfield","Pigeon Lake Field Station",46.34228,-91.34901,NA,2257,"46.342280 N"," 91.349010 W","Georeferencing Quick Reference Guide 2012-10-02","Geolocate","",NA,"","July","Brashier; Thoren","Brashier"
"SUWS012213","Equisetopsida","Fabales","Fabaceae","Melilotus albus",4222,"Medik.","Melilotus","albus","","","Cochrane, Theodore S.","3/1972","Brashier","224a","1964-07-26",1964,7,26,208,"1964-07-26","","Growing in ditch by roadside.",NA,"Douglas","Superior. 2 miles S of Superior on Hwy 35",46.66803,-92.10374,NA,3149,"46.668030 N"," 92.103740 W","Georeferencing Quick Reference Guide 2012-10-02","Geolocate","",NA,"","July","Brashier; Romans","Brashier"
"SUWS012214","Equisetopsida","Fabales","Fabaceae","Melilotus albus",4222,"Medik.","Melilotus","albus","","","Cochrane, Theodore S.","3/1972","Mackensen","s.n.","1966-06-16",1966,6,16,167,"1966-06-16","","Sandy with some humus soil; low.",NA,"Bayfield","Drummond. 3 miles S of Drummond on Hwy 27",46.29109,-91.2796,NA,2111,"46.291090 N"," 91.279600 W","Georeferencing Quick Reference Guide 2012-10-02","Geolocate","",NA,"","June","Mackensen; Brashier","Other Collectors"
"SUWS012215","Equisetopsida","Fabales","Fabaceae","Melilotus albus",4222,"Medik.","Melilotus","albus","","","Cochrane, Theodore S.","3/1972","Cherf","s.n.","1964-07-20",1964,7,20,202,"1964-07-20","","Roadside.",NA,"Bayfield","Pigeon Lake Field Station",46.34228,-91.34901,NA,2257,"46.342280 N"," 91.349010 W","Georeferencing Quick Reference Guide 2012-10-02","Geolocate","",NA,"","July","Cherf; Brashier","Other Collectors"
"SUWS012217","Equisetopsida","Fabales","Fabaceae","Melilotus albus",4222,"Medik.","Melilotus","albus","","","Cochrane, Theodore S.","3/1972","Collins","s.n.","1966-07-04",1966,7,4,185,"1966-07-04","","Roadside.",NA,"Bayfield","Pigeon Lake",46.34228,-91.34901,NA,2257,"46.342280 N"," 91.349010 W","Georeferencing Quick Reference Guide 2012-10-02","Geolocate","",NA,"","July","Collins; Brashier","Other Collectors"
"SUWS012218","Equisetopsida","Fabales","Fabaceae","Melilotus albus",4222,"Medik.","Melilotus","albus","","","Cochrane, Theodore S.","3/1972","Cornell","s.n.","1966-07-20",1966,7,20,201,"1966-07-20","","Soil sandy and loose; cover sparse.",NA,"Bayfield","2.5 miles SE of Pigeon Lake Camp on CTH A",46.33695,-91.29597,NA,1467,"46.336950 N"," 91.295970 W","Georeferencing Quick Reference Guide 2012-10-02","Geolocate","",NA,"","July","Cornell; Brashier","Other Collectors"
"SUWS012221","Equisetopsida","Fabales","Fabaceae","Melilotus officinalis",4223,"(L.) Lam.","Melilotus","officinalis","","","Cochrane, Theodore S.","3/1972","Holden","s.n.","1966-07-23",1966,7,23,204,"1966-07-23","","Roadside, dry, gravel and sand present, sparsely grassy.",NA,"Bayfield","Drummond. 4 miles S of Drummond on Hwy 63",46.2778,-91.27891,NA,2517,"46.277800 N"," 91.278910 W","Georeferencing Quick Reference Guide 2012-10-02","Geolocate","",NA,"","July","Holden; Brashier","Other Collectors"
"SUWS012223","Equisetopsida","Fabales","Fabaceae","Melilotus officinalis",4223,"(L.) Lam.","Melilotus","officinalis","","","Cochrane, Theodore S.","3/1972","Cherf","s.n.","1964-07-15",1964,7,15,197,"1964-07-15","","Roadside.",NA,"Bayfield","Pigeon Lake Field Station",46.34228,-91.34901,NA,2257,"46.342280 N"," 91.349010 W","Georeferencing Quick Reference Guide 2012-10-02","Geolocate","",NA,"","July","Cherf; Brashier","Other Collectors"
"SUWS012224","Equisetopsida","Fabales","Fabaceae","Melilotus officinalis",4223,"(L.) Lam.","Melilotus","officinalis","","","Cochrane, Theodore S.","3/1972","Brashier","49","1964-06-04",1964,6,4,156,"1964-06-04","","Along roadside at top of hill in full sunlight; sandy soil.",NA,"St. Croix","Somerset. Park on edge of the river [Apple River] within city limits on State Hwy 35",45.12547,-92.67195,NA,1500,"45.125470 N"," 92.671950 W","Georeferencing Quick Reference Guide 2012-10-02","Geolocate","",NA,"","June","Brashier; Romans","Brashier"
"SUWS012226","Equisetopsida","Fabales","Fabaceae","Melilotus officinalis",4223,"(L.) Lam.","Melilotus","officinalis","","","Cochrane, Theodore S.","3/1972","Sima, Bessie R.","s.n.","1944-08-13",1944,8,13,226,"1944-08-13","","Vacant lot.",NA,"Douglas","Superior",46.68122,-92.06631,NA,12939,"46.681220 N"," 92.066310 W","Georeferencing Quick Reference Guide 2012-10-02","Geolocate","",NA,"","August","Sima, Bessie R.","Other Collectors"
"SUWS012227","Equisetopsida","Fabales","Fabaceae","Melilotus officinalis",4223,"(L.) Lam.","Melilotus","officinalis","","","Cochrane, Theodore S.","3/1972","Brashier","PL-2","1964-07-05",1964,7,5,187,"1964-07-05","","",NA,"Bayfield","Pigeon Lake Field Station",46.34228,-91.34901,NA,2257,"46.342280 N"," 91.349010 W","Georeferencing Quick Reference Guide 2012-10-02","Geolocate","",NA,"","July","Brashier; Thoren","Brashier"
"SUWS012245","Equisetopsida","Fabales","Fabaceae","Trifolium arvense",5266,"L.","Trifolium","arvense","","","Cochrane, Theodore S.","3/1972","Thomson, John W., Jr.","5431","1943-10-10",1943,10,10,283,"1943-10-10","","Sandy soil.",NA,"Douglas","Superior. Connors Point [Name of point may be incorrect]",46.7392,-92.08886,NA,1368,"46.739200 N"," 92.088860 W","Georeferencing Quick Reference Guide 2012-10-02","Geolocate","",NA,"","October","Thomson, John W., Jr.","Thomson, John W., Jr."
"SUWS012247","Equisetopsida","Fabales","Fabaceae","Trifolium aureum",5267,"Pollich","Trifolium","aureum","","","","","Castle, R.","93-308","1993-06-08",1993,6,8,159,"1993-06-08","","Roadside. Yellow flowers, terminal leaflets unstalked",NA,"Burnett","8 miles N of jct. of Hwy 35 and Hwy 48 [near Clear Lake]",45.76688,-92.38459,NA,600,"45.766880 N"," 92.384590 W","Georeferencing Quick Reference Guide 2012-10-02","Geolocate","",NA,"","June","Castle, R.","Castle, R."
"SUWS012248","Equisetopsida","Fabales","Fabaceae","Trifolium aureum",5267,"Pollich","Trifolium","aureum","","","Cochrane, Theodore S.","3/1972","Holden","s.n.","1966-07-09",1966,7,9,190,"1966-07-09","","Roadside with loose soil and dense grasses.",NA,"Bayfield","Drummond. 3 miles E of Drummond on Hwy 63",46.34541,-91.1954,NA,1871,"46.345410 N"," 91.195400 W","Georeferencing Quick Reference Guide 2012-10-02","Geolocate","",NA,"","July","Holden; Brashier","Other Collectors"
"SUWS012249","Equisetopsida","Fabales","Fabaceae","Trifolium aureum",5267,"Pollich","Trifolium","aureum","","","Cochrane, Theodore S.","3/1972","Barnard","s.n.","1966-07-16",1966,7,16,197,"1966-07-16","","Sandy area.",NA,"Bayfield","Cable",46.20801,-91.29213,NA,3036,"46.208010 N"," 91.292130 W","Georeferencing Quick Reference Guide 2012-10-02","Geolocate","",NA,"","July","Barnard; Brashier","Other Collectors"
"SUWS012250","Equisetopsida","Fabales","Fabaceae","Trifolium aureum",5267,"Pollich","Trifolium","aureum","","","Cochrane, Theodore S.","3/1972","Collins","s.n.","1966-07-11",1966,7,11,192,"1966-07-11","","Near the lake shore.",NA,"Bayfield","Pigeon Lake",46.34228,-91.34901,NA,2257,"46.342280 N"," 91.349010 W","Georeferencing Quick Reference Guide 2012-10-02","Geolocate","",NA,"","July","Collins; Brashier","Other Collectors"
"SUWS012253","Equisetopsida","Fabales","Fabaceae","Trifolium aureum",5267,"Pollich","Trifolium","aureum","","","Cochrane, Theodore S.","3/1972","Cornell","s.n.","1966-07-09",1966,7,9,190,"1966-07-09","","Sandy soil, found growing on bank by roadside.",NA,"Bayfield","Cable. 1 mile E of Blue Moon [N of Cable] on Blue Moon Rd.",46.27209,-91.28928,NA,4405,"46.272090 N"," 91.289280 W","Georeferencing Quick Reference Guide 2012-10-02","Geolocate","",NA,"","July","Cornell","Other Collectors"
"SUWS012254","Equisetopsida","Fabales","Fabaceae","Trifolium aureum",5267,"Pollich","Trifolium","aureum","","","Cochrane, Theodore S.","3/1972","Thomson, John W., Jr.","s.n.","1942-06-21",1942,6,21,172,"1942-06-21","","",NA,"Juneau","New Lisbon. S of New Lisbon",43.83854,-90.16609,NA,4802,"43.838540 N"," 90.166090 W","Georeferencing Quick Reference Guide 2012-10-02","Geolocate","",NA,"","June","Thomson, John W., Jr.","Thomson, John W., Jr."
"SUWS012255","Equisetopsida","Fabales","Fabaceae","Trifolium aureum",5267,"Pollich","Trifolium","aureum","","","Cochrane, Theodore S.","3/1972","Brashier","PL-142","1964-07-29",1964,7,29,211,"1964-07-29","","Sandy open field.",NA,"Bayfield","Grand View",46.36745,-91.10825,NA,7936,"46.367450 N"," 91.108250 W","Georeferencing Quick Reference Guide 2012-10-02","Geolocate","",NA,"","July","Brashier; Grage","Brashier"
"SUWS012258","Equisetopsida","Fabales","Fabaceae","Trifolium hybridum",5270,"L.","Trifolium","hybridum","","","Nee, M.","08Jan1971","Collins","s.n.","1966-07-10",1966,7,10,191,"1966-07-10","","Near the shore of lake.",NA,"Bayfield","Pigeon Lake",46.34228,-91.34901,NA,2257,"46.342280 N"," 91.349010 W","Georeferencing Quick Reference Guide 2012-10-02","Geolocate","",NA,"","July","Collins; Brashier","Other Collectors"
"SUWS012261","Equisetopsida","Fabales","Fabaceae","Trifolium hybridum",5270,"L.","Trifolium","hybridum","","","Cochrane, Theodore S.","3/1972","Collins","s.n.","1966-07-21",1966,7,21,202,"1966-07-21","","Along lake shore.",NA,"Bayfield","Pigeon Lake",46.34228,-91.34901,NA,2257,"46.342280 N"," 91.349010 W","Georeferencing Quick Reference Guide 2012-10-02","Geolocate","",NA,"","July","Collins; Brashier","Other Collectors"
"SUWS012264","Equisetopsida","Fabales","Fabaceae","Trifolium hybridum",5270,"L.","Trifolium","hybridum","","","Cochrane, Theodore S.","3/1972","Cornell","s.n.","1966-07-11",1966,7,11,192,"1966-07-11","","Grassy open roadside; sandy soil.",NA,"Bayfield","Jct. of Pigeon Lake Road and CTH A",46.33861,-91.3236,NA,305,"46.338610 N"," 91.323600 W","Georeferencing Quick Reference Guide 2012-10-02","Geolocate","",NA,"","July","Cornell; Brashier","Other Collectors"
"SUWS012265","Equisetopsida","Fabales","Fabaceae","Trifolium hybridum",5270,"L.","Trifolium","hybridum","","","Cochrane, Theodore S.","3/1972","Holden","s.n.","1966-07-12",1966,7,12,193,"1966-07-12","","Meadow; tall grass and some shrubs.",NA,"Bayfield","5 miles S of Pigeon Lake on Hwy 222",46.27036,-91.31794,NA,3142,"46.270360 N"," 91.317940 W","Georeferencing Quick Reference Guide 2012-10-02","Geolocate","",NA,"","July","Holden; Brashier","Other Collectors"
"SUWS012266","Equisetopsida","Fabales","Fabaceae","Trifolium hybridum",5270,"L.","Trifolium","hybridum","","","Cochrane, Theodore S.","3/1972","Collins","s.n.","1966-07-15",1966,7,15,196,"1966-07-15","","Along the lake shore.",NA,"Bayfield","Pigeon Lake",46.34228,-91.34901,NA,2257,"46.342280 N"," 91.349010 W","Georeferencing Quick Reference Guide 2012-10-02","Geolocate","",NA,"","July","Collins; Brashier","Other Collectors"
"SUWS012271","Equisetopsida","Fabales","Fabaceae","Trifolium pratense",5272,"L.","Trifolium","pratense","","","Cochrane, Theodore S.","3/1972","Holden","s.n.","1966-07-12",1966,7,12,193,"1966-07-12","","Meadow; tall grass in area.",NA,"Bayfield","5 miles S of Pigeon Lake on Hwy 222",46.27036,-91.31794,NA,3142,"46.270360 N"," 91.317940 W","Georeferencing Quick Reference Guide 2012-10-02","Geolocate","",NA,"","July","Holden; Brashier","Other Collectors"
"SUWS012274","Equisetopsida","Fabales","Fabaceae","Trifolium pratense",5272,"L.","Trifolium","pratense","","","Cochrane, Theodore S.","3/1972","Brashier","248c","1964-07-18",1964,7,18,200,"1964-07-18","","Open hay field.",NA,"Douglas","Superior. 3 miles S of Superior on Hwy 35 on the Ralph Law property",46.65497,-92.10442,NA,4161,"46.654970 N"," 92.104420 W","Georeferencing Quick Reference Guide 2012-10-02","Geolocate","",NA,"","July","Brashier; Romans","Brashier"
"SUWS012275","Equisetopsida","Fabales","Fabaceae","Trifolium pratense",5272,"L.","Trifolium","pratense","","","Cochrane, Theodore S.","3/1972","Cornell","s.n.","1966-07-09",1966,7,9,190,"1966-07-09","","An open meadow, surrounded by woods; soil sandy and firm.",NA,"Bayfield","Cable. 9.6 miles S of Drummond, 1 mile N of Blue Moon [N of Cable]",46.22249,-91.29213,NA,3653,"46.222490 N"," 91.292130 W","Georeferencing Quick Reference Guide 2012-10-02","Geolocate","",NA,"","July","Cornell; Brashier","Other Collectors"
"SUWS012279","Equisetopsida","Fabales","Fabaceae","Trifolium pratense",5272,"L.","Trifolium","pratense","","","Cochrane, Theodore S.","3/1972","Hjerleid","s.n.","1966-07-17",1966,7,17,198,"1966-07-17","","Roadside.",NA,"Bayfield","Drummond. 0.5 mile W of Drummond on CTH A",46.33689,-91.27841,NA,2280,"46.336890 N"," 91.278410 W","Georeferencing Quick Reference Guide 2012-10-02","Geolocate","",NA,"","July","Hjerleid; Brashier","Other Collectors"
"SUWS012281","Equisetopsida","Fabales","Fabaceae","Trifolium repens",5273,"L.","Trifolium","repens","","","Cochrane, Theodore S.","3/1972","Brashier","PL-145","1964-06-25",1964,6,25,177,"1964-06-25","","",NA,"Bayfield","Pigeon Lake Field Station",46.34228,-91.34901,NA,2257,"46.342280 N"," 91.349010 W","Georeferencing Quick Reference Guide 2012-10-02","Geolocate","",NA,"","June","Brashier; Smith","Brashier"
"SUWS012282","Equisetopsida","Fabales","Fabaceae","Trifolium repens",5273,"L.","Trifolium","repens","","","Cochrane, Theodore S.","3/1972","Barnard","s.n.","1966-07-15",1966,7,15,196,"1966-07-15","","Sandy.",NA,"Bayfield","Drummond",46.33689,-91.25797,NA,6377,"46.336890 N"," 91.257970 W","Georeferencing Quick Reference Guide 2012-10-02","Geolocate","",NA,"","July","Barnard; Brashier","Other Collectors"
"SUWS012284","Equisetopsida","Fabales","Fabaceae","Trifolium repens",5273,"L.","Trifolium","repens","","","Cochrane, Theodore S.","3/1972","Collins","s.n.","1966-07-15",1966,7,15,196,"1966-07-15","","Near the lake shore.",NA,"Bayfield","Pigeon Lake",46.34228,-91.34901,NA,2257,"46.342280 N"," 91.349010 W","Georeferencing Quick Reference Guide 2012-10-02","Geolocate","",NA,"","July","Collins; Brashier","Other Collectors"
"SUWS012285","Equisetopsida","Fabales","Fabaceae","Trifolium repens",5273,"L.","Trifolium","repens","","","Cochrane, Theodore S.","3/1972","Brashier","PL-144","1964-06-30",1964,6,30,182,"1964-06-30","","",NA,"Bayfield","Pigeon Lake Field Station",46.34228,-91.34901,NA,2257,"46.342280 N"," 91.349010 W","Georeferencing Quick Reference Guide 2012-10-02","Geolocate","",NA,"","June","Brashier; Wassgren","Brashier"
"SUWS012286","Equisetopsida","Fabales","Fabaceae","Trifolium repens",5273,"L.","Trifolium","repens","","","Cochrane, Theodore S.","3/1972","Hjerleid","s.n.","1966-07-09",1966,7,9,190,"1966-07-09","","Roadside.",NA,"Bayfield","Drummond. 1 mile W of Drummond on CTH A",46.33452,-91.28477,NA,1312,"46.334520 N"," 91.284770 W","Georeferencing Quick Reference Guide 2012-10-02","Geolocate","",NA,"","July","Hjerleid; Brashier","Other Collectors"
"SUWS012287","Equisetopsida","Fabales","Fabaceae","Trifolium repens",5273,"L.","Trifolium","repens","","","Cochrane, Theodore S.","3/1972","Mackensen","s.n.","1966-07-05",1966,7,5,186,"1966-07-05","","Sandy bluff on pond.",NA,"Eau Claire","S shore of Dells Pond",44.82634,-91.49106,NA,1034,"44.826340 N"," 91.491060 W","Georeferencing Quick Reference Guide 2012-10-02","Geolocate","",NA,"","July","Mackensen; Brashier","Other Collectors"
"SUWS012288","Equisetopsida","Fabales","Fabaceae","Trifolium repens",5273,"L.","Trifolium","repens","","","Cochrane, Theodore S.","3/1972","Cornell","s.n.","1966-07-10",1966,7,10,191,"1966-07-10","","Soil sandy and loose, surrounding area wooded.",NA,"Bayfield","1 mile E of Pigeon Lake Camp on CTH A",46.33848,-91.32048,NA,2203,"46.338480 N"," 91.320480 W","Georeferencing Quick Reference Guide 2012-10-02","Geolocate","",NA,"","July","Cornell; Brashier","Other Collectors"
"SUWS012292","Equisetopsida","Fabales","Fabaceae","Vicia americana subsp. americana",6938,"","Vicia","americana","americana","subsp.","Cochrane, Theodore S.","3/1972","Hicks, James","17001","1943-07-21",1943,7,21,202,"1943-07-21","","Grassy field.",NA,"Douglas","Superior",46.68122,-92.06631,NA,12939,"46.681220 N"," 92.066310 W","Georeferencing Quick Reference Guide 2012-10-02","Geolocate","",NA,"","July","Hicks, James","Other Collectors"
"SUWS012294","Equisetopsida","Fabales","Fabaceae","Vicia americana subsp. americana",6938,"","Vicia","americana","americana","subsp.","Cochrane, Theodore S.","3/1972","Sima, Bessie R.","s.n.","1944-07-27",1944,7,27,209,"1944-07-27","","Along the roadside.",NA,"Douglas","Superior",46.68122,-92.06631,NA,12939,"46.681220 N"," 92.066310 W","Georeferencing Quick Reference Guide 2012-10-02","Geolocate","",NA,"","July","Sima, Bessie R.","Other Collectors"
"SUWS012295","Equisetopsida","Fabales","Fabaceae","Vicia americana subsp. americana",6938,"","Vicia","americana","americana","subsp.","Cochrane, Theodore S.","3/1972","Collins","s.n.","1966-07-17",1966,7,17,198,"1966-07-17","","Roadside.",NA,"Bayfield","Pigeon Lake",46.34228,-91.34901,NA,2257,"46.342280 N"," 91.349010 W","Georeferencing Quick Reference Guide 2012-10-02","Geolocate","",NA,"","July","Collins; Brashier","Other Collectors"
"SUWS012296","Equisetopsida","Fabales","Fabaceae","Vicia americana subsp. americana",6938,"","Vicia","americana","americana","subsp.","Cochrane, Theodore S.","3/1972","Hjerleid","s.n.","1966-07-19",1966,7,19,200,"1966-07-19","","Sandy field near road.",NA,"Bayfield","Drummond. 3 miles S of Drummond on Hwy 63",46.29109,-91.2796,NA,2111,"46.291090 N"," 91.279600 W","Georeferencing Quick Reference Guide 2012-10-02","Geolocate","",NA,"","July","Hjerleid; Brashier","Other Collectors"
"SUWS012297","Equisetopsida","Fabales","Fabaceae","Vicia americana subsp. americana",6938,"","Vicia","americana","americana","subsp.","Cochrane, Theodore S.","3/1972","Cornell","s.n.","1966-07-05",1966,7,5,186,"1966-07-05","","Near roadside; soil sandy and loose; surrounding area dense woods.",NA,"Bayfield","0.75 miles E of Pigeon Lake Camp",46.3418,-91.31268,NA,2283,"46.341800 N"," 91.312680 W","Georeferencing Quick Reference Guide 2012-10-02","Geolocate","",NA,"","July","Cornell; Brashier","Other Collectors"
"SUWS012302","Equisetopsida","Fabales","Fabaceae","Vicia sativa subsp. nigra",6939,"(L.) Ehrh.","Vicia","sativa","nigra","subsp.","Cochrane, Theodore S.","3/1972","Sima, Bessie R.","s.n.","1944-07-27",1944,7,27,209,"1944-07-27","","Damp, marshy, area. Vacant lot. [Labeled as Vicia angustifolia var. angustifolia on sheet]",NA,"Douglas","Superior",46.68122,-92.06631,NA,12939,"46.681220 N"," 92.066310 W","Georeferencing Quick Reference Guide 2012-10-02","Geolocate","",NA,"","July","Sima, Bessie R.","Other Collectors"
"SUWS012303","Equisetopsida","Fabales","Fabaceae","Vicia sativa subsp. nigra",6939,"(L.) Ehrh.","Vicia","sativa","nigra","subsp.","Cochrane, Theodore S.","2/1972","Shugar, Helen","s.n.","1943-07-28",1943,7,28,209,"1943-07-28","","Vacant lot. [Labeled as Vicia angustifolia var. angustifolia on sheet]",NA,"Douglas","Superior. At 18th St. and Weeks Ave., Superior",46.72459,-92.09196,NA,462,"46.724590 N"," 92.091960 W","Georeferencing Quick Reference Guide 2012-10-02","Geolocate","",NA,"","July","Shugar, Helen","Other Collectors"
"SUWS012304","Equisetopsida","Fabales","Fabaceae","Vicia villosa",5382,"Roth","Vicia","villosa","","","Cochrane, Theodore S.","3/1972","Brashier","90b","1964-06-03",1964,6,3,155,"1964-06-03","","On sandy railroad embankment.",NA,"Juneau","Wonewoc. 1 mile N of Wonewoc on State Hwy 82 near roadside picnic area",43.66724,-90.22346,NA,1056,"43.667240 N"," 90.223460 W","Georeferencing Quick Reference Guide 2012-10-02","Geolocate","",NA,"","June","Brashier; Romans","Brashier"
"SUWS012316","Equisetopsida","Saxifragales","Haloragaceae","Myriophyllum verticillatum",4315,"L.","Myriophyllum","verticillatum","","","","","McDonald, Sue","105","1980-08-11",1980,8,11,224,"1980-08-11","","Submerged in 1 meter of water.",NA,"Douglas","Superior. St. Louis Bay, near Arrowhead Bridge",46.71855,-92.14547,NA,331,"46.718550 N"," 92.145470 W","Georeferencing Quick Reference Guide 2012-10-02","Geolocate","",NA,"","August","McDonald, Sue","Other Collectors"
"SUWS012319","Equisetopsida","Myrtales","Lythraceae","Lythrum salicaria",4168,"L.","Lythrum","salicaria","","","","","Castle, R.","93-308","1993-07-24",1993,7,24,205,"1993-07-24","","Bayside. Purple, six petaled flowers.",NA,"Douglas","Superior. Barkers Island",46.718,-92.05575,NA,844,"46.718000 N"," 92.055750 W","Georeferencing Quick Reference Guide 2012-10-02","Geolocate","",NA,"","July","Castle, R.","Castle, R."
"SUWS012323","Equisetopsida","Malvales","Thymelaeaceae","Dirca palustris",3423,"L.","Dirca","palustris","","","","","Brashier","PL-205","1964-07-23",1964,7,23,205,"1964-07-23","","",NA,"Bayfield","Pigeon Lake Field Station",46.34228,-91.34901,NA,2257,"46.342280 N"," 91.349010 W","Georeferencing Quick Reference Guide 2012-10-02","Geolocate","",NA,"","July","Brashier; Walvoord","Brashier"
"SUWS012324","Equisetopsida","Malvales","Thymelaeaceae","Dirca palustris",3423,"L.","Dirca","palustris","","","","","Brashier","PL-206","1964-07-27",1964,7,27,209,"1964-07-27","","",NA,"Bayfield","Pigeon Lake Field Station",46.34228,-91.34901,NA,2257,"46.342280 N"," 91.349010 W","Georeferencing Quick Reference Guide 2012-10-02","Geolocate","",NA,"","July","Brashier; Thoren","Brashier"
"SUWS012325","Equisetopsida","Malvales","Thymelaeaceae","Dirca palustris",3423,"L.","Dirca","palustris","","","","","Brashier","PL-204","1964-07-22",1964,7,22,204,"1964-07-22","","",NA,"Bayfield","Pigeon Lake Field Station",46.34228,-91.34901,NA,2257,"46.342280 N"," 91.349010 W","Georeferencing Quick Reference Guide 2012-10-02","Geolocate","",NA,"","July","Brashier; Smith","Brashier"
"SUWS012326","Equisetopsida","Myrtales","Onagraceae","Circaea alpina subsp. alpina",6580,"","Circaea","alpina","alpina","subsp.","","","Cornell","s.n.","1966-07-19",1966,7,19,200,"1966-07-19","","Hemlock forest; soil sandy; dense shade; cool and moist.",NA,"Bayfield","Drummond. E of Drummond",46.33855,-91.18244,NA,5343,"46.338550 N"," 91.182440 W","Georeferencing Quick Reference Guide 2012-10-02","Geolocate","",NA,"","July","Cornell; Brashier","Other Collectors"
"SUWS012330","Equisetopsida","Myrtales","Onagraceae","Circaea alpina subsp. alpina",6580,"","Circaea","alpina","alpina","subsp.","","","Holden","s.n.","1966-07-19",1966,7,19,200,"1966-07-19","","Hemlock forest; cover is mostly decaying leaves and logs.",NA,"Bayfield","Lake Owen",46.28641,-91.22705,NA,5154,"46.286410 N"," 91.227050 W","Georeferencing Quick Reference Guide 2012-10-02","Geolocate","",NA,"","July","Holden; Brashier","Other Collectors"
"SUWS012331","Equisetopsida","Myrtales","Onagraceae","Epilobium angustifolium subsp. circumvagum",12909,"Mosquin","Epilobium","angustifolium","circumvagum","subsp.","","","Cornell","s.n.","1966-07-04",1966,7,4,185,"1966-07-04","","Sandy, loose soil; cover of low grasses and herbs.",NA,"Bayfield","Cable. 7 miles S of Drummond on Hwy 63 [N of Cable]",46.23555,-91.27994,NA,2695,"46.235550 N"," 91.279940 W","Georeferencing Quick Reference Guide 2012-10-02","Geolocate","",NA,"","July","Cornell; Brashier","Other Collectors"
"SUWS012336","Equisetopsida","Myrtales","Onagraceae","Epilobium angustifolium subsp. circumvagum",12909,"Mosquin","Epilobium","angustifolium","circumvagum","subsp.","","","Brashier","226a","1964-07-07",1964,7,7,189,"1964-07-07","","Near water's edge in sandy soil.",NA,"Bayfield","Pigeon Lake Field Station",46.34228,-91.34901,NA,2257,"46.342280 N"," 91.349010 W","Georeferencing Quick Reference Guide 2012-10-02","Geolocate","",NA,"","July","Brashier; Romans","Brashier"
"SUWS012337","Equisetopsida","Myrtales","Onagraceae","Epilobium angustifolium subsp. circumvagum",12909,"Mosquin","Epilobium","angustifolium","circumvagum","subsp.","","","Brashier","226b","1964-07-07",1964,7,7,189,"1964-07-07","","Near water's edge in sandy soil.",NA,"Bayfield","Pigeon Lake Field Station",46.34228,-91.34901,NA,2257,"46.342280 N"," 91.349010 W","Georeferencing Quick Reference Guide 2012-10-02","Geolocate","",NA,"","July","Brashier; Romans","Brashier"
"SUWS012338","Equisetopsida","Myrtales","Onagraceae","Epilobium angustifolium subsp. circumvagum",12909,"Mosquin","Epilobium","angustifolium","circumvagum","subsp.","","","Brashier","PL-96","1964-07-01",1964,7,1,183,"1964-07-01","","",NA,"Bayfield","Near Drummond Lake",46.34393,-91.26114,NA,1856,"46.343930 N"," 91.261140 W","Georeferencing Quick Reference Guide 2012-10-02","Geolocate","",NA,"","July","Brashier; Wassgren","Brashier"
"SUWS012339","Equisetopsida","Myrtales","Onagraceae","Epilobium angustifolium subsp. circumvagum",12909,"Mosquin","Epilobium","angustifolium","circumvagum","subsp.","","","Gunderson","s.n.","1964-07-01",1964,7,1,183,"1964-07-01","","Along the shore of the lake.",NA,"Bayfield","Drummond Lake",46.34393,-91.26114,NA,1856,"46.343930 N"," 91.261140 W","Georeferencing Quick Reference Guide 2012-10-02","Geolocate","",NA,"","July","Gunderson; Brashier","Other Collectors"
"SUWS012340","Equisetopsida","Myrtales","Onagraceae","Epilobium angustifolium subsp. circumvagum",12909,"Mosquin","Epilobium","angustifolium","circumvagum","subsp.","","","Holden","s.n.","1966-07-22",1966,7,22,203,"1966-07-22","","Roadside - sandy and sparsely grassy.",NA,"Bayfield","6 miles N of Pigeon Lake on Cty. Hwy [FSR 228 - Delta Rd.] 228 [S of Delta Lookout]",46.42991,-91.33733,NA,1909,"46.429910 N"," 91.337330 W","Georeferencing Quick Reference Guide 2012-10-02","Geolocate","",NA,"","July","Holden; Brashier","Other Collectors"
"SUWS012341","Equisetopsida","Myrtales","Onagraceae","Epilobium angustifolium subsp. circumvagum",12909,"Mosquin","Epilobium","angustifolium","circumvagum","subsp.","","","Collins","s.n.","1966-07-20",1966,7,20,201,"1966-07-20","","Lake shore.",NA,"Bayfield","Pigeon Lake",46.34228,-91.34901,NA,2257,"46.342280 N"," 91.349010 W","Georeferencing Quick Reference Guide 2012-10-02","Geolocate","",NA,"","July","Collins; Brashier","Other Collectors"
"SUWS012342","Equisetopsida","Myrtales","Onagraceae","Epilobium angustifolium subsp. circumvagum",12909,"Mosquin","Epilobium","angustifolium","circumvagum","subsp.","","","Janowski","s.n.","1964-07-06",1964,7,6,188,"1964-07-06","","Roadside area.",NA,"Bayfield","Drummond Lake",46.34393,-91.26114,NA,1856,"46.343930 N"," 91.261140 W","Georeferencing Quick Reference Guide 2012-10-02","Geolocate","",NA,"","July","Janowski; Brashier","Other Collectors"
"SUWS012346","Equisetopsida","Myrtales","Onagraceae","Epilobium ciliatum",3523,"Raf.","Epilobium","ciliatum","","","","","Thomson, John W., Jr.","5061","1942-08-18",1942,8,18,230,"1942-08-18","","Field.",NA,"Douglas","Superior. S of 22nd St. and Weeks Ave., Superior",46.72459,-92.09196,NA,462,"46.724590 N"," 92.091960 W","Georeferencing Quick Reference Guide 2012-10-02","Geolocate","",NA,"","August","Thomson, John W., Jr.","Thomson, John W., Jr."
"SUWS012347","Equisetopsida","Myrtales","Onagraceae","Epilobium ciliatum",3523,"Raf.","Epilobium","ciliatum","","","","","Cornell","s.n.","1966-07-29",1966,7,29,210,"1966-07-29","","Sandy, moist soil.",NA,"Bayfield","NE end of Pigeon Lake",46.34228,-91.34901,NA,2257,"46.342280 N"," 91.349010 W","Georeferencing Quick Reference Guide 2012-10-02","Geolocate","",NA,"","July","Cornell; Brashier","Other Collectors"
"SUWS012348","Equisetopsida","Myrtales","Onagraceae","Epilobium ciliatum",3523,"Raf.","Epilobium","ciliatum","","","","","Holden","s.n.","1966-07-28",1966,7,28,209,"1966-07-28","","Edge of lake - growing in about one foot of water.",NA,"Bayfield","4 miles S of Pigeon Lake off of Hwy 218",46.2712,-91.34935,NA,1800,"46.271200 N"," 91.349350 W","Georeferencing Quick Reference Guide 2012-10-02","Geolocate","",NA,"","July","Holden; Brashier","Other Collectors"
"SUWS012349","Equisetopsida","Myrtales","Onagraceae","Epilobium ciliatum",3523,"Raf.","Epilobium","ciliatum","","","","","Brashier","PL-94","1964-07-06",1964,7,6,188,"1964-07-06","","Gravel shoreline.",NA,"Bayfield","Pigeon Lake Field Station, along the N shore",46.3418,-91.34766,NA,2037,"46.341800 N"," 91.347660 W","Georeferencing Quick Reference Guide 2012-10-02","Geolocate","",NA,"","July","Brashier; Grage","Brashier"
"SUWS012352","Equisetopsida","Myrtales","Onagraceae","Epilobium hirsutum",3525,"L.","Epilobium","hirsutum","","","","","Brashier","187b","1964-08-27",1964,8,27,240,"1964-08-27","","In shady woods, rich soil. [OUT OF RANGE?]",NA,"Douglas","Patzau. 0.5 mile W of Hwy 35 on CTH BB on the James Romans property [E of Patzau]",46.48986,-92.18414,NA,1517,"46.489860 N"," 92.184140 W","Georeferencing Quick Reference Guide 2012-10-02","Geolocate","",NA,"","August","Brashier; Romans","Brashier"
"SUWS012353","Equisetopsida","Myrtales","Onagraceae","Epilobium hirsutum",3525,"L.","Epilobium","hirsutum","","","","","Brashier","231a","1964-08-07",1964,8,7,220,"1964-08-07","","Along open path in woods, clay soil. [OUT OF RANGE?]",NA,"Douglas","Superior. 3 miles S of Superior on Hwy 35 on the Ralph Law property",46.65497,-92.10442,NA,4161,"46.654970 N"," 92.104420 W","Georeferencing Quick Reference Guide 2012-10-02","Geolocate","",NA,"","August","Brashier; Romans","Brashier"
"SUWS012357","Equisetopsida","Myrtales","Onagraceae","Oenothera biennis",4348,"L.","Oenothera","biennis","","","","","Brashier","134a","1964-08-18",1964,8,18,231,"1964-08-18","","Very dry, sandy gravel pit.",NA,"Douglas","Patzau. 1 mile E of Patzau on CTH BB",46.49133,-92.19972,NA,979,"46.491330 N"," 92.199720 W","Georeferencing Quick Reference Guide 2012-10-02","Geolocate","",NA,"","August","Brashier; Romans","Brashier"
"SUWS012358","Equisetopsida","Myrtales","Onagraceae","Oenothera biennis",4348,"L.","Oenothera","biennis","","","","","Sima, Bessie R.","s.n.","1944-08-05",1944,8,5,218,"1944-08-05","","Vacant lot.",NA,"Douglas","Superior. 22nd St., Superior",46.70545,-92.10404,NA,2064,"46.705450 N"," 92.104040 W","Georeferencing Quick Reference Guide 2012-10-02","Geolocate","",NA,"","August","Sima, Bessie R.","Other Collectors"
"SUWS012363","Equisetopsida","Myrtales","Onagraceae","Oenothera biennis",4348,"L.","Oenothera","biennis","","","","","Holden","s.n.","1966-07-23",1966,7,23,204,"1966-07-23","","Roadside - dry, gravely and sandy, grassy.",NA,"Bayfield","Drummond. 4 miles S of Drummond on Hwy 63",46.2778,-91.27891,NA,2517,"46.277800 N"," 91.278910 W","Georeferencing Quick Reference Guide 2012-10-02","Geolocate","",NA,"","July","Holden; Brashier","Other Collectors"
"SUWS012364","Equisetopsida","Myrtales","Onagraceae","Oenothera biennis",4348,"L.","Oenothera","biennis","","","","","Collins","s.n.","1966-07-11",1966,7,11,192,"1966-07-11","","Lake shore.",NA,"Bayfield","Owen Lake",46.28641,-91.22705,NA,5154,"46.286410 N"," 91.227050 W","Georeferencing Quick Reference Guide 2012-10-02","Geolocate","",NA,"","July","Collins; Brashier","Other Collectors"
"SUWS012365","Equisetopsida","Myrtales","Onagraceae","Oenothera biennis",4348,"L.","Oenothera","biennis","","","","","Collins","s.n.","1966-07-24",1966,7,24,205,"1966-07-24","","Lake shore.",NA,"Bayfield","Drummond. Pigeon Lake",46.34228,-91.34901,NA,2257,"46.342280 N"," 91.349010 W","Georeferencing Quick Reference Guide 2012-10-02","Geolocate","",NA,"","July","Collins; Brashier","Other Collectors"
"SUWS012366","Equisetopsida","Myrtales","Onagraceae","Oenothera biennis",4348,"L.","Oenothera","biennis","","","","","Collins","s.n.","1966-07-24",1966,7,24,205,"1966-07-24","","Lake shore.",NA,"Bayfield","Drummond. Pigeon Lake",46.34228,-91.34901,NA,2257,"46.342280 N"," 91.349010 W","Georeferencing Quick Reference Guide 2012-10-02","Geolocate","",NA,"","July","Collins; Brashier","Other Collectors"
"SUWS012368","Equisetopsida","Myrtales","Onagraceae","Oenothera biennis",4348,"L.","Oenothera","biennis","","","","","Barnard","s.n.","1966-07-30",1966,7,30,211,"1966-07-30","","Sandy area.",NA,"Bayfield","Drummond",46.33689,-91.25797,NA,6377,"46.336890 N"," 91.257970 W","Georeferencing Quick Reference Guide 2012-10-02","Geolocate","",NA,"","July","Barnard; Brashier","Other Collectors"
"SUWS012369","Equisetopsida","Myrtales","Onagraceae","Oenothera biennis",4348,"L.","Oenothera","biennis","","","","","Brashier","228a","1964-07-07",1964,7,7,189,"1964-07-07","","Near water's edge in sandy soil.",NA,"Bayfield","Drummond. Pigeon Lake Field Station",46.34228,-91.34901,NA,2257,"46.342280 N"," 91.349010 W","Georeferencing Quick Reference Guide 2012-10-02","Geolocate","",NA,"","July","Brashier; Romans","Brashier"
"SUWS012370","Equisetopsida","Myrtales","Onagraceae","Oenothera biennis",4348,"L.","Oenothera","biennis","","","","","Brashier","PL-11","1964-07-25",1964,7,25,207,"1964-07-25","","Along lake shore.",NA,"Bayfield","Drummond. Pigeon Lake Field Station",46.34228,-91.34901,NA,2257,"46.342280 N"," 91.349010 W","Georeferencing Quick Reference Guide 2012-10-02","Geolocate","",NA,"","July","Brashier; Cherf","Brashier"
"SUWS012371","Equisetopsida","Myrtales","Onagraceae","Oenothera biennis",4348,"L.","Oenothera","biennis","","","","","Thoren","s.n.","1964-07-25",1964,7,25,207,"1964-07-25","","Shore of lake.",NA,"Bayfield","Drummond. Pigeon Lake",46.34228,-91.34901,NA,2257,"46.342280 N"," 91.349010 W","Georeferencing Quick Reference Guide 2012-10-02","Geolocate","",NA,"","July","Thoren; Brashier","Other Collectors"
"SUWS012372","Equisetopsida","Myrtales","Onagraceae","Oenothera biennis",4348,"L.","Oenothera","biennis","","","","","Cornell","s.n.","1966-07-04",1966,7,4,185,"1966-07-04","","Sandy loose soil; cover of low grasses and herbs.",NA,"Bayfield","Cable. 7 miles S of Drummond on Hwy 63 [N of Cable]",46.23555,-91.27994,NA,2695,"46.235550 N"," 91.279940 W","Georeferencing Quick Reference Guide 2012-10-02","Geolocate","",NA,"","July","Cornell; Brashier","Other Collectors"
"SUWS012373","Equisetopsida","Myrtales","Onagraceae","Oenothera biennis",4348,"L.","Oenothera","biennis","","","","","Brashier","228b","1964-07-07",1964,7,7,189,"1964-07-07","","Near water's edge in sandy soil.",NA,"Bayfield","Drummond. Pigeon Lake Field Station",46.34228,-91.34901,NA,2257,"46.342280 N"," 91.349010 W","Georeferencing Quick Reference Guide 2012-10-02","Geolocate","",NA,"","July","Brashier; Romans","Brashier"
"SUWS012382","Equisetopsida","Myrtales","Onagraceae","Oenothera perennis",4350,"L.","Oenothera","perennis","","","","","Cornell","s.n.","1966-07-21",1966,7,21,202,"1966-07-21","","Ditch by edge of road along the railroad tracks.",NA,"Bayfield","Drummond. 3 miles W of Drummond",46.33688,-91.32088,NA,2345,"46.336880 N"," 91.320880 W","Georeferencing Quick Reference Guide 2012-10-02","Geolocate","",NA,"","July","Cornell; Brashier","Other Collectors"
"SUWS012383","Equisetopsida","Myrtales","Onagraceae","Oenothera perennis",4350,"L.","Oenothera","perennis","","","","","Thomson, John W., Jr.","s.n.","1942-06-20",1942,6,20,171,"1942-06-20","","Sandy soil.",NA,"Juneau","New Lisbon. S of New Lisbon",43.83854,-90.16609,NA,4802,"43.838540 N"," 90.166090 W","Georeferencing Quick Reference Guide 2012-10-02","Geolocate","",NA,"","June","Thomson, John W., Jr.","Thomson, John W., Jr."
"SUWS012389","Equisetopsida","Cornales","Cornaceae","Cornus canadensis",3215,"L.","Cornus","canadensis","","","","","Brashier","PL-102","1964-06-23",1964,6,23,175,"1964-06-23","","Along nature trail.",NA,"Bayfield","Drummond. Pigeon Lake Field Station",46.34228,-91.34901,NA,2257,"46.342280 N"," 91.349010 W","Georeferencing Quick Reference Guide 2012-10-02","Geolocate","",NA,"","June","Brashier; Muller","Brashier"
"SUWS012391","Equisetopsida","Cornales","Cornaceae","Cornus canadensis",3215,"L.","Cornus","canadensis","","","","","Brashier","PL-100","1964-06-30",1964,6,30,182,"1964-06-30","","Along nature trail.",NA,"Bayfield","Drummond. Pigeon Lake Field Station",46.34228,-91.34901,NA,2257,"46.342280 N"," 91.349010 W","Georeferencing Quick Reference Guide 2012-10-02","Geolocate","",NA,"","June","Brashier; Walvoord","Brashier"
"SUWS012392","Equisetopsida","Cornales","Cornaceae","Cornus canadensis",3215,"L.","Cornus","canadensis","","","","","Cornell","s.n.","1966-07-03",1966,7,3,184,"1966-07-03","","Soil sandy & loose, cover - low grasses and herbs, surrounding area dense woods.",NA,"Bayfield","Drummond. 3.1 miles from Pigeon Lake Camp on Highway 222 (Long View Rd.)",46.30007,-91.3224,NA,4271,"46.300070 N"," 91.322400 W","Georeferencing Quick Reference Guide 2012-10-02","Geolocate","",NA,"","July","Cornell; Brashier","Other Collectors"
"SUWS012393","Equisetopsida","Cornales","Cornaceae","Cornus canadensis",3215,"L.","Cornus","canadensis","","","","","Brashier","PL-101","1964-06-25",1964,6,25,177,"1964-06-25","","Along nature trail.",NA,"Bayfield","Drummond. Pigeon Lake Field Station",46.34228,-91.34901,NA,2257,"46.342280 N"," 91.349010 W","Georeferencing Quick Reference Guide 2012-10-02","Geolocate","",NA,"","June","Brashier; Valaskey","Brashier"
"SUWS012398","Equisetopsida","Cornales","Cornaceae","Cornus canadensis",3215,"L.","Cornus","canadensis","","","","","Thomson, John W., Jr.","s.n.","1942-07-31",1942,7,31,212,"1942-07-31","","Sandy soil.",NA,"Douglas","Superior",46.68122,-92.06631,NA,12939,"46.681220 N"," 92.066310 W","Georeferencing Quick Reference Guide 2012-10-02","Geolocate","",NA,"","July","Thomson, John W., Jr.","Thomson, John W., Jr."
"SUWS012411","Equisetopsida","Cornales","Cornaceae","Cornus stolonifera",12933,"Michx.","Cornus","stolonifera","","","","","Brashier","55a","1964-06-04",1964,6,4,156,"1964-06-04","","Grassy, dry hilltop area in park proper camping area.",NA,"Sheboygan","Greenbush. Kettle Morraine [Moraine] North State Park [near Greenbush]",43.75955,-88.08879,NA,2500,"43.759550 N"," 88.088790 W","Georeferencing Quick Reference Guide 2012-10-02","Geolocate","",NA,"","June","Brashier; Romans","Brashier"
"SUWS012421","Equisetopsida","Santalales","Santalaceae","Comandra umbellata subsp. umbellata",6585,"","Comandra","umbellata","umbellata","subsp.","Cochrane, Theodore S.","4/1972","Brashier","103b","1964-06-01",1964,6,1,153,"1964-06-01","","Open area bordering road, sandy soil.",NA,"Burnett","Danbury. 3 miles S of Danbury at jct. of Old 35 Rd. and State Hwy 35",45.96741,-92.36349,NA,150,"45.967410 N"," 92.363490 W","Georeferencing Quick Reference Guide 2012-10-02","Geolocate","",NA,"","June","Brashier; Romans","Brashier"
"SUWS012423","Equisetopsida","Santalales","Santalaceae","Comandra umbellata subsp. umbellata",6585,"","Comandra","umbellata","umbellata","subsp.","Cochrane, Theodore S.","4/1972","Brashier","83b","1964-06-02",1964,6,2,154,"1964-06-02","","Sandy area bordering oak forest adjacent to highway.",NA,"Polk","Osceola. 0.2 mile N of Osceola on State Hwy 35",45.33458,-92.68725,NA,500,"45.334580 N"," 92.687250 W","Georeferencing Quick Reference Guide 2012-10-02","Geolocate","",NA,"","June","Brashier; Romans","Brashier"
"SUWS012439","Equisetopsida","Malpighiales","Euphorbiaceae","Acalypha virginica",NA,"L., nom. cons.","","","","","","","Thomson, John W., Jr.","s.n.","1943-09-04",1943,9,4,247,"1943-09-04","","In orchard. [EXCLUDED]",NA,"Rock","Newville",42.8289,-89.0215,NA,3036,"42.828900 N"," 89.021500 W","Georeferencing Quick Reference Guide 2012-10-02","Geolocate","",NA,"","September","Thomson, John W., Jr.","Thomson, John W., Jr."
"SUWS012443","Equisetopsida","Malpighiales","Euphorbiaceae","Euphorbia corollata",3601,"L.","Euphorbia","corollata","","","Richardson, James W.","June 1975","Barnard","s.n.","1966-07-21",1966,7,21,202,"1966-07-21","","Sandy area.",NA,"Bayfield","Cable",46.20801,-91.29213,NA,3036,"46.208010 N"," 91.292130 W","Georeferencing Quick Reference Guide 2012-10-02","Geolocate","",NA,"","July","Barnard; Brashier","Other Collectors"
"SUWS012444","Equisetopsida","Malpighiales","Euphorbiaceae","Euphorbia corollata",3601,"L.","Euphorbia","corollata","","","Richardson, James W.","June 1975","Thomson, John W., Jr.","s.n.","1942-06-13",1942,6,13,164,"1942-06-13","","Prairie between RR and road.",NA,"Barron","Chetek. 1 mile N of Chetek",45.32861,-91.651,NA,2880,"45.328610 N"," 91.651000 W","Georeferencing Quick Reference Guide 2012-10-02","Geolocate","",NA,"","June","Thomson, John W., Jr.","Thomson, John W., Jr."
"SUWS012469","Equisetopsida","Vitales","Vitaceae","Parthenocissus quinquefolia",4437,"(L.) Planch.","Parthenocissus","quinquefolia","","","","","Castle, R.","93-309","1993-06-08",1993,6,8,159,"1993-06-08","","Riverbank, growing in pine.",NA,"Burnett","Siren. 8 miles N of Hwy 48 and Hwy 35 on Hwy 35 [S of Siren]",45.76688,-92.38459,NA,600,"45.766880 N"," 92.384590 W","Georeferencing Quick Reference Guide 2012-10-02","Geolocate","",NA,"","June","Castle, R.","Castle, R."
"SUWS012480","Equisetopsida","Fabales","Polygalaceae","Polygala paucifolia",4563,"Willd.","Polygala","paucifolia","","","","","Castle, R.","93-136","1993-05-31",1993,5,31,151,"1993-05-31","","Damp, shady soil.",NA,"Douglas","Brule. 1 mile E of Brule on Tri State Trail",46.553,-91.55553,NA,682,"46.553000 N"," 91.555530 W","Georeferencing Quick Reference Guide 2012-10-02","Geolocate","",NA,"","May","Castle, R.","Castle, R."
"SUWS012481","Equisetopsida","Fabales","Polygalaceae","Polygala paucifolia",4563,"Willd.","Polygala","paucifolia","","","","","Brashier","s.n.","1965-06-08",1965,6,8,159,"1965-06-08","","Sandy hillside; jackpine woods.",NA,"Douglas","Solon Springs. Solon Springs Wildlife Refuge",46.35327,-91.82241,NA,4012,"46.353270 N"," 91.822410 W","Georeferencing Quick Reference Guide 2012-10-02","Geolocate","",NA,"","June","Brashier; Romans","Brashier"
"SUWS012482","Equisetopsida","Fabales","Polygalaceae","Polygala paucifolia",4563,"Willd.","Polygala","paucifolia","","","","","Brashier","s.n.","1965-05-06",1965,5,6,126,"1965-05-06","","Very sandy hillside.",NA,"Douglas","Solon Springs. Solon Springs Wildlife Sanctuary, near conservation department buildings,",46.35327,-91.82241,NA,4012,"46.353270 N"," 91.822410 W","Georeferencing Quick Reference Guide 2012-10-02","Geolocate","",NA,"","May","Brashier; Romans","Brashier"
"SUWS012483","Equisetopsida","Fabales","Polygalaceae","Polygala polygama var. obtusata",6801,"Chodat","Polygala","polygama","obtusata","var.","","","Brashier","PL-18","1964-07-13",1964,7,13,195,"1964-07-13","","",NA,"Bayfield","Drummond. Pigeon Lake Field Station. [Possible question with specimen, as environment description includes Crex Meadows]",46.34228,-91.34901,NA,2257,"46.342280 N"," 91.349010 W","Georeferencing Quick Reference Guide 2012-10-02","Geolocate","",NA,"","July","Brashier; Grage","Brashier"
"SUWS012493","Equisetopsida","Sapindales","Sapindaceae","Acer negundo",2419,"L.","Acer","negundo","","","","","Castle, R.","93-78","1993-05-08",1993,5,8,128,"1993-05-08","","Higher ground, clay soil. Dioecious flowers, both sexes represented (picked at different times) [Date collected is the date Male flowers were collected]",NA,"Douglas","Superior. U[niv. of] W[isconsin] - Superior campus",46.71784,-92.08786,NA,699,"46.717840 N"," 92.087860 W","Georeferencing Quick Reference Guide 2012-10-02","Geolocate","",NA,"","May","Castle, R.","Castle, R."
"SUWS012495","Equisetopsida","Sapindales","Sapindaceae","Acer platanoides",2422,"L.","Acer","platanoides","","","","","Castle, R.","93 A-100","1993-05-13",1993,5,13,133,"1993-05-13","","Campus planting.",NA,"Douglas","Superior. U[niv. of] W[isconsin] - Superior campus",46.71784,-92.08786,NA,699,"46.717840 N"," 92.087860 W","Georeferencing Quick Reference Guide 2012-10-02","Geolocate","",NA,"","May","Castle, R.","Castle, R."
"SUWS012502","Equisetopsida","Sapindales","Sapindaceae","Acer platanoides",2422,"L.","Acer","platanoides","","","","","Castle, R.","93-400","1993-10-15",1993,10,15,288,"1993-10-15","","Planted ornamental.",NA,"Douglas","Superior. U[niv. of] W[isconsin] - Superior campus, near Old Main",46.71784,-92.08786,NA,699,"46.717840 N"," 92.087860 W","Georeferencing Quick Reference Guide 2012-10-02","Geolocate","",NA,"","October","Castle, R.","Castle, R."
"SUWS012506","Equisetopsida","Sapindales","Sapindaceae","Acer rubrum var. rubrum",6468,"","Acer","rubrum","rubrum","var.","","","Castle, R.","93-71","1993-05-04",1993,5,4,124,"1993-05-04","","Sandy soil.",NA,"Douglas","Solon Springs. 3 miles Solon Springs, St. Croix Boat landing",46.35327,-91.82241,NA,6009,"46.353270 N"," 91.822410 W","Georeferencing Quick Reference Guide 2012-10-02","Geolocate","",NA,"","May","Castle, R.","Castle, R."
"SUWS012510","Equisetopsida","Sapindales","Sapindaceae","Acer rubrum var. rubrum",6468,"","Acer","rubrum","rubrum","var.","","","Longenecker, Jean","16","1980-05-12",1980,5,12,133,"1980-05-12","","",NA,"Douglas","Amnicon Lake",46.47775,-92.06105,NA,2321,"46.477750 N"," 92.061050 W","Georeferencing Quick Reference Guide 2012-10-02","Geolocate","",NA,"","May","Longenecker, Jean","Other Collectors"
"SUWS012511","Equisetopsida","Sapindales","Sapindaceae","Acer rubrum var. rubrum",6468,"","Acer","rubrum","rubrum","var.","","","Brashier","PL-171","1964-07-23",1964,7,23,205,"1964-07-23","","",NA,"Bayfield","Drummond. Pigeon Lake Field Station",46.34228,-91.34901,NA,2257,"46.342280 N"," 91.349010 W","Georeferencing Quick Reference Guide 2012-10-02","Geolocate","",NA,"","July","Brashier; Walvoord","Brashier"
"SUWS012512","Equisetopsida","Sapindales","Sapindaceae","Acer rubrum var. rubrum",6468,"","Acer","rubrum","rubrum","var.","","","Brashier","PL-170","1964-07-17",1964,7,17,199,"1964-07-17","","",NA,"Bayfield","Drummond. Pigeon Lake Field Station",46.34228,-91.34901,NA,2257,"46.342280 N"," 91.349010 W","Georeferencing Quick Reference Guide 2012-10-02","Geolocate","",NA,"","July","Brashier; Gunderson","Brashier"
"SUWS012513","Equisetopsida","Sapindales","Sapindaceae","Acer saccharum var. saccharum",6469,"","Acer","saccharum","saccharum","var.","","","Brashier","PL-165","1964-07-23",1964,7,23,205,"1964-07-23","","In camp area near parking lot.",NA,"Bayfield","Drummond. Pigeon Lake Field Station",46.34228,-91.34901,NA,2257,"46.342280 N"," 91.349010 W","Georeferencing Quick Reference Guide 2012-10-02","Geolocate","",NA,"","July","Brashier; Parrish","Brashier"
"SUWS012516","Equisetopsida","Sapindales","Sapindaceae","Acer saccharum var. saccharum",6469,"","Acer","saccharum","saccharum","var.","","","Brashier","PL-164","1964-07-23",1964,7,23,205,"1964-07-23","","",NA,"Bayfield","Drummond. Pigeon Lake Field Station",46.34228,-91.34901,NA,2257,"46.342280 N"," 91.349010 W","Georeferencing Quick Reference Guide 2012-10-02","Geolocate","",NA,"","July","Brashier; Gall","Brashier"
"SUWS012517","Equisetopsida","Sapindales","Sapindaceae","Acer saccharinum",2424,"L.","Acer","saccharinum","","","","","Castle, R.","93-77","1993-05-07",1993,5,7,127,"1993-05-07","","Planted ornamental.",NA,"Douglas","Superior. U[niv. of] W[isconsin] - Superior campus",46.71784,-92.08786,NA,699,"46.717840 N"," 92.087860 W","Georeferencing Quick Reference Guide 2012-10-02","Geolocate","",NA,"","May","Castle, R.","Castle, R."
"SUWS012520","Equisetopsida","Sapindales","Sapindaceae","Acer saccharinum",2424,"L.","Acer","saccharinum","","","","","Castle, R.","93-65","1993-04-28",1993,4,28,118,"1993-04-28","","Planted ornamental.",NA,"Douglas","Superior. U[niv. of] W[isconsin] - Superior campus",46.71784,-92.08786,NA,699,"46.717840 N"," 92.087860 W","Georeferencing Quick Reference Guide 2012-10-02","Geolocate","",NA,"","April","Castle, R.","Castle, R."
"SUWS012524","Equisetopsida","Sapindales","Sapindaceae","Acer spicatum",2426,"Lam.","Acer","spicatum","","","","","Ojanen, Joanne M.","94-6","1994-09-13",1994,9,13,256,"1994-09-13","","Woodland, well-drained clay loam soil.",NA,"Douglas","Superior. Superior Municipal Forest on Billings Drive at foot of Dwights Point between Kimballs Bay and Pokegama River",46.67545,-92.14871,NA,2848,"46.675450 N"," 92.148710 W","Georeferencing Quick Reference Guide 2012-10-02","Geolocate","",NA,"","September","Ojanen, Joanne M.","Other Collectors"
"SUWS012528","Equisetopsida","Sapindales","Sapindaceae","Acer spicatum",2426,"Lam.","Acer","spicatum","","","","","Brashier","210a","1964-06-26",1964,6,26,178,"1964-06-26","","Rich woods, shade.",NA,"Douglas","Superior. 3 miles S of Superior on Hwy 35 on the Ralph Law property",46.65497,-92.10442,NA,4161,"46.654970 N"," 92.104420 W","Georeferencing Quick Reference Guide 2012-10-02","Geolocate","",NA,"","June","Brashier; Romans","Brashier"
"SUWS012529","Equisetopsida","Sapindales","Sapindaceae","Acer spicatum",2426,"Lam.","Acer","spicatum","","","","","Brashier","PL-166","1964-07-02",1964,7,2,184,"1964-07-02","","Woods.",NA,"Bayfield","Drummond. Pigeon Lake Field Station - across road from campus",46.34228,-91.34901,NA,2257,"46.342280 N"," 91.349010 W","Georeferencing Quick Reference Guide 2012-10-02","Geolocate","",NA,"","July","Brashier; Cherf","Brashier"
"SUWS012540","Equisetopsida","Sapindales","Anacardiaceae","Rhus hirta",13263,"(L.) Sudw.","Rhus","hirta","","","","","Castle, R.","93-304","1993-06-08",1993,6,8,159,"1993-06-08","","River bank. [Original as Rhus typhina]",NA,"Burnett","8 miles N of Hwy 48 and Hwy 35 on Hwy 35 [near Elbow Lake]",45.76688,-92.38459,NA,600,"45.766880 N"," 92.384590 W","Georeferencing Quick Reference Guide 2012-10-02","Geolocate","",NA,"","June","Castle, R.","Castle, R."
"SUWS012557","Equisetopsida","Oxalidales","Oxalidaceae","Oxalis dillenii",4390,"Jacq.","Oxalis","dillenii","","","","","Brashier","129b","1964-08-19",1964,8,19,232,"1964-08-19","","In lawn near sidewalk in open sunlight.",NA,"Douglas","Superior. U[niv. of] W[isconsin] - Superior campus",46.71784,-92.08786,NA,699,"46.717840 N"," 92.087860 W","Georeferencing Quick Reference Guide 2012-10-02","Geolocate","",NA,"","August","Brashier; Romans","Brashier"
"SUWS012562","Equisetopsida","Oxalidales","Oxalidaceae","Oxalis stricta",4392,"L.","Oxalis","stricta","","","","","Brashier","249a","1964-07-18",1964,7,18,200,"1964-07-18","","In lawn.",NA,"Douglas","Superior. 3 miles S of Superior on Hwy 35 on the Ralph Law property",46.65497,-92.10442,NA,4161,"46.654970 N"," 92.104420 W","Georeferencing Quick Reference Guide 2012-10-02","Geolocate","",NA,"","July","Brashier; Romans","Brashier"
"SUWS012563","Equisetopsida","Oxalidales","Oxalidaceae","Oxalis stricta",4392,"L.","Oxalis","stricta","","","","","Brashier","136a","1964-06-03",1964,6,3,155,"1964-06-03","","Growing on embankment, open sunlight.",NA,"Juneau","Wonewoc. 1 mile N of Wonewoc on Hwy 87, E of picnic area on RR embankment",43.66724,-90.22346,NA,1056,"43.667240 N"," 90.223460 W","Georeferencing Quick Reference Guide 2012-10-02","Geolocate","",NA,"","June","Brashier; Romans","Brashier"
"SUWS012567","Equisetopsida","Oxalidales","Oxalidaceae","Oxalis stricta",4392,"L.","Oxalis","stricta","","","","","Brashier","PL-12","1964-07-12",1964,7,12,194,"1964-07-12","","Nature trail.",NA,"Bayfield","Drummond. Pigeon Lake Field Station",46.34228,-91.34901,NA,2257,"46.342280 N"," 91.349010 W","Georeferencing Quick Reference Guide 2012-10-02","Geolocate","",NA,"","July","Brashier; Walvoord","Brashier"
"SUWS012573","Equisetopsida","Geraniales","Geraniaceae","Geranium carolinianum",3696,"L.","Geranium","carolinianum","","","","","Brashier","PL-90","1964-07-25",1964,7,25,207,"1964-07-25","","Dry soil in parking lot.",NA,"Bayfield","Drummond. Pigeon Lake Field Station",46.34228,-91.34901,NA,2257,"46.342280 N"," 91.349010 W","Georeferencing Quick Reference Guide 2012-10-02","Geolocate","",NA,"","July","Brashier; Cherf","Brashier"
"SUWS012574","Equisetopsida","Geraniales","Geraniaceae","Geranium carolinianum",3696,"L.","Geranium","carolinianum","","","","","Brashier","PL-89","1964-07-24",1964,7,24,206,"1964-07-24","","Dry soil in parking lot.",NA,"Bayfield","Drummond. Pigeon Lake Field Station",46.34228,-91.34901,NA,2257,"46.342280 N"," 91.349010 W","Georeferencing Quick Reference Guide 2012-10-02","Geolocate","",NA,"","July","Brashier; Thoren","Brashier"
"SUWS012578","Equisetopsida","Geraniales","Geraniaceae","Geranium maculatum",3698,"L.","Geranium","maculatum","","","","","Collins","s.n.","1966-07-10",1966,7,10,191,"1966-07-10","","Along roadside.",NA,"Bayfield","Drummond. Pigeon Lake",46.34228,-91.34901,NA,2257,"46.342280 N"," 91.349010 W","Georeferencing Quick Reference Guide 2012-10-02","Geolocate","",NA,"","July","Collins; Brashier","Other Collectors"
"SUWS012588","Equisetopsida","Ericales","Balsaminaceae","Impatiens capensis",3926,"Meerb.","Impatiens","capensis","","","","","Brashier","153b","1964-08-07",1964,8,7,220,"1964-08-07","","Very wet ditchside.",NA,"Douglas","Superior. 3 miles S of Superior on Hwy 35 on the Ralph Law property",46.65497,-92.10442,NA,4161,"46.654970 N"," 92.104420 W","Georeferencing Quick Reference Guide 2012-10-02","Geolocate","",NA,"","August","Brashier; Romans","Brashier"
"SUWS012592","Equisetopsida","Ericales","Balsaminaceae","Impatiens capensis",3926,"Meerb.","Impatiens","capensis","","","","","McDonald, Sue","404","1980-07-07",1980,7,7,189,"1980-07-07","","Shoreline in sandy soil.",NA,"Douglas","Superior. Wisconsin Point - Allouez Bay",46.69077,-92.00269,NA,3017,"46.690770 N"," 92.002690 W","Georeferencing Quick Reference Guide 2012-10-02","Geolocate","",NA,"","July","McDonald, Sue","Other Collectors"
"SUWS012593","Equisetopsida","Ericales","Balsaminaceae","Impatiens capensis",3926,"Meerb.","Impatiens","capensis","","","","","McGovern, Scott","92/5","1992-09-12",1992,9,12,256,"1992-09-12","","Shore of bay, direct sun, sandy soil.",NA,"Douglas","Superior. Wisconsin Point",46.69472,-91.99265,NA,2450,"46.694720 N"," 91.992650 W","Georeferencing Quick Reference Guide 2012-10-02","Geolocate","",NA,"","September","McGovern, Scott","Other Collectors"
"SUWS012594","Equisetopsida","Ericales","Balsaminaceae","Impatiens capensis",3926,"Meerb.","Impatiens","capensis","","","","","Smith","s.n.","1964-07-29",1964,7,29,211,"1964-07-29","","Along the lakeshore.",NA,"Bayfield","Drummond. Pigeon Lake area",46.34228,-91.34901,NA,2257,"46.342280 N"," 91.349010 W","Georeferencing Quick Reference Guide 2012-10-02","Geolocate","",NA,"","July","Smith; Brashier","Other Collectors"
"SUWS012603","Equisetopsida","Apiales","Araliaceae","Aralia nudicaulis",2580,"L.","Aralia","nudicaulis","","","","","Gunderson","s.n.","1964-07-23",1964,7,23,205,"1964-07-23","","Roadside.",NA,"Bayfield","Drummond. Pigeon Lake Field Station",46.34228,-91.34901,NA,2257,"46.342280 N"," 91.349010 W","Georeferencing Quick Reference Guide 2012-10-02","Geolocate","",NA,"","July","Gunderson; Brashier","Other Collectors"
"SUWS012607","Equisetopsida","Apiales","Araliaceae","Aralia racemosa",2581,"L.","Aralia","racemosa","","","","","Mitchell, John A.","s.n.","1968-07-28",1968,7,28,210,"1968-07-28","","Near river, cedar grove, deep shade.",NA,"Douglas","Stone's Bridge, CTH S, near Brule River",46.4353,-91.67262,NA,1162,"46.435300 N"," 91.672620 W","Georeferencing Quick Reference Guide 2012-10-02","Geolocate","",NA,"","July","Mitchell, John A.","Other Collectors"
"SUWS012610","Equisetopsida","Apiales","Araliaceae","Panax trifolius",4404,"L.","Panax","trifolius","","","","","Brashier","8d","1964-06-01",1964,6,1,153,"1964-06-01","","Shrubby vegetated area, ground mostly moist with dark soil.",NA,"Douglas","Patzau. 0.5 mile W of Hwy 35 on CTH BB on th James Romans farm [E of Patzau]",46.48986,-92.18414,NA,1517,"46.489860 N"," 92.184140 W","Georeferencing Quick Reference Guide 2012-10-02","Geolocate","",NA,"","June","Brashier; Romans","Brashier"
"SUWS012613","Equisetopsida","Apiales","Araliaceae","Panax trifolius",4404,"L.","Panax","trifolius","","","","","Brashier","s.n.","1965-05-20",1965,5,20,140,"1965-05-20","","Rich woods.",NA,"Douglas","Patzau. 0.5 mile W of Hwy 35 on CTH BB on th James Romans farm [E of Patzau]",46.48986,-92.18414,NA,1517,"46.489860 N"," 92.184140 W","Georeferencing Quick Reference Guide 2012-10-02","Geolocate","",NA,"","May","Brashier; Romans","Brashier"
"SUWS012625","Equisetopsida","Apiales","Apiaceae","Cicuta maculata",3129,"L.","Cicuta","maculata","","","","","Cornell","s.n.","1966-07-13",1966,7,13,194,"1966-07-13","","Roadside, wet ditch, thick woods nearby.",NA,"Bayfield","Iron River. Jct. of Rd. 222 and CTH A [Hwy 2?- if so, Iron River]",46.56545,-91.41803,NA,894,"46.565450 N"," 91.418030 W","Georeferencing Quick Reference Guide 2012-10-02","Geolocate","",NA,"","July","Cornell; Brashier","Other Collectors"
"SUWS012626","Equisetopsida","Apiales","Apiaceae","Cicuta maculata",3129,"L.","Cicuta","maculata","","","","","Thomson, John W., Jr.","s.n.","1942-06-20",1942,6,20,171,"1942-06-20","","",NA,"Juneau","New Lisbon. S of New Lisbon",43.83854,-90.16609,NA,4802,"43.838540 N"," 90.166090 W","Georeferencing Quick Reference Guide 2012-10-02","Geolocate","",NA,"","June","Thomson, John W., Jr.","Thomson, John W., Jr."
"SUWS012632","Equisetopsida","Apiales","Apiaceae","Daucus carota",3356,"L.","Daucus","carota","","","","","Castle, R.","93-353","1993-08-11",1993,8,11,223,"1993-08-11","","Roadside.",NA,"Douglas","Brule. Near old Waino Dump, 6 miles N of Brule",46.63986,-91.57658,NA,2554,"46.639860 N"," 91.576580 W","Georeferencing Quick Reference Guide 2012-10-02","Geolocate","",NA,"","August","Castle, R.","Castle, R."
"SUWS012633","Equisetopsida","Apiales","Apiaceae","Daucus carota",3356,"L.","Daucus","carota","","","","","Holmgren","s.n.","1964-06-28",1964,6,28,180,"1964-06-28","","Along street.",NA,"Douglas","Superior",46.68122,-92.06631,NA,12939,"46.681220 N"," 92.066310 W","Georeferencing Quick Reference Guide 2012-10-02","Geolocate","",NA,"","June","Holmgren; Brashier","Other Collectors"
"SUWS012634","Equisetopsida","Apiales","Apiaceae","Daucus carota",3356,"L.","Daucus","carota","","","","","Brashier","92a","1964-06-04",1964,6,4,156,"1964-06-04","","In deep woods in very wet area.",NA,"Manitowoc","Near Kasbaum Lake on State Hwy 42 S of the jct. with U.S. Hwy 151",44.05936,-87.73621,NA,200,"44.059360 N"," 87.736210 W","Georeferencing Quick Reference Guide 2012-10-02","Geolocate","",NA,"","June","Brashier; Romans","Brashier"
"SUWS012639","Equisetopsida","Apiales","Apiaceae","Heracleum lanatum",13072,"Michx.","Heracleum","lanatum","","","Unknown-UWSUP","20Mar1979","Brashier","250a","1964-06-27",1964,6,27,179,"1964-06-27","","Wet ditch.",NA,"Douglas","Superior. Wisconsin Point Road",46.69472,-91.99265,NA,2450,"46.694720 N"," 91.992650 W","Georeferencing Quick Reference Guide 2012-10-02","Geolocate","",NA,"","June","Brashier; Romans","Brashier"
"SUWS012649","Equisetopsida","Apiales","Apiaceae","Osmorhiza claytonii",4380,"(Michx.) C.B.Clarke","Osmorhiza","claytonii","","","","","Brashier","102c","1964-06-04",1964,6,4,156,"1964-06-04","","Sandy roadside area in open sunlight.",NA,"Sheboygan","Greenbush. Kettle Moraine North State Park; in camping area [near Greenbush]",43.74982,-88.10536,NA,600,"43.749820 N"," 88.105360 W","Georeferencing Quick Reference Guide 2012-10-02","Geolocate","",NA,"","June","Brashier; Romans","Brashier"
"SUWS012665","Equisetopsida","Apiales","Apiaceae","Zizia aurea",5463,"(L.) W.D.J.Koch","Zizia","aurea","","","","","Brashier","PL-91","1964-06-28",1964,6,28,180,"1964-06-28","","",NA,"Bayfield","Pigeon Lake Field Station",46.34228,-91.34901,NA,2257,"46.342280 N"," 91.349010 W","Georeferencing Quick Reference Guide 2012-10-02","Geolocate","",NA,"","June","Brashier; Parrish","Brashier"
"SUWS012667","Equisetopsida","Apiales","Apiaceae","Zizia aurea",5463,"(L.) W.D.J.Koch","Zizia","aurea","","","","","Brashier","PL-92","1964-07-23",1964,7,23,205,"1964-07-23","","",NA,"Bayfield","Pigeon Lake Field Station",46.34228,-91.34901,NA,2257,"46.342280 N"," 91.349010 W","Georeferencing Quick Reference Guide 2012-10-02","Geolocate","",NA,"","July","Brashier; Ruff","Brashier"
"SUWS012669","Equisetopsida","Gentianales","Gentianaceae","Centaurium pulchellum",3073,"(Sw.) Druce","Centaurium","pulchellum","","","","","Castle, R.","94-222A","1994-07-28",1994,7,28,209,"1994-07-28","","Mowed area. [locally naturalized in two mowed areas, both low and flat; one near the football field, the other by the hockey arena - R.D. Gitar -- Comment written on label].",NA,"Douglas","Superior. Univ. of Wisconsin - Superior Campus, near football field",46.71784,-92.08786,NA,699,"46.717840 N"," 92.087860 W","Georeferencing Quick Reference Guide 2012-10-02","Geolocate","",NA,"","July","Castle, R.","Castle, R."
"SUWS012681","Equisetopsida","Gentianales","Apocynaceae","Apocynum androsaemifolium",2562,"L.","Apocynum","androsaemifolium","","","","","Hjerleid","s.n.","1966-07-14",1966,7,14,195,"1966-07-14","","Woody clearing; roadside.",NA,"Bayfield","Drummond. 0.5 mile W of Drummond on CTH A",46.33689,-91.27841,NA,2280,"46.336890 N"," 91.278410 W","Georeferencing Quick Reference Guide 2012-10-02","Geolocate","",NA,"","July","Hjerleid; Brashier","Other Collectors"
"SUWS012682","Equisetopsida","Gentianales","Apocynaceae","Apocynum androsaemifolium",2562,"L.","Apocynum","androsaemifolium","","","","","Brashier","246a","1964-06-27",1964,6,27,179,"1964-06-27","","Open area near wood's edge.",NA,"Douglas","Patzau. 0.5 mile W of State Hwy 35 on CTH BB on the James Romans Property [E of Patzau]",46.48986,-92.18414,NA,1517,"46.489860 N"," 92.184140 W","Georeferencing Quick Reference Guide 2012-10-02","Geolocate","",NA,"","June","Brashier; Romans","Brashier"
"SUWS012683","Equisetopsida","Gentianales","Apocynaceae","Apocynum androsaemifolium",2562,"L.","Apocynum","androsaemifolium","","","","","Cornell","s.n.","1966-07-03",1966,7,3,184,"1966-07-03","","Soil sandy and loose; cover - low vegetation, surrounding area densly wooded.",NA,"Bayfield","1.3 miles from the Pigeon Lake Camp on Hwy. 202 (Long View Rd.)",46.31502,-91.32317,NA,2241,"46.315020 N"," 91.323170 W","Georeferencing Quick Reference Guide 2012-10-02","Geolocate","",NA,"","July","Cornell; Brashier","Other Collectors"
"SUWS012684","Equisetopsida","Gentianales","Apocynaceae","Apocynum androsaemifolium",2562,"L.","Apocynum","androsaemifolium","","","","","Brashier","PL-56","1964-07-09",1964,7,9,191,"1964-07-09","","Near lake.",NA,"Bayfield","Pigeon Lake Field Station; near Lake Drummond",46.34228,-91.34901,NA,2257,"46.342280 N"," 91.349010 W","Georeferencing Quick Reference Guide 2012-10-02","Geolocate","",NA,"","July","Brashier; Walvoord","Brashier"
"SUWS012685","Equisetopsida","Gentianales","Apocynaceae","Apocynum androsaemifolium",2562,"L.","Apocynum","androsaemifolium","","","","","Brashier","PL-57","1964-07-01",1964,7,1,183,"1964-07-01","","Roadside, near lake.",NA,"Bayfield","Pigeon Lake Field Station; near Lake Drummond",46.34228,-91.34901,NA,2257,"46.342280 N"," 91.349010 W","Georeferencing Quick Reference Guide 2012-10-02","Geolocate","",NA,"","July","Brashier; Thoren","Brashier"
"SUWS012686","Equisetopsida","Gentianales","Apocynaceae","Apocynum androsaemifolium",2562,"L.","Apocynum","androsaemifolium","","","","","Brashier","PL-58","1964-06-25",1964,6,25,177,"1964-06-25","","Nature trail.",NA,"Bayfield","Pigeon Lake Field Station",46.34228,-91.34901,NA,2257,"46.342280 N"," 91.349010 W","Georeferencing Quick Reference Guide 2012-10-02","Geolocate","",NA,"","June","Brashier; Janowski","Brashier"
"SUWS012688","Equisetopsida","Gentianales","Apocynaceae","Apocynum androsaemifolium",2562,"L.","Apocynum","androsaemifolium","","","","","Hicks, James","s.n.","1943-08-08",1943,8,8,220,"1943-08-08","","Growing in open meadow.",NA,"Douglas","Superior",46.68122,-92.06631,NA,12939,"46.681220 N"," 92.066310 W","Georeferencing Quick Reference Guide 2012-10-02","Geolocate","",NA,"","August","Hicks, James","Other Collectors"
"SUWS012689","Equisetopsida","Gentianales","Apocynaceae","Apocynum androsaemifolium",2562,"L.","Apocynum","androsaemifolium","","","","","Sima, Bessie R.","s.n.","1944-08-15",1944,8,15,228,"1944-08-15","","Dry thicket.",NA,"Price","Phillips",45.69663,-90.40043,NA,2976,"45.696630 N"," 90.400430 W","Georeferencing Quick Reference Guide 2012-10-02","Geolocate","",NA,"","August","Sima, Bessie R.","Other Collectors"
"SUWS012690","Equisetopsida","Gentianales","Apocynaceae","Apocynum androsaemifolium",2562,"L.","Apocynum","androsaemifolium","","","","","Barnard","s.n.","1966-07-16",1966,7,16,197,"1966-07-16","","Sandy, shade.",NA,"Bayfield","Drummond",46.33689,-91.25797,NA,6377,"46.336890 N"," 91.257970 W","Georeferencing Quick Reference Guide 2012-10-02","Geolocate","",NA,"","July","Barnard; Brashier","Other Collectors"
"SUWS012691","Equisetopsida","Gentianales","Apocynaceae","Apocynum androsaemifolium",2562,"L.","Apocynum","androsaemifolium","","","","","Mackensen","s.n.","1966-07-08",1966,7,8,189,"1966-07-08","","Roadside, sandy.",NA,"Bayfield","1 mile N of Pigeon Lake on CTH D",46.35676,-91.34901,NA,2434,"46.356760 N"," 91.349010 W","Georeferencing Quick Reference Guide 2012-10-02","Geolocate","",NA,"","July","Mackensen; Brashier","Other Collectors"
"SUWS012703","Equisetopsida","Gentianales","Apocynaceae","Asclepias incarnata subsp. incarnata",6500,"","Asclepias","incarnata","incarnata","subsp.","Cochrane, Theodore S.","3/1972","Cherf","s.n.","1964-07-15",1964,7,15,197,"1964-07-15","","Along the shore of the lake.",NA,"Bayfield","Pigeon Lake Field Station",46.34228,-91.34901,NA,2257,"46.342280 N"," 91.349010 W","Georeferencing Quick Reference Guide 2012-10-02","Geolocate","",NA,"","July","Cherf; Brashier","Other Collectors"
"SUWS012705","Equisetopsida","Gentianales","Apocynaceae","Asclepias incarnata subsp. incarnata",6500,"","Asclepias","incarnata","incarnata","subsp.","Cochrane, Theodore S.","3/1972","Brashier","PL-34","1964-07-20",1964,7,20,202,"1964-07-20","","Roadside.",NA,"Bayfield","Pigeon Lake Field Station",46.34228,-91.34901,NA,2257,"46.342280 N"," 91.349010 W","Georeferencing Quick Reference Guide 2012-10-02","Geolocate","",NA,"","July","Brashier; Janowski","Brashier"
"SUWS012712","Equisetopsida","Gentianales","Apocynaceae","Asclepias tuberosa var. interior",12849,"(Woodson) Shinners","Asclepias","tuberosa","interior","var.","Cochrane, Theodore S.","3/1972","Brashier","PL-38","1964-07-13",1964,7,13,195,"1964-07-13","","",NA,"Bayfield","Pigeon Lake Field Station",46.34228,-91.34901,NA,2257,"46.342280 N"," 91.349010 W","Georeferencing Quick Reference Guide 2012-10-02","Geolocate","",NA,"","July","Brashier; Smith","Brashier"
"SUWS012713","Equisetopsida","Gentianales","Apocynaceae","Asclepias tuberosa var. interior",12849,"(Woodson) Shinners","Asclepias","tuberosa","interior","var.","Cochrane, Theodore S.","3/1972","Brashier","PL-39","1964-07-13",1964,7,13,195,"1964-07-13","","Prairie habitat.",NA,"Burnett","Grantsburg. Crex Meadows. [Label has both Pigeon Lake Field Station (Bayfield Co.) and Crex Meadow (Burnett Co.) - Using Burnett Co. based upon other collection of same date and close",45.851,-92.64154,NA,5000,"45.851000 N"," 92.641540 W","Georeferencing Quick Reference Guide 2012-10-02","Geolocate","",NA,"","July","Brashier; Grage","Brashier"
"SUWS012714","Equisetopsida","Gentianales","Apocynaceae","Asclepias tuberosa var. interior",12849,"(Woodson) Shinners","Asclepias","tuberosa","interior","var.","Cochrane, Theodore S.","3/1972","Barnard","s.n.","1966-07-10",1966,7,10,191,"1966-07-10","","Edge of woods.",NA,"Polk","Frederic",45.65912,-92.46714,NA,2000,"45.659120 N"," 92.467140 W","Georeferencing Quick Reference Guide 2012-10-02","Geolocate","",NA,"","July","Barnard; Brashier","Other Collectors"
"SUWS012715","Equisetopsida","Gentianales","Apocynaceae","Asclepias tuberosa var. interior",12849,"(Woodson) Shinners","Asclepias","tuberosa","interior","var.","","","Castle, R.","93-310","1993-06-08",1993,6,8,159,"1993-06-08","","Roadside.",NA,"Burnett","Siren. 7 miles N of Hwy 48 on Hwy 35 [S of Siren]",45.74213,-92.38309,NA,700,"45.742130 N"," 92.383090 W","Georeferencing Quick Reference Guide 2012-10-02","Geolocate","",NA,"","June","Castle, R.","Castle, R."
"SUWS012716","Equisetopsida","Gentianales","Apocynaceae","Asclepias tuberosa var. interior",12849,"(Woodson) Shinners","Asclepias","tuberosa","interior","var.","Cochrane, Theodore S.","3/1972","Barnard","s.n.","1966-07-10",1966,7,10,191,"1966-07-10","","Sandy area.",NA,"Polk","Frederic",45.65912,-92.46714,NA,2000,"45.659120 N"," 92.467140 W","Georeferencing Quick Reference Guide 2012-10-02","Geolocate","",NA,"","July","Barnard; Brashier","Other Collectors"
"SUWS012719","Equisetopsida","Gentianales","Apocynaceae","Asclepias hirtella",2637,"(Pennell) Woodson","Asclepias","hirtella","","","","","Thomson, John W., Jr.","s.n.","1942-06-21",1942,6,21,172,"1942-06-21","","",NA,"Juneau","New Lisbon. S of New Lisbon",43.83854,-90.16609,NA,4802,"43.838540 N"," 90.166090 W","Georeferencing Quick Reference Guide 2012-10-02","Geolocate","",NA,"","June","Thomson, John W., Jr.","Thomson, John W., Jr."
"SUWS012726","Equisetopsida","Gentianales","Apocynaceae","Asclepias syriaca",2644,"L.","Asclepias","syriaca","","","Cochrane, Theodore S.","3/1972","Brashier","PL-35","1964-07-20",1964,7,20,202,"1964-07-20","","Open space aside sandy roadside.",NA,"Bayfield","Pigeon Lake Field Station",46.34228,-91.34901,NA,2257,"46.342280 N"," 91.349010 W","Georeferencing Quick Reference Guide 2012-10-02","Geolocate","",NA,"","July","Brashier; Raatz","Brashier"
"SUWS012727","Equisetopsida","Gentianales","Apocynaceae","Asclepias syriaca",2644,"L.","Asclepias","syriaca","","","Cochrane, Theodore S.","3/1972","Brashier","PL-36","1964-07-16",1964,7,16,198,"1964-07-16","","Near shore of lake.",NA,"Bayfield","Pigeon Lake Field Station",46.34228,-91.34901,NA,2257,"46.342280 N"," 91.349010 W","Georeferencing Quick Reference Guide 2012-10-02","Geolocate","",NA,"","July","Brashier; Janowski","Brashier"
"SUWS012728","Equisetopsida","Gentianales","Apocynaceae","Asclepias syriaca",2644,"L.","Asclepias","syriaca","","","Cochrane, Theodore S.","3/1972","Brashier","s.n.","1966-07-12",1966,7,12,193,"1966-07-12","","Sandy roadside.",NA,"Bayfield","CTH A near Pigeon Lake",46.3418,-91.34766,NA,2037,"46.341800 N"," 91.347660 W","Georeferencing Quick Reference Guide 2012-10-02","Geolocate","",NA,"","July","Brashier","Brashier"
"SUWS012729","Equisetopsida","Gentianales","Apocynaceae","Asclepias syriaca",2644,"L.","Asclepias","syriaca","","","Cochrane, Theodore S.","3/1972","Brashier","181","1964-08-04",1964,8,4,217,"1964-08-04","","Sandy roadside.",NA,"Burnett","Danbury. 4 miles N of Danbury on State Hwy. 35",46.05167,-92.30264,NA,1000,"46.051670 N"," 92.302640 W","Georeferencing Quick Reference Guide 2012-10-02","Geolocate","",NA,"","August","Brashier; Romans","Brashier"
"SUWS012735","Equisetopsida","Solanales","Solanaceae","Leucophysalis grandiflora",8627,"(Hook.) Rydb.","Leucophysalis","grandiflora","","","","","Brashier","74b","1964-06-01",1964,6,1,153,"1964-06-01","","Open, sandy roadside area adjacent to woods.",NA,"Burnett","Danbury. 3 miles S of Danbury at jct. of Old 35 Rd. and Hwy 35",45.96741,-92.36349,NA,150,"45.967410 N"," 92.363490 W","Georeferencing Quick Reference Guide 2012-10-02","Geolocate","",NA,"","June","Brashier; Romans","Brashier"
"SUWS012736","Equisetopsida","Solanales","Solanaceae","Leucophysalis grandiflora",8627,"(Hook.) Rydb.","Leucophysalis","grandiflora","","","","","Brashier","188b","1964-08-27",1964,8,27,240,"1964-08-27","","In weedy area near scrap iron heap.",NA,"Douglas","Patzau. 0.5 mile W of State Hwy 35 on CTH BB on the James Romans Property [E of Patzau]",46.48986,-92.18414,NA,1517,"46.489860 N"," 92.184140 W","Georeferencing Quick Reference Guide 2012-10-02","Geolocate","",NA,"","August","Brashier; Romans","Brashier"
"SUWS012738","Equisetopsida","Solanales","Solanaceae","Solanum dulcamara",8664,"L.","Solanum","dulcamara","","","","","Anderson, Danette","11","1992-09-12",1992,9,12,256,"1992-09-12","","Upper beach, sandy soil. Red berries, purple flowers with yellow center: shrub vine-like.",NA,"Douglas","Superior",46.68122,-92.06631,NA,12939,"46.681220 N"," 92.066310 W","Georeferencing Quick Reference Guide 2012-10-02","Geolocate","",NA,"","September","Anderson, Danette","Other Collectors"
"SUWS012739","Equisetopsida","Solanales","Solanaceae","Solanum dulcamara",8664,"L.","Solanum","dulcamara","","","","","Koch, Rudy G.","12487","1980-09-10",1980,9,10,254,"1980-09-10","","On shrubs on sand bar and adjacent disturbed trailside.",NA,"La Crosse","La Crosse. Along Mississippi River in Pettibone Park, on the W side of La Crosse near Hwy. 14",43.81789,-91.26217,NA,500,"43.817890 N"," 91.262170 W","Georeferencing Quick Reference Guide 2012-10-02","Geolocate","",NA,"","September","Koch, Rudy G.","Koch, Rudy G."
"SUWS012740","Equisetopsida","Solanales","Solanaceae","Solanum dulcamara",8664,"L.","Solanum","dulcamara","","","","","Brashier","128c","1964-08-19",1964,8,19,232,"1964-08-19","","On north side of building in shade.",NA,"Douglas","Superior. Near steam plant on Univ. of Wisconsin - Superior campus",46.71784,-92.08786,NA,699,"46.717840 N"," 92.087860 W","Georeferencing Quick Reference Guide 2012-10-02","Geolocate","",NA,"","August","Brashier; Romans","Brashier"
"SUWS012743","Equisetopsida","Solanales","Solanaceae","Solanum ptychanthum",8671,"Dunal","Solanum","ptychanthum","","","","","Brashier","PL-132","1964-07-26",1964,7,26,208,"1964-07-26","","",NA,"Bayfield","Pigeon Lake Field Station",46.34228,-91.34901,NA,2257,"46.342280 N"," 91.349010 W","Georeferencing Quick Reference Guide 2012-10-02","Geolocate","",NA,"","July","Brashier; Walvoord","Brashier"
"SUWS012744","Equisetopsida","Solanales","Solanaceae","Solanum ptychanthum",8671,"Dunal","Solanum","ptychanthum","","","","","Brashier","PL-131","1964-07-23",1964,7,23,205,"1964-07-23","","Open area.",NA,"Bayfield","Pigeon Lake Field Station",46.34228,-91.34901,NA,2257,"46.342280 N"," 91.349010 W","Georeferencing Quick Reference Guide 2012-10-02","Geolocate","",NA,"","July","Brashier; Janowski","Brashier"
"SUWS012745","Equisetopsida","Solanales","Solanaceae","Solanum ptychanthum",8671,"Dunal","Solanum","ptychanthum","","","","","Cornell","s.n.","1966-07-17",1966,7,17,198,"1966-07-17","","Roadside, soil sandy and loose, relatively shadey.",NA,"Bayfield","1 mile W of Pigeon Lake Camp",46.34228,-91.36998,NA,1770,"46.342280 N"," 91.369980 W","Georeferencing Quick Reference Guide 2012-10-02","Geolocate","",NA,"","July","Cornell; Brashier","Other Collectors"
"SUWS012752","Equisetopsida","Solanales","Solanaceae","Physalis heterophylla var. heterophylla",8778,"","Physalis","heterophylla","heterophylla","var.","","","Brashier","PL-16","1964-07-27",1964,7,27,209,"1964-07-27","","",NA,"Bayfield","Pigeon Lake Field Station",46.34228,-91.34901,NA,2257,"46.342280 N"," 91.349010 W","Georeferencing Quick Reference Guide 2012-10-02","Geolocate","",NA,"","July","Brashier; Parrish","Brashier"
"SUWS012755","Equisetopsida","Solanales","Solanaceae","Physalis heterophylla var. heterophylla",8778,"","Physalis","heterophylla","heterophylla","var.","","","Cornell","s.n.","1966-07-02",1966,7,2,183,"1966-07-02","","Soil sandy and loose, contains much sawdust.",NA,"Bayfield","Drummond. NE edge of factory district of Drummond",46.33689,-91.25797,NA,6377,"46.336890 N"," 91.257970 W","Georeferencing Quick Reference Guide 2012-10-02","Geolocate","",NA,"","July","Cornell; Brashier","Other Collectors"
"SUWS012756","Equisetopsida","Solanales","Solanaceae","Physalis heterophylla var. heterophylla",8778,"","Physalis","heterophylla","heterophylla","var.","","","Brashier","PL-15","1964-07-25",1964,7,25,207,"1964-07-25","","Parking lot.",NA,"Bayfield","Pigeon Lake Field Station",46.34228,-91.34901,NA,2257,"46.342280 N"," 91.349010 W","Georeferencing Quick Reference Guide 2012-10-02","Geolocate","",NA,"","July","Brashier; Thoren","Brashier"
"SUWS012757","Equisetopsida","Solanales","Solanaceae","Physalis virginiana var. virginiana",8780,"","Physalis","virginiana","virginiana","var.","","","Brashier","75c","1964-06-02",1964,6,2,154,"1964-06-02","","Sandy soil between road and adjacent woods; in shade of woods.",NA,"Polk","Osceola. 0.2 mile N of Osceola on State Hwy 35",45.33458,-92.68725,NA,500,"45.334580 N"," 92.687250 W","Georeferencing Quick Reference Guide 2012-10-02","Geolocate","",NA,"","June","Brashier; Romans","Brashier"
"SUWS012758","Equisetopsida","Solanales","Solanaceae","Physalis virginiana var. virginiana",8780,"","Physalis","virginiana","virginiana","var.","","","Cornell","s.n.","1966-07-05",1966,7,5,186,"1966-07-05","","Soil red and sandy and firm.",NA,"Bayfield","Drummond. 1.2 miles E of Drummond on Hwy 216",46.33701,-91.2328,NA,2056,"46.337010 N"," 91.232800 W","Georeferencing Quick Reference Guide 2012-10-02","Geolocate","",NA,"","July","Cornell; Brashier","Other Collectors"
"SUWS012766","Equisetopsida","Solanales","Convolvulaceae","Calystegia spithamaea",2851,"(L.) Pursh","Calystegia","spithamaea","","","Castle, R.","1994","Brashier","PL-103","1964-07-15",1964,7,15,197,"1964-07-15","","Along roadside.",NA,"Bayfield","Pigeon Lake Field Station",46.34228,-91.34901,NA,2257,"46.342280 N"," 91.349010 W","Georeferencing Quick Reference Guide 2012-10-02","Geolocate","",NA,"","July","Brashier; Cherf","Brashier"
"SUWS012768","Equisetopsida","Solanales","Convolvulaceae","Calystegia spithamaea",2851,"(L.) Pursh","Calystegia","spithamaea","","","Castle, R.","1994","Brashier","PL-104","1964-07-02",1964,7,2,184,"1964-07-02","","Open area in woods.",NA,"Bayfield","Pigeon Lake Field Station",46.34228,-91.34901,NA,2257,"46.342280 N"," 91.349010 W","Georeferencing Quick Reference Guide 2012-10-02","Geolocate","",NA,"","July","Brashier; Paulsen","Brashier"
"SUWS012770","Equisetopsida","Solanales","Convolvulaceae","Calystegia sepium",2850,"(L.) R.Br.","Calystegia","sepium","","","Castle, R.","1994","Cherf","s.n.","1964-07-20",1964,7,20,202,"1964-07-20","","In brush along nature trail.",NA,"Bayfield","Pigeon Lake Field Station",46.34228,-91.34901,NA,2257,"46.342280 N"," 91.349010 W","Georeferencing Quick Reference Guide 2012-10-02","Geolocate","",NA,"","July","Cherf; Brashier","Other Collectors"
"SUWS012771","Equisetopsida","Solanales","Convolvulaceae","Calystegia sepium",2850,"(L.) R.Br.","Calystegia","sepium","","","Castle, R.","1994","Wassgren","s.n.","1964-07-22",1964,7,22,204,"1964-07-22","","Roadside.",NA,"Bayfield","W of Pigeon Lake",46.34228,-91.36998,NA,1770,"46.342280 N"," 91.369980 W","Georeferencing Quick Reference Guide 2012-10-02","Geolocate","",NA,"","July","Wassgren; Brashier","Other Collectors"
"SUWS012772","Equisetopsida","Solanales","Convolvulaceae","Calystegia sepium",2850,"(L.) R.Br.","Calystegia","sepium","","","Castle, R.","1994","Brashier","215a","1964-06-30",1964,6,30,182,"1964-06-30","","Very steep, sandy roadside embankment.",NA,"Bayfield","Drummond. On State Hwy 63, 1 mile S of the jct. with CTH A [CTH A does not jct. with Hwy 63 but does jct. with CTH N which then jcts. with Hwy 63 at Drummond]",46.31485,-91.28028,NA,2013,"46.314850 N"," 91.280280 W","Georeferencing Quick Reference Guide 2012-10-02","Geolocate","",NA,"","June","Brashier; Romans","Brashier"
"SUWS012773","Equisetopsida","Solanales","Convolvulaceae","Calystegia sepium",2850,"(L.) R.Br.","Calystegia","sepium","","","Castle, R.","1994","Brashier","PL-106","1964-07-11",1964,7,11,193,"1964-07-11","","Open fields.",NA,"Bayfield","Pigeon Lake Field Station",46.34228,-91.34901,NA,2257,"46.342280 N"," 91.349010 W","Georeferencing Quick Reference Guide 2012-10-02","Geolocate","",NA,"","July","Brashier; Thoren","Brashier"
"SUWS012774","Equisetopsida","Solanales","Convolvulaceae","Calystegia sepium",2850,"(L.) R.Br.","Calystegia","sepium","","","Castle, R.","1994","Brashier","PL-105","1964-07-10",1964,7,10,192,"1964-07-10","","Along gravel road, vining over low shrubs.",NA,"Bayfield","Drummond. Near Lake Drummond",46.34393,-91.26114,NA,1856,"46.343930 N"," 91.261140 W","Georeferencing Quick Reference Guide 2012-10-02","Geolocate","",NA,"","July","Brashier; Walvoord","Brashier"
"SUWS012775","Equisetopsida","Solanales","Convolvulaceae","Calystegia sepium",2850,"(L.) R.Br.","Calystegia","sepium","","","Castle, R.","1994","Brashier","215b","1964-06-30",1964,6,30,182,"1964-06-30","","Very steep, sandy roadside embankment.",NA,"Bayfield","Drummond. On State Hwy. 63, 1 mile S of the jct. eith CTH A [CTH A does not jct. with Hwy 63 but does jct. with CTH N which then jcts. with Hwy 63 at Drummond]",46.31485,-91.28028,NA,2013,"46.314850 N"," 91.280280 W","Georeferencing Quick Reference Guide 2012-10-02","Geolocate","",NA,"","June","Brashier; Romans","Brashier"
"SUWS012778","Equisetopsida","Solanales","Convolvulaceae","Calystegia spithamaea",2851,"(L.) Pursh","Calystegia","spithamaea","","","Castle, R.","1994","Cornell","s.n.","1966-07-07",1966,7,7,188,"1966-07-07","","Soil sandy and loose.",NA,"Bayfield","Drummond. 3.4 miles E of Drummond on Hwy 216",46.30712,-91.20899,NA,3044,"46.307120 N"," 91.208990 W","Georeferencing Quick Reference Guide 2012-10-02","Geolocate","",NA,"","July","Cornell; Brashier","Other Collectors"
"SUWS012781","Equisetopsida","Solanales","Convolvulaceae","Convolvulus arvensis",3194,"L.","Convolvulus","arvensis","","","","","Castle, R.","94-99H","1994-07-12",1994,7,12,193,"1994-07-12","","Roadside. Purplish flowers.",NA,"Douglas","2 miles S of Breitzman Lake on Breitzman Lake Rd.",46.42884,-92.21369,NA,927,"46.428840 N"," 92.213690 W","Georeferencing Quick Reference Guide 2012-10-02","Geolocate","",NA,"","July","Castle, R.","Castle, R."
"SUWS012788","Equisetopsida","Asterales","Menyanthaceae","Menyanthes trifoliata",4237,"L.","Menyanthes","trifoliata","","","","","Brashier","s.n.","1965-06-10",1965,6,10,161,"1965-06-10","","Bog near virgin hemlock forest.",NA,"Bayfield","N end of Lake Owen",46.26801,-91.25852,NA,6777,"46.268010 N"," 91.258520 W","Georeferencing Quick Reference Guide 2012-10-02","Geolocate","",NA,"","June","Brashier; Romans","Brashier"
"SUWS012795","Equisetopsida","Ericales","Polemoniaceae","Phlox pilosa subsp. fulgida",6789,"(Wherry) Wherry","Phlox","pilosa","fulgida","subsp.","Cochrane, Theodore S.","3/1972","Cherf","s.n.","1964-07-10",1964,7,10,192,"1964-07-10","","Open woods.",NA,"Bayfield","Pigeon Lake Field Station",46.34228,-91.34901,NA,2257,"46.342280 N"," 91.349010 W","Georeferencing Quick Reference Guide 2012-10-02","Geolocate","",NA,"","July","Cherf; Brashier","Other Collectors"
"SUWS012799","Equisetopsida","Ericales","Polemoniaceae","Phlox pilosa subsp. fulgida",6789,"(Wherry) Wherry","Phlox","pilosa","fulgida","subsp.","Cochrane, Theodore S.","3/1972","Brashier","18c","1964-06-01",1964,6,1,153,"1964-06-01","","Open, sandy ditchside area, shaded some-what by trees.",NA,"Burnett","Danbury. 1 mile N of Danbury on State Hwy 35",46.02157,-92.33938,NA,600,"46.021570 N"," 92.339380 W","Georeferencing Quick Reference Guide 2012-10-02","Geolocate","",NA,"","June","Brashier; Romans","Brashier"
"SUWS012805","Equisetopsida","Boraginales","Boraginaceae","Hydrophyllum virginianum",3896,"L.","Hydrophyllum","virginianum","","","","","Sohmer, S. H.","1779","1968-05-25",1968,5,25,146,"1968-05-25","","Woods behind stone quarry.",NA,"Monroe","Portland. 1.5 miles S of Portland on CTH X and gravel rd.",43.75097,-90.89038,NA,2862,"43.750970 N"," 90.890380 W","Georeferencing Quick Reference Guide 2012-10-02","Geolocate","",NA,"","May","Sohmer, S. H.","Other Collectors"
"SUWS012806","Equisetopsida","Boraginales","Boraginaceae","Hydrophyllum virginianum",3896,"L.","Hydrophyllum","virginianum","","","Cochrane, Theodore S.","3/1972","Brashier","34a","1964-06-03",1964,6,3,155,"1964-06-03","","Sandy loam hillside covered with trees and shrubs.",NA,"Juneau","Wonewoc. 1 mile N of Wonewoc on State Hwy. 82, W of road on Hillside",43.66724,-90.22346,NA,1056,"43.667240 N"," 90.223460 W","Georeferencing Quick Reference Guide 2012-10-02","Geolocate","",NA,"","June","Brashier; Romans","Brashier"
"SUWS012822","Equisetopsida","Boraginales","Boraginaceae","Mertensia paniculata var. paniculata",6754,"","Mertensia","paniculata","paniculata","var.","Cochrane, Theodore S.","1/1971","Brashier","108b","1964-06-20",1964,6,20,172,"1964-06-20","","Deep, shaded woods.",NA,"Douglas","Superior. Approx. 2 miles S of Superior on State Hwy 35 on the Ralph Law property",46.66803,-92.10374,NA,3149,"46.668030 N"," 92.103740 W","Georeferencing Quick Reference Guide 2012-10-02","Geolocate","",NA,"","June","Brashier; Romans","Brashier"
"SUWS012824","Equisetopsida","Boraginales","Boraginaceae","Mertensia paniculata var. paniculata",6754,"","Mertensia","paniculata","paniculata","var.","Cochrane, Theodore S.","1/1971","Brashier","108a","1964-06-20",1964,6,20,172,"1964-06-20","","Deep, shaded woods.",NA,"Douglas","Superior. Approx. 2 miles S of Superior on State Hwy 35 on the Ralph Law property",46.66803,-92.10374,NA,3149,"46.668030 N"," 92.103740 W","Georeferencing Quick Reference Guide 2012-10-02","Geolocate","",NA,"","June","Brashier; Romans","Brashier"
"SUWS012826","Equisetopsida","Boraginales","Boraginaceae","Mertensia paniculata var. paniculata",6754,"","Mertensia","paniculata","paniculata","var.","Cochrane, Theodore S.","1/1971","Brashier","s.n.","1965-06-07",1965,6,7,158,"1965-06-07","","Clay soil in hardwoods.",NA,"Douglas","Superior. 3 miles S of Superior on State Hwy 35 on the Ralph Law property",46.65497,-92.10442,NA,4161,"46.654970 N"," 92.104420 W","Georeferencing Quick Reference Guide 2012-10-02","Geolocate","",NA,"","June","Brashier; Romans","Brashier"
"SUWS012827","Equisetopsida","Boraginales","Boraginaceae","Mertensia paniculata var. paniculata",6754,"","Mertensia","paniculata","paniculata","var.","Cochrane, Theodore S.","1/1971","Brashier","s.n.","1965-06-07",1965,6,7,158,"1965-06-07","","Clay soil in hardwoods.",NA,"Douglas","Superior. 3 miles S of Superior on State Hwy 35 on the Ralph Law property",46.65497,-92.10442,NA,4161,"46.654970 N"," 92.104420 W","Georeferencing Quick Reference Guide 2012-10-02","Geolocate","",NA,"","June","Brashier; Romans","Brashier"
"SUWS012828","Equisetopsida","Boraginales","Boraginaceae","Mertensia paniculata var. paniculata",6754,"","Mertensia","paniculata","paniculata","var.","Cochrane, Theodore S.","1/1971","Brashier","s.n.","1965-06-07",1965,6,7,158,"1965-06-07","","Clay soil in hardwoods.",NA,"Douglas","Superior. 3 miles S of Superior on State Hwy 35 on the Ralph Law property",46.65497,-92.10442,NA,4161,"46.654970 N"," 92.104420 W","Georeferencing Quick Reference Guide 2012-10-02","Geolocate","",NA,"","June","Brashier; Romans","Brashier"
"SUWS012834","Equisetopsida","Boraginales","Boraginaceae","Myosotis scorpioides",4301,"L.","Myosotis","scorpioides","","","Cochrane, Theodore S.","1/1971","Cornell","s.n.","1966-07-07",1966,7,7,188,"1966-07-07","","Soil sandy and loose, surrounding area wooded.",NA,"Bayfield","Drummond. 3 miles E of Drummond on Town Roads 216 and 213",46.30866,-91.2045,NA,3269,"46.308660 N"," 91.204500 W","Georeferencing Quick Reference Guide 2012-10-02","Geolocate","",NA,"","July","Cornell; Brashier","Other Collectors"
"SUWS012835","Equisetopsida","Boraginales","Boraginaceae","Myosotis scorpioides",4301,"L.","Myosotis","scorpioides","","","Cochrane, Theodore S.","1/1971","Thoren","s.n.","1964-07-06",1964,7,6,188,"1964-07-06","","Brookside.",NA,"Douglas","Brule. Fish Hatchery at Brule",46.53529,-91.58211,NA,1088,"46.535290 N"," 91.582110 W","Georeferencing Quick Reference Guide 2012-10-02","Geolocate","",NA,"","July","Thoren; Brashier","Other Collectors"
"SUWS012851","Equisetopsida","Lamiales","Verbenaceae","Verbena hastata",5341,"L.","Verbena","hastata","","","Tans, William","Mar 1975","Brashier","233a","1964-06-30",1964,6,30,182,"1964-06-30","","On beach of lake; sandy soil.",NA,"Bayfield","Pigeon Lake Field Station",46.34228,-91.34901,NA,2257,"46.342280 N"," 91.349010 W","Georeferencing Quick Reference Guide 2012-10-02","Geolocate","",NA,"","June","Brashier; Romans","Brashier"
"SUWS012867","Equisetopsida","Lamiales","Lamiaceae","Galeopsis tetrahit",3659,"L.","Galeopsis","tetrahit","","","","","Brashier","185a","1964-08-04",1964,8,4,217,"1964-08-04","","In tall grass in ditch adjacent to road; shaded.",NA,"Douglas","South Superior. 1 mile N of jct. of CTH A (Sunnyside Rd.) and CTH C [ca. 3mi SE of South Superior]",46.62914,-92.06763,NA,2273,"46.629140 N"," 92.067630 W","Georeferencing Quick Reference Guide 2012-10-02","Geolocate","",NA,"","August","Brashier; Romans","Brashier"
"SUWS012871","Equisetopsida","Lamiales","Lamiaceae","Glechoma hederacea",3713,"L.","Glechoma","hederacea","","","","","Brashier","s.n.","1965-06-07",1965,6,7,158,"1965-06-07","","Sandy roadside.",NA,"Douglas","Patzau. 0.5 mile W of State Hwy 35 on CTH BB on the James Romans Property [E of Patzau]",46.48986,-92.18414,NA,1517,"46.489860 N"," 92.184140 W","Georeferencing Quick Reference Guide 2012-10-02","Geolocate","",NA,"","June","Brashier; Romans","Brashier"
"SUWS012872","Equisetopsida","Lamiales","Lamiaceae","Glechoma hederacea",3713,"L.","Glechoma","hederacea","","","","","Brashier","77b","1964-06-02",1964,6,2,154,"1964-06-02","","Open field area in tall grass between road and creek.",NA,"Pierce","East Ellsworth. 2 miles N of East Ellsworth on State Hwy 35 near railroad trestle",44.76115,-92.48741,NA,NA,"44.761150 N"," 92.487410 W","Georeferencing Quick Reference Guide 2012-10-02","Geolocate","",NA,"","June","Brashier; Romans","Brashier"
"SUWS012875","Equisetopsida","Lamiales","Lamiaceae","Lycopus virginicus",4157,"L.","Lycopus","virginicus","","","","","Hjerleid","s.n.","1966-07-14",1966,7,14,195,"1966-07-14","","Low area (pothole). [OUT OF RANGE?]",NA,"Bayfield","NE Shore of Lake Owen and Hwy. 213",46.3044,-91.21089,NA,1333,"46.304400 N"," 91.210890 W","Georeferencing Quick Reference Guide 2012-10-02","Geolocate","",NA,"","July","Hjerleid; Brashier","Other Collectors"
"SUWS012891","Equisetopsida","Lamiales","Lamiaceae","Monarda fistulosa subsp. fistulosa",6757,"","Monarda","fistulosa","fistulosa","subsp.","","","Hjerleid","s.n.","1966-07-24",1966,7,24,205,"1966-07-24","","Open field.",NA,"Bayfield","2 miles W of Pigeon Lake on CTH A",46.34227,-91.39095,NA,801,"46.342270 N"," 91.390950 W","Georeferencing Quick Reference Guide 2012-10-02","Geolocate","",NA,"","July","Hjerleid; Brashier","Other Collectors"
"SUWS012893","Equisetopsida","Lamiales","Lamiaceae","Monarda fistulosa subsp. fistulosa",6757,"","Monarda","fistulosa","fistulosa","subsp.","","","Koch, Rudy G.","7256","1971-07-31",1971,7,31,212,"1971-07-31","","Hills of the Driftless area; along bank of small stream; sunny.",NA,"Richland","Boaz. Ca. 5 miles N of Boaz; John Shelton Farm",43.40249,-90.5566,NA,3000,"43.402490 N"," 90.556600 W","Georeferencing Quick Reference Guide 2012-10-02","Geolocate","",NA,"","July","Koch, Rudy G.","Koch, Rudy G."
"SUWS012894","Equisetopsida","Lamiales","Lamiaceae","Monarda fistulosa subsp. fistulosa",6757,"","Monarda","fistulosa","fistulosa","subsp.","","","Cornell","s.n.","1966-07-13",1966,7,13,194,"1966-07-13","","Roadside; soil sandy and loose; open area.",NA,"Bayfield","Pigeon Lake Rd. 1.75 miles W of Pigeon Lake Camp",46.34042,-91.37189,NA,789,"46.340420 N"," 91.371890 W","Georeferencing Quick Reference Guide 2012-10-02","Geolocate","",NA,"","July","Cornell; Brashier","Other Collectors"
"SUWS012899","Equisetopsida","Lamiales","Lamiaceae","Monarda fistulosa subsp. fistulosa",6757,"","Monarda","fistulosa","fistulosa","subsp.","","","Holden","s.n.","1966-07-19",1966,7,19,200,"1966-07-19","","Meadow with grass and shrubs; rich soil.",NA,"Bayfield","8 miles W of Pigeon Lake on CTH N [near Henderson Lake]",46.33715,-91.49841,NA,851,"46.337150 N"," 91.498410 W","Georeferencing Quick Reference Guide 2012-10-02","Geolocate","",NA,"","July","Holden; Brashier","Other Collectors"
"SUWS012906","Equisetopsida","Lamiales","Lamiaceae","Mentha arvensis var. canadensis",13141,"(L.) Kuntze","Mentha","arvensis","canadensis","var.","Castle, R.","1994","Brashier","148a","1964-08-18",1964,8,18,231,"1964-08-18","","Wet roadside.",NA,"Douglas","Patzau. 2 miles W of State Hwy 35 on CTH BB [near Patzau]",46.49133,-92.22075,NA,2762,"46.491330 N"," 92.220750 W","Georeferencing Quick Reference Guide 2012-10-02","Geolocate","",NA,"","August","Brashier; Romans","Brashier"
"SUWS012907","Equisetopsida","Lamiales","Lamiaceae","Mentha arvensis var. canadensis",13141,"(L.) Kuntze","Mentha","arvensis","canadensis","var.","","","Thomson, John W., Jr.","s.n.","1942-07-18",1942,7,18,199,"1942-07-18","","[Labled as Mentha arvensis var. glabrata].",NA,"Douglas","Superior. Sand Island in Superior harbor",46.73216,-92.0663,NA,5192,"46.732160 N"," 92.066300 W","Georeferencing Quick Reference Guide 2012-10-02","Geolocate","",NA,"","July","Thomson, John W., Jr.; Smith, C. W.","Thomson, John W., Jr."
"SUWS012908","Equisetopsida","Lamiales","Lamiaceae","Mentha arvensis var. canadensis",13141,"(L.) Kuntze","Mentha","arvensis","canadensis","var.","","","Thomson, John W., Jr.","5638","1943-08-17",1943,8,17,229,"1943-08-17","","In heavy wet clay soil.",NA,"Douglas","Superior. S of 920 N 22nd St., Superior",46.71231,-92.09136,NA,122,"46.712310 N"," 92.091360 W","Georeferencing Quick Reference Guide 2012-10-02","Geolocate","",NA,"","August","Thomson, John W., Jr.","Thomson, John W., Jr."
"SUWS012913","Equisetopsida","Lamiales","Lamiaceae","Mentha arvensis var. canadensis",13141,"(L.) Kuntze","Mentha","arvensis","canadensis","var.","Castle, R.","1994","Brashier","133c","1964-08-26",1964,8,26,239,"1964-08-26","","Wet roadside in tall grass.",NA,"Douglas","Superior. 1 mile N of U.S. Hwy. 2 on Wisconsin Point Rd. [Moccassin Mike Rd.]",46.67311,-91.97214,NA,2431,"46.673110 N"," 91.972140 W","Georeferencing Quick Reference Guide 2012-10-02","Geolocate","",NA,"","August","Brashier; Romans","Brashier"
"SUWS012914","Equisetopsida","Lamiales","Lamiaceae","Mentha arvensis var. canadensis",13141,"(L.) Kuntze","Mentha","arvensis","canadensis","var.","","","Hjerleid","s.n.","1966-07-12",1966,7,12,193,"1966-07-12","","Open brushy low land.",NA,"Bayfield","Cable. 4 miles S of Cable on Hwy 63",46.15366,-91.32955,NA,4091,"46.153660 N"," 91.329550 W","Georeferencing Quick Reference Guide 2012-10-02","Geolocate","",NA,"","July","Hjerleid; Brashier","Other Collectors"
"SUWS012924","Equisetopsida","Malpighiales","Salicaceae","Populus tremuloides",4611,"Michx.","Populus","tremuloides","","","","","Matte, Paul","96/11","1996-10-19",1996,10,19,293,"1996-10-19","","Rocky, wet silty soil, near lake shore.",NA,"Door","Nasewaupee. Sand Bay area, Snake Island Rd.",44.85888,-87.4901,NA,1191,"44.858880 N"," 87.490100 W","Georeferencing Quick Reference Guide 2012-10-02","Geolocate","",NA,"","October","Matte, Paul","Other Collectors"
"SUWS013044","Equisetopsida","Asterales","Asteraceae","Cirsium vulgare",3144,"(Savi) Ten.","Cirsium","vulgare","","","","","Messina, Stacy","96/15","1996-09-17",1996,9,17,261,"1996-09-17","","Open area, roadside.",NA,"Douglas","Superior. Moccasin Mike Rd. [Rd. to Wisconsin Point]",46.67311,-91.97214,NA,2431,"46.673110 N"," 91.972140 W","Georeferencing Quick Reference Guide 2012-10-02","Geolocate","",NA,"","September","Messina, Stacy","Other Collectors"
"SUWS013074","Equisetopsida","Commelinales","Commelinaceae","Tradescantia virginiana",NA,"L.","","","","","","","Wagner, Christina","97/38","1997-07-07",1997,7,7,188,"1997-07-07","","Prairie. [EXCLUDED]",NA,"Burnett","Grantsburg",45.77922,-92.6827,NA,1700,"45.779220 N"," 92.682700 W","Georeferencing Quick Reference Guide 2012-10-02","Geolocate","",NA,"","July","Wagner, Christina","Other Collectors"
"SUWS013075","Equisetopsida","Liliales","Liliaceae","Lilium philadelphicum",8631,"L.","Lilium","philadelphicum","","","","","Wagner, Christina","39/97","1997-07-07",1997,7,7,188,"1997-07-07","","Prairie.",NA,"Burnett","Grantsburg",45.77922,-92.6827,NA,1700,"45.779220 N"," 92.682700 W","Georeferencing Quick Reference Guide 2012-10-02","Geolocate","",NA,"","July","Wagner, Christina","Other Collectors"
"SUWS013077","Equisetopsida","Lamiales","Lamiaceae","Mentha X piperita",13138,"L. (pro sp.)","Mentha","X piperita","","","","","Wagner, Christina","36/97","1997-07-07",1997,7,7,188,"1997-07-07","","Prairie.",NA,"Burnett","Grantsburg",45.77922,-92.6827,NA,1700,"45.779220 N"," 92.682700 W","Georeferencing Quick Reference Guide 2012-10-02","Geolocate","",NA,"","July","Wagner, Christina","Other Collectors"
"SUWS013089","Equisetopsida","Boraginales","Boraginaceae","Lithospermum canescens",4094,"(Michx.) Lehm.","Lithospermum","canescens","","","","","Wagner, Christina","42/97","1997-07-07",1997,7,7,188,"1997-07-07","","Prairie.",NA,"Burnett","Grantsburg",45.77922,-92.6827,NA,1700,"45.779220 N"," 92.682700 W","Georeferencing Quick Reference Guide 2012-10-02","Geolocate","",NA,"","July","Wagner, Christina","Other Collectors"
"SUWS013111","Equisetopsida","Caryophyllales","Polygonaceae","Polygonum scandens",13042,"L.","Polygonum","scandens","","","","","Byrns, Frank","May-99","1999-09-07",1999,9,7,250,"1999-09-07","","Moist woods, thickets, and roadsides. Perenial to 5 m, stem sharply angled, leaves oblong-ovate or broadly cordate.",NA,"Douglas","Superior",46.68122,-92.06631,NA,12939,"46.681220 N"," 92.066310 W","Georeferencing Quick Reference Guide 2012-10-02","Geolocate","",NA,"","September","Byrns, Frank","Other Collectors"
"SUWS013115","Equisetopsida","Gentianales","Apocynaceae","Asclepias syriaca",2644,"L.","Asclepias","syriaca","","","","","Byrns, Frank","7/99","1999-09-07",1999,9,7,250,"1999-09-07","","Fields, meadows and roadsides.",NA,"Douglas","Superior",46.68122,-92.06631,NA,12939,"46.681220 N"," 92.066310 W","Georeferencing Quick Reference Guide 2012-10-02","Geolocate","",NA,"","September","Byrns, Frank","Other Collectors"
"SUWS013119","Equisetopsida","Pinales","Pinaceae","Pinus banksiana",4501,"Lamb.","Pinus","banksiana","","","","","Byrns, Frank","14/99","1999-09-07",1999,9,7,250,"1999-09-07","","Dry to sterile, sany, rocky soil. Small, spreading branches, lvs in 2's, usually curved cones erect, curved.",NA,"Douglas","Superior",46.68122,-92.06631,NA,12939,"46.681220 N"," 92.066310 W","Georeferencing Quick Reference Guide 2012-10-02","Geolocate","",NA,"","September","Byrns, Frank","Other Collectors"
"SUWS013121","Equisetopsida","Pinales","Pinaceae","Pinus resinosa",4505,"Aiton","Pinus","resinosa","","","","","Byrns, Frank","15/99","1999-09-07",1999,9,7,250,"1999-09-07","","Dry, sandy, rocky, soil. Tree to 40 m, lvs. In 2's, cones spreading.",NA,"Douglas","Superior",46.68122,-92.06631,NA,12939,"46.681220 N"," 92.066310 W","Georeferencing Quick Reference Guide 2012-10-02","Geolocate","",NA,"","September","Byrns, Frank","Other Collectors"
"SUWS013122","Equisetopsida","Ranunculales","Ranunculaceae","Thalictrum dioicum",5216,"L.","Thalictrum","dioicum","","","","","Byrns, Frank","Dec-99","1999-09-07",1999,9,7,250,"1999-09-07","","Moist woods. Petioles elongate, filaments and anthers yellow, achenes sessile or subsessile.",NA,"Douglas","Superior",46.68122,-92.06631,NA,12939,"46.681220 N"," 92.066310 W","Georeferencing Quick Reference Guide 2012-10-02","Geolocate","",NA,"","September","Byrns, Frank","Other Collectors"
"SUWS013140","Equisetopsida","Cupressales","Cupressaceae","Thuja occidentalis",5227,"L.","Thuja","occidentalis","","","","","Byrns, Frank","33/99","1999-10-01",1999,10,1,274,"1999-10-01","","Moist or wet soils often in swamps. Conical tree to 20 m with widely spreading branches, branchlets soft and flat.",NA,"Douglas","Superior. Superior Municipal Forest",46.67545,-92.14871,NA,2848,"46.675450 N"," 92.148710 W","Georeferencing Quick Reference Guide 2012-10-02","Geolocate","",NA,"","October","Byrns, Frank","Other Collectors"
"SUWS013142","Equisetopsida","Pinales","Pinaceae","Picea glauca",4494,"(Moench) Voss","Picea","glauca","","","","","Byrns, Frank","34-99","1999-10-01",1999,10,1,274,"1999-10-01","","Mostly in rich moist soil. Tree to 25 m, crown slender, twigs glaborous, lvs 8-18 mm.",NA,"Douglas","Superior. Superior Municipal Forest",46.67545,-92.14871,NA,2848,"46.675450 N"," 92.148710 W","Georeferencing Quick Reference Guide 2012-10-02","Geolocate","",NA,"","October","Byrns, Frank","Other Collectors"
"SUWS013146","Equisetopsida","Malpighiales","Salicaceae","Populus tremuloides",4611,"Michx.","Populus","tremuloides","","","","","Byrns, Frank","38/99","1999-10-01",1999,10,1,274,"1999-10-01","","Moist upland woods and stream sides. Tree with light greenish gray bark.",NA,"Douglas","Superior. Superior Municipal Forest",46.67545,-92.14871,NA,2848,"46.675450 N"," 92.148710 W","Georeferencing Quick Reference Guide 2012-10-02","Geolocate","",NA,"","October","Byrns, Frank","Other Collectors"
"SUWS013148","Equisetopsida","Cornales","Cornaceae","Cornus canadensis",3215,"L.","Cornus","canadensis","","","","","Byrns, Frank","40/99","1999-10-01",1999,10,1,274,"1999-10-01","","Moist acid woods and bogs. [No year specified on date collected, but based upon other collections of this individual best year would be:1999]",NA,"Douglas","Superior. Superior School Forest",46.68122,-92.06631,NA,12939,"46.681220 N"," 92.066310 W","Georeferencing Quick Reference Guide 2012-10-02","Geolocate","",NA,"","October","Byrns, Frank","Other Collectors"
"SUWS013548","Equisetopsida","Pinales","Pinaceae","Picea mariana",4495,"(Mill.) Britton, Sterns & Poggenb.","Picea","mariana","","","","","Behn, T.","97-35","1997-09-20",1997,9,20,263,"1997-09-20","","Swampy area; partial sun.",NA,"Oneida","Minocqua. 1 mile SW of the Ahlborn Farm; at the Witt homestead",45.72048,-89.51092,NA,46777,"45.720480 N"," 89.510920 W","Georeferencing Quick Reference Guide 2012-10-02","Geolocate","",NA,"","September","Behn, T.","Other Collectors"
"SUWS013552","Equisetopsida","Sapindales","Sapindaceae","Acer negundo",2419,"L.","Acer","negundo","","","","","Behn, T.","97-16","1997-06-17",1997,6,17,168,"1997-06-17","","Partial sun.",NA,"Douglas","Superior. 1609 Hammond Ave.; Front of complex",46.71886,-92.09839,NA,101,"46.718860 N"," 92.098390 W","Georeferencing Quick Reference Guide 2012-10-02","Geolocate","",NA,"","June","Behn, T.","Other Collectors"
"SUWS013553","Equisetopsida","Rosales","Rhamnaceae","Rhamnus cathartica",4787,"L.","Rhamnus","cathartica","","","","","Behn, T.","97-10","1997-06-17",1997,6,17,168,"1997-06-17","","Partial sun; dry clay soil.",NA,"Douglas","Superior. 1609 Hammond Ave.; Front of complex",46.71886,-92.09839,NA,101,"46.718860 N"," 92.098390 W","Georeferencing Quick Reference Guide 2012-10-02","Geolocate","",NA,"","June","Behn, T.","Other Collectors"
"SUWS013555","Equisetopsida","Brassicales","Brassicaceae","Hesperis matronalis",3837,"L.","Hesperis","matronalis","","","","","Behn, T.","97-14","1997-06-17",1997,6,17,168,"1997-06-17","","Partial Sun. [Cultivated??]",NA,"Douglas","Superior. 1609 Hammond Ave.; Front of complex",46.71996,-92.09839,NA,101,"46.719960 N"," 92.098390 W","Georeferencing Quick Reference Guide 2012-10-02","Geolocate","",NA,"","June","Behn, T.","Other Collectors"
"SUWS013559","Equisetopsida","Malvales","Malvaceae","Alcea rosea",2472,"L.","Alcea","rosea","","","","","Behn, T.","97-33","1997-08-11",1997,8,11,223,"1997-08-11","","Partial shade, hard clay soil. [Cultivated??]",NA,"Douglas","Superior. 1609 Hammond Ave.; W side of complex",46.71886,-92.09839,NA,101,"46.718860 N"," 92.098390 W","Georeferencing Quick Reference Guide 2012-10-02","Geolocate","",NA,"","August","Behn, T.","Other Collectors"
"SUWS013563","Equisetopsida","Apiales","Apiaceae","Osmorhiza longistylis",4381,"(Torr.) DC.","Osmorhiza","longistylis","","","","","Behn, T.","97-15","1997-06-17",1997,6,17,168,"1997-06-17","","Partial sun; compact soil.",NA,"Douglas","Superior. 1609 Hammond Ave.; W side of complex",46.71886,-92.09839,NA,101,"46.718860 N"," 92.098390 W","Georeferencing Quick Reference Guide 2012-10-02","Geolocate","",NA,"","June","Behn, T.","Other Collectors"
"SUWS013566","Equisetopsida","Ranunculales","Ranunculaceae","Ranunculus acris",4752,"L.","Ranunculus","acris","","","","","Behn, T.","97-9","1997-06-17",1997,6,17,168,"1997-06-17","","Partial sun.",NA,"Douglas","Superior. 1609 Hammond Ave.; W side of complex",46.71886,-92.09839,NA,101,"46.718860 N"," 92.098390 W","Georeferencing Quick Reference Guide 2012-10-02","Geolocate","",NA,"","June","Behn, T.","Other Collectors"
"SUWS013572","Equisetopsida","Brassicales","Brassicaceae","Hesperis matronalis",3837,"L.","Hesperis","matronalis","","","","","Behn, T.","97-13","1997-06-17",1997,6,17,168,"1997-06-17","","Partial sun. [Cultivated??]",NA,"Douglas","Superior. 1609 Hammond Ave.; W side of complex",46.71886,-92.09839,NA,101,"46.718860 N"," 92.098390 W","Georeferencing Quick Reference Guide 2012-10-02","Geolocate","",NA,"","June","Behn, T.","Other Collectors"
"SUWS013574","Equisetopsida","Asterales","Campanulaceae","Campanula rapunculoides",2859,"L.","Campanula","rapunculoides","","","","","Behn, T.","97-26","1997-07-29",1997,7,29,210,"1997-07-29","","Shady, clay soil. [Cultivated??]",NA,"Douglas","Superior. 1609 Hammond Ave.; W side of complex",46.71886,-92.09839,NA,101,"46.718860 N"," 92.098390 W","Georeferencing Quick Reference Guide 2012-10-02","Geolocate","",NA,"","July","Behn, T.","Other Collectors"
"SUWS013579","Equisetopsida","Gentianales","Apocynaceae","Asclepias tuberosa var. interior",12849,"(Woodson) Shinners","Asclepias","tuberosa","interior","var.","","","Behn, T.","97-18","1997-07-07",1997,7,7,188,"1997-07-07","","Field; dry soil; sunny.",NA,"Burnett","Grantsburg. Crex Meadows [Near Grantsburg]",45.84861,-92.64288,NA,5000,"45.848610 N"," 92.642880 W","Georeferencing Quick Reference Guide 2012-10-02","Geolocate","",NA,"","July","Behn, T.","Other Collectors"
"SUWS013584","Equisetopsida","Rosales","Ulmaceae","Ulmus americana",5296,"L.","Ulmus","americana","","","","","Behn, T.","97-17","1997-06-17",1997,6,17,168,"1997-06-17","","Partial sun. [Cultivated??]",NA,"Douglas","Superior. 1609 Hammond Ave.; Front of complex",46.71996,-92.09839,NA,101,"46.719960 N"," 92.098390 W","Georeferencing Quick Reference Guide 2012-10-02","Geolocate","",NA,"","June","Behn, T.","Other Collectors"
"SUWS013745","Equisetopsida","Pinales","Pinaceae","Abies balsamea",2407,"(L.) Mill.","Abies","balsamea","","","","","Juve, Karla","96:01","1996-10-18",1996,10,18,292,"1996-10-18","","Mixed pine and birch forest, clay soil.",NA,"Douglas","Superior. Superior Municipal Forest",46.67545,-92.14871,NA,2848,"46.675450 N"," 92.148710 W","Georeferencing Quick Reference Guide 2012-10-02","Geolocate","",NA,"","October","Juve, Karla","Other Collectors"
"SUWS013746","Equisetopsida","Pinales","Pinaceae","Pinus resinosa",4505,"Aiton","Pinus","resinosa","","","","","Juve, Karla","96:02","1996-10-18",1996,10,18,292,"1996-10-18","","Mixed pine and birch forest, clay soil.",NA,"Douglas","Superior. Superior Municipal Forest",46.67545,-92.14871,NA,2848,"46.675450 N"," 92.148710 W","Georeferencing Quick Reference Guide 2012-10-02","Geolocate","",NA,"","October","Juve, Karla","Other Collectors"
"SUWS013747","Equisetopsida","Asterales","Asteraceae","Sonchus oleraceus",5106,"L.","Sonchus","oleraceus","","","","","Juve, Karla","96:03","1996-09-17",1996,9,17,261,"1996-09-17","","Barren, sandy soil.",NA,"Douglas","Superior. Moccasin Mike Rd. [Rd. to Wisconsin Point]",46.67311,-91.97214,NA,2431,"46.673110 N"," 91.972140 W","Georeferencing Quick Reference Guide 2012-10-02","Geolocate","",NA,"","September","Juve, Karla","Other Collectors"
"SUWS013749","Equisetopsida","Caryophyllales","Caryophyllaceae","Silene vulgaris",5054,"(Moench) Garcke","Silene","vulgaris","","","","","Juve, Karla","96:05","1996-09-17",1996,9,17,261,"1996-09-17","","Barren, sandy soil.",NA,"Douglas","Superior. Moccasin Mike Rd. [Rd. to Wisconsin Point]",46.67311,-91.97214,NA,2431,"46.673110 N"," 91.972140 W","Georeferencing Quick Reference Guide 2012-10-02","Geolocate","",NA,"","September","Juve, Karla","Other Collectors"
"SUWS013752","Equisetopsida","Cornales","Cornaceae","Cornus stolonifera",12933,"Michx.","Cornus","stolonifera","","","","","Juve, Karla","96:08","1996-09-17",1996,9,17,261,"1996-09-17","","Near roadside, among grasses, and sandy soil.",NA,"Douglas","Superior. Moccasin Mike Rd. - Road leading out to Wisconsin Point",46.67311,-91.97214,NA,2431,"46.673110 N"," 91.972140 W","Georeferencing Quick Reference Guide 2012-10-02","Geolocate","",NA,"","September","Juve, Karla","Other Collectors"
"SUWS013753","Equisetopsida","Apiales","Apiaceae","Angelica atropurpurea",2538,"L.","Angelica","atropurpurea","","","","","Juve, Karla","96:09","1996-09-17",1996,9,17,261,"1996-09-17","","Wet, swampy, area near road; sandy soil.",NA,"Douglas","Superior. Wisconsin Point; Moccasin Mike Rd.",46.67311,-91.97214,NA,2431,"46.673110 N"," 91.972140 W","Georeferencing Quick Reference Guide 2012-10-02","Geolocate","",NA,"","September","Juve, Karla","Other Collectors"
"SUWS013754","Equisetopsida","Asterales","Asteraceae","Anthemis cotula",2550,"L.","Anthemis","cotula","","","","","Juve, Karla","96:10","1996-09-17",1996,9,17,261,"1996-09-17","","Roadside, sandy soil.",NA,"Douglas","Superior. Moccasin Mike Rd. [Rd. to Wisconsin Point]",46.67311,-91.97214,NA,2431,"46.673110 N"," 91.972140 W","Georeferencing Quick Reference Guide 2012-10-02","Geolocate","",NA,"","September","Juve, Karla","Other Collectors"
"SUWS013755","Equisetopsida","Malpighiales","Salicaceae","Salix X rubens",4964,"Schrank (pro sp.)","Salix","x rubens","","","Cochrane, Theodore S.","26Jan2010","Juve, Karla","96:11","1996-10-24",1996,10,24,298,"1996-10-24","","Open area, clay soil.",NA,"Douglas","Superior",46.68122,-92.06631,NA,12939,"46.681220 N"," 92.066310 W","Georeferencing Quick Reference Guide 2012-10-02","Geolocate","",NA,"","October","Juve, Karla","Other Collectors"
"SUWS013758","Equisetopsida","Pinales","Pinaceae","Picea glauca",4494,"(Moench) Voss","Picea","glauca","","","","","Juve, Karla","96:14","1996-10-30",1996,10,30,304,"1996-10-30","","Pine forest, clay soil.",NA,"Douglas","Superior. Superior Municipal Forest",46.67545,-92.14871,NA,2848,"46.675450 N"," 92.148710 W","Georeferencing Quick Reference Guide 2012-10-02","Geolocate","",NA,"","October","Juve, Karla","Other Collectors"
"SUWS013759","Equisetopsida","Solanales","Solanaceae","Solanum dulcamara",8664,"L.","Solanum","dulcamara","","","","","Juve, Karla","96/15","1996-10-30",1996,10,30,304,"1996-10-30","","Grassy area, near side of walking trail; clay soil.",NA,"Douglas","Superior",46.68122,-92.06631,NA,12939,"46.681220 N"," 92.066310 W","Georeferencing Quick Reference Guide 2012-10-02","Geolocate","",NA,"","October","Juve, Karla","Other Collectors"
"SUWS013760","Equisetopsida","Fabales","Fabaceae","Trifolium aureum",5267,"Pollich","Trifolium","aureum","","","","","Juve, Karla","96:16","1996-09-17",1996,9,17,261,"1996-09-17","","Roadside; sandy soil.",NA,"Douglas","Superior. Moccasin Mike Rd. [Rd. to Wisconsin Point]",46.67311,-91.97214,NA,2431,"46.673110 N"," 91.972140 W","Georeferencing Quick Reference Guide 2012-10-02","Geolocate","",NA,"","September","Juve, Karla","Other Collectors"
"SUWS013761","Equisetopsida","Asparagales","Iridaceae","Iris versicolor",3944,"L.","Iris","versicolor","","","","","Juve, Karla","96:17","1996-09-17",1996,9,17,261,"1996-09-17","","Swampy area; sandy soil.",NA,"Douglas","Superior. Moccasin Mike Rd. [Rd. to Wisconsin Point]",46.67311,-91.97214,NA,2431,"46.673110 N"," 91.972140 W","Georeferencing Quick Reference Guide 2012-10-02","Geolocate","",NA,"","September","Juve, Karla","Other Collectors"
"SUWS013762","Equisetopsida","Fabales","Fabaceae","Trifolium arvense",5266,"L.","Trifolium","arvense","","","","","Juve, Karla","96:18","1996-09-17",1996,9,17,261,"1996-09-17","","Roadside; sandy soil.",NA,"Douglas","Superior. Moccasin Mike Rd. [Rd. to Wisconsin Point]",46.67311,-91.97214,NA,2431,"46.673110 N"," 91.972140 W","Georeferencing Quick Reference Guide 2012-10-02","Geolocate","",NA,"","September","Juve, Karla","Other Collectors"
"SUWS013765","Equisetopsida","Myrtales","Lythraceae","Lythrum salicaria",4168,"L.","Lythrum","salicaria","","","","","Juve, Karla","96:21","1996-09-17",1996,9,17,261,"1996-09-17","","Sandy soil, roadside.",NA,"Douglas","Superior. Moccasin Mike Rd. [Rd. to Wisconsin Point]",46.67311,-91.97214,NA,2431,"46.673110 N"," 91.972140 W","Georeferencing Quick Reference Guide 2012-10-02","Geolocate","",NA,"","September","Juve, Karla","Other Collectors"
"SUWS013767","Equisetopsida","Rosales","Rosaceae","Prunus virginiana var. virginiana",6816,"","Prunus","virginiana","virginiana","var.","","","Juve, Karla","96:24","1996-09-17",1996,9,17,261,"1996-09-17","","Sandy soil.",NA,"Douglas","Superior. Moccasin Mike Rd. [Rd. to Wisconsin Point]",46.67311,-91.97214,NA,2431,"46.673110 N"," 91.972140 W","Georeferencing Quick Reference Guide 2012-10-02","Geolocate","",NA,"","September","Juve, Karla","Other Collectors"
"SUWS013768","Equisetopsida","Malpighiales","Salicaceae","Populus tremuloides",4611,"Michx.","Populus","tremuloides","","","","","Juve, Karla","96:22","1996-10-24",1996,10,24,298,"1996-10-24","","Clay soil, mixed forest. Autumn foliage.",NA,"Douglas","Superior. Superior Municipal Forest",46.67545,-92.14871,NA,2848,"46.675450 N"," 92.148710 W","Georeferencing Quick Reference Guide 2012-10-02","Geolocate","",NA,"","October","Juve, Karla","Other Collectors"
"SUWS013769","Equisetopsida","Asterales","Asteraceae","Ambrosia artemisiifolia",2503,"L.","Ambrosia","artemisiifolia","","","","","Juve, Karla","96:25","1996-09-17",1996,9,17,261,"1996-09-17","","Sandy soil; roadside.",NA,"Douglas","Superior. Moccasin Mike Rd. [Rd. to Wisconsin Point]",46.67311,-91.97214,NA,2431,"46.673110 N"," 91.972140 W","Georeferencing Quick Reference Guide 2012-10-02","Geolocate","",NA,"","September","Juve, Karla","Other Collectors"
"SUWS013859","Equisetopsida","Asterales","Asteraceae","Anthemis cotula",2550,"L.","Anthemis","cotula","","","","","Fahrney, Brian","96/21","1996-09-17",1996,9,17,261,"1996-09-17","","Sandy soil.",NA,"Douglas","Superior. Mocassin Mike Rd. Near Wisconsin Point",46.67311,-91.97214,NA,2431,"46.673110 N"," 91.972140 W","Georeferencing Quick Reference Guide 2012-10-02","Geolocate","",NA,"","September","Fahrney, Brian","Other Collectors"
"SUWS013875","Equisetopsida","Pinales","Pinaceae","Pinus strobus",4506,"L.","Pinus","strobus","","","","","Fahrney, Brian","96/9","1996-10-24",1996,10,24,298,"1996-10-24","","Pine forest.",NA,"Douglas","Superior",46.68122,-92.06631,NA,12939,"46.681220 N"," 92.066310 W","Georeferencing Quick Reference Guide 2012-10-02","Geolocate","",NA,"","October","Fahrney, Brian","Other Collectors"
"SUWS013893","Equisetopsida","Pinales","Pinaceae","Pinus banksiana",4501,"Lamb.","Pinus","banksiana","","","","","Fahrney, Brian","96/8","1996-10-24",1996,10,24,298,"1996-10-24","","Sandy soil.",NA,"Douglas","Superior",46.68122,-92.06631,NA,12939,"46.681220 N"," 92.066310 W","Georeferencing Quick Reference Guide 2012-10-02","Geolocate","",NA,"","October","Fahrney, Brian","Other Collectors"
"SUWS013896","Equisetopsida","Pinales","Pinaceae","Pinus resinosa",4505,"Aiton","Pinus","resinosa","","","","","Fahrney, Brian","96/5","1996-09-14",1996,9,14,258,"1996-09-14","","Pine forest.",NA,"Douglas","Superior",46.68122,-92.06631,NA,12939,"46.681220 N"," 92.066310 W","Georeferencing Quick Reference Guide 2012-10-02","Geolocate","",NA,"","September","Fahrney, Brian","Other Collectors"
"SUWS013897","Equisetopsida","Poales","Typhaceae","Typha latifolia",5294,"L.","Typha","latifolia","","","","","Fahrney, Brian","96/4","1996-09-17",1996,9,17,261,"1996-09-17","","Marshy.",NA,"Douglas","Superior. Moccassin Mike Rd. [Rd. to Wisconsin Point]",46.67311,-91.97214,NA,2431,"46.673110 N"," 91.972140 W","Georeferencing Quick Reference Guide 2012-10-02","Geolocate","",NA,"","September","Fahrney, Brian","Other Collectors"
"SUWS013898","Equisetopsida","Pinales","Pinaceae","Larix laricina",4014,"(Du Roi) K.Koch","Larix","laricina","","","","","Fahrney, Brian","96/3","1996-09-17",1996,9,17,261,"1996-09-17","","Wooded.",NA,"Douglas","Superior. Moccasin Mike Rd. [Rd. to Wisconsin Point] [Superior]",46.67311,-91.97214,NA,2431,"46.673110 N"," 91.972140 W","Georeferencing Quick Reference Guide 2012-10-02","Geolocate","",NA,"","September","Fahrney, Brian","Other Collectors"
"SUWS013929","Equisetopsida","Caryophyllales","Polygonaceae","Polygonella articulata",4570,"(L.) Meisn.","Polygonella","articulata","","","","","Castle, R.","94-78","1994-06-26",1994,6,26,177,"1994-06-26","","Sandy, open area.",NA,"Douglas","Lake Nebagamon. 3 miles N of Lake Nebagamon on CTH H",46.55837,-91.69991,NA,2147,"46.558370 N"," 91.699910 W","Georeferencing Quick Reference Guide 2012-10-02","Geolocate","",NA,"","June","Castle, R.","Castle, R."
"SUWS013940","Equisetopsida","Asterales","Asteraceae","Eupatorium perfoliatum var. perfoliatum",3595,"L.","Eupatorium","perfoliatum","perfoliatum","var.","","","Castle, R.","s.n.","1994-07-12",1994,7,12,193,"1994-07-12","","Roadside.",NA,"Douglas","Near Breitzman Lake; 2 miles S on Breitzman Lake Rd.",46.4578,-92.21369,NA,668,"46.457800 N"," 92.213690 W","Georeferencing Quick Reference Guide 2012-10-02","Geolocate","",NA,"","July","Castle, R.; Johnson, R.","Castle, R."
"SUWS013942","Equisetopsida","Alismatales","Araceae","Calla palustris",2830,"L.","Calla","palustris","","","","","Castle, R.","C","1994-07-12",1994,7,12,193,"1994-07-12","","In 12-18 inches of water.",NA,"Douglas","Breitzman Lake",46.4578,-92.21369,NA,668,"46.457800 N"," 92.213690 W","Georeferencing Quick Reference Guide 2012-10-02","Geolocate","",NA,"","July","Castle, R.; Johnson, R.","Castle, R."
"SUWS013943","Equisetopsida","Asparagales","Orchidaceae","Platanthera psycodes",4535,"(L.) Lindl.","Platanthera","psycodes","","","","","Castle, R.","94-27","1994-07-12",1994,7,12,193,"1994-07-12","","Roadside. Additional collector(s): Johnson, R.",NA,"Douglas","Superior",46.68122,-92.06631,NA,12939,"46.681220 N"," 92.066310 W","Georeferencing Quick Reference Guide 2012-10-02","Geolocate","",NA,"","July","Castle, R.; Davidson, Donald W., Anderson, D.","Castle, R."
"SUWS013949","Equisetopsida","Alismatales","Potamogetonaceae","Potamogeton natans",4626,"L.","Potamogeton","natans","","","","","Castle, R.","94-280","1994-07-23",1994,7,23,204,"1994-07-23","","Growing in shallow, silt water.",NA,"Douglas","Superior. Hwy 2 and No. 7 lift station [Superior]",46.68122,-92.06631,NA,12939,"46.681220 N"," 92.066310 W","Georeferencing Quick Reference Guide 2012-10-02","Geolocate","",NA,"","July","Castle, R.","Castle, R."
"SUWS013950","Equisetopsida","Asterales","Asteraceae","Xanthium strumarium",5441,"L.","Xanthium","strumarium","","","","","Castle, R.","94-411A","1994-07-31",1994,7,31,212,"1994-07-31","","Beach.",NA,"Ashland","Ashland. Lake Superior and Hwy. 2 at city park",46.82815,-90.66694,NA,35066,"46.828150 N"," 90.666940 W","Georeferencing Quick Reference Guide 2012-10-02","Geolocate","",NA,"","July","Castle, R.","Castle, R."
"SUWS013951","Equisetopsida","Poales","Cyperaceae","Carex scabrata",3000,"Schwein.","Carex","scabrata","","","","","Davidson, Donald W.","94-370","1994-07-12",1994,7,12,193,"1994-07-12","","Growing in ditch with alder. Additional collector(s): Anderson, D.",NA,"Douglas","Superior. Moccasin Mike Rd. [Rd. to Wisconsin Point]",46.67311,-91.97214,NA,2431,"46.673110 N"," 91.972140 W","Georeferencing Quick Reference Guide 2012-10-02","Geolocate","",NA,"","July","Davidson, Donald W.; Castle, R., Johnson, Robbye","Davidson, Donald W."
"SUWS013959","Equisetopsida","Caryophyllales","Polygonaceae","Polygonella articulata",4570,"(L.) Meisn.","Polygonella","articulata","","","","","Castle, R.","94-75","1994-06-26",1994,6,26,177,"1994-06-26","","Sandy open area. Pinkish flowers, tiny flowers originating in leaf axils.",NA,"Douglas","3 miles N of Lake Nebagamon on CTH H",46.55837,-91.69991,NA,2147,"46.558370 N"," 91.699910 W","Georeferencing Quick Reference Guide 2012-10-02","Geolocate","",NA,"","June","Castle, R.","Castle, R."
"SUWS013961","Equisetopsida","Caryophyllales","Polygonaceae","Rumex acetosella",4916,"L.","Rumex","acetosella","","","","","Castle, R.","94-80B","1994-06-26",1994,6,26,177,"1994-06-26","","Sandy area, full sun. Arrow shaped leaves, spreading from rhizome.",NA,"Douglas","2 miles N of Lake Nebagamon on CTH F",46.5439,-91.69991,NA,2660,"46.543900 N"," 91.699910 W","Georeferencing Quick Reference Guide 2012-10-02","Geolocate","",NA,"","June","Castle, R.","Castle, R."
"SUWS013963","Equisetopsida","Asparagales","Asparagaceae","Asparagus officinalis",2649,"L.","Asparagus","officinalis","","","","","Castle, R.","94-55","1994-06-26",1994,6,26,177,"1994-06-26","","River bank.",NA,"Douglas","Brule. 1 mile W of Brule on Hwy. 2; Rest stop",46.553,-91.57658,NA,4284,"46.553000 N"," 91.576580 W","Georeferencing Quick Reference Guide 2012-10-02","Geolocate","",NA,"","June","Castle, R.","Castle, R."
"SUWS013965","Equisetopsida","Gentianales","Apocynaceae","Apocynum androsaemifolium",2562,"L.","Apocynum","androsaemifolium","","","","","Castle, R.","94-471","1994-07-12",1994,7,12,193,"1994-07-12","","Hillside, clay soils. Pink and white flowers.",NA,"Douglas","Superior. Moccasin Mike Rd [Rd. to Wisconsin Point] and Lake Superior",46.67311,-91.97214,NA,2431,"46.673110 N"," 91.972140 W","Georeferencing Quick Reference Guide 2012-10-02","Geolocate","",NA,"","July","Castle, R.","Castle, R."
"SUWS013970","Equisetopsida","Poales","Cyperaceae","Cyperus esculentus var. leptostachyus",6611,"Boeck.","Cyperus","esculentus","leptostachyus","var.","","","Castle, R.","94-H","1994-08-01",1994,8,1,213,"1994-08-01","","Growing in a planted garden.",NA,"Douglas","Superior. U.W.S. Campus [University of Wisconsin - Superior]",46.71784,-92.08786,NA,699,"46.717840 N"," 92.087860 W","Georeferencing Quick Reference Guide 2012-10-02","Geolocate","",NA,"","August","Castle, R.","Castle, R."
"SUWS013971A","Equisetopsida","Caryophyllales","Polygonaceae","Polygonum amphibium",12303,"L.","Polygonum","amphibium","","","","","Castle, R.","94-30","1994-07-28",1994,7,28,209,"1994-07-28","","Edge of wet area.",NA,"Burnett","Nemakogon Barrons",46.13674,-92.08016,NA,1500,"46.136740 N"," 92.080160 W","Georeferencing Quick Reference Guide 2012-10-02","Geolocate","",NA,"","July","Castle, R.","Castle, R."
"SUWS013972b","Equisetopsida","Rosales","Rosaceae","Sorbaria sorbifolia",5107,"(L.) A.Braun","Sorbaria","sorbifolia","","","","","Castle, R.","94-81","1994-07-01",1994,7,1,182,"1994-07-01","White flowers in panicles, doubly serrate leaves.","Sloping clay soil. White flowers in panicles, doubly serrate leaves.",NA,"Douglas","Superior; Barkers Island",46.718,-92.05575,NA,844,"46.718000 N"," 92.055750 W","Georeferencing Quick Reference Guide 2012-10-02","Geolocate","",NA,"","July","Castle, R.","Castle, R."
"SUWS013989","Equisetopsida","Asterales","Asteraceae","Grindelia squarrosa",3737,"(Pursh) Dunal","Grindelia","squarrosa","","","","","Castle, R.","94-B","1994-08-16",1994,8,16,228,"1994-08-16","","Gravel parking lot.",NA,"Douglas","Superior. Near entrance to old Arrowhead Bridge",46.71855,-92.14547,NA,331,"46.718550 N"," 92.145470 W","Georeferencing Quick Reference Guide 2012-10-02","Geolocate","",NA,"","August","Castle, R.","Castle, R."
"SUWS013996","Equisetopsida","Brassicales","Brassicaceae","Thlaspi arvense",5225,"L.","Thlaspi","arvense","","","","","Castle, R.","94-77","1994-06-28",1994,6,28,179,"1994-06-28","","Waste ground. Notched seed podes (pennies).",NA,"Douglas","Superior. Belnap and Hwy 2 near Lake Superior",46.69111,-91.91731,NA,29129,"46.691110 N"," 91.917310 W","Georeferencing Quick Reference Guide 2012-10-02","Geolocate","",NA,"","June","Castle, R.","Castle, R."
"SUWS014002","Equisetopsida","Lycopodiales","Lycopodiaceae","Diphasiastrum digitatum",3414,"(Dill. ex A.Braun) Holub","Diphasiastrum","digitatum","","","","","Castle, R.","Jun-94","1994-05-22",1994,5,22,142,"1994-05-22","","Roadside in hardwoods rich soils. Lycopodium to 8 inches high trailing with last years sporophylls.",NA,"Douglas","2 mi. W on Minnisuing Acres Rd. from CTH P and Minnisuing Acres Rd. [near Lake Minnisuing]",46.4764,-91.75839,NA,2043,"46.476400 N"," 91.758390 W","Georeferencing Quick Reference Guide 2012-10-02","Geolocate","",NA,"","May","Castle, R.","Castle, R."
"SUWS014003","Equisetopsida","Alismatales","Araceae","Calla palustris",2830,"L.","Calla","palustris","","","","","Castle, R.","94-07","1994-05-22",1994,5,22,142,"1994-05-22","","Alder swamp, growing in water.",NA,"Douglas","Minnisuing Acres Rd. and North Bennett Rd. [W of Lake Minnesuing]",46.46033,-91.75903,NA,1859,"46.460330 N"," 91.759030 W","Georeferencing Quick Reference Guide 2012-10-02","Geolocate","",NA,"","May","Castle, R.","Castle, R."
"SUWS014005","Equisetopsida","Malpighiales","Violaceae","Viola pubescens",5399,"Aiton","Viola","pubescens","","","","","Castle, R.","05-94","1994-05-23",1994,5,23,143,"1994-05-23","","Roadside; suny area.",NA,"Douglas","Minnesuing Acres Rd. and CTH P [NE side of Minnesuing Lake]",46.47758,-91.73633,NA,3231,"46.477580 N"," 91.736330 W","Georeferencing Quick Reference Guide 2012-10-02","Geolocate","",NA,"","May","Castle, R.","Castle, R."
"SUWS014006","Equisetopsida","Lycopodiales","Lycopodiaceae","Lycopodium clavatum",4148,"L.","Lycopodium","clavatum","","","","","Castle, R.","94-08","1994-05-22",1994,5,22,142,"1994-05-22","","Roadside; sandy area; full sun.",NA,"Douglas","3 miles W of Turkey Farm Rd. and CTH S on Turkey Farm Rd. [S of Lake Minnesuing, probably should be 3mi W of CTH S & Hazel Prairie Rd]",46.43813,-91.73806,NA,1003,"46.438130 N"," 91.738060 W","Georeferencing Quick Reference Guide 2012-10-02","Geolocate","",NA,"","May","Castle, R.","Castle, R."
"SUWS014008","Equisetopsida","Rosales","Rosaceae","Prunus serotina var. serotina",13243,"Ehrh.","Prunus","serotina","serotina","var.","","","Castle, R.","94-40","1994-05-24",1994,5,24,144,"1994-05-24","","River bank. 25 feet, shite flowers, blunt incurved leaf teeth.",NA,"Douglas","Brule. 1 mile W of Brule on Hwy 2",46.553,-91.59763,NA,1077,"46.553000 N"," 91.597630 W","Georeferencing Quick Reference Guide 2012-10-02","Geolocate","",NA,"","May","Castle, R.","Castle, R."
"SUWS014009","Equisetopsida","Ericales","Ericaceae","Chamaedaphne calyculata var. angustifolia",12906,"(L.) Moench","Chamaedaphne","calyculata","angustifolia","var.","","","Castle, R.","94-15","1994-05-26",1994,5,26,146,"1994-05-26","","Black spruce swamp. White bell shaped flowers.",NA,"Douglas","Blueberry. Hwy 2 and Blueberry Rd. [Blueberry]",46.58022,-91.6688,NA,2290,"46.580220 N"," 91.668800 W","Georeferencing Quick Reference Guide 2012-10-02","Geolocate","",NA,"","May","Castle, R.","Castle, R."
"SUWS014013","Equisetopsida","Liliales","Melanthiaceae","Trillium cernuum",5276,"L.","Trillium","cernuum","","","","","Castle, R.","94-18","1994-05-26",1994,5,26,146,"1994-05-26","","Rich, shaded soil.",NA,"Douglas","Maple. Hwy 2 and CTH F; 0.125 mile S on CTH F [Maple]",46.58785,-91.72074,NA,1724,"46.587850 N"," 91.720740 W","Georeferencing Quick Reference Guide 2012-10-02","Geolocate","",NA,"","May","Castle, R.","Castle, R."
"SUWS014014","Equisetopsida","Polypodiales","Dryopteridaceae","Gymnocarpium dryopteris",3784,"(L.) Newman","Gymnocarpium","dryopteris","","","","","Castle, R.","94-20","1994-05-26",1994,5,26,146,"1994-05-26","","Rich soil.",NA,"Douglas","Maple. Hwy 2 and CTH F; 0.125 mile S on CTH F [Maple]",46.58785,-91.72074,NA,1724,"46.587850 N"," 91.720740 W","Georeferencing Quick Reference Guide 2012-10-02","Geolocate","",NA,"","May","Castle, R.","Castle, R."
"SUWS014015","Equisetopsida","Sapindales","Sapindaceae","Acer saccharum",2425,"Marshall","Acer","saccharum","","","","","Castle, R.","94-2A","1994-05-25",1994,5,25,145,"1994-05-25","","Planted along street.",NA,"Douglas","Superior. UWS [Univ. of Wisconsin - Superior] Campus",46.71784,-92.08786,NA,699,"46.717840 N"," 92.087860 W","Georeferencing Quick Reference Guide 2012-10-02","Geolocate","",NA,"","May","Castle, R.","Castle, R."
"SUWS014018","Equisetopsida","Rosales","Rosaceae","Sorbus decora",5110,"(Sarg.) C.K.Schneid.","Sorbus","decora","","","","","Castle, R.","34-36","1994-06-19",1994,6,19,170,"1994-06-19","","",NA,"Douglas","Superior. Near the Nemadji River; boat landing",46.59392,-92.11951,NA,15460,"46.593920 N"," 92.119510 W","Georeferencing Quick Reference Guide 2012-10-02","Geolocate","",NA,"","June","Castle, R.","Castle, R."
"SUWS014021","Equisetopsida","Malvales","Cistaceae","Hudsonia tomentosa var. tomentosa",6700,"","Hudsonia","tomentosa","tomentosa","var.","","","Castle, R.","94-39","1994-06-03",1994,6,3,154,"1994-06-03","","In sand and full sun.",NA,"Douglas","Superior. Barker's Island; near Lake Superior",46.718,-92.05575,NA,844,"46.718000 N"," 92.055750 W","Georeferencing Quick Reference Guide 2012-10-02","Geolocate","",NA,"","June","Castle, R.","Castle, R."
"SUWS014074","Equisetopsida","Asparagales","Asparagaceae","Maianthemum stellatum",4181,"(L.) Link","Maianthemum","stellatum","","","","","Sohmer, S. H.","s.n.","1968-05-11",1968,5,11,132,"1968-05-11","","",NA,"La Crosse","Goose Island",43.72941,-91.22541,NA,1800,"43.729410 N"," 91.225410 W","Georeferencing Quick Reference Guide 2012-10-02","Geolocate","",NA,"","May","Sohmer, S. H.","Other Collectors"
"SUWS014075","Equisetopsida","Caryophyllales","Polygonaceae","Polygonum cuspidatum",11964,"Siebold & Zucc.","Polygonum","cuspidatum","","","","","Sohmer, S. H.","5107b","1968-09-22",1968,9,22,266,"1968-09-22","","",NA,"La Crosse","Gordon Road, behind Oak Grove Cemetary",43.82045,-91.2322,NA,300,"43.820450 N"," 91.232200 W","Georeferencing Quick Reference Guide 2012-10-02","Geolocate","",NA,"","September","Sohmer, S. H.","Other Collectors"
"SUWS014106","Equisetopsida","Asparagales","Orchidaceae","Cypripedium acaule",3333,"Aiton","Cypripedium","acaule","","","","","Brashier","s.n.","1965-06-07",1965,6,7,158,"1965-06-07","","Bog.",NA,"Douglas","Patzau. 0.5 mile W of State Hwy 35 on CTH BB on James Romans propery [E of Patzau]",46.48986,-92.18414,NA,1517,"46.489860 N"," 92.184140 W","Georeferencing Quick Reference Guide 2012-10-02","Geolocate","",NA,"","June","Brashier; Romans","Brashier"
"SUWS014107","Equisetopsida","Asparagales","Orchidaceae","Goodyera tesselata",3733,"Lodd.","Goodyera","tesselata","","","Kallunki, J. A.","Jan 1979","Team 4","s.n.","1975-07-23",1975,7,23,204,"1975-07-23","","Balsam and red pine stand; sandy soil; dry. [Team 4, Sect.1 = collectors]",NA,"Ashland","Michigan Island. [Apostle Island National Lake Shore]",46.93827,-90.65296,NA,32069,"46.938270 N"," 90.652960 W","Georeferencing Quick Reference Guide 2012-10-02","Geolocate","",NA,"","July","Team 4","Other Collectors"
"SUWS014130","Equisetopsida","Liliales","Liliaceae","Erythronium americanum subsp. americanum",8773,"","Erythronium","americanum","americanum","subsp.","","","Sohmer, S. H.","9736","1975-05-07",1975,5,7,127,"1975-05-07","","Erythoronium population.",NA,"La Crosse","Bohemian Valley; ENE slope overlooking Meadowbrook Park",43.73327,-90.97686,NA,1500,"43.733270 N"," 90.976860 W","Georeferencing Quick Reference Guide 2012-10-02","Geolocate","",NA,"","May","Sohmer, S. H.","Other Collectors"
"SUWS014134","Equisetopsida","Alismatales","Araceae","Arisaema triphyllum subsp. triphyllum",2605,"","Arisaema","triphyllum","triphyllum","subsp.","","","Lenser, Gregory J.","s.n.","1971-05-18",1971,5,18,138,"1971-05-18","","New tamarack area. [Labeled as Arisaema atrorubens]",NA,"Trempealeau","Centerville. 5 miles N of Centerville on Hwy. 93",44.14238,-91.45126,NA,1000,"44.142380 N"," 91.451260 W","Georeferencing Quick Reference Guide 2012-10-02","Geolocate","",NA,"","May","Lenser, Gregory J.; Stetzer, Gerald W.","Other Collectors"
"SUWS014137","Equisetopsida","Poales","Cyperaceae","Carex vulpinoidea",3028,"Michx.","Carex","vulpinoidea","","","Zimmerman, James H.","24Nov1974","Sohmer, S. H.","2384","1968-07-16",1968,7,16,198,"1968-07-16","","Stream habitat.",NA,"La Crosse","Newburg Corners. Ca. 2 miles SE of Newburg Corners [Newberg Corners]; Meadow Brook Park; Bohemain Valley",43.75698,-90.94954,NA,2000,"43.756980 N"," 90.949540 W","Georeferencing Quick Reference Guide 2012-10-02","Geolocate","",NA,"","July","Sohmer, S. H.","Other Collectors"
"SUWS014141","Equisetopsida","Poales","Cyperaceae","Carex cumulata",2919,"(L.H.Bailey) Mack.","Carex","cumulata","","","Zimmerman, James H.","24Nov1974","Sohmer, S. H.","2867","1968-08-06",1968,8,6,219,"1968-08-06","","Woods and sandy soil.",NA,"Monroe","Camp Mccoy. 1.5 miles W of Camp McCoy on Hwy. 21; near the La Crosse River public fishing area",43.97591,-90.75207,NA,1000,"43.975910 N"," 90.752070 W","Georeferencing Quick Reference Guide 2012-10-02","Geolocate","",NA,"","August","Sohmer, S. H.","Other Collectors"
"SUWS014190","Equisetopsida","Asterales","Asteraceae","Coreopsis palmata",3207,"Nutt.","Coreopsis","palmata","","","","","Thomson, John W., Jr.","s.n.","1942-06-13",1942,6,13,164,"1942-06-13","","Prairie between road and railroad.",NA,"Barron","Chetek. 1 mile N of Chetek",45.32861,-91.651,NA,2880,"45.328610 N"," 91.651000 W","Georeferencing Quick Reference Guide 2012-10-02","Geolocate","",NA,"","June","Thomson, John W., Jr.","Thomson, John W., Jr."
"SUWS014195","Equisetopsida","Asterales","Asteraceae","Cirsium vulgare",3144,"(Savi) Ten.","Cirsium","vulgare","","","","","Mitchell, John A.","s.n.","1968-07-28",1968,7,28,210,"1968-07-28","","Beside pool in cedar grove; moist ground shady in grove.",NA,"Douglas","Stone's Bridge, along Brule River; CTH S",46.4353,-91.67262,NA,1162,"46.435300 N"," 91.672620 W","Georeferencing Quick Reference Guide 2012-10-02","Geolocate","",NA,"","July","Mitchell, John A.","Other Collectors"
"SUWS014198","Equisetopsida","Asterales","Asteraceae","Cirsium vulgare",3144,"(Savi) Ten.","Cirsium","vulgare","","","","","Brashier","121a","1964-08-18",1964,8,18,231,"1964-08-18","","Dry, railroad embankment.",NA,"Douglas","Patzau. 3 miles W and 1 mile S of Patzau on Soo Line Railroad embankment",46.50065,-92.28624,NA,1880,"46.500650 N"," 92.286240 W","Georeferencing Quick Reference Guide 2012-10-02","Geolocate","",NA,"","August","Brashier; Romans","Brashier"
"SUWS014207","Equisetopsida","Asterales","Asteraceae","Cirsium arvense",3137,"(L.) Scop.","Cirsium","arvense","","","","","Hicks, James","s.n.","1943-07-21",1943,7,21,202,"1943-07-21","","Along road.",NA,"Douglas","Superior",46.68122,-92.06631,NA,12939,"46.681220 N"," 92.066310 W","Georeferencing Quick Reference Guide 2012-10-02","Geolocate","",NA,"","July","Hicks, James","Other Collectors"
"SUWS014211","Equisetopsida","Asterales","Asteraceae","Grindelia squarrosa",3737,"(Pursh) Dunal","Grindelia","squarrosa","","","","","Castle, R.","94-B","1994-08-16",1994,8,16,228,"1994-08-16","","Parking lot.",NA,"Douglas","Superior. Near entrance to old Arrowhead Bridge",46.71855,-92.14547,NA,331,"46.718550 N"," 92.145470 W","Georeferencing Quick Reference Guide 2012-10-02","Geolocate","",NA,"","August","Castle, R.","Castle, R."
"SUWS014215","Equisetopsida","Asterales","Asteraceae","Grindelia squarrosa",3737,"(Pursh) Dunal","Grindelia","squarrosa","","","","","Thomson, John W., Jr.","5080","1942-08-16",1942,8,16,228,"1942-08-16","","Along railroad and road.",NA,"Douglas","Superior. Waui St. and Connors Point",46.7392,-92.08886,NA,1368,"46.739200 N"," 92.088860 W","Georeferencing Quick Reference Guide 2012-10-02","Geolocate","",NA,"","August","Thomson, John W., Jr.","Thomson, John W., Jr."
"SUWS014219","Equisetopsida","Asterales","Asteraceae","Gnaphalium helleri var. micradenium",13247,"Britton","Gnaphalium","helleri","micradenium","var.","","","Koch, Rudy G.","5133","1968-09-15",1968,9,15,259,"1968-09-15","","Mixed diciduous forest; open areas with herbs and margin of woods near a lake. [OUT OF RANGE?]",NA,"Douglas","Near Lake Amnicon; ca. 10 miles S of Superior",46.47775,-92.06105,NA,2321,"46.477750 N"," 92.061050 W","Georeferencing Quick Reference Guide 2012-10-02","Geolocate","",NA,"","September","Koch, Rudy G.","Koch, Rudy G."
"SUWS014226","Equisetopsida","Asterales","Asteraceae","Euthamia graminifolia var. graminifolia",13032,"(L.) Nutt.","Euthamia","graminifolia","graminifolia","var.","Salamun, Peter J.","1975","Brashier","124a","1964-08-18",1964,8,18,231,"1964-08-18","","Damp area in roadside ditch.",NA,"Douglas","Patzau. 2 miles W of State Hwy. 35 on CTH BB [E of Patzau]",46.49133,-92.22075,NA,2762,"46.491330 N"," 92.220750 W","Georeferencing Quick Reference Guide 2012-10-02","Geolocate","",NA,"","August","Brashier; Romans","Brashier"
"SUWS014233","Equisetopsida","Asterales","Asteraceae","Eupatorium rugosum var. rugosum",12818,"Houtt.","Eupatorium","rugosum","rugosum","var.","","","Koch, Rudy G.","12470","1980-08-26",1980,8,26,239,"1980-08-26","","Grassy meadow opening along roadside with Bromus and Phalaris.",NA,"La Crosse","La Crosse. W side of La Crosse in Pettibone Park",43.81789,-91.26217,NA,500,"43.817890 N"," 91.262170 W","Georeferencing Quick Reference Guide 2012-10-02","Geolocate","",NA,"","August","Koch, Rudy G.","Koch, Rudy G."
"SUWS014235","Equisetopsida","Asterales","Asteraceae","Eupatorium perfoliatum var. perfoliatum",3595,"L.","Eupatorium","perfoliatum","perfoliatum","var.","","","Brashier","118a","1964-08-18",1964,8,18,231,"1964-08-18","","Wet roadside.",NA,"Douglas","Patzau. 2 miles W of State Hwy 35 on CTH BB [E of Patzau]",46.48986,-92.18414,NA,1517,"46.489860 N"," 92.184140 W","Georeferencing Quick Reference Guide 2012-10-02","Geolocate","",NA,"","August","Brashier; Romans","Brashier"
"SUWS014238","Equisetopsida","Asterales","Asteraceae","Eupatorium perfoliatum var. perfoliatum",3595,"L.","Eupatorium","perfoliatum","perfoliatum","var.","","","Castle, R.","93-345","1993-08-02",1993,8,2,214,"1993-08-02","","Edge of shallow lake.",NA,"Douglas","Maple. 6.5 miles W of Brule on U.S. Hwy 2, and then 1 mile S [near Maple] [Bayfield Co. - origianl in error]",46.5811,-91.72103,NA,1385,"46.581100 N"," 91.721030 W","Georeferencing Quick Reference Guide 2012-10-02","Geolocate","",NA,"","August","Castle, R.","Castle, R."
"SUWS014239","Equisetopsida","Asterales","Asteraceae","Eupatorium perfoliatum var. perfoliatum",3595,"L.","Eupatorium","perfoliatum","perfoliatum","var.","","","Brashier","Pl-93","1964-07-23",1964,7,23,205,"1964-07-23","","",NA,"Bayfield","Drummond. N of Drummond on a side rd.",46.42098,-91.26037,NA,9192,"46.420980 N"," 91.260370 W","Georeferencing Quick Reference Guide 2012-10-02","Geolocate","",NA,"","July","Brashier; Valaskey","Brashier"
"SUWS014240","Equisetopsida","Asterales","Asteraceae","Eupatorium maculatum",12811,"L.","Eupatorium","maculatum","","","","","Brashier","122b","1964-08-18",1964,8,18,231,"1964-08-18","","Wet roadside.",NA,"Douglas","Patzau. 2 miles W of State Hwy 35 on CTH BB [E of Patzau]",46.48986,-92.18414,NA,1517,"46.489860 N"," 92.184140 W","Georeferencing Quick Reference Guide 2012-10-02","Geolocate","",NA,"","August","Brashier; Romans","Brashier"
"SUWS014245","Equisetopsida","Asterales","Asteraceae","Eupatorium maculatum",12811,"L.","Eupatorium","maculatum","","","Castle, R.","1994","Swanson, Denny","49","1980-08-05",1980,8,5,218,"1980-08-05","","Margin of lake.",NA,"Douglas","25 miles S of Superior; Lymann Lake",46.45669,-91.98397,NA,1672,"46.456690 N"," 91.983970 W","Georeferencing Quick Reference Guide 2012-10-02","Geolocate","",NA,"","August","Swanson, Denny","Other Collectors"
"SUWS014246","Equisetopsida","Asterales","Asteraceae","Eupatorium maculatum",12811,"L.","Eupatorium","maculatum","","","","","Brashier","271a","1964-08-04",1964,8,4,217,"1964-08-04","","Along roadside next to floating bog.",NA,"Burnett","Danbury. 5 miles S of Danbury on State Hwy. 35",45.93422,-92.36169,NA,750,"45.934220 N"," 92.361690 W","Georeferencing Quick Reference Guide 2012-10-02","Geolocate","",NA,"","August","Brashier; Romans","Brashier"
"SUWS014252","Equisetopsida","Asterales","Asteraceae","Erigeron strigosus",3556,"Muhl. ex Willd.","Erigeron","strigosus","","","","","Cornell","s.n.","1966-07-03",1966,7,3,184,"1966-07-03","","Sandy, loose soil; cover of low grasses and herbs; surrounding area thick woods and underbrush.",NA,"Bayfield","2.8 miles from Pigeon Lake Camp on Hwy. 222; Long View Rd.",46.30007,-91.3224,NA,4271,"46.300070 N"," 91.322400 W","Georeferencing Quick Reference Guide 2012-10-02","Geolocate","",NA,"","July","Cornell; Brashier","Other Collectors"
"SUWS014253","Equisetopsida","Asterales","Asteraceae","Erigeron strigosus",3556,"Muhl. ex Willd.","Erigeron","strigosus","","","","","Holden","s.n.","1966-07-02",1966,7,2,183,"1966-07-02","","Meadow with dry, rocky soil and many shrubs and grasses.",NA,"St. Croix","Hudson. 3 miles E of Hudson on Hwy. 12",44.97613,-92.68035,NA,1300,"44.976130 N"," 92.680350 W","Georeferencing Quick Reference Guide 2012-10-02","Geolocate","",NA,"","July","Holden; Brashier","Other Collectors"
"SUWS014256","Equisetopsida","Asterales","Asteraceae","Erigeron strigosus",3556,"Muhl. ex Willd.","Erigeron","strigosus","","","","","Hjerleid","s.n.","1966-07-20",1966,7,20,201,"1966-07-20","","Sandy roadside.",NA,"Bayfield","Drummond. 1 mile W of Drummond on CTH A",46.33452,-91.28477,NA,1312,"46.334520 N"," 91.284770 W","Georeferencing Quick Reference Guide 2012-10-02","Geolocate","",NA,"","July","Hjerleid; Brashier","Other Collectors"
"SUWS014257","Equisetopsida","Asterales","Asteraceae","Erigeron strigosus",3556,"Muhl. ex Willd.","Erigeron","strigosus","","","","","Mackensen","s.n.","1966-07-29",1966,7,29,210,"1966-07-29","","Under Pinus strobus; quite acid soil.",NA,"Bayfield","1 mile in on Fire Trail [Probably near Pigeon Lake]",46.3418,-91.34766,NA,2037,"46.341800 N"," 91.347660 W","Georeferencing Quick Reference Guide 2012-10-02","Geolocate","",NA,"","July","Mackensen; Brashier","Other Collectors"
"SUWS014258","Equisetopsida","Asterales","Asteraceae","Erigeron strigosus",3556,"Muhl. ex Willd.","Erigeron","strigosus","","","","","Brashier","245a","1964-06-27",1964,6,27,179,"1964-06-27","","Open field; clay soil.",NA,"Douglas","Superior. 3 miles S of Superior on State Hwy. 35 on the Ralph Law property",46.65497,-92.10442,NA,4161,"46.654970 N"," 92.104420 W","Georeferencing Quick Reference Guide 2012-10-02","Geolocate","",NA,"","June","Brashier; Romans","Brashier"
"SUWS014283","Equisetopsida","Asterales","Asteraceae","Hieracium aurantiacum",3848,"L.","Hieracium","aurantiacum","","","","","Hjerleid","s.n.","1966-07-09",1966,7,9,190,"1966-07-09","","Low brushy to open meadow.",NA,"Bayfield","3 miles S of Pigeon Lake on Hwy 222",46.30782,-91.32289,NA,1634,"46.307820 N"," 91.322890 W","Georeferencing Quick Reference Guide 2012-10-02","Geolocate","",NA,"","July","Hjerleid; Brashier","Other Collectors"
"SUWS014284","Equisetopsida","Asterales","Asteraceae","Hieracium aurantiacum",3848,"L.","Hieracium","aurantiacum","","","","","Hjerleid","s.n.","1966-07-24",1966,7,24,205,"1966-07-24","","Open sandy clearing.",NA,"Bayfield","1 mile S of CTH A on Hwy 222 [Should be CTH N and FSR 222- SE of Pigeon Lake]",46.32318,-91.3224,NA,898,"46.323180 N"," 91.322400 W","Georeferencing Quick Reference Guide 2012-10-02","Geolocate","",NA,"","July","Hjerleid; Brashier","Other Collectors"
"SUWS014285","Equisetopsida","Asterales","Asteraceae","Hieracium aurantiacum",3848,"L.","Hieracium","aurantiacum","","","","","Cornell","s.n.","1966-07-02",1966,7,2,183,"1966-07-02","","Soil sandy and firm; cover dense grasses and herbs.",NA,"Bayfield","Drummond. NE of Drummond at jct. of Hwy. 402 and Hwy 63",46.34389,-91.21338,NA,691,"46.343890 N"," 91.213380 W","Georeferencing Quick Reference Guide 2012-10-02","Geolocate","",NA,"","July","Cornell; Brashier","Other Collectors"
"SUWS014288","Equisetopsida","Asterales","Asteraceae","Hieracium aurantiacum",3848,"L.","Hieracium","aurantiacum","","","","","Brashier","230a","1964-06-24",1964,6,24,176,"1964-06-24","","In shade of Quercus sp. in sandy soil.",NA,"Bayfield","Drummond. On campus of Pigeon Lake Biology Field Station",46.34228,-91.34901,NA,2257,"46.342280 N"," 91.349010 W","Georeferencing Quick Reference Guide 2012-10-02","Geolocate","",NA,"","June","Brashier; Romans","Brashier"
"SUWS014292","Equisetopsida","Asterales","Asteraceae","Hieracium aurantiacum",3848,"L.","Hieracium","aurantiacum","","","","","Brashier","230b","1964-06-24",1964,6,24,176,"1964-06-24","","In shade of Quercus sp. In sandy soil.",NA,"Bayfield","Drummond. On campus of Pigeon Lake Biology Field Station",46.34228,-91.34901,NA,2257,"46.342280 N"," 91.349010 W","Georeferencing Quick Reference Guide 2012-10-02","Geolocate","",NA,"","June","Brashier; Romans","Brashier"
"SUWS014296","Equisetopsida","Asterales","Asteraceae","Hieracium umbellatum",3857,"L.","Hieracium","umbellatum","","","","","Brashier","96a","1964-06-02",1964,6,2,154,"1964-06-02","","Sandy, roadside area near entrance to park; open sunlight.",NA,"St. Croix","Somerset. Within city limits; in park along river [Apple River]",45.12547,-92.67195,NA,1500,"45.125470 N"," 92.671950 W","Georeferencing Quick Reference Guide 2012-10-02","Geolocate","",NA,"","June","Brashier; Romans","Brashier"
"SUWS014303","Equisetopsida","Asterales","Asteraceae","Helianthus strumosus",3822,"L.","Helianthus","strumosus","","","","","Castle, R.","93-304","1993-07-13",1993,7,13,194,"1993-07-13","","Clay soil, sunny area.",NA,"Douglas","Cloverland. Hwy 13 and Cloverland Township Park Rd.",46.67688,-91.67908,NA,3658,"46.676880 N"," 91.679080 W","Georeferencing Quick Reference Guide 2012-10-02","Geolocate","",NA,"","July","Castle, R.","Castle, R."
"SUWS014309","Equisetopsida","Asterales","Asteraceae","Helianthus maximiliani",3817,"Schrad.","Helianthus","maximiliani","","","Koch, Rudy G.","21Jan1980","Brashier","165a","1964-08-04",1964,8,4,217,"1964-08-04","","Along fence between road and field; clay soil.",NA,"Douglas","Superior. 0.5 mile S of Wienstein Packing House on CTH C [Superior]",46.63206,-92.06932,NA,2867,"46.632060 N"," 92.069320 W","Georeferencing Quick Reference Guide 2012-10-02","Geolocate","",NA,"","August","Brashier; Romans","Brashier"
"SUWS014310","Equisetopsida","Asterales","Asteraceae","Helianthus maximiliani",3817,"Schrad.","Helianthus","maximiliani","","","Unknown-UWSUP","20Mar1979","Brashier","159a","1964-08-26",1964,8,26,239,"1964-08-26","","Roadside; clay soil.",NA,"Douglas","Superior. 1 mile N of U.S. Hwy 2 on the road to Wisconsin Point [Moccasin Mike Rd.]",46.67311,-91.97214,NA,2431,"46.673110 N"," 91.972140 W","Georeferencing Quick Reference Guide 2012-10-02","Geolocate","",NA,"","August","Brashier; Romans","Brashier"
"SUWS014328","Equisetopsida","Asterales","Asteraceae","Rudbeckia hirta var. pulcherrima",6844,"Farw.","Rudbeckia","hirta","pulcherrima","var.","Castle, R.","1994","Barnard","s.n.","1966-07-09",1966,7,9,190,"1966-07-09","","Sandy.",NA,"Bayfield","Cable",46.20801,-91.29213,NA,3036,"46.208010 N"," 91.292130 W","Georeferencing Quick Reference Guide 2012-10-02","Geolocate","",NA,"","July","Barnard; Brashier","Other Collectors"
"SUWS014329","Equisetopsida","Asterales","Asteraceae","Rudbeckia hirta var. pulcherrima",6844,"Farw.","Rudbeckia","hirta","pulcherrima","var.","Castle, R.","1994","Brashier","PL-82","1964-07-01",1964,7,1,183,"1964-07-01","","Sandy loam on roadside, near lake.",NA,"Bayfield","Near Lake Drummond",46.34393,-91.26114,NA,1856,"46.343930 N"," 91.261140 W","Georeferencing Quick Reference Guide 2012-10-02","Geolocate","",NA,"","July","Brashier; Grage","Brashier"
"SUWS014330","Equisetopsida","Asterales","Asteraceae","Rudbeckia hirta var. pulcherrima",6844,"Farw.","Rudbeckia","hirta","pulcherrima","var.","Castle, R.","1994","Brashier","216b","1964-06-26",1964,6,26,178,"1964-06-26","","Sandy soil; roadside.",NA,"Bayfield","Delta. Bridge over headwaters of White River",46.47814,-90.98825,NA,5401,"46.478140 N"," 90.988250 W","Georeferencing Quick Reference Guide 2012-10-02","Geolocate","",NA,"","June","Brashier; Romans","Brashier"
"SUWS014331","Equisetopsida","Asterales","Asteraceae","Rudbeckia hirta var. pulcherrima",6844,"Farw.","Rudbeckia","hirta","pulcherrima","var.","","","Castle, R.","93-304","1993-06-08",1993,6,8,159,"1993-06-08","","Roadside, full sun.",NA,"Burnett","Siren. 8 miles N of Hwy. 48 and Hwy. 35 on Hwy. 35 [S of Siren]",45.96741,-92.36349,NA,150,"45.967410 N"," 92.363490 W","Georeferencing Quick Reference Guide 2012-10-02","Geolocate","",NA,"","June","Castle, R.","Castle, R."
"SUWS014334","Equisetopsida","Asterales","Asteraceae","Rudbeckia hirta var. pulcherrima",6844,"Farw.","Rudbeckia","hirta","pulcherrima","var.","Castle, R.","1994","Mackensen","s.n.","1966-07-12",1966,7,12,193,"1966-07-12","","Near railroad track bed; quite sandy.",NA,"Eau Claire","Augusta. 1 mile N of railroad bridge on CTH M [Augusta]",44.67831,-91.10404,NA,522,"44.678310 N"," 91.104040 W","Georeferencing Quick Reference Guide 2012-10-02","Geolocate","",NA,"","July","Mackensen; Brashier","Other Collectors"
"SUWS014335","Equisetopsida","Asterales","Asteraceae","Rudbeckia hirta var. pulcherrima",6844,"Farw.","Rudbeckia","hirta","pulcherrima","var.","Castle, R.","1994","Severson, Bob","s.n.","1967-07-27",1967,7,27,208,"1967-07-27","","Roadside.",NA,"Bayfield","Drummond. 1 mile NE of Drummond on Hwy. 63",46.34476,-91.22666,NA,1357,"46.344760 N"," 91.226660 W","Georeferencing Quick Reference Guide 2012-10-02","Geolocate","",NA,"","July","Severson, Bob","Other Collectors"
"SUWS014336","Equisetopsida","Asterales","Asteraceae","Rudbeckia hirta var. pulcherrima",6844,"Farw.","Rudbeckia","hirta","pulcherrima","var.","Castle, R.","1994","Collins","s.n.","1966-07-04",1966,7,4,185,"1966-07-04","","Roadside.",NA,"Bayfield","Pigeon Lake Forest Trail",46.34228,-91.34901,NA,2257,"46.342280 N"," 91.349010 W","Georeferencing Quick Reference Guide 2012-10-02","Geolocate","",NA,"","July","Collins; Brashier","Other Collectors"
"SUWS014338","Equisetopsida","Asterales","Asteraceae","Rudbeckia hirta var. pulcherrima",6844,"Farw.","Rudbeckia","hirta","pulcherrima","var.","Castle, R.","1994","Holden","s.n.","1966-07-02",1966,7,2,183,"1966-07-02","","Meadow with dry, rocky, soil and many shrubs and grasses.",NA,"St. Croix","Hudson. 3 miles E of Hudson on Hwy. 12",44.97613,-92.68035,NA,1300,"44.976130 N"," 92.680350 W","Georeferencing Quick Reference Guide 2012-10-02","Geolocate","",NA,"","July","Holden; Brashier","Other Collectors"
"SUWS014340","Equisetopsida","Asterales","Asteraceae","Rudbeckia hirta var. pulcherrima",6844,"Farw.","Rudbeckia","hirta","pulcherrima","var.","Castle, R.","1994","Hjerleid","s.n.","1966-07-17",1966,7,17,198,"1966-07-17","","Roadside.",NA,"Bayfield","1 mile W of Pigeon Lake camp on CTH A",46.34228,-91.36998,NA,1770,"46.342280 N"," 91.369980 W","Georeferencing Quick Reference Guide 2012-10-02","Geolocate","",NA,"","July","Hjerleid; Brashier","Other Collectors"
"SUWS014341","Equisetopsida","Asterales","Asteraceae","Rudbeckia hirta var. pulcherrima",6844,"Farw.","Rudbeckia","hirta","pulcherrima","var.","Castle, R.","1994","Cornell","s.n.","1966-07-03",1966,7,3,184,"1966-07-03","","Soil sandy and loose; surrounding area thick woods, much undergrowth.",NA,"Bayfield","1.5 miles from Pigeon Lake Camp on Rd. 222 - Long View Rd.",46.31668,-91.32291,NA,1029,"46.316680 N"," 91.322910 W","Georeferencing Quick Reference Guide 2012-10-02","Geolocate","",NA,"","July","Cornell; Brashier","Other Collectors"
"SUWS014344","Equisetopsida","Asterales","Asteraceae","Ratibida pinnata",4774,"(Vent.) Barnhart","Ratibida","pinnata","","","","","Salamun, Peter J.","3274","1972-09-01",1972,9,1,245,"1972-09-01","","Wet prairie on lake sands.",NA,"Kenosha","Kenosha. 1-3 miles S of Kenosha. Chiwaukee Prairie, between Lake Michigan and C&NW RR",42.51224,-87.80924,NA,2583,"42.512240 N"," 87.809240 W","","","",NA,"","September","Salamun, Peter J.","Other Collectors"
"SUWS014348","Equisetopsida","Asterales","Asteraceae","Prenanthes alba",4669,"L.","Prenanthes","alba","","","","","Brashier","152b","1964-08-07",1964,8,7,220,"1964-08-07","","Rich, shady woods.",NA,"Douglas","Superior. 3 miles S of Superior on State Hwy. 35 on the Ralph Law property",46.65497,-92.10442,NA,4161,"46.654970 N"," 92.104420 W","Georeferencing Quick Reference Guide 2012-10-02","Geolocate","",NA,"","August","Brashier; Romans","Brashier"
"SUWS014349","Equisetopsida","Asterales","Asteraceae","Prenanthes alba",4669,"L.","Prenanthes","alba","","","","","Brashier","160a","1964-08-26",1964,8,26,239,"1964-08-26","","Shady roadside.",NA,"Douglas","Superior. 1 mile N of U.S. Hwy. 2 on the road to Wisconsin Point Rd. [Moccasin Mike Rd.]",46.67311,-91.97214,NA,2431,"46.673110 N"," 91.972140 W","Georeferencing Quick Reference Guide 2012-10-02","Geolocate","",NA,"","August","Brashier; Romans","Brashier"
"SUWS014362","Equisetopsida","Asterales","Asteraceae","Matricaria discoidea",4203,"DC.","Matricaria","discoidea","","","","","Brashier","PL-77","1964-07-07",1964,7,7,189,"1964-07-07","","Roadside.",NA,"Bayfield","E shore of Lake Drummond, near dam",46.34393,-91.26114,NA,1856,"46.343930 N"," 91.261140 W","Georeferencing Quick Reference Guide 2012-10-02","Geolocate","",NA,"","July","Brashier; Grage","Brashier"
"SUWS014363","Equisetopsida","Asterales","Asteraceae","Matricaria discoidea",4203,"DC.","Matricaria","discoidea","","","Castle, R.","1994","Thomson, John W., Jr.","s.n.","1942-06-13",1942,6,13,164,"1942-06-13","","Roadside.",NA,"Barron","Chetek. 1 mile N of Chetek",45.32861,-91.651,NA,2880,"45.328610 N"," 91.651000 W","Georeferencing Quick Reference Guide 2012-10-02","Geolocate","",NA,"","June","Thomson, John W., Jr.","Thomson, John W., Jr."
"SUWS014364","Equisetopsida","Asterales","Asteraceae","Matricaria discoidea",4203,"DC.","Matricaria","discoidea","","","","","Ojanen, Joanne M.","94/11","1994-09-13",1994,9,13,256,"1994-09-13","","Grassland, well drained sandy loam.",NA,"Douglas","Oakland. Eastman Rd. Approx. 0.75 mile off of CTH B",46.54322,-92.04635,NA,309,"46.543220 N"," 92.046350 W","Georeferencing Quick Reference Guide 2012-10-02","Geolocate","",NA,"","September","Ojanen, Joanne M.","Other Collectors"
"SUWS014368","Equisetopsida","Asterales","Asteraceae","Liatris aspera",4058,"Michx.","Liatris","aspera","","","Alverson, William S.","5/1979","Brashier","169b","1964-08-04",1964,8,4,217,"1964-08-04","","Sandy ditch next to jackpine forest; very dry.",NA,"Burnett","Danbury. 4 miles S of Danbury on State Hwy 35",45.9487,-92.37131,NA,750,"45.948700 N"," 92.371310 W","Georeferencing Quick Reference Guide 2012-10-02","Geolocate","",NA,"","August","Brashier; Romans","Brashier"
"SUWS014372","Equisetopsida","Asterales","Asteraceae","Liatris aspera",4058,"Michx.","Liatris","aspera","","","","","Castle, R.","93-341","1993-08-02",1993,8,2,214,"1993-08-02","","Roadside.",NA,"Douglas","Brule. 5 miles W of Brule on Hwy. 2 [Bayfield Co. - original in error]",46.55295,-91.68184,NA,1632,"46.552950 N"," 91.681840 W","Georeferencing Quick Reference Guide 2012-10-02","Geolocate","",NA,"","August","Castle, R.","Castle, R."
"SUWS014379","Equisetopsida","Asterales","Asteraceae","Krigia virginica",3993,"(L.) Willd.","Krigia","virginica","","","","","Thomson, John W., Jr.","s.n.","1937-05-23",1937,5,23,143,"1937-05-23","","Sandy terraces of river.",NA,"Iowa","Arena. Along Wisconsin River",43.16498,-90.13572,NA,24697,"43.164980 N"," 90.135720 W","Georeferencing Quick Reference Guide 2012-10-02","Geolocate","",NA,"","May","Thomson, John W., Jr.","Thomson, John W., Jr."
"SUWS014386","Equisetopsida","Asterales","Asteraceae","Solidago speciosa",5100,"Nutt.","Solidago","speciosa","","","","","Konkel, Deborah","1170","1992-08-30",1992,8,30,243,"1992-08-30","","Collected on high sandy knoll with Aster ericoides, Lespedeza capitata, and Panicum oligosanthes.",NA,"La Crosse","Rockland. W of Rockland and N of La Crosse River Trail Prairie",43.90574,-90.94316,NA,1000,"43.905740 N"," 90.943160 W","Georeferencing Quick Reference Guide 2012-10-02","Geolocate","",NA,"","August","Konkel, Deborah","Other Collectors"
"SUWS014389","Equisetopsida","Asterales","Asteraceae","Solidago ptarmicoides",5093,"(Torr. & A.Gray) B.Boivin","Solidago","ptarmicoides","","","","","Anderson, Jason","17","1994-10-23",1994,10,23,296,"1994-10-23","","Dry sandy soil in open area.",NA,"Bayfield","Iron River. N of Long Lake; 1 mile on pipeline",46.60017,-91.34422,NA,2324,"46.600170 N"," 91.344220 W","Georeferencing Quick Reference Guide 2012-10-02","Geolocate","",NA,"","October","Anderson, Jason","Other Collectors"
"SUWS014393","Equisetopsida","Asterales","Asteraceae","Solidago nemoralis subsp. nemoralis",6880,"","Solidago","nemoralis","nemoralis","subsp.","Salamun, Peter J.","1976","Brashier","158a","1964-08-18",1964,8,18,231,"1964-08-18","","Gravel pit.",NA,"Douglas","Patzau. 1 mile E of Patzau on CTH BB",46.49133,-92.19972,NA,979,"46.491330 N"," 92.199720 W","Georeferencing Quick Reference Guide 2012-10-02","Geolocate","",NA,"","August","Brashier; Romans","Brashier"
"SUWS014397","Equisetopsida","Asterales","Asteraceae","Solidago missouriensis",5088,"Nutt.","Solidago","missouriensis","","","","","Ojanen, Joanne M.","94/20","1994-10-05",1994,10,5,278,"1994-10-05","","Woodland, well drained sandy loam soil.",NA,"Douglas","Oakland. Eastmand Rd. approx. 0.75 mile off of CTH B",46.54322,-92.04635,NA,309,"46.543220 N"," 92.046350 W","Georeferencing Quick Reference Guide 2012-10-02","Geolocate","",NA,"","October","Ojanen, Joanne M.","Other Collectors"
"SUWS014402","Equisetopsida","Asterales","Asteraceae","Solidago juncea",5087,"Aiton","Solidago","juncea","","","Salamun, Peter J.","1976","Barnard","s.n.","1966-07-28",1966,7,28,209,"1966-07-28","","Sandy area.",NA,"Bayfield","Cable",46.20801,-91.29213,NA,3036,"46.208010 N"," 91.292130 W","Georeferencing Quick Reference Guide 2012-10-02","Geolocate","",NA,"","July","Barnard; Brashier","Other Collectors"
"SUWS014403","Equisetopsida","Asterales","Asteraceae","Solidago juncea",5087,"Aiton","Solidago","juncea","","","Salamun, Peter J.","1976","Thomson, John W., Jr.","5127","1942-07-18",1942,7,18,199,"1942-07-18","","Island in lake.",NA,"Douglas","Superior. Sand Island in Superior Bay",46.73216,-92.0663,NA,5466,"46.732160 N"," 92.066300 W","Georeferencing Quick Reference Guide 2012-10-02","Geolocate","",NA,"","July","Thomson, John W., Jr.; Smith, C. W.","Thomson, John W., Jr."
"SUWS014429","Equisetopsida","Asterales","Asteraceae","Tragopogon dubius",5247,"Scop.","Tragopogon","dubius","","","Castle, R.","1994","Brashier","28c","1964-06-02",1964,6,2,154,"1964-06-02","","Sandy area bordering roadside.",NA,"Polk","Osceola. 0.2 mile N of Osceola on State Hwy. 35",45.33458,-92.68725,NA,500,"45.334580 N"," 92.687250 W","Georeferencing Quick Reference Guide 2012-10-02","Geolocate","",NA,"","June","Brashier; Romans","Brashier"
"SUWS014432","Equisetopsida","Asterales","Asteraceae","Taraxacum officinale",5202,"F.H.Wigg.","Taraxacum","officinale","","","","","Longenecker, Jean","25","1980-05-15",1980,5,15,136,"1980-05-15","","Grassy field.",NA,"Douglas","Superior. Field near Wisconsin Point",46.69472,-91.99265,NA,2450,"46.694720 N"," 91.992650 W","Georeferencing Quick Reference Guide 2012-10-02","Geolocate","",NA,"","May","Longenecker, Jean","Other Collectors"
"SUWS014433","Equisetopsida","Asterales","Asteraceae","Taraxacum officinale",5202,"F.H.Wigg.","Taraxacum","officinale","","","","","Brashier","132c","1964-08-19",1964,8,19,232,"1964-08-19","","Weed in lawn.",NA,"Douglas","Superior. UW-Superior campus",46.71784,-92.08786,NA,699,"46.717840 N"," 92.087860 W","Georeferencing Quick Reference Guide 2012-10-02","Geolocate","",NA,"","August","Brashier; Romans","Brashier"
"SUWS014434","Equisetopsida","Asterales","Asteraceae","Taraxacum officinale",5202,"F.H.Wigg.","Taraxacum","officinale","","","","","Castle, R.","93-9","1993-05-09",1993,5,9,129,"1993-05-09","","Growing in lawn.",NA,"Douglas","Superior. UW-Superior campus",46.71784,-92.08786,NA,699,"46.717840 N"," 92.087860 W","Georeferencing Quick Reference Guide 2012-10-02","Geolocate","",NA,"","May","Castle, R.","Castle, R."
"SUWS014436","Equisetopsida","Asterales","Asteraceae","Tanacetum vulgare",5200,"L.","Tanacetum","vulgare","","","","","Hicks, James","s.n.","1943-08-08",1943,8,8,220,"1943-08-08","","Growing in an open field.",NA,"Douglas","Superior",46.68122,-92.06631,NA,12939,"46.681220 N"," 92.066310 W","Georeferencing Quick Reference Guide 2012-10-02","Geolocate","",NA,"","August","Hicks, James","Other Collectors"
"SUWS014437","Equisetopsida","Asterales","Asteraceae","Tanacetum vulgare",5200,"L.","Tanacetum","vulgare","","","","","Brashier","117a","1964-08-18",1964,8,18,231,"1964-08-18","","Open field bordering st.",NA,"Douglas","Superior. 1 mile S of downtown Superior on Tower Ave.",46.70936,-92.10399,NA,2948,"46.709360 N"," 92.103990 W","Georeferencing Quick Reference Guide 2012-10-02","Geolocate","",NA,"","August","Brashier; Romans","Brashier"
"SUWS014452","Equisetopsida","Asterales","Asteraceae","Sonchus oleraceus",5106,"L.","Sonchus","oleraceus","","","","","Brashier","161a","1964-08-26",1964,8,26,239,"1964-08-26","","Roadside.",NA,"Douglas","Superior. 1 mile N of Hwy. 2 on the road to Wisconsin Point [Moccasin Mike Rd.]",46.67311,-91.97214,NA,2431,"46.673110 N"," 91.972140 W","Georeferencing Quick Reference Guide 2012-10-02","Geolocate","",NA,"","August","Brashier; Romans","Brashier"
"SUWS014455","Equisetopsida","Asterales","Asteraceae","Sonchus arvensis",5104,"L.","Sonchus","arvensis","","","","","Thomson, John W., Jr.","s.n.","1943-07-27",1943,7,27,208,"1943-07-27","","Vacant lot.",NA,"Douglas","Superior. 920 N 22nd St., Superior",46.71231,-92.09136,NA,122,"46.712310 N"," 92.091360 W","Georeferencing Quick Reference Guide 2012-10-02","Geolocate","",NA,"","July","Thomson, John W., Jr.","Thomson, John W., Jr."
"SUWS014456","Equisetopsida","Asterales","Asteraceae","Sonchus arvensis",5104,"L.","Sonchus","arvensis","","","","","Brashier","177a","1964-08-04",1964,8,4,217,"1964-08-04","","Clay soil.",NA,"Douglas","Superior. 0.5 mile S of Weinstein Packing Company on CTH C [Superior]",46.63206,-92.06932,NA,2867,"46.632060 N"," 92.069320 W","Georeferencing Quick Reference Guide 2012-10-02","Geolocate","",NA,"","August","Brashier; Romans","Brashier"
"SUWS014491","Equisetopsida","Asterales","Asteraceae","Conyza canadensis var. canadensis",12925,"(L.) Cronquist","Conyza","canadensis","canadensis","var.","Cochrane, Theodore S.","Jan 2010","Gunaratna, Lasitha","45","2001-10-28",2001,10,28,301,"2001-10-28","","Drywoods and open places, especially in sandy soil. Close, dense puberulence generally gives an ashy gray aspect.",NA,"Douglas","Superior. Osugi trail - Superior [Douglas Co.]",46.68122,-92.06631,NA,12939,"46.681220 N"," 92.066310 W","Georeferencing Quick Reference Guide 2012-10-02","Geolocate","",NA,"","October","Gunaratna, Lasitha","Other Collectors"
"SUWS014492","Equisetopsida","Asterales","Asteraceae","Aster lanceolatus var. lanceolatus",13415,"(Willd.) G.L.Nesom","Aster","lanceolatus","lanceolatus","var.","Cochrane, Theodore S.","15Jan2010","Gunaratna, Lasitha","34","2001-10-20",2001,10,20,293,"2001-10-20","","Shaded ground including woods, thickets borders and clearings, swamps and forests. Well distinguished by the deeply lobed disk corollas. The basal leaves when present have relatively broad elliptic or rotund blades. Invol. 4.1-4.2 mm.",NA,"Douglas","Superior. Billings Park--Superior",46.71189,-92.14325,NA,419,"46.711890 N"," 92.143250 W","Georeferencing Quick Reference Guide 2012-10-02","Geolocate","",NA,"","October","Gunaratna, Lasitha","Other Collectors"
"SUWS014494","Equisetopsida","Fabales","Fabaceae","Trifolium hybridum",5270,"L.","Trifolium","hybridum","","","Cochrane, Theodore S.","Apr 2002","Gunaratna, Lasitha","13","2001-09-18",2001,9,18,261,"2001-09-18","","Perennial, stems sending up long-peduncled heads.",NA,"Douglas","Superior. Billings Park - Superior",46.71189,-92.14325,NA,419,"46.711890 N"," 92.143250 W","Georeferencing Quick Reference Guide 2012-10-02","Geolocate","",NA,"","September","Gunaratna, Lasitha","Other Collectors"
"SUWS014502","Equisetopsida","Malpighiales","Salicaceae","Salix X rubens",4964,"Schrank (pro sp.)","Salix","x rubens","","","Cochrane, Theodore S.","26Jan2010","Stack, Anne","23/2001","2001-09-22",2001,9,22,265,"2001-09-22","","Glabrous stem with long, slender, pendulous yellow brown twigs; Lvs alternate & toothed sl. hairy, very brittle at base.",NA,"Douglas","Superior. Billings Park - Belknap & New York Avenues [Superior, Douglas Co.]",46.71189,-92.14325,NA,419,"46.711890 N"," 92.143250 W","Georeferencing Quick Reference Guide 2012-10-02","Geolocate","",NA,"","September","Stack, Anne","Other Collectors"
"SUWS014503","Equisetopsida","Rosales","Rosaceae","Crataegus",622,"L.","Crataegus","","","","","","Stack, Anne","27/2001","2001-09-24",2001,9,24,267,"2001-09-24","","Moist soil. Toothed leaves with veins running to the points & tapering at the end; pointed at the tips; Fr red w/ 2-3 nutlets w/ deep pit; Lvs 5-9 x 4-8 cm. [Original det. as Crataegus calpodendron - but not named at WIS, 15Jan2010]",NA,"Douglas","Superior. Billings Park Residential Street [Superior, Douglas Co.]",46.71189,-92.14325,NA,419,"46.711890 N"," 92.143250 W","Georeferencing Quick Reference Guide 2012-10-02","Geolocate","",NA,"","September","Stack, Anne","Other Collectors"
"SUWS014505","Equisetopsida","Caryophyllales","Amaranthaceae","Chenopodium glaucum var. glaucum",6576,"","Chenopodium","glaucum","glaucum","var.","Cochrane, Theodore S.","15Jan2010","Stack, Anne","41/2001","2001-10-01",2001,10,1,274,"2001-10-01","","Leaves & stems reddish & infl. reddish in late fall. Seeds have faint radial furrow, black & shining. Leaves and fruit white-mealy; Pericarp thin and delicate and adhering to the seed. [Collection date given as: 10/1/01]",NA,"Douglas","Superior. UWS Waste Snow Removal Area - Morterelli Drive [Superior, Douglas Co.]",46.68122,-92.06631,NA,12939,"46.681220 N"," 92.066310 W","Georeferencing Quick Reference Guide 2012-10-02","Geolocate","",NA,"","October","Stack, Anne","Other Collectors"
"SUWS014524","Equisetopsida","Rosales","Rosaceae","Rubus pubescens",4887,"Raf.","Rubus","pubescens","","","Cochrane, Theodore S.","25Jan2010","Tanton, Corey","24","2001-10-01",2001,10,1,274,"2001-10-01","","Damp woods, bogs. Horizontal stems 2-5 dm. Tall, Bearing 3 foliated leaves, leaflets 4-8 cm. Long, white flowers. [Collection date given as: 10-1-01]",NA,"Douglas","Superior. Superior Municipal Forest",46.67545,-92.14871,NA,2848,"46.675450 N"," 92.148710 W","Georeferencing Quick Reference Guide 2012-10-02","Geolocate","",NA,"","October","Tanton, Corey","Other Collectors"
"SUWS014526","Equisetopsida","Asterales","Asteraceae","Solidago gigantea",5085,"Aiton","Solidago","gigantea","","","Cochrane, Theodore S.","18Mar2010","Tanton, Corey","33","2001-09-13",2001,9,13,256,"2001-09-13","","Open, moist, and dry places. Perennial, long-narrow and sharply toothed leaves, yellowish.",NA,"Douglas","Kimmes - Tobin Wetlands",46.46411,-91.8994,NA,45399,"46.464110 N"," 91.899400 W","Georeferencing Quick Reference Guide 2012-10-02","Geolocate","",NA,"","September","Tanton, Corey","Other Collectors"
"SUWS014546","Equisetopsida","Asterales","Asteraceae","Sonchus arvensis var. glabrescens",13347,"Günther, Grab. & Wimm.","Sonchus","arvensis","glabrescens","var.","Cochrane, Theodore S.","Apr 2002","Moullette, Elyse","2001/13","2001-09-18",2001,9,18,261,"2001-09-18","","In moist sandy soil of a clearing. Leafy stemmed annual or biennial, leaves pinnatifid or occasionally merely toothed; 10-40 x 4-20 cm. Flowers yellow.",NA,"Douglas","Superior. Billings Park [Superior]",46.71189,-92.14325,NA,419,"46.711890 N"," 92.143250 W","Georeferencing Quick Reference Guide 2012-10-02","Geolocate","",NA,"","September","Moullette, Elyse","Other Collectors"
"SUWS014564","Equisetopsida","Asterales","Campanulaceae","Campanula rapunculoides",2859,"L.","Campanula","rapunculoides","","","Cochrane, Theodore S.","25Jan2010","Goette, Lance","11/2001","2001-11-13",2001,11,13,317,"2001-11-13","","Lawns, roadsides, waste grounds. Tapering, 1-sided spikes of slender violet-blue dropping bells 1 in. long. Stem 1-3 ft smooth.",NA,"Douglas","Superior. Superior [Douglas Co.], 2318 E 7th St - Roadside",46.68122,-92.06631,NA,12939,"46.681220 N"," 92.066310 W","Georeferencing Quick Reference Guide 2012-10-02","Geolocate","",NA,"","November","Goette, Lance","Other Collectors"
"SUWS014569","Equisetopsida","Rosales","Rosaceae","Rosa acicularis subsp. sayi",6834,"(Schwein.) W.H.Lewis","Rosa","acicularis","sayi","subsp.","Cochrane, Theodore S.","25Jan2010","Tanton, Corey","6","2001-09-18",2001,9,18,261,"2001-09-18","","Marshes, stream banks. Much branched, up to 2 m. tall, stout infrastipular thorns, very narrow stipules.",NA,"Douglas","Superior. Billings Park [Superior]",46.71189,-92.14325,NA,419,"46.711890 N"," 92.143250 W","Georeferencing Quick Reference Guide 2012-10-02","Geolocate","",NA,"","September","Tanton, Corey","Other Collectors"
"SUWS014570","Equisetopsida","Gentianales","Rubiaceae","Galium asprellum",3663,"Michx.","Galium","asprellum","","","Cochrane, Theodore S.","25Jan2010","Tanton, Corey","7","2001-09-18",2001,9,18,261,"2001-09-18","","Dry woods. Perennial slender and spreading stems, leaves in whorls of 6.",NA,"Douglas","Superior. Devastated Area on Moterelli Avenue [Superior]",46.68122,-92.06631,NA,12939,"46.681220 N"," 92.066310 W","Georeferencing Quick Reference Guide 2012-10-02","Geolocate","",NA,"","September","Tanton, Corey","Other Collectors"
"SUWS014571","Equisetopsida","Asterales","Asteraceae","Solidago",1293,"L.","Solidago","","","","Cochrane, Theodore S.","18Mar2010","Tanton, Corey","11","2001-09-18",2001,9,18,261,"2001-09-18","","[prob. S. juncea or S. uliginosa - T.S. Cochrane, 2010] [rosette only]",NA,"Douglas","Billings Park",46.71189,-92.14325,NA,419,"46.711890 N"," 92.143250 W","Georeferencing Quick Reference Guide 2012-10-02","Geolocate","",NA,"","September","Tanton, Corey","Other Collectors"
"SUWS014572","Equisetopsida","Asterales","Asteraceae","Brachyactis ciliata subsp. angusta",13369,"(Ledeb.) Ledeb.","Brachyactis","ciliata","angusta","subsp.","Cochrane, Theodore S.","11Jan2010","Tanton, Corey","12","2001-10-01",2001,10,1,274,"2001-10-01","","Waste places. Simple or much branched, annual, leaves 3-11 cm long. [Collection date given as: 10-1-01]",NA,"Douglas","Superior. Devastated Area on Moterelli Avenue [Superior]",46.68122,-92.06631,NA,12939,"46.681220 N"," 92.066310 W","Georeferencing Quick Reference Guide 2012-10-02","Geolocate","",NA,"","October","Tanton, Corey","Other Collectors"
"SUWS014575","Equisetopsida","Asterales","Asteraceae","Aster lanceolatus var. lanceolatus",13415,"(Willd.) G.L.Nesom","Aster","lanceolatus","lanceolatus","var.","Cochrane, Theodore S.","15Jan2010","Gunaratna, Lasitha","08","2001-09-11",2001,9,11,254,"2001-09-11","","Wetlands. Somewhat fleshy. Short tap root, leaves linear. An annual plant. [Collection date given as: 9/11/01] N.Y and Mich, usually found in slat marshes.",NA,"Douglas","[Douglas Co.]",46.46411,-91.8994,NA,45399,"46.464110 N"," 91.899400 W","Georeferencing Quick Reference Guide 2012-10-02","Geolocate","",NA,"","September","Gunaratna, Lasitha","Other Collectors"
"SUWS014588","Equisetopsida","Asterales","Asteraceae","Solidago canadensis var. scabra",13331,"(Muhl. ex Willd.) Torr. & A.Gray","Solidago","canadensis","scabra","var.","Cochrane, Theodore S.","18Mar2010","Gunaratna, Lasitha","4","2001-09-11",2001,9,11,254,"2001-09-11","","Typically found in damp sandy or gravelly shores, ditches, fields, exposed lake beds and clearings. Glabrous to densely spreading-hirtello-ous. Relatively narrow leaves. [Collection date given as: 9/11/01]",NA,"Douglas","Wetlands [Kimmes - Tobin Mitigated Wetlands - based on SUWS014593]",46.46411,-91.8994,NA,45399,"46.464110 N"," 91.899400 W","Georeferencing Quick Reference Guide 2012-10-02","Geolocate","",NA,"","September","Gunaratna, Lasitha","Other Collectors"
"SUWS014589","Equisetopsida","Asterales","Asteraceae","Brachyactis ciliata subsp. angusta",13369,"(Ledeb.) Ledeb.","Brachyactis","ciliata","angusta","subsp.","Cochrane, Theodore S.","11Jan2010","Gunaratna, Lasitha","20","2001-10-09",2001,10,9,282,"2001-10-09","","Clearings, open paper birch woods, and sandy shaded areas. The plant is lower and fewer leaved. [Collection date given as: 10/09/01]",NA,"Douglas","Superior. Devastated area, Superior [Douglas Co.], near [illegible]",46.68122,-92.06631,NA,12939,"46.681220 N"," 92.066310 W","Georeferencing Quick Reference Guide 2012-10-02","Geolocate","",NA,"","October","Gunaratna, Lasitha","Other Collectors"
"SUWS014670","Equisetopsida","Equisetales","Equisetaceae","Equisetum hyemale subsp. affine",6656,"(Engelm.) Calder & Roy L.Taylor","Equisetum","hyemale","affine","subsp.","","","Tanton, Corey","25","2001-09-18",2001,9,18,261,"2001-09-18","","",NA,"Douglas","Superior",46.68122,-92.06631,NA,12939,"46.681220 N"," 92.066310 W","Georeferencing Quick Reference Guide 2012-10-02","Geolocate","",NA,"","September","Tanton, Corey","Other Collectors"
"SUWS014674","Equisetopsida","Apiales","Apiaceae","Oxypolis rigidior",4394,"(L.) Raf.","Oxypolis","rigidior","","","","","Tanton, Corey","2","2001-09-18",2001,9,18,261,"2001-09-18","","[OUT OF RANGE?]",NA,"Douglas","Superior. Billings Park [Superior]",46.71189,-92.14325,NA,419,"46.711890 N"," 92.143250 W","Georeferencing Quick Reference Guide 2012-10-02","Geolocate","",NA,"","September","Tanton, Corey","Other Collectors"
"SUWS014735","Equisetopsida","Sapindales","Sapindaceae","Acer saccharinum",2424,"L.","Acer","saccharinum","","","","","Honermann, April","32","2001-11-20",2001,11,20,324,"2001-11-20","","Moist wet soil, along riverbank.",NA,"Douglas","Superior",46.68122,-92.06631,NA,12939,"46.681220 N"," 92.066310 W","Georeferencing Quick Reference Guide 2012-10-02","Geolocate","",NA,"","November","Honermann, April","Other Collectors"
"SUWS014808","Equisetopsida","Pinales","Taxaceae","Taxus canadensis",5204,"Marshall","Taxus","canadensis","","","","","Anderson, Derek S.","2001/54","2001-10-05",2001,10,5,278,"2001-10-05","","A planted specimen.",NA,"Ashland","Ashland. In the city of Ashland, at the McDonald's on Hwy. 2",46.59244,-90.8838,NA,7230,"46.592440 N"," 90.883800 W","Georeferencing Quick Reference Guide 2012-10-02","Geolocate","",NA,"","October","Anderson, Derek S.","Anderson, Derek S."
"SUWS014809","Equisetopsida","Pinales","Taxaceae","Taxus canadensis",5204,"Marshall","Taxus","canadensis","","","","","Anderson, Derek S.","2001/56","2001-10-05",2001,10,5,278,"2001-10-05","","A planted specimen.",NA,"Ashland","Ashland. In the city of Ashland, at the McDonald's on Hwy. 2",46.59244,-90.8838,NA,7230,"46.592440 N"," 90.883800 W","Georeferencing Quick Reference Guide 2012-10-02","Geolocate","",NA,"","October","Anderson, Derek S.","Anderson, Derek S."
"SUWS014823","Equisetopsida","Poales","Poaceae","Hordeum jubatum",3874,"L.","Hordeum","jubatum","","","","","Stack, Anne","42/2001","2001-10-01",2001,10,1,274,"2001-10-01","","Sandy soil; waste area.",NA,"Douglas","Superior. Near Univ. Wisconsin Superior in City Snow removal area",46.68122,-92.06631,NA,12939,"46.681220 N"," 92.066310 W","Georeferencing Quick Reference Guide 2012-10-02","Geolocate","",NA,"","October","Stack, Anne","Other Collectors"
"SUWS014833","Equisetopsida","Fabales","Fabaceae","Lotus corniculatus",4132,"L.","Lotus","corniculatus","","","","","Stack, Anne","25/2001","2001-09-23",2001,9,23,266,"2001-09-23","","Roadside/somewhat rocky soil.",NA,"Douglas","Superior. Billings Park; Lake Superior, St. Louis Bay",46.71189,-92.14325,NA,419,"46.711890 N"," 92.143250 W","Georeferencing Quick Reference Guide 2012-10-02","Geolocate","",NA,"","September","Stack, Anne","Other Collectors"
"SUWS014841","Equisetopsida","Fabales","Fabaceae","Trifolium pratense",5272,"L.","Trifolium","pratense","","","","","Stack, Anne","11/2001","2001-09-18",2001,9,18,261,"2001-09-18","","Wetland.",NA,"Douglas","Superior. Billings Park [Superior]",46.71189,-92.14325,NA,419,"46.711890 N"," 92.143250 W","Georeferencing Quick Reference Guide 2012-10-02","Geolocate","",NA,"","September","Stack, Anne","Other Collectors"
"SUWS014989","Equisetopsida","Gentianales","Apocynaceae","Apocynum androsaemifolium",2562,"L.","Apocynum","androsaemifolium","","","","","Castle, R.","94-471","1994-07-12",1994,7,12,193,"1994-07-12","","Hillside, clay soils. Pink and white flowers.",NA,"Douglas","Superior. Moccasin Mike Rd. [Rd. to Wisconsin Point] and Lake Superior",46.67311,-91.97214,NA,2431,"46.673110 N"," 91.972140 W","Georeferencing Quick Reference Guide 2012-10-02","Geolocate","",NA,"","July","Castle, R.","Castle, R."
"SUWS014991","Equisetopsida","Lamiales","Lamiaceae","Physostegia virginiana subsp. virginiana",6792,"","Physostegia","virginiana","virginiana","subsp.","","","Castle, R.","94-309A","1994-07-31",1994,7,31,212,"1994-07-31","","Near lake.",NA,"Ashland","Ashland. Near Hwy 2 and Hwy 13 [Ashland]. Near Lake Superior",46.59244,-90.8838,NA,815,"46.592440 N"," 90.883800 W","Georeferencing Quick Reference Guide 2012-10-02","Geolocate","",NA,"","July","Castle, R.","Castle, R."
"SUWS015000","Equisetopsida","Lamiales","Lamiaceae","Prunella vulgaris",4685,"L.","Prunella","vulgaris","","","","","Brashier","133a","1964-08-19",1964,8,19,232,"1964-08-19","","Moist ditch.",NA,"Douglas","Superior. On UW-Superior campus; ditch near student center",46.68122,-92.06631,NA,12939,"46.681220 N"," 92.066310 W","Georeferencing Quick Reference Guide 2012-10-02","Geolocate","",NA,"","August","Brashier; Romans","Brashier"
"SUWS015001","Equisetopsida","Lamiales","Lamiaceae","Prunella vulgaris",4685,"L.","Prunella","vulgaris","","","","","Barnard","s.n.","1966-07-06",1966,7,6,187,"1966-07-06","","Roadside.",NA,"Bayfield","Drummond",46.33689,-91.25797,NA,6377,"46.336890 N"," 91.257970 W","Georeferencing Quick Reference Guide 2012-10-02","Geolocate","",NA,"","July","Barnard; Brashier","Other Collectors"
"SUWS015004","Equisetopsida","Lamiales","Lamiaceae","Prunella vulgaris",4685,"L.","Prunella","vulgaris","","","","","Castle, R.","94-59","1994-06-25",1994,6,25,176,"1994-06-25","","Sandy soil; mixed hardwoods.",NA,"Douglas","Maple. 5 miles S of Maple on CTH F",46.56073,-91.70838,NA,1870,"46.560730 N"," 91.708380 W","Georeferencing Quick Reference Guide 2012-10-02","Geolocate","",NA,"","June","Castle, R.","Castle, R."
"SUWS015005","Equisetopsida","Lamiales","Lamiaceae","Prunella vulgaris",4685,"L.","Prunella","vulgaris","","","","","Cornell","s.n.","1966-07-03",1966,7,3,184,"1966-07-03","","Soil sandy and loose; cover low grasses and herbs.",NA,"Bayfield","1.8 miles from Pigeon Lake Camp on Rd. 222 (Long View Rd.)",46.31502,-91.32317,NA,2241,"46.315020 N"," 91.323170 W","Georeferencing Quick Reference Guide 2012-10-02","Geolocate","",NA,"","July","Cornell; Brashier","Other Collectors"
"SUWS015014","Equisetopsida","Lamiales","Lamiaceae","Scutellaria galericulata",5013,"L.","Scutellaria","galericulata","","","Castle, R.","1994","Cornell","s.n.","1966-07-10",1966,7,10,191,"1966-07-10","","Soil sandy and loose; cover low grasses and herbs.",NA,"Bayfield","6.3 miles S of Pigeon Lake Camp on Blue Moon Rd. [near Hammil Lake]",46.2618,-91.30337,NA,1126,"46.261800 N"," 91.303370 W","Georeferencing Quick Reference Guide 2012-10-02","Geolocate","",NA,"","July","Cornell; Brashier","Other Collectors"
"SUWS015016","Equisetopsida","Lamiales","Lamiaceae","Scutellaria galericulata",5013,"L.","Scutellaria","galericulata","","","Castle, R.","1994","Brashier","239c","1964-07-11",1964,7,11,193,"1964-07-11","","Along water's edge of river.",NA,"Douglas","Bardon State Park on Amnicon River",46.60755,-91.89927,NA,795,"46.607550 N"," 91.899270 W","Georeferencing Quick Reference Guide 2012-10-02","Geolocate","",NA,"","July","Brashier; Romans","Brashier"
"SUWS015017","Equisetopsida","Lamiales","Lamiaceae","Scutellaria galericulata",5013,"L.","Scutellaria","galericulata","","","Castle, R.","1994","Hjerleid","s.n.","1966-07-15",1966,7,15,196,"1966-07-15","","Open woody area.",NA,"Bayfield","Drummond. Near US Forest Service fire tower S of Drummond",46.3015,-91.34901,NA,5154,"46.301500 N"," 91.349010 W","Georeferencing Quick Reference Guide 2012-10-02","Geolocate","",NA,"","July","Hjerleid; Brashier","Other Collectors"
"SUWS015019","Equisetopsida","Lamiales","Lamiaceae","Scutellaria galericulata",5013,"L.","Scutellaria","galericulata","","","","","Castle, R.","94-101","1994-07-02",1994,7,2,183,"1994-07-02","","Riverbank.",NA,"Douglas","Winneboujou. Hwy 27 and Little Brule River [near Winneboujou] [Bayfield Co. - original in error]",46.51738,-91.6042,NA,1208,"46.517380 N"," 91.604200 W","Georeferencing Quick Reference Guide 2012-10-02","Geolocate","",NA,"","July","Castle, R.","Castle, R."
"SUWS015024","Equisetopsida","Lamiales","Lamiaceae","Stachys palustris",5147,"L.","Stachys","palustris","","","","","Cornell","s.n.","1966-07-10",1966,7,10,191,"1966-07-10","","Moist, sandy, and firm soil.",NA,"Bayfield","Jake's Lake [Cannot find this Lake on WI-DNR list of Lakes]",46.34248,-91.3257,NA,370,"46.342480 N"," 91.325700 W","Georeferencing Quick Reference Guide 2012-10-02","Geolocate","",NA,"","July","Cornell; Brashier","Other Collectors"
"SUWS015025","Equisetopsida","Lamiales","Lamiaceae","Stachys palustris",5147,"L.","Stachys","palustris","","","","","Thomson, John W., Jr.","s.n.","1942-07-04",1942,7,4,185,"1942-07-04","","Field.",NA,"Douglas","Superior. S of 21st St. and Weeks Ave., Superior",46.70801,-92.10408,NA,3099,"46.708010 N"," 92.104080 W","Georeferencing Quick Reference Guide 2012-10-02","Geolocate","",NA,"","July","Thomson, John W., Jr.","Thomson, John W., Jr."
"SUWS015029","Equisetopsida","Lamiales","Lamiaceae","Stachys palustris",5147,"L.","Stachys","palustris","","","","","Hjerleid","s.n.","1966-07-17",1966,7,17,198,"1966-07-17","","Roadside.",NA,"Bayfield","1 mile S of CTH A on Hwy 222 [Should be CTH N and FSR 222- SE of Pigeon Lake]",46.32318,-91.3224,NA,898,"46.323180 N"," 91.322400 W","Georeferencing Quick Reference Guide 2012-10-02","Geolocate","",NA,"","July","Hjerleid; Brashier","Other Collectors"
"SUWS015035","Equisetopsida","Lamiales","Lamiaceae","Stachys palustris",5147,"L.","Stachys","palustris","","","","","Cornell","s.n.","1966-07-03",1966,7,3,184,"1966-07-03","","Sandy and loose soil; cover low grasses and herbs; surrounding area thick woods.",NA,"Bayfield","2.8 miles from Pigeon Lake Camp on Rd. 222 (Long View Rd.)",46.30007,-91.3224,NA,4271,"46.300070 N"," 91.322400 W","Georeferencing Quick Reference Guide 2012-10-02","Geolocate","",NA,"","July","Cornell; Brashier","Other Collectors"
"SUWS015048","Equisetopsida","Lamiales","Plantaginaceae","Plantago patagonica",4521,"Jacq.","Plantago","patagonica","","","","","Thomson, John W., Jr.","s.n.","1942-07-18",1942,7,18,199,"1942-07-18","","Along railroad and shore.",NA,"Douglas","Superior. Superior Bay near 4th St.",46.73216,-92.0663,NA,5192,"46.732160 N"," 92.066300 W","Georeferencing Quick Reference Guide 2012-10-02","Geolocate","",NA,"","July","Thomson, John W., Jr.","Thomson, John W., Jr."
"SUWS015053","Equisetopsida","Lamiales","Plantaginaceae","Plantago major",4520,"L.","Plantago","major","","","","","Ojanen, Joanne M.","94-12","1994-09-13",1994,9,13,256,"1994-09-13","","Grassland, well drained sandy loam soil.",NA,"Douglas","Oakland. 0.75 mile off of CTH B on Eastman Rd.",46.54322,-92.04635,NA,309,"46.543220 N"," 92.046350 W","Georeferencing Quick Reference Guide 2012-10-02","Geolocate","",NA,"","September","Ojanen, Joanne M.","Other Collectors"
"SUWS015074","Equisetopsida","Lamiales","Oleaceae","Fraxinus nigra",3647,"Marshall","Fraxinus","nigra","","","","","Castle, R.","93-111","1993-05-11",1993,5,11,131,"1993-05-11","","Creek side.",NA,"Douglas","Poplar. Near Poplar Creek and Hwy 2",46.58383,-91.79908,NA,3895,"46.583830 N"," 91.799080 W","Georeferencing Quick Reference Guide 2012-10-02","Geolocate","",NA,"","May","Castle, R.","Castle, R."
"SUWS015185","Equisetopsida","Lamiales","Scrophulariaceae","Verbascum thapsus",5338,"L.","Verbascum","thapsus","","","","","Hjerleid","s.n.","2003-07-24",2003,7,24,205,"2003-07-24","","Roadside ditch.",NA,"Bayfield","Drummond. 0.5 mile W of Drummond on CTH A",46.33689,-91.27841,NA,2280,"46.336890 N"," 91.278410 W","Georeferencing Quick Reference Guide 2012-10-02","Geolocate","",NA,"","July","Hjerleid; Brashier","Other Collectors"
"SUWS015197","Equisetopsida","Lamiales","Plantaginaceae","Veronicastrum virginicum",5366,"(L.) Farw.","Veronicastrum","virginicum","","","","","Holden","s.n.","1966-07-21",1966,7,21,202,"1966-07-21","","Grassy meadow at the edge of a woods.",NA,"Bayfield","3 miles N of Pigeon Lake on Hwy 228",46.38536,-91.3369,NA,1073,"46.385360 N"," 91.336900 W","Georeferencing Quick Reference Guide 2012-10-02","Geolocate","",NA,"","July","Holden; Brashier","Other Collectors"
"SUWS015199","Equisetopsida","Lamiales","Plantaginaceae","Veronicastrum virginicum",5366,"(L.) Farw.","Veronicastrum","virginicum","","","","","Cornell","s.n.","1966-07-16",1966,7,16,197,"1966-07-16","","Open meadow.",NA,"Bayfield","3 miles N of Pigeon Lake Camp on Hwy 228",46.38595,-91.33699,NA,1082,"46.385950 N"," 91.336990 W","Georeferencing Quick Reference Guide 2012-10-02","Geolocate","",NA,"","July","Cornell; Brashier","Other Collectors"
"SUWS015215","Equisetopsida","Lamiales","Lentibulariaceae","Utricularia intermedia",5308,"Hayne","Utricularia","intermedia","","","","","Brashier","168a","1964-08-04",1964,8,4,217,"1964-08-04","","In floating bog. All but the flowers submerged in water.",NA,"Burnett","Danbury. 5 miles S of Danbury on State Hwy 35",45.93422,-92.36169,NA,NA,"45.934220 N"," 92.361690 W","Georeferencing Quick Reference Guide 2012-10-02","Geolocate","",NA,"","August","Brashier; Romans","Brashier"
"SUWS015216","Equisetopsida","Lamiales","Lentibulariaceae","Utricularia vulgaris",5312,"L.","Utricularia","vulgaris","","","","","Swanson, Denny","45","1980-08-05",1980,8,5,218,"1980-08-05","","Growing in less than 1 meter of water.",NA,"Douglas","25 miles S of Superior in Lymann Lake",46.45669,-91.98397,NA,1672,"46.456690 N"," 91.983970 W","Georeferencing Quick Reference Guide 2012-10-02","Geolocate","",NA,"","August","Swanson, Denny","Other Collectors"
"SUWS015220","Equisetopsida","Asterales","Campanulaceae","Campanula rotundifolia",2860,"L.","Campanula","rotundifolia","","","","","Mackensen","s.n.","1966-07-05",1966,7,5,186,"1966-07-05","","Rich soil, well packed.",NA,"Bayfield","Half Moon Park",46.56117,-91.39839,NA,1041,"46.561170 N"," 91.398390 W","Georeferencing Quick Reference Guide 2012-10-02","Geolocate","",NA,"","July","Mackensen; Brashier","Other Collectors"
"SUWS015224","Equisetopsida","Asterales","Campanulaceae","Campanula rotundifolia",2860,"L.","Campanula","rotundifolia","","","","","Castle, R.","93-340","1993-08-02",1993,8,2,214,"1993-08-02","","Pine woods.",NA,"Douglas","Brule. 5 miles W of Brule on Hwy 2 [Bayfield Co. - original in error]",46.55295,-91.68184,NA,1632,"46.552950 N"," 91.681840 W","Georeferencing Quick Reference Guide 2012-10-02","Geolocate","",NA,"","August","Castle, R.","Castle, R."
"SUWS015227","Equisetopsida","Asterales","Campanulaceae","Campanula rapunculoides",2859,"L.","Campanula","rapunculoides","","","","","Castle, R.","92-36","1992-09-28",1992,9,28,272,"1992-09-28","","Along building.",NA,"Douglas","Superior. W end of Superior",46.68687,-92.1494,NA,6233,"46.686870 N"," 92.149400 W","Georeferencing Quick Reference Guide 2012-10-02","Geolocate","",NA,"","September","Castle, R.","Castle, R."
"SUWS015234","Equisetopsida","Asterales","Campanulaceae","Campanula rotundifolia",2860,"L.","Campanula","rotundifolia","","","","","Brashier","244c","1964-07-10",1964,7,10,192,"1964-07-10","","Sandy roadside adjacent to pine plantation.",NA,"Douglas","Approx. 6 miles S on Hwy. 27 from jct. of CTH B [Near Cedar Island airport]",46.44491,-91.61958,NA,2379,"46.444910 N"," 91.619580 W","Georeferencing Quick Reference Guide 2012-10-02","Geolocate","",NA,"","July","Brashier; Romans","Brashier"
"SUWS015239","Equisetopsida","Asterales","Campanulaceae","Lobelia kalmii",4103,"L.","Lobelia","kalmii","","","","","Koch, Rudy G.","8822","1974-07-25",1974,7,25,206,"1974-07-25","","Crevices of rock cliff by water.",NA,"Ashland","Stockton Island. Part of the Apostle Island Group; ca. 10 miles NE of Bayfield",46.91304,-90.66867,NA,13163,"46.913040 N"," 90.668670 W","Georeferencing Quick Reference Guide 2012-10-02","Geolocate","",NA,"","July","Koch, Rudy G.","Koch, Rudy G."
"SUWS015247","Equisetopsida","Gentianales","Rubiaceae","Galium trifidum subsp. trifidum",6678,"","Galium","trifidum","trifidum","subsp.","","","Brashier","116a","1964-08-18",1964,8,18,231,"1964-08-18","","Wet, brushy ditch near roadside; shade.",NA,"Douglas","Patzau. 1 mile W of State Hwy 35 on CTH BB [E of Patzau]",46.49133,-92.22075,NA,2762,"46.491330 N"," 92.220750 W","Georeferencing Quick Reference Guide 2012-10-02","Geolocate","",NA,"","August","Brashier; Romans","Brashier"
"SUWS015253","Equisetopsida","Gentianales","Rubiaceae","Galium aparine",3662,"L.","Galium","aparine","","","","","Holden","s.n.","1966-07-31",1966,7,31,212,"1966-07-31","","Next to lake; sandy beach; sparsely grassy. [OUT OF RANGE?]",NA,"Bayfield","W side of Anderson Lake; 1 mile E of Rd. 228",46.4037,-91.31713,NA,331,"46.403700 N"," 91.317130 W","Georeferencing Quick Reference Guide 2012-10-02","Geolocate","",NA,"","July","Holden; Brashier","Other Collectors"
"SUWS015254","Equisetopsida","Gentianales","Rubiaceae","Galium aparine",3662,"L.","Galium","aparine","","","","","Brashier","100a","1964-06-02",1964,6,2,154,"1964-06-02","","At base of hillside leading down to floodplain; very damp and shady.",NA,"St. Croix","Somerset. Riverside park within city limits on Hwy 35 on river [Probably the Apple River]",45.12547,-92.67195,NA,1500,"45.125470 N"," 92.671950 W","Georeferencing Quick Reference Guide 2012-10-02","Geolocate","",NA,"","June","Brashier; Romans","Brashier"
"SUWS015255","Equisetopsida","Gentianales","Rubiaceae","Galium aparine",3662,"L.","Galium","aparine","","","","","Brashier","100b","1964-06-02",1964,6,2,154,"1964-06-02","","At base of hillside leading down to floodplain; very damp and shady.",NA,"St. Croix","Somerset. Riverside park within city limits on Hwy 35 on river [Probably the Apple River]",45.12547,-92.67195,NA,1500,"45.125470 N"," 92.671950 W","Georeferencing Quick Reference Guide 2012-10-02","Geolocate","",NA,"","June","Brashier; Romans","Brashier"
"SUWS015259","Equisetopsida","Gentianales","Rubiaceae","Galium boreale",3664,"L.","Galium","boreale","","","","","Castle, R.","93-307","1993-06-08",1993,6,8,159,"1993-06-08","","Semi-shaded area.",NA,"Burnett","Siren. 8 miles N of Hwy 48 and Hwy 35 on Hwy 35 [S of Siren]",45.76688,-92.38459,NA,600,"45.766880 N"," 92.384590 W","Georeferencing Quick Reference Guide 2012-10-02","Geolocate","",NA,"","June","Castle, R.","Castle, R."
"SUWS015265","Equisetopsida","Gentianales","Rubiaceae","Galium concinnum",3666,"Torr. & A.Gray","Galium","concinnum","","","","","Barnard","s.n.","1966-07-28",1966,7,28,209,"1966-07-28","","Woods.",NA,"Bayfield","Road 293; near Pigeon Lake Field Station",46.3418,-91.34766,NA,2037,"46.341800 N"," 91.347660 W","Georeferencing Quick Reference Guide 2012-10-02","Geolocate","",NA,"","July","Barnard; Brashier","Other Collectors"
"SUWS015278","Equisetopsida","Gentianales","Rubiaceae","Houstonia longifolia",3879,"Gaertn.","Houstonia","longifolia","","","Iltis, Hugh H.","2/1979","Brashier","183a","1964-08-04",1964,8,4,217,"1964-08-04","","Sandy area between road and jack-pine plantation. [Specimen annotated to Hedyotis longifolia in 1992; Houstonia longifolia by H. Iltis in 2/1979].",NA,"Burnett","Danbury. 4 miles N of Danbury on State Hwy 35",46.05167,-92.30264,NA,1000,"46.051670 N"," 92.302640 W","Georeferencing Quick Reference Guide 2012-10-02","Geolocate","",NA,"","August","Brashier; Romans","Brashier"
"SUWS015279","Equisetopsida","Gentianales","Rubiaceae","Houstonia longifolia",3879,"Gaertn.","Houstonia","longifolia","","","","","Holden","s.n.","1966-07-20",1966,7,20,201,"1966-07-20","","Sandy beach; sparsely grassy.",NA,"Bayfield","N side of Middle Eau Claire Lake; Hwy 27",46.29554,-91.52141,NA,2090,"46.295540 N"," 91.521410 W","Georeferencing Quick Reference Guide 2012-10-02","Geolocate","",NA,"","July","Holden; Brashier","Other Collectors"
"SUWS015281","Equisetopsida","Gentianales","Rubiaceae","Mitchella repens",4266,"L.","Mitchella","repens","","","","","Barnard","s.n.","1966-06-30",1966,6,30,181,"1966-06-30","","Woody.",NA,"Ashland","Mellen",46.32551,-90.66102,NA,1875,"46.325510 N"," 90.661020 W","Georeferencing Quick Reference Guide 2012-10-02","Geolocate","",NA,"","June","Barnard; Brashier","Other Collectors"
"SUWS015285","Equisetopsida","Gentianales","Rubiaceae","Mitchella repens",4266,"L.","Mitchella","repens","","","","","Holden","s.n.","1966-07-02",1966,7,2,183,"1966-07-02","","Shady woods; rich soil.",NA,"Bayfield","Drummond. 2 miles SE of Drummond on Lake Owen Drive",46.31476,-91.23226,NA,1448,"46.314760 N"," 91.232260 W","Georeferencing Quick Reference Guide 2012-10-02","Geolocate","",NA,"","July","Holden; Brashier","Other Collectors"
"SUWS015286","Equisetopsida","Gentianales","Rubiaceae","Mitchella repens",4266,"L.","Mitchella","repens","","","","","Castle, R.","93-115","1993-05-13",1993,5,13,133,"1993-05-13","","Under balsam in a patch; near river.",NA,"Douglas","Winneboujou. Near Brule River",46.553,-91.57658,NA,25059,"46.553000 N"," 91.576580 W","Georeferencing Quick Reference Guide 2012-10-02","Geolocate","",NA,"","May","Castle, R.","Castle, R."
"SUWS015290","Equisetopsida","Dipsacales","Caprifoliaceae","Diervilla lonicera",3400,"Mill.","Diervilla","lonicera","","","Salamun, Peter J.","1976","Cornell","s.n.","1966-07-04",1966,7,4,185,"1966-07-04","","Sandy, loose soil; cover of low grasses and herbs.",NA,"Bayfield","Cable. 7 miles S of Drummond on Hwy 63 [near Cable]",46.23555,-91.25797,NA,1791,"46.235550 N"," 91.257970 W","Georeferencing Quick Reference Guide 2012-10-02","Geolocate","",NA,"","July","Cornell; Brashier","Other Collectors"
"SUWS015293","Equisetopsida","Dipsacales","Caprifoliaceae","Diervilla lonicera",3400,"Mill.","Diervilla","lonicera","","","Salamun, Peter J.","1976","Hjerleid","s.n.","1966-07-24",1966,7,24,205,"1966-07-24","","Forest roadside.",NA,"Bayfield","U.S. Forest Service Fire Tower; S of Pigeon Lake",46.3015,-91.34901,NA,5154,"46.301500 N"," 91.349010 W","Georeferencing Quick Reference Guide 2012-10-02","Geolocate","",NA,"","July","Hjerleid; Brashier","Other Collectors"
"SUWS015302","Equisetopsida","Dipsacales","Caprifoliaceae","Linnaea borealis subsp. americana",13120,"(Forbes) Hultén ex R.T.Clausen","Linnaea","borealis","americana","subsp.","Salamun, Peter J.","1976","Brashier","225c","1964-07-12",1964,7,12,194,"1964-07-12","","Shady woods near rotting confifer stump.",NA,"Douglas","Solon Springs. 3 miles N of Solon Springs on U.S. Hwy. 53",46.39671,-91.82241,NA,1799,"46.396710 N"," 91.822410 W","Georeferencing Quick Reference Guide 2012-10-02","Geolocate","",NA,"","July","Brashier; Romans","Brashier"
"SUWS015314","Equisetopsida","Dipsacales","Caprifoliaceae","Lonicera X bella",13125,"Zabel","Lonicera","X bella","","","Salamun, Peter J.","1976","Brashier","s.n.","1965-06-08",1965,6,8,159,"1965-06-08","","Along roadside.",NA,"Douglas","Gordon. 0.5 mile N of Gordon on U.S. Hwy 53",46.25413,-91.79852,NA,977,"46.254130 N"," 91.798520 W","Georeferencing Quick Reference Guide 2012-10-02","Geolocate","",NA,"","June","Brashier; Romans","Brashier"
"SUWS015315","Equisetopsida","Dipsacales","Caprifoliaceae","Lonicera X bella",13125,"Zabel","Lonicera","X bella","","","Salamun, Peter J.","1976","Brashier","25b","1964-06-02",1964,6,2,154,"1964-06-02","","Base of hillside in moist, shaded area in river bottom.",NA,"St. Croix","Somerset. Roadside park on State Hwy 35 in Somerset",45.12547,-92.67195,NA,1500,"45.125470 N"," 92.671950 W","Georeferencing Quick Reference Guide 2012-10-02","Geolocate","",NA,"","June","Brashier; Romans","Brashier"
"SUWS015317","Equisetopsida","Dipsacales","Caprifoliaceae","Lonicera X bella",13125,"Zabel","Lonicera","X bella","","","Salamun, Peter J.","1976","Brashier","s.n.","1965-06-08",1965,6,8,159,"1965-06-08","","Roadside.",NA,"Douglas","Gordon. 0.5 mile N of Gordon on U.S. Hwy. 53",46.25413,-91.79852,NA,977,"46.254130 N"," 91.798520 W","Georeferencing Quick Reference Guide 2012-10-02","Geolocate","",NA,"","June","Brashier; Romans","Brashier"
"SUWS015318","Equisetopsida","Dipsacales","Caprifoliaceae","Lonicera tatarica",4121,"L.","Lonicera","tatarica","","","","","Behn, T.","97-12","1997-06-17",1997,6,17,168,"1997-06-17","","Partial sun.",NA,"Douglas","Superior. 1609 Hammond Ave.; E side of complex",46.71886,-92.09839,NA,101,"46.718860 N"," 92.098390 W","Georeferencing Quick Reference Guide 2012-10-02","Geolocate","",NA,"","June","Behn, T.","Other Collectors"
"SUWS015322","Equisetopsida","Dipsacales","Adoxaceae","Sambucus racemosa subsp. pubens var. pubens",13297,"L.","Sambucus","racemosa","pubens var. pubens","subsp.","Castle, R.","1994","Brashier","s.n.","1965-05-22",1965,5,22,142,"1965-05-22","","River bottom, clay soil; collected 1 month after area was flooded.",NA,"Douglas","Superior. 3 miles S of Superior on State Hwy. 35 on the Ralph Law property, Nemadji River.",46.65497,-92.10442,NA,4161,"46.654970 N"," 92.104420 W","Georeferencing Quick Reference Guide 2012-10-02","Geolocate","",NA,"","May","Brashier; Romans","Brashier"
"SUWS015323","Equisetopsida","Dipsacales","Adoxaceae","Sambucus racemosa subsp. pubens var. pubens",13297,"L.","Sambucus","racemosa","pubens var. pubens","subsp.","","","Ojanen, Joanne M.","94-18","1994-09-24",1994,9,24,267,"1994-09-24","","Field of grasses and shrubs; well drained sandy loam soil.",NA,"Douglas","Oakland. Eastman Rd. Approx. 0.75 mile off of CTH B",46.54322,-92.04635,NA,309,"46.543220 N"," 92.046350 W","Georeferencing Quick Reference Guide 2012-10-02","Geolocate","",NA,"","September","Ojanen, Joanne M.","Other Collectors"
"SUWS015333","Equisetopsida","Dipsacales","Caprifoliaceae","Triosteum aurantiacum",5282,"E.P.Bicknell","Triosteum","aurantiacum","","","Salamun, Peter J.","1975","Brashier","26a","1964-06-02",1964,6,2,154,"1964-06-02","","Shady area on side of railroad embankment.",NA,"Pierce","East Ellsworth. 2 miles N of East Ellsworth on State Hwy 35.",44.76115,-92.48741,NA,400,"44.761150 N"," 92.487410 W","Georeferencing Quick Reference Guide 2012-10-02","Geolocate","",NA,"","June","Brashier; Romans","Brashier"
"SUWS015340","Equisetopsida","Dipsacales","Adoxaceae","Viburnum opulus",5374,"L.","Viburnum","opulus","","","","","Ojanen, Joanne M.","94-7","1994-09-13",1994,9,13,256,"1994-09-13","","Woodland, well drained clay loam soil.",NA,"Douglas","Superior. Supeiror Municipal Forest on Billings Dr.; at foot of Dwight's Point between Kimballs Bay and Pokegama River",46.68211,-92.15082,NA,2995,"46.682110 N"," 92.150820 W","Georeferencing Quick Reference Guide 2012-10-02","Geolocate","",NA,"","September","Ojanen, Joanne M.","Other Collectors"
"SUWS015341","Equisetopsida","Dipsacales","Adoxaceae","Viburnum opulus subsp. trilobum",13468,"(Marshall) R.T.Clausen","Viburnum","opulus","trilobum","subsp.","","","Martin, Bonita","94-17","1994-09-13",1994,9,13,256,"1994-09-13","","Near creek; wet sand; horsetail, fern, moss, grasses, asters, dogwood.",NA,"Douglas","Superior. Superior Municipal forest; Billings Drive; Kimballs Bay",46.68211,-92.15082,NA,2995,"46.682110 N"," 92.150820 W","Georeferencing Quick Reference Guide 2012-10-02","Geolocate","",NA,"","September","Martin, Bonita","Other Collectors"
"SUWS015343","Equisetopsida","Dipsacales","Adoxaceae","Viburnum opulus subsp. trilobum",13468,"(Marshall) R.T.Clausen","Viburnum","opulus","trilobum","subsp.","Castle, R.","1993","Brashier","252b","1964-07-18",1964,7,18,200,"1964-07-18","","Deep woods.",NA,"Douglas","Superior. 3 miles S of Superior on State Hwy. 35 on Ralph Law property",46.65497,-92.10442,NA,4161,"46.654970 N"," 92.104420 W","Georeferencing Quick Reference Guide 2012-10-02","Geolocate","",NA,"","July","Brashier; Romans","Brashier"
"SUWS015347","Equisetopsida","Dipsacales","Adoxaceae","Viburnum opulus",5374,"L.","Viburnum","opulus","","","","","Behn, T.","97-11","1997-06-17",1997,6,17,168,"1997-06-17","","Partial sun.",NA,"Douglas","Superior. 1609 Hammond Ave.; E side of complex",46.71886,-92.09839,NA,101,"46.718860 N"," 92.098390 W","Georeferencing Quick Reference Guide 2012-10-02","Geolocate","",NA,"","June","Behn, T.","Other Collectors"
"SUWS015367","Equisetopsida","Asterales","Asteraceae","Achillea millefolium",2428,"L.","Achillea","millefolium","","","","","Cornell","s.n.","1966-07-01",1966,7,1,182,"1966-07-01","","Sandy rocky soil; surrounding area woods.",NA,"Bayfield","2 miles SW of Pigeon Lake on the NW shore",46.3218,-91.37867,NA,1241,"46.321800 N"," 91.378670 W","Georeferencing Quick Reference Guide 2012-10-02","Geolocate","",NA,"","July","Cornell; Brashier","Other Collectors"
"SUWS015369","Equisetopsida","Asterales","Asteraceae","Achillea millefolium",2428,"L.","Achillea","millefolium","","","","","Koch, Rudy G.","s.n.","1975-07-24",1975,7,24,205,"1975-07-24","","Beach.",NA,"Ashland","Apostle Islands National Lakeshore, Michigan Island",46.88244,-90.48101,NA,3133,"46.882440 N"," 90.481010 W","Georeferencing Quick Reference Guide 2012-10-02","Geolocate","",NA,"","July","Koch, Rudy G.","Koch, Rudy G."
"SUWS015370","Equisetopsida","Asterales","Asteraceae","Achillea millefolium",2428,"L.","Achillea","millefolium","","","","","Brashier","156b","1964-06-02",1964,6,2,154,"1964-06-02","","Sandy area bordering road.",NA,"Polk","Osceola. 0.2 mile N of Osceola on State Hwy. 35",45.33458,-92.68725,NA,500,"45.334580 N"," 92.687250 W","Georeferencing Quick Reference Guide 2012-10-02","Geolocate","",NA,"","June","Brashier; Romans","Brashier"
"SUWS015376","Equisetopsida","Asterales","Asteraceae","Achillea millefolium",2428,"L.","Achillea","millefolium","","","","","Barnard","s.n.","1966-07-07",1966,7,7,188,"1966-07-07","","Sandy.",NA,"Bayfield","Cable",46.20801,-91.29213,NA,3036,"46.208010 N"," 91.292130 W","Georeferencing Quick Reference Guide 2012-10-02","Geolocate","",NA,"","July","Barnard; Brashier","Other Collectors"
"SUWS015382","Equisetopsida","Asterales","Asteraceae","Anaphalis margaritacea",2518,"(L.) Benth. & Hook.f.","Anaphalis","margaritacea","","","","","Brashier","179b","1964-08-04",1964,8,4,217,"1964-08-04","","Along roadside in tall grass; sandy soil.",NA,"Douglas","Patzau. 0.5 mile W of State Hwy 35 on CTH BB on James Romans property [near Patzau]",46.48986,-92.18414,NA,1517,"46.489860 N"," 92.184140 W","Georeferencing Quick Reference Guide 2012-10-02","Geolocate","",NA,"","August","Brashier; Romans","Brashier"
"SUWS015388","Equisetopsida","Asterales","Asteraceae","Anaphalis margaritacea",2518,"(L.) Benth. & Hook.f.","Anaphalis","margaritacea","","","","","Barnard","s.n.","1966-06-30",1966,6,30,181,"1966-06-30","","Sandy.",NA,"Bayfield","Cable",46.20801,-91.29213,NA,3036,"46.208010 N"," 91.292130 W","Georeferencing Quick Reference Guide 2012-10-02","Geolocate","",NA,"","June","Barnard; Brashier","Other Collectors"
"SUWS015397","Equisetopsida","Asterales","Asteraceae","Aster ericoides",13386,"L.","Aster","ericoides","","","","","Brashier","191c","1964-08-27",1964,8,27,240,"1964-08-27","","At the edge of field near woods; in shade.",NA,"Douglas","Patzau. 0.5 mile W of State Hwy 35 on CTH BB on the James Romans Property [E of Patzau]",46.48986,-92.18414,NA,1517,"46.489860 N"," 92.184140 W","Georeferencing Quick Reference Guide 2012-10-02","Geolocate","",NA,"","August","Brashier; Romans","Brashier"
"SUWS015407","Equisetopsida","Asterales","Asteraceae","Aster ericoides",13386,"L.","Aster","ericoides","","","","","Castle, R.","93-357","1993-08-23",1993,8,23,235,"1993-08-23","","Riverside parking area.",NA,"Douglas","Allouez. Nemadji River and Hwy 2 [this river does not cross Hwy 2 but empties into the Crawford River which crosses Hwy 2 in Allouez]",46.69663,-92.03495,NA,1035,"46.696630 N"," 92.034950 W","Georeferencing Quick Reference Guide 2012-10-02","Geolocate","",NA,"","August","Castle, R.","Castle, R."
"SUWS015411","Equisetopsida","Asterales","Asteraceae","Aster umbellatus",13002,"Mill.","Aster","umbellatus","","","","","Brashier","162b","1964-08-26",1964,8,26,239,"1964-08-26","","Wet ditch near road.",NA,"Douglas","Superior. 1 mile N of U.S. Hwy 2 on the Wisconsin Point Rd. [Moccasin Mike Rd.]",46.67311,-91.97214,NA,2431,"46.673110 N"," 91.972140 W","Georeferencing Quick Reference Guide 2012-10-02","Geolocate","",NA,"","August","Brashier; Romans","Brashier"
"SUWS015413","Equisetopsida","Asterales","Asteraceae","Aster umbellatus var. pubens",13003,"Mill.","Aster","umbellatus","pubens","var.","","","Thomson, John W., Jr.","s.n.","1942-08-03",1942,8,3,215,"1942-08-03","","",NA,"Douglas","Superior. Billings Park Drive",46.68211,-92.15082,NA,2995,"46.682110 N"," 92.150820 W","Georeferencing Quick Reference Guide 2012-10-02","Geolocate","",NA,"","August","Thomson, John W., Jr.","Thomson, John W., Jr."
"SUWS015416","Equisetopsida","Asterales","Asteraceae","Aster umbellatus",13002,"Mill.","Aster","umbellatus","","","","","Brashier","190a","1964-08-27",1964,8,27,240,"1964-08-27","","Brushy area in woods; moist conditions.",NA,"Douglas","Patzau. 0.5 mile W of State Hwy 35 on CTH BB on the James Romans Property [E of Patzau]",46.48986,-92.18414,NA,1517,"46.489860 N"," 92.184140 W","Georeferencing Quick Reference Guide 2012-10-02","Geolocate","",NA,"","August","Brashier; Romans","Brashier"
"SUWS015417","Equisetopsida","Asterales","Asteraceae","Aster umbellatus",13002,"Mill.","Aster","umbellatus","","","","","Brashier","164a","1964-08-04",1964,8,4,217,"1964-08-04","","Sedge-meadow along roadside.",NA,"Douglas","Moose Junction. 1.5 miles N of the jct. of CTH M and State Hwy. 35 [Moose Junction]",46.30916,-92.15492,NA,1819,"46.309160 N"," 92.154920 W","Georeferencing Quick Reference Guide 2012-10-02","Geolocate","",NA,"","August","Brashier; Romans","Brashier"
"SUWS015422","Equisetopsida","Asterales","Asteraceae","Aster puniceus",13438,"L.","Aster","puniceus","","","","","Brashier","114","1964-08-26",1964,8,26,239,"1964-08-26","","Wet roadside; clay.",NA,"Douglas","Superior. 1 mile N of U.S. Hwy. 2 on the road to Wisconsin Point [Moccasin Mike Rd.]",46.67311,-91.97214,NA,2431,"46.673110 N"," 91.972140 W","Georeferencing Quick Reference Guide 2012-10-02","Geolocate","",NA,"","August","Brashier; Romans","Brashier"
"SUWS015426","Equisetopsida","Asterales","Asteraceae","Aster puniceus",13438,"L.","Aster","puniceus","","","","","Brashier","189b","1964-08-27",1964,8,27,240,"1964-08-27","","Brushy area in woods; moist conditions.",NA,"Douglas","Patzau. 0.5 mile W of State Hwy 35 on CTH BB on the James Romans porperty [E of Patzau]",46.48986,-92.18414,NA,1517,"46.489860 N"," 92.184140 W","Georeferencing Quick Reference Guide 2012-10-02","Geolocate","",NA,"","August","Brashier; Romans","Brashier"
"SUWS015438","Equisetopsida","Asterales","Asteraceae","Aster macrophyllus",13030,"L.","Aster","macrophyllus","","","","","Brashier","150c","1964-08-16",1964,8,16,229,"1964-08-16","","Brushy pastureland; sandy soil.",NA,"Douglas","Patzau. 0.5 mile W of State Hwy. 35 on CTH BB on the James Romans farm [E of Patzau]",46.48986,-92.18414,NA,1517,"46.489860 N"," 92.184140 W","Georeferencing Quick Reference Guide 2012-10-02","Geolocate","",NA,"","August","Brashier; Romans","Brashier"
"SUWS015441","Equisetopsida","Asterales","Asteraceae","Aster macrophyllus",13030,"L.","Aster","macrophyllus","","","","","Ojanen, Joanne M.","94/17","1994-09-24",1994,9,24,267,"1994-09-24","","Woodland, well drained sandy loam soil.",NA,"Douglas","Oakland. Eastman Rd. Approx. 0.75 mile off of CTH B",46.54322,-92.04635,NA,309,"46.543220 N"," 92.046350 W","Georeferencing Quick Reference Guide 2012-10-02","Geolocate","",NA,"","September","Ojanen, Joanne M.","Other Collectors"
"SUWS015464","Equisetopsida","Asterales","Asteraceae","Antennaria plantaginifolia",2548,"(L.) Hook.","Antennaria","plantaginifolia","","","","","Castle, R.","94-61","1994-06-25",1994,6,25,176,"1994-06-25","","Mowed area.",NA,"Douglas","Highland. Highland Townhall on CTH S",46.4255,-91.66908,NA,323,"46.425500 N"," 91.669080 W","Georeferencing Quick Reference Guide 2012-10-02","Geolocate","",NA,"","June","Castle, R.","Castle, R."
"SUWS015467","Equisetopsida","Asterales","Asteraceae","Antennaria plantaginifolia",2548,"(L.) Hook.","Antennaria","plantaginifolia","","","","","Brashier","144b","1964-06-01",1964,6,1,153,"1964-06-01","","Open, sandy ditchside area between road and adjacent woods.",NA,"Burnett","Danbury. 1 mile N of Danbury on State Hwy. 35",46.02157,-92.33938,NA,600,"46.021570 N"," 92.339380 W","Georeferencing Quick Reference Guide 2012-10-02","Geolocate","",NA,"","June","Brashier; Romans","Brashier"
"SUWS015472","Equisetopsida","Asterales","Asteraceae","Arctium minus",2584,"(Hill.) Bernh.","Arctium","minus","","","","","Castle, R.","93-337A","1993-07-14",1993,7,14,195,"1993-07-14","","Waste area.",NA,"Douglas","Superior. UW-Superior campus and church parking lot",46.68122,-92.06631,NA,12939,"46.681220 N"," 92.066310 W","Georeferencing Quick Reference Guide 2012-10-02","Geolocate","",NA,"","July","Castle, R.","Castle, R."
"SUWS015473","Equisetopsida","Asterales","Asteraceae","Arctium minus",2584,"(Hill.) Bernh.","Arctium","minus","","","","","Castle, R.","93-112","1993-05-16",1993,5,16,136,"1993-05-16","","Growing next to building.",NA,"Douglas","Superior. Corner of Baxter Ave. and Winter",46.72208,-92.09495,NA,1288,"46.722080 N"," 92.094950 W","Georeferencing Quick Reference Guide 2012-10-02","Geolocate","",NA,"","May","Castle, R.","Castle, R."
"SUWS015484","Equisetopsida","Asterales","Asteraceae","Ambrosia trifida var. trifida",2505,"L.","Ambrosia","trifida","trifida","var.","","","Brashier","149a","1964-08-03",1964,8,3,216,"1964-08-03","","Cultivated field.",NA,"Douglas","Patzau. 0.5 mile W of State Hwy 35 on CTH BB on the James Romans farm [E of Patzau]",46.48986,-92.18414,NA,1517,"46.489860 N"," 92.184140 W","Georeferencing Quick Reference Guide 2012-10-02","Geolocate","",NA,"","August","Brashier; Romans","Brashier"
"SUWS015487","Equisetopsida","Asterales","Asteraceae","Ambrosia artemisiifolia",2503,"L.","Ambrosia","artemisiifolia","","","","","Brashier","119d","1964-08-18",1964,8,18,231,"1964-08-18","","Dry roadside.",NA,"Douglas","Patzau. 3 miles W of Patzau",46.49131,-92.28384,NA,932,"46.491310 N"," 92.283840 W","Georeferencing Quick Reference Guide 2012-10-02","Geolocate","",NA,"","August","Brashier; Romans","Brashier"
"SUWS015494","Equisetopsida","Asterales","Asteraceae","Bidens cernua",2744,"L.","Bidens","cernua","","","","","Castle, R.","93-367","1993-08-31",1993,8,31,243,"1993-08-31","","Swampy area, full sun.",NA,"Douglas","Bellwood. 2 miles N of Hwy 2 on Clevedon Rd. [NE of Bellwood]",46.60055,-91.61606,NA,845,"46.600550 N"," 91.616060 W","Georeferencing Quick Reference Guide 2012-10-02","Geolocate","",NA,"","August","Castle, R.","Castle, R."
"SUWS015499","Equisetopsida","Asterales","Asteraceae","Centaurea biebersteinii",12900,"DC.","Centaurea","biebersteinii","","","Castle, R.","1/25/1994","Castle, R.","93-331","1993-08-02",1993,8,2,214,"1993-08-02","","Roadside, gravel-sandy soil. [Original as Centaurea maculosa [auct. non] Lam.]",NA,"Douglas","Brule. 3 miles W of Brule on Hwy 2 [Bayfield Co. - original in error]",46.56927,-91.62738,NA,1694,"46.569270 N"," 91.627380 W","Georeferencing Quick Reference Guide 2012-10-02","Geolocate","",NA,"","August","Castle, R.","Castle, R."
"SUWS015501","Equisetopsida","Asterales","Asteraceae","Centaurea biebersteinii",12900,"DC.","Centaurea","biebersteinii","","","","","Brashier","275b","1964-08-04",1964,8,4,217,"1964-08-04","","Near ditch next to jack-pine plantation. [Original as Centaurea maculosa [auct. non] Lam.]",NA,"Burnett","Danbury. 4 miles N of Danbury on State Hwy. 35",46.05167,-92.30264,NA,1000,"46.051670 N"," 92.302640 W","Georeferencing Quick Reference Guide 2012-10-02","Geolocate","",NA,"","August","Brashier; Romans","Brashier"
"SUWS015502","Equisetopsida","Asterales","Asteraceae","Centaurea biebersteinii",12900,"DC.","Centaurea","biebersteinii","","","","","Brashier","166a","1964-08-04",1964,8,4,217,"1964-08-04","","Sandy roadside adjacent to jack-pine planting. [Original as Centaurea maculosa [auct. non] Lam.]",NA,"Burnett","Danbury. 4 miles N of Danbury on State Hwy 35",46.05167,-92.30264,NA,1000,"46.051670 N"," 92.302640 W","Georeferencing Quick Reference Guide 2012-10-02","Geolocate","",NA,"","August","Brashier; Romans","Brashier"
"SUWS015509","Equisetopsida","Asterales","Asteraceae","Leucanthemum vulgare",4055,"Lam.","Leucanthemum","vulgare","","","","","Brashier","53a","1964-06-04",1964,6,4,156,"1964-06-04","","Open sandy area boardering road.",NA,"Manitowoc","Kashbuam Lake on State Hwy. 42 S of the jct. with U.S. Hwy. 151",44.05936,-87.73621,NA,200,"44.059360 N"," 87.736210 W","Georeferencing Quick Reference Guide 2012-10-02","Geolocate","",NA,"","June","Brashier; Romans","Brashier"
"SUWS015512","Equisetopsida","Asterales","Asteraceae","Leucanthemum vulgare",4055,"Lam.","Leucanthemum","vulgare","","","","","Hjerleid","s.n.","1966-07-27",1966,7,27,208,"1966-07-27","","Roadside ditch.",NA,"Bayfield","Drummond. 1 mile S of Drummond on Hwy. 63",46.31862,-91.27925,NA,1953,"46.318620 N"," 91.279250 W","Georeferencing Quick Reference Guide 2012-10-02","Geolocate","",NA,"","July","Hjerleid; Brashier","Other Collectors"
"SUWS015513","Equisetopsida","Asterales","Asteraceae","Leucanthemum vulgare",4055,"Lam.","Leucanthemum","vulgare","","","","","Holden","s.n.","1966-07-02",1966,7,2,183,"1966-07-02","","Meadow with dry, rocky soil and many shrubs and grasses.",NA,"St. Croix","Hudson. 3 miles E of Hudson on Hwy. 12",44.97613,-92.68035,NA,1300,"44.976130 N"," 92.680350 W","Georeferencing Quick Reference Guide 2012-10-02","Geolocate","",NA,"","July","Holden; Brashier","Other Collectors"
"SUWS015514","Equisetopsida","Asterales","Asteraceae","Leucanthemum vulgare",4055,"Lam.","Leucanthemum","vulgare","","","","","Koch, Rudy G.","5130","1968-09-15",1968,9,15,259,"1968-09-15","","Wet seepage area around the lake.",NA,"Douglas","Ca. 10 miles S of Superior at Lake Amnicon",46.47775,-92.06105,NA,2321,"46.477750 N"," 92.061050 W","Georeferencing Quick Reference Guide 2012-10-02","Geolocate","",NA,"","September","Koch, Rudy G.","Koch, Rudy G."
"SUWS015525","Equisetopsida","Alismatales","Alismataceae","Sagittaria latifolia",4937,"Willd.","Sagittaria","latifolia","","","","","Castle, R.","93-311A","1993-08-23",1993,8,23,235,"1993-08-23","","Growing in 6-12 inches of water.",NA,"Douglas","Superior. Hwy. 2 and the Nemadji River",46.69662,-92.03498,NA,979,"46.696620 N"," 92.034980 W","Georeferencing Quick Reference Guide 2012-10-02","Geolocate","",NA,"","August","Castle, R.","Castle, R."
"SUWS015529","Equisetopsida","Alismatales","Hydrocharitaceae","Elodea canadensis",3499,"Michx.","Elodea","canadensis","","","","","Castle, R.","93-349","1993-08-08",1993,8,8,220,"1993-08-08","","Growing in 8-10 inches of water.",NA,"Douglas","Brule. Brule Rest Stop on Hwy. 2; in the Little Brule River",46.553,-91.57658,NA,4284,"46.553000 N"," 91.576580 W","Georeferencing Quick Reference Guide 2012-10-02","Geolocate","",NA,"","August","Castle, R.","Castle, R."
"SUWS015533","Equisetopsida","Alismatales","Potamogetonaceae","Potamogeton robbinsii",4634,"Oakes","Potamogeton","robbinsii","","","","","Castle, R.","94-102","1994-07-02",1994,7,2,183,"1994-07-02","","Growing in muck; 10 inches of water.",NA,"Douglas","Brule. Near Brule Fish Hatchery on Little Brule River [Orig. Bayfield Co.-err. Little Brule River is only in Douglas Co., S of Brule]",46.53529,-91.58211,NA,1088,"46.535290 N"," 91.582110 W","Georeferencing Quick Reference Guide 2012-10-02","Geolocate","",NA,"","July","Castle, R.","Castle, R."
"SUWS015534","Equisetopsida","Alismatales","Hydrocharitaceae","Najas flexilis",4319,"(Willd.) Rostk. & W.L.E.Schmidt","Najas","flexilis","","","","","Castle, R.","94-H","1994-08-16",1994,8,16,228,"1994-08-16","","Slow moving backwater.",NA,"Douglas","Superior. Billings Park Drive and Potegama River",46.68211,-91.60297,NA,2995,"46.682110 N"," 91.602970 W","Georeferencing Quick Reference Guide 2012-10-02","Geolocate","",NA,"","August","Castle, R.","Castle, R."
"SUWS015538","Equisetopsida","Alismatales","Araceae","Arisaema triphyllum subsp. triphyllum",2605,"","Arisaema","triphyllum","triphyllum","subsp.","","","Castle, R.","93-113","1993-04-23",1993,4,23,113,"1993-04-23","","Moist loam under hardwoods.",NA,"Douglas","Maple. CTH F and Hwy. 2 [Maple]",46.58966,-91.72074,NA,1302,"46.589660 N"," 91.720740 W","Georeferencing Quick Reference Guide 2012-10-02","Geolocate","",NA,"","April","Castle, R.","Castle, R."
"SUWS015552","Equisetopsida","Asterales","Asteraceae","Packera paupercula",4398,"(Michx.) Á.Löve & D.Löve","Packera","paupercula","","","Kowal, Robert R.","26Jun2001","Thomson, John W., Jr.","5113","1942-07-18",1942,7,18,199,"1942-07-18","","",NA,"Douglas","Superior. Sand Island in Superior Bay",46.73216,-92.0663,NA,5466,"46.732160 N"," 92.066300 W","Georeferencing Quick Reference Guide 2012-10-02","Geolocate","",NA,"","July","Thomson, John W., Jr.; Smith, C. W., Fassett, Norman C.","Thomson, John W., Jr."
"SUWS015570","Equisetopsida","Poales","Juncaceae","Luzula acuminata var. acuminata",6739,"","Luzula","acuminata","acuminata","var.","Harriman, Neil A.","27Sep1974","Harvey, Karen","s.n.","1969-05-17",1969,5,17,137,"1969-05-17","","",NA,"Barron","New Auburn. 3 miles S of New Auburn [Chippewa Co., therefore must be N of New Auburn near Public Hunting ground] on Hwy. 53",45.22432,-91.56783,NA,2909,"45.224320 N"," 91.567830 W","Georeferencing Quick Reference Guide 2012-10-02","Geolocate","",NA,"","May","Harvey, Karen","Other Collectors"
"SUWS015587","Equisetopsida","Poales","Juncaceae","Juncus effusus",3970,"L.","Juncus","effusus","","","","","Fassett, Norman C.","s.n.","1928-09-14",1928,9,14,258,"1928-09-14","","",NA,"Bayfield","Topside. Top side [Topside is SE of one of Bayfield's Long Lake's] of Long Lake",46.55911,-91.32269,NA,2441,"46.559110 N"," 91.322690 W","Georeferencing Quick Reference Guide 2012-10-02","Geolocate","",NA,"","September","Fassett, Norman C.","Other Collectors"
"SUWS015608","Equisetopsida","Poales","Juncaceae","Juncus tenuis",3978,"Willd.","Juncus","tenuis","","","Harriman, Neil A.","18FEB1974","Koch, Rudy G.","4235","1967-08-09",1967,8,9,221,"1967-08-09","","Sparse shade, hillside pasture.",NA,"Richland","Bosstown. 7 miles NW of Boaz [near Bosstown]",43.40365,-90.62687,NA,2500,"43.403650 N"," 90.626870 W","Georeferencing Quick Reference Guide 2012-10-02","Geolocate","",NA,"","August","Koch, Rudy G.","Koch, Rudy G."
"SUWS015613","Equisetopsida","Poales","Cyperaceae","Carex brunnescens subsp. sphaerostachya",6548,"(Tuck.) Kalela","Carex","brunnescens","sphaerostachya","subsp.","Zimmerman, James H.","1973","Koch, Rudy G.","6995","1971-06-30",1971,6,30,181,"1971-06-30","","Wet marshy area in woods.",NA,"Ashland","Stockton Island. One of the Apostle Island group; ca. 10 miles NE of Bayfield",46.13035,-90.66867,NA,13163,"46.130350 N"," 90.668670 W","Georeferencing Quick Reference Guide 2012-10-02","Geolocate","",NA,"","June","Koch, Rudy G.","Koch, Rudy G."
"SUWS015614","Equisetopsida","Poales","Cyperaceae","Carex brunnescens subsp. sphaerostachya",6548,"(Tuck.) Kalela","Carex","brunnescens","sphaerostachya","subsp.","Castle, R.","FEB 1994","Demaske, D.","657","1974-05-30",1974,5,30,150,"1974-05-30","","On slope about half way up mt.",NA,"Trempealeau","Perrot State Park; W side of Trempealeau Mountain.",44.02083,-91.49548,NA,300,"44.020830 N"," 91.495480 W","Georeferencing Quick Reference Guide 2012-10-02","Geolocate","",NA,"","May","Demaske, D.","Other Collectors"
"SUWS015619","Equisetopsida","Poales","Cyperaceae","Carex blanda",2896,"Dewey","Carex","blanda","","","Zimmerman, James H.","1974","Sohmer, S. H.","1853","1968-05-25",1968,5,25,146,"1968-05-25","","Wood n[ea]r road adjacent to stone quarry.",NA,"Monroe","Portland. 1.5 miles S of Portland on CTH X and gravel road",43.75097,-90.89038,NA,2862,"43.750970 N"," 90.890380 W","Georeferencing Quick Reference Guide 2012-10-02","Geolocate","",NA,"","May","Sohmer, S. H.","Other Collectors"
"SUWS015630","Equisetopsida","Poales","Cyperaceae","Carex cumulata",2919,"(L.H.Bailey) Mack.","Carex","cumulata","","","Zimmerman, James H.","1974","Sohmer, S. H.","2863","1968-08-06",1968,8,6,219,"1968-08-06","","Woods and sandy soil.",NA,"Monroe","Camp Mccoy. 1.5 miles W of Camp McCoy on Hwy. 21; near the La Crosse River public fishing area",43.97591,-90.75207,NA,1000,"43.975910 N"," 90.752070 W","Georeferencing Quick Reference Guide 2012-10-02","Geolocate","",NA,"","August","Sohmer, S. H.","Other Collectors"
"SUWS015636","Equisetopsida","Poales","Cyperaceae","Carex cumulata",2919,"(L.H.Bailey) Mack.","Carex","cumulata","","","Zimmerman, James H.","24Nov1974","Sohmer, S. H.","2869","1968-08-06",1968,8,6,219,"1968-08-06","","Woods and sandy soil.",NA,"Monroe","Camp Mccoy. 1.5 miles W of Camp McCoy on Hwy. 21 near the LaCrosse River Public fishing area",43.97591,-90.75207,NA,1000,"43.975910 N"," 90.752070 W","Georeferencing Quick Reference Guide 2012-10-02","Geolocate","",NA,"","August","Sohmer, S. H.","Other Collectors"
"SUWS015637","Equisetopsida","Poales","Cyperaceae","Carex crinita var. crinita",6550,"","Carex","crinita","crinita","var.","Zimmerman, James H.","1973","Koch, Rudy G.","6990","1971-06-30",1971,6,30,181,"1971-06-30","","Wet, marshy area in woods.",NA,"Ashland","Stockton Island. One of the Apostle Island group; ca. 10 miles NE of Bayfield",46.13035,-90.66867,NA,13163,"46.130350 N"," 90.668670 W","Georeferencing Quick Reference Guide 2012-10-02","Geolocate","",NA,"","June","Koch, Rudy G.","Koch, Rudy G."
"SUWS015640","Equisetopsida","Poales","Cyperaceae","Carex gracillima",2939,"Schwein.","Carex","gracillima","","","Zimmerman, James H.","14Nov1974","Sohmer, S. H.","1809(a)","1968-05-25",1968,5,25,146,"1968-05-25","","",NA,"Monroe","Portland. 2 miles S of Portland on CTH X",43.74144,-90.8993,NA,2500,"43.741440 N"," 90.899300 W","Georeferencing Quick Reference Guide 2012-10-02","Geolocate","",NA,"","May","Sohmer, S. H.","Other Collectors"
"SUWS015644","Equisetopsida","Poales","Cyperaceae","Carex emoryi",2930,"Dewey ex Torr.","Carex","emoryi","","","Zimmerman, James H.","Apr 1976","Swanson, Steven D.","723","1975-06-20",1975,6,20,171,"1975-06-20","","Spit on the inside bend of a side channel; emergent species Phalaris, other grasses and Carex dominant.",NA,"La Crosse","La Crosse. Site 15 [Map on Sheet]; Mississippi River Navigation Pool #8 [near La Crosse]",43.80136,-91.23958,NA,10000,"43.801360 N"," 91.239580 W","Georeferencing Quick Reference Guide 2012-10-02","Geolocate","",NA,"","June","Swanson, Steven D.","Other Collectors"
"SUWS015659","Equisetopsida","Poales","Cyperaceae","Carex haydenii",2946,"Dewey","Carex","haydenii","","","Swanson, S. D.","02Dec1976","Sohmer, S. H.","s.n.","1968-05-11",1968,5,11,132,"1968-05-11","","",NA,"La Crosse","Goose Island",43.72941,-91.22541,NA,1800,"43.729410 N"," 91.225410 W","Georeferencing Quick Reference Guide 2012-10-02","Geolocate","",NA,"","May","Sohmer, S. H.","Other Collectors"
"SUWS015660","Equisetopsida","Poales","Cyperaceae","Carex haydenii",2946,"Dewey","Carex","haydenii","","","Swanson, S. D.","02Dec1976","Sohmer, S. H.","s.n.","1968-05-11",1968,5,11,132,"1968-05-11","","",NA,"La Crosse","Goose Island",43.72941,-91.22541,NA,1800,"43.729410 N"," 91.225410 W","Georeferencing Quick Reference Guide 2012-10-02","Geolocate","",NA,"","May","Sohmer, S. H.","Other Collectors"
"SUWS015670","Equisetopsida","Poales","Cyperaceae","Carex pensylvanica",2986,"Lam.","Carex","pensylvanica","","","Zimmerman, James H.","1973","Koch, Rudy G.","6996","1971-06-30",1971,6,30,181,"1971-06-30","","Sandy beach area.",NA,"Ashland","Stockton Island. One of the Apostle Island group; ca. 10 miles NE of Bayfield",46.13035,-90.66867,NA,13163,"46.130350 N"," 90.668670 W","Georeferencing Quick Reference Guide 2012-10-02","Geolocate","",NA,"","June","Koch, Rudy G.","Koch, Rudy G."
"SUWS015673","Equisetopsida","Poales","Cyperaceae","Carex pellita",2985,"Willd.","Carex","pellita","","","Castle, R.","1994","Sohmer, S. H.","9045","1974-06-22",1974,6,22,173,"1974-06-22","","Relatively dry area.",NA,"Trempealeau","Perrot State Park; Trempealeau Mt.; Western area between bluff and railroad tracks",44.01972,-91.48681,NA,500,"44.019720 N"," 91.486810 W","Georeferencing Quick Reference Guide 2012-10-02","Geolocate","",NA,"","June","Sohmer, S. H.","Other Collectors"
"SUWS015677","Equisetopsida","Poales","Cyperaceae","Carex muehlenbergii",19442,"Schkuhr ex Willd.","Carex","muehlenbergii","","","Zimmerman, James H.","05Sep1975","Sohmer, S. H.","9044","1974-06-22",1974,6,22,173,"1974-06-22","","Relatively dry area.",NA,"Trempealeau","Perrot State Park; Trempealeau Mt.; Western area between bluff and railroad tracks",44.01972,-91.48681,NA,500,"44.019720 N"," 91.486810 W","Georeferencing Quick Reference Guide 2012-10-02","Geolocate","",NA,"","June","Sohmer, S. H.","Other Collectors"
"SUWS015682","Equisetopsida","Poales","Cyperaceae","Carex stipata var. stipata",6563,"","Carex","stipata","stipata","var.","","","Sohmer, S. H.","2000","1968-06-09",1968,6,9,161,"1968-06-09","","Pond.",NA,"La Crosse","La Crosse. Veteran's Memorial Park, pond [La Crosse]",43.89186,-91.11459,NA,100,"43.891860 N"," 91.114590 W","Georeferencing Quick Reference Guide 2012-10-02","Geolocate","",NA,"","June","Sohmer, S. H.","Other Collectors"
"SUWS015688","Equisetopsida","Poales","Cyperaceae","Carex sterilis",3006,"Willd.","Carex","sterilis","","","","","Koch, Rudy G.","6992","1971-06-30",1971,6,30,181,"1971-06-30","","Wet marshy area in woods.",NA,"Ashland","Stockton Island. One of the Apostle Island group; ca. 10 miles NE of Bayfield",46.13035,-90.66867,NA,13163,"46.130350 N"," 90.668670 W","Georeferencing Quick Reference Guide 2012-10-02","Geolocate","",NA,"","June","Koch, Rudy G.","Koch, Rudy G."
"SUWS015689","Equisetopsida","Poales","Cyperaceae","Carex sprengelii",3005,"Dewey ex Spreng.","Carex","sprengelii","","","Swanson, S. D.","03Dec1976","Demaske, D.","481","1974-05-15",1974,5,15,135,"1974-05-15","","Open, level area between railroad tracks and sand cliff.",NA,"Trempealeau","Perrot State Park; Trempealeau Mt.; SW side of island.",44.02083,-91.49548,NA,300,"44.020830 N"," 91.495480 W","Georeferencing Quick Reference Guide 2012-10-02","Geolocate","",NA,"","May","Demaske, D.","Other Collectors"
"SUWS015690","Equisetopsida","Poales","Cyperaceae","Carex sprengelii",3005,"Dewey ex Spreng.","Carex","sprengelii","","","Zimmerman, James H.","05Sep1975","Demaske, D.","481","1974-05-15",1974,5,15,135,"1974-05-15","","Level area; open, between railroad tracks and sand cliff.",NA,"Trempealeau","Perrot State Park; Trempealeau Mt.; SW side of island",44.02083,-91.49548,NA,300,"44.020830 N"," 91.495480 W","Georeferencing Quick Reference Guide 2012-10-02","Geolocate","",NA,"","May","Demaske, D.","Other Collectors"
"SUWS015691","Equisetopsida","Poales","Cyperaceae","Carex scoparia var. scoparia",6562,"","Carex","scoparia","scoparia","var.","Zimmerman, James H.","1974","Spoor, William J., Jr.","s.n.","1968-06-25",1968,6,25,177,"1968-06-25","","Floating bog mat.",NA,"Bayfield","Anderson Lake; Chequamegon National Forest",46.4037,-91.31713,NA,336,"46.403700 N"," 91.317130 W","Georeferencing Quick Reference Guide 2012-10-02","Geolocate","",NA,"","June","Spoor, William J., Jr.","Other Collectors"
"SUWS015693","Equisetopsida","Poales","Cyperaceae","Carex rostrata",2998,"Stokes","Carex","rostrata","","","Zimmerman, James H.","24Nov1974","Sohmer, S. H.","2271","1968-07-05",1968,7,5,187,"1968-07-05","","Marsh.",NA,"Bayfield","W of Pigeon Lake along Forest Road 394 in Chequamegon National Forest",46.344,-91.36398,NA,1027,"46.344000 N"," 91.363980 W","Georeferencing Quick Reference Guide 2012-10-02","Geolocate","",NA,"","July","Sohmer, S. H.","Other Collectors"
"SUWS015706","Equisetopsida","Poales","Cyperaceae","Cyperus esculentus var. leptostachyus",6611,"Boeck.","Cyperus","esculentus","leptostachyus","var.","","","Castle, R.","94-H","1994-08-01",1994,8,1,213,"1994-08-01","","Growing in a garden.",NA,"Douglas","Superior. UW-Superior campus near the Rothwell Student Center",46.71784,-92.08786,NA,699,"46.717840 N"," 92.087860 W","Georeferencing Quick Reference Guide 2012-10-02","Geolocate","",NA,"","August","Castle, R.","Castle, R."
"SUWS015714","Equisetopsida","Poales","Cyperaceae","Cyperus lupulinus",3327,"(Spreng.) Marcks","Cyperus","lupulinus","","","Marcks, Brian G.","21Oct1974","Sohmer, S. H.","2903","1968-08-06",1968,8,6,219,"1968-08-06","","Woods and sandy soil.",NA,"Monroe","Camp Mccoy. 1.5 miles W of Camp McCoy on Hwy. 21; near La Crosse River Public Fishing Area",43.97591,-90.75207,NA,1000,"43.975910 N"," 90.752070 W","Georeferencing Quick Reference Guide 2012-10-02","Geolocate","",NA,"","August","Sohmer, S. H.","Other Collectors"
"SUWS015716","Equisetopsida","Poales","Cyperaceae","Cyperus lupulinus",3327,"(Spreng.) Marcks","Cyperus","lupulinus","","","Swanson, S. D.","30Nov1976","Sohmer, S. H.","2798c","1968-07-27",1968,7,27,209,"1968-07-27","","",NA,"La Crosse","Goose Island",43.72941,-91.22541,NA,1800,"43.729410 N"," 91.225410 W","Georeferencing Quick Reference Guide 2012-10-02","Geolocate","",NA,"","July","Sohmer, S. H.","Other Collectors"
"SUWS015729","Equisetopsida","Poales","Cyperaceae","Eleocharis elliptica",3481,"Kunth","Eleocharis","elliptica","","","Smith, S. Galen","1997","Sohmer, S. H.","2880b","1968-08-06",1968,8,6,219,"1968-08-06","","Woods and sandy soil.",NA,"Monroe","Camp Mccoy. 1.5 miles W of Camp McCoy on Hwy. 21; near fish hatchery near La Crosse River Public fishing area",43.97591,-90.75207,NA,1000,"43.975910 N"," 90.752070 W","Georeferencing Quick Reference Guide 2012-10-02","Geolocate","",NA,"","August","Sohmer, S. H.","Other Collectors"
"SUWS015738","Equisetopsida","Poales","Cyperaceae","Eriophorum viridicarinatum",3565,"(Engelm.) Fernald","Eriophorum","viridicarinatum","","","","","Koch, Rudy G.","9983","1975-09-12",1975,9,12,255,"1975-09-12","","Bog.",NA,"Ashland","Stockton Island. One of the Apostle Island group; ca. 10 miles NE of Bayfield",46.13035,-90.66867,NA,13163,"46.130350 N"," 90.668670 W","Georeferencing Quick Reference Guide 2012-10-02","Geolocate","",NA,"","September","Koch, Rudy G.","Koch, Rudy G."
"SUWS015739","Equisetopsida","Poales","Cyperaceae","Eriophorum viridicarinatum",3565,"(Engelm.) Fernald","Eriophorum","viridicarinatum","","","","","Wassgren","s.n.","1964-06-27",1964,6,27,179,"1964-06-27","","In bog.",NA,"Bayfield","Drummond. near Pigeon Lake",46.34228,-91.34901,NA,2257,"46.342280 N"," 91.349010 W","Georeferencing Quick Reference Guide 2012-10-02","Geolocate","",NA,"","June","Wassgren; Brashier","Other Collectors"
"SUWS015746","Equisetopsida","Poales","Cyperaceae","Eriophorum vaginatum",3563,"L.","Eriophorum","vaginatum","","","","","Brashier","s.n.","1965-06-20",1965,6,20,171,"1965-06-20","","In bog.",NA,"Douglas","Patzau. 0.5 miles W of State Highway 35 on CTH BB on the James Romans property [E of Patzau]",46.48986,-92.18414,NA,1517,"46.489860 N"," 92.184140 W","Georeferencing Quick Reference Guide 2012-10-02","Geolocate","",NA,"","June","Brashier; Romans","Brashier"
"SUWS015751","Equisetopsida","Poales","Cyperaceae","Eriophorum vaginatum",3563,"L.","Eriophorum","vaginatum","","","Castle, R.","","Brashier","s.n.","1965-06-20",1965,6,20,171,"1965-06-20","","In bog.",NA,"Douglas","Patzau. 0.5 miles W of State Highway 35 on CTH BB on the James Romans property [E of Patzau]",46.48986,-92.18414,NA,1517,"46.489860 N"," 92.184140 W","Georeferencing Quick Reference Guide 2012-10-02","Geolocate","",NA,"","June","Brashier; Romans","Brashier"
"SUWS015760","Equisetopsida","Poales","Cyperaceae","Scirpus cyperinus",4999,"(L.) Kunth","Scirpus","cyperinus","","","Castle, R.","1994","Thomson, John W., Jr.","5283","1943-08-04",1943,8,4,216,"1943-08-04","","Low, wet; clay soil.",NA,"Douglas","Superior. S of 22nd St. and Weeks Ave., Superior",46.72459,-92.09196,NA,462,"46.724590 N"," 92.091960 W","Georeferencing Quick Reference Guide 2012-10-02","Geolocate","",NA,"","August","Thomson, John W., Jr.; Fassett, Norman C.","Thomson, John W., Jr."
"SUWS015765","Equisetopsida","Poales","Cyperaceae","Scirpus atrovirens",4998,"Willd.","Scirpus","atrovirens","","","Cochrane, Theodore S.","10/1974","Sohmer, S. H.","2378","1968-07-16",1968,7,16,198,"1968-07-16","","Stream.",NA,"La Crosse","Newburg Corners. Ca. 2 miles SE of Newburg Corners; Meadow Brook Park; Bohemian Valley",43.75698,-90.94954,NA,2000,"43.756980 N"," 90.949540 W","Georeferencing Quick Reference Guide 2012-10-02","Geolocate","",NA,"","July","Sohmer, S. H.","Other Collectors"
"SUWS015781","Equisetopsida","Poales","Poaceae","Agrostis hyemalis",2465,"(Walter) Britton, Sterns & Poggenb.","Agrostis","hyemalis","","","Castle, R.","1994","Shinners, L. H.","2946","1940-08-22",1940,8,22,235,"1940-08-22","","Sandy roadway.",NA,"Adams","Adams. 2 miles NE of Adams; Minnie Rock",44.07036,-89.75834,NA,101,"44.070360 N"," 89.758340 W","Georeferencing Quick Reference Guide 2012-10-02","Geolocate","",NA,"","August","Shinners, L. H.; Catenhusen, John","Other Collectors"
"SUWS015798","Equisetopsida","Poales","Poaceae","Beckmannia syzigachne",2725,"(Steud.) Fernald","Beckmannia","syzigachne","","","","","Thomson, John W., Jr.","s.n.","1942-07-13",1942,7,13,194,"1942-07-13","","Wet field.",NA,"Douglas","Superior. S of 22nd and Weeks Ave., Superior",46.70801,-92.10408,NA,3099,"46.708010 N"," 92.104080 W","Georeferencing Quick Reference Guide 2012-10-02","Geolocate","",NA,"","July","Thomson, John W., Jr.","Thomson, John W., Jr."
"SUWS015811","Equisetopsida","Poales","Poaceae","Bromus ciliatus",2789,"L.","Bromus","ciliatus","","","","","Thomson, John W., Jr.","5018","1942-08-23",1942,8,23,235,"1942-08-23","","",NA,"Douglas","Superior. Along road to Wisconsin Point.",46.69472,-91.99265,NA,2450,"46.694720 N"," 91.992650 W","Georeferencing Quick Reference Guide 2012-10-02","Geolocate","",NA,"","August","Thomson, John W., Jr.","Thomson, John W., Jr."
"SUWS015844","Equisetopsida","Poales","Poaceae","Elytrigia repens",13017,"(L.) Desv. ex B.D.Jacks.","Elytrigia","repens","","","Castle, R.","","Thomson, John W., Jr.","5254","1943-07-04",1943,7,4,185,"1943-07-04","","In yard.",NA,"Douglas","Superior. 920 N 22nd St., Superior",46.71231,-92.09136,NA,122,"46.712310 N"," 92.091360 W","Georeferencing Quick Reference Guide 2012-10-02","Geolocate","",NA,"","July","Thomson, John W., Jr.","Thomson, John W., Jr."
"SUWS015848","Equisetopsida","Poales","Poaceae","Eragrostis minor",3547,"Host","Eragrostis","minor","","","Castle, R.","1994","Shinners, L. H.","2491","1940-08-06",1940,8,6,219,"1940-08-06","","RR tracks.",NA,"Racine","Burlington. Soo Line RR tracks N side of Burlington",42.67807,-88.2762,NA,4266,"42.678070 N"," 88.276200 W","Georeferencing Quick Reference Guide 2012-10-02","Geolocate","",NA,"","August","Shinners, L. H.","Other Collectors"
"SUWS015850","Equisetopsida","Poales","Poaceae","Eragrostis hypnoides",3546,"(Lam.) Britton, Sterns & Poggenb.","Eragrostis","hypnoides","","","","","Smith, W. A.","208-76","1976-08-13",1976,8,13,226,"1976-08-13","","Banks of river.",NA,"Vernon","Banks of Kickapoo River",43.57144,-90.66673,NA,18241,"43.571440 N"," 90.666730 W","Georeferencing Quick Reference Guide 2012-10-02","Geolocate","",NA,"","August","Smith, W. A.","Other Collectors"
"SUWS015863","Equisetopsida","Poales","Poaceae","Hordeum jubatum",3874,"L.","Hordeum","jubatum","","","","","Thomson, John W., Jr.","5459","1943-08-06",1943,8,6,218,"1943-08-06","","Backyard.",NA,"Douglas","Superior. Backyard of 920 N 22nd St., Superior",46.71231,-92.09136,NA,122,"46.712310 N"," 92.091360 W","Georeferencing Quick Reference Guide 2012-10-02","Geolocate","",NA,"","August","Thomson, John W., Jr.","Thomson, John W., Jr."
"SUWS015876","Equisetopsida","Poales","Poaceae","Dichanthelium leibergii",3390,"(Vasey) Freckmann","Dichanthelium","leibergii","","","","","Konkel, Deborah","s.n.","1992-06-19",1992,6,19,171,"1992-06-19","","Bank facing the railroad tracks to the N. Bromus inermis, Tradescantia ohiensis, Zizia aurea and Carex spp.",NA,"Monroe","At the far W end of the prairie [=Monroe Co.]",43.95,-90.62,NA,34765,"43.950000 N"," 90.620000 W","Georeferencing Quick Reference Guide 2012-10-02","Geolocate","",NA,"","June","Konkel, Deborah","Other Collectors"
"SUWS015931","Equisetopsida","Poales","Poaceae","Sporobolus heterolepis",5144,"(A.Gray) A.Gray","Sporobolus","heterolepis","","","","","Konkel, Deborah","1036","1992-08-14",1992,8,14,227,"1992-08-14","","With Amorpha canescens, Andropogon gerardii, and Panicum virgatum. Occasional species, occurs as tussocks.",NA,"La Crosse","Rockland. La Crosse River Trail Prairie E of Rockland [E of Rockland could be either La Crosse Co. or Monroe Co.]",43.90425,-90.9157,NA,450,"43.904250 N"," 90.915700 W","Georeferencing Quick Reference Guide 2012-10-02","Geolocate","",NA,"","August","Konkel, Deborah","Other Collectors"
"SUWS015943","Equisetopsida","Poales","Typhaceae","Sparganium americanum",5115,"Nutt.","Sparganium","americanum","","","","","Castle, R.","94-6","1994-06-28",1994,6,28,179,"1994-06-28","","Growing in 6 inches of water.",NA,"Douglas","Superior. Belknap and Hwy. 2 on Lake Superior",46.72313,-92.13386,NA,752,"46.723130 N"," 92.133860 W","Georeferencing Quick Reference Guide 2012-10-02","Geolocate","",NA,"","June","Castle, R.","Castle, R."
"SUWS015955","Equisetopsida","Poales","Typhaceae","Sparganium",1300,"L.","Sparganium","","","","Harms, V. L.","May 1971","Thomson, John W., Jr.","5268","1943-08-07",1943,8,7,219,"1943-08-07","","On muck bottom.",NA,"Douglas","Just below Stone's Bridge",46.4353,-91.67262,NA,1162,"46.435300 N"," 91.672620 W","Georeferencing Quick Reference Guide 2012-10-02","Geolocate","",NA,"","August","Thomson, John W., Jr.; Jacobson, J. R.","Thomson, John W., Jr."
"SUWS015961","Equisetopsida","Poales","Typhaceae","Typha latifolia",5294,"L.","Typha","latifolia","","","Smith, S. Galen","1997","Castle, R.","93-298","1993-07-20",1993,7,20,201,"1993-07-20","","Water filled ditch.",NA,"Douglas","Blueberry. Jct. of CTH O and Hwy. 2 [Blueberry]",46.58022,-91.6688,NA,2290,"46.580220 N"," 91.668800 W","Georeferencing Quick Reference Guide 2012-10-02","Geolocate","",NA,"","July","Castle, R.","Castle, R."
"SUWS015963","Equisetopsida","Poales","Typhaceae","Typha X glauca",22082,"Godr.","Typha","X glauca","","","Smith, S. Galen","1997","Munich, Robert A.","19/92","1992-10-12",1992,10,12,286,"1992-10-12","","Swamp on side of road.",NA,"Douglas","5 miles past Lake Amnicon on CTH A",46.4776,-92.07044,NA,9218,"46.477600 N"," 92.070440 W","Georeferencing Quick Reference Guide 2012-10-02","Geolocate","",NA,"","October","Munich, Robert A.","Other Collectors"
"SUWS015965","Equisetopsida","Poales","Typhaceae","Typha latifolia",5294,"L.","Typha","latifolia","","","Smith, S. Galen","1974","Hughes, Eileen G.","s.n.","1971-10-10",1971,10,10,283,"1971-10-10","","In the ditch; in 1 foot of water.",NA,"Monroe","Sparta. 2 miles E of I-90; on the S side of Hwy. 21 [near Sparta]",43.94111,-90.80934,NA,3000,"43.941110 N"," 90.809340 W","Georeferencing Quick Reference Guide 2012-10-02","Geolocate","",NA,"","October","Hughes, Eileen G.","Other Collectors"
"SUWS015971","Equisetopsida","Commelinales","Pontederiaceae","Pontederia cordata",4605,"L.","Pontederia","cordata","","","","","Stewart, Mary","s.n.","1942-07-20",1942,7,20,201,"1942-07-20","","",NA,"Douglas","Lake Amnicon",46.47775,-92.06105,NA,2321,"46.477750 N"," 92.061050 W","Georeferencing Quick Reference Guide 2012-10-02","Geolocate","",NA,"","July","Stewart, Mary","Other Collectors"
"SUWS015988","Equisetopsida","Asparagales","Amaryllidaceae","Allium canadense var. canadense",6475,"","Allium","canadense","canadense","var.","","","Brashier","38b","1964-06-03",1964,6,3,155,"1964-06-03","","Near roadside picinic area on bank of creek; soil moist.",NA,"Juneau","Wonewoc. 1 mile N of Wonewoc on Hwy. 82",43.66724,-90.22346,NA,1056,"43.667240 N"," 90.223460 W","Georeferencing Quick Reference Guide 2012-10-02","Geolocate","",NA,"","June","Brashier; Romans","Brashier"
"SUWS015992","Equisetopsida","Asparagales","Asparagaceae","Asparagus officinalis",2649,"L.","Asparagus","officinalis","","","","","Castle, R.","94-55","1994-06-26",1994,6,26,177,"1994-06-26","","Riverbank.",NA,"Douglas","Brule. 1 mile W of Brule on Hwy. 2; Brule Rest stop",46.553,-91.57658,NA,4284,"46.553000 N"," 91.576580 W","Georeferencing Quick Reference Guide 2012-10-02","Geolocate","",NA,"","June","Castle, R.","Castle, R."
"SUWS015994","Equisetopsida","Asparagales","Asparagaceae","Asparagus officinalis",2649,"L.","Asparagus","officinalis","","","","","Castle, R.","93-348","1993-08-08",1993,8,8,220,"1993-08-08","","Rich soil.",NA,"Douglas","Brule. Brule Rest stop on Hwy. 2",46.555,-91.57658,NA,4284,"46.555000 N"," 91.576580 W","Georeferencing Quick Reference Guide 2012-10-02","Geolocate","",NA,"","August","Castle, R.","Castle, R."
"SUWS016007","Equisetopsida","Liliales","Liliaceae","Clintonia borealis",8591,"(Aiton) Raf.","Clintonia","borealis","","","Thieret, John W.","1942","C., E. H.","30","1919-08-02",1919,8,2,214,"1919-08-02","","",NA,"Douglas","Superior",46.68122,-92.06631,NA,12939,"46.681220 N"," 92.066310 W","Georeferencing Quick Reference Guide 2012-10-02","Geolocate","",NA,"","August","C., E. H.","Other Collectors"
"SUWS016010","Equisetopsida","Liliales","Liliaceae","Clintonia borealis",8591,"(Aiton) Raf.","Clintonia","borealis","","","","","Team 6","16","1975-07-24",1975,7,24,205,"1975-07-24","","Deciduous forest.",NA,"Ashland","Michigan Island. Team 6, Plot 3, [A project to Northland College funded through CEPA]",46.51931,-90.6037,NA,65098,"46.519310 N"," 90.603700 W","Georeferencing Quick Reference Guide 2012-10-02","Geolocate","",NA,"","July","Team 6","Other Collectors"
"SUWS016012","Equisetopsida","Liliales","Liliaceae","Clintonia borealis",8591,"(Aiton) Raf.","Clintonia","borealis","","","","","Brashier","276","1964-06-01",1964,6,1,153,"1964-06-01","","Deep moist woods.",NA,"Douglas","Patzau. 0.5 mile W of State Hwy. 35 on CTH BB on the J. Romans property; [E of Patzau]",46.48986,-92.18414,NA,1517,"46.489860 N"," 92.184140 W","Georeferencing Quick Reference Guide 2012-10-02","Geolocate","",NA,"","June","Brashier; Romans","Brashier"
"SUWS016020","Equisetopsida","Liliales","Liliaceae","Clintonia borealis",8591,"(Aiton) Raf.","Clintonia","borealis","","","","","Mitchell, John A.","s.n.","1968-07-14",1968,7,14,196,"1968-07-14","","Wet area, semi-marsh, sedges with grasses, balsam fir present.",NA,"Douglas","Big Lake; Brule River, E side S of Fisherman access",46.47883,-91.60297,NA,986,"46.478830 N"," 91.602970 W","Georeferencing Quick Reference Guide 2012-10-02","Geolocate","",NA,"","July","Mitchell, John A.","Other Collectors"
"SUWS016022","Equisetopsida","Liliales","Liliaceae","Clintonia borealis",8591,"(Aiton) Raf.","Clintonia","borealis","","","","","Brashier","42b","1964-06-04",1964,6,4,156,"1964-06-04","","Shady area in deep woods; rich soil.",NA,"Manitowoc","Near Kashbuam Lake on State Hwy. 42; S of jct. with U.S. Hwy. 151",44.05936,-87.73621,NA,200,"44.059360 N"," 87.736210 W","Georeferencing Quick Reference Guide 2012-10-02","Geolocate","",NA,"","June","Brashier; Romans","Brashier"
"SUWS0160224","Equisetopsida","Asparagales","Asparagaceae","Convallaria majalis var. majalis",6586,"","Convallaria","majalis","majalis","var.","","","Skinner, Dean","060","1970-05-17",1970,5,17,137,"1970-05-17","","Cultivated.",NA,"Winnebago","Oshkosh. Garden, 505 S Irving St., Oshkosh",44.02516,-88.53504,NA,1000,"44.025160 N"," 88.535040 W","Georeferencing Quick Reference Guide 2012-10-02","Geolocate","",NA,"","May","Skinner, Dean","Other Collectors"
"SUWS016024","Equisetopsida","Asparagales","Asparagaceae","Convallaria majalis var. majalis",6586,"","Convallaria","majalis","majalis","var.","","","Skinner, Dean","060","1970-05-17",1970,5,17,137,"1970-05-17","","Cultivated.",NA,"Winnebago","Oshkosh. Garden, 505 S Irving St., Oshkosh",44.02516,-88.53504,NA,1000,"44.025160 N"," 88.535040 W","Georeferencing Quick Reference Guide 2012-10-02","Geolocate","",NA,"","May","Skinner, Dean","Other Collectors"
"SUWS016027","Equisetopsida","Liliales","Liliaceae","Erythronium americanum subsp. americanum",8773,"","Erythronium","americanum","americanum","subsp.","","","Stone, Kurt","s.n.","1971-05-10",1971,5,10,130,"1971-05-10","","On the edge of a deciduous and evergreen woods.",NA,"Douglas","South Range. 0.5 mile E of South Range on CTH C",46.608,-91.97299,NA,814,"46.608000 N"," 91.972990 W","Georeferencing Quick Reference Guide 2012-10-02","Geolocate","",NA,"","May","Stone, Kurt","Other Collectors"
"SUWS016028","Equisetopsida","Liliales","Liliaceae","Erythronium americanum subsp. americanum",8773,"","Erythronium","americanum","americanum","subsp.","","","Sohmer, S. H.","9728","1975-05-07",1975,5,7,127,"1975-05-07","","E-NE slope.",NA,"La Crosse","Bohemian Valley, overlooking Meadowbrook Park",43.73327,-90.97686,NA,1500,"43.733270 N"," 90.976860 W","Georeferencing Quick Reference Guide 2012-10-02","Geolocate","",NA,"","May","Sohmer, S. H.","Other Collectors"
"SUWS016029","Equisetopsida","Liliales","Liliaceae","Erythronium americanum subsp. americanum",8773,"","Erythronium","americanum","americanum","subsp.","","","Brendel, William J.","s.n.","1971-05-04",1971,5,4,124,"1971-05-04","","North facing mesic forest.",NA,"La Crosse","Newburg Corners. Bohemian Valley, 4 miles S of Newburg's Corner",43.73327,-90.97686,NA,1500,"43.733270 N"," 90.976860 W","Georeferencing Quick Reference Guide 2012-10-02","Geolocate","",NA,"","May","Brendel, William J.","Other Collectors"
"SUWS016040","Equisetopsida","Liliales","Liliaceae","Lilium philadelphicum",8631,"L.","Lilium","philadelphicum","","","Cochrane, Theodore S.","2/1973","Brashier","PL-59","1964-07-12",1964,7,12,194,"1964-07-12","","",NA,"Bayfield","Pigeon Lake Field Station; along CTH N",46.34228,-91.34901,NA,2257,"46.342280 N"," 91.349010 W","Georeferencing Quick Reference Guide 2012-10-02","Geolocate","",NA,"","July","Brashier; Valaskey","Brashier"
"SUWS016045","Equisetopsida","Liliales","Liliaceae","Lilium michiganense",8630,"Farw.","Lilium","michiganense","","","Castle, R.","1994","Mitchell, John A.","s.n.","1968-07-01",1968,7,1,183,"1968-07-01","","Bank of red clay above upper part of creek; with grasses, sedges, red osier dogwood.",NA,"Douglas","Dutchmen's Creek, Lake Superior (school property)",46.69111,-91.91731,NA,29129,"46.691110 N"," 91.917310 W","Georeferencing Quick Reference Guide 2012-10-02","Geolocate","",NA,"","July","Mitchell, John A.","Other Collectors"
"SUWS016048","Equisetopsida","Liliales","Liliaceae","Lilium michiganense",8630,"Farw.","Lilium","michiganense","","","Castle, R.","1994","Brashier","223c","1964-07-26",1964,7,26,208,"1964-07-26","","Damp area near roadside.",NA,"Douglas","Superior. About 2 miles S of Superior on Old Hwy. 35; near Greenwood Cemetery",46.63466,-92.10741,NA,1349,"46.634660 N"," 92.107410 W","Georeferencing Quick Reference Guide 2012-10-02","Geolocate","",NA,"","July","Brashier; Romans","Brashier"
"SUWS016062","Equisetopsida","Asparagales","Asparagaceae","Maianthemum canadense",4179,"Desf.","Maianthemum","canadense","","","","","Thomson, John W., Jr.","10715","1941-07-04",1941,7,4,185,"1941-07-04","","",NA,"Bayfield","Cable",46.20801,-91.29213,NA,3036,"46.208010 N"," 91.292130 W","Georeferencing Quick Reference Guide 2012-10-02","Geolocate","",NA,"","July","Thomson, John W., Jr.","Thomson, John W., Jr."
"SUWS016079","Equisetopsida","Asparagales","Asparagaceae","Maianthemum trifolium",4182,"(L.) Sloboda","Maianthemum","trifolium","","","","","Brashier","s.n.","1965-06-08",1965,6,8,159,"1965-06-08","","Bog.",NA,"Douglas","2 miles N of Amnicon Lake on CTH B",46.53257,-92.05985,NA,1609,"46.532570 N"," 92.059850 W","Georeferencing Quick Reference Guide 2012-10-02","Geolocate","",NA,"","June","Brashier; Romans","Brashier"
"SUWS016081","Equisetopsida","Asparagales","Asparagaceae","Maianthemum trifolium",4182,"(L.) Sloboda","Maianthemum","trifolium","","","","","Cherf","s.n.","1964-07-15",1964,7,15,197,"1964-07-15","","Bog.",NA,"Bayfield","Pigeon Lake Field Station",46.34228,-91.34901,NA,2257,"46.342280 N"," 91.349010 W","Georeferencing Quick Reference Guide 2012-10-02","Geolocate","",NA,"","July","Cherf; Brashier","Other Collectors"
"SUWS016087","Equisetopsida","Asparagales","Asparagaceae","Maianthemum racemosum subsp. racemosum",6745,"","Maianthemum","racemosum","racemosum","subsp.","","","","s.n.","1940-07-14",1940,7,14,196,"1940-07-14","","",NA,"Douglas","Superior. Billings Drive [W side of Superior]",46.68211,-92.15082,NA,2995,"46.682110 N"," 92.150820 W","Georeferencing Quick Reference Guide 2012-10-02","Geolocate","",NA,"","July","","Other Collectors"
"SUWS016088","Equisetopsida","Asparagales","Asparagaceae","Maianthemum racemosum subsp. racemosum",6745,"","Maianthemum","racemosum","racemosum","subsp.","","","Brashier","31c","1964-06-01",1964,6,1,153,"1964-06-01","","Sandy, open roadside area shaded by adjacent woods.",NA,"Burnett","Danbury. 1 mile N of Danbury on State Hwy. 35",46.02157,-92.33938,NA,600,"46.021570 N"," 92.339380 W","Georeferencing Quick Reference Guide 2012-10-02","Geolocate","",NA,"","June","Brashier; Romans","Brashier"
"SUWS016098","Equisetopsida","Asparagales","Asparagaceae","Maianthemum stellatum",4181,"(L.) Link","Maianthemum","stellatum","","","","","Brashier","73a","1964-06-01",1964,6,1,153,"1964-06-01","","Open sandy area bordering road.",NA,"Burnett","Danbury. 3 miles S of Danbury at jct. of Old 35 Rd. and State Hwy. 35",45.96741,-92.36349,NA,150,"45.967410 N"," 92.363490 W","Georeferencing Quick Reference Guide 2012-10-02","Geolocate","",NA,"","June","Brashier; Romans","Brashier"
"SUWS016108","Equisetopsida","Liliales","Liliaceae","Streptopus lanceolatus var. longipes",8781,"(Fernald) Reveal","Streptopus","lanceolatus","longipes","var.","","","Team 3","14","1975-08-14",1975,8,14,226,"1975-08-14","","Forest.",NA,"Ashland","Outer Island. Apostle Islands. Team 3, Plot 67",46.93827,-90.65296,NA,27498,"46.938270 N"," 90.652960 W","Georeferencing Quick Reference Guide 2012-10-02","Geolocate","",NA,"","August","Team 3","Other Collectors"
"SUWS016111","Equisetopsida","Liliales","Liliaceae","Streptopus amplexifolius",8677,"(L.) DC.","Streptopus","amplexifolius","","","","","Koch, Rudy G.","10204","1976-06-06",1976,6,6,158,"1976-06-06","","Birch-fir stand along stream.",NA,"Bayfield","Port Wing. W side of Port Wing; a park",46.77466,-91.38657,NA,1839,"46.774660 N"," 91.386570 W","Georeferencing Quick Reference Guide 2012-10-02","Geolocate","",NA,"","June","Koch, Rudy G.","Koch, Rudy G."
"SUWS016119","Equisetopsida","Liliales","Liliaceae","Streptopus lanceolatus var. longipes",8781,"(Fernald) Reveal","Streptopus","lanceolatus","longipes","var.","Cochrane, Theodore S.","2/1973","Brashier","19a","1964-06-01",1964,6,1,153,"1964-06-01","","Low, wet wooded area.",NA,"Douglas","Patzau. 0.5 mile W of State Hwy 35 on CTH BB on James Romans propery [E of Patzau]",46.48986,-92.18414,NA,1517,"46.489860 N"," 92.184140 W","Georeferencing Quick Reference Guide 2012-10-02","Geolocate","",NA,"","June","Brashier; Romans","Brashier"
"SUWS016120","Equisetopsida","Liliales","Liliaceae","Streptopus amplexifolius",8677,"(L.) DC.","Streptopus","amplexifolius","","","","","Team 5","7","1975-06-26",1975,6,26,177,"1975-06-26","","",NA,"Ashland","Basswood Island. Apostle Islands. Team 5; Plot 2",46.93827,-90.65296,NA,27498,"46.938270 N"," 90.652960 W","Georeferencing Quick Reference Guide 2012-10-02","Geolocate","",NA,"","June","Team 5","Other Collectors"
"SUWS016128","Equisetopsida","Liliales","Melanthiaceae","Trillium grandiflorum",5278,"(Michx.) Salisb.","Trillium","grandiflorum","","","","","Jack, Gloria","006","1980-05-07",1980,5,7,128,"1980-05-07","","",NA,"Douglas","Superior. Along 19th St., Superior",46.71583,-92.10811,NA,1927,"46.715830 N"," 92.108110 W","Georeferencing Quick Reference Guide 2012-10-02","Geolocate","",NA,"","May","Jack, Gloria","Other Collectors"
"SUWS016131","Equisetopsida","Liliales","Melanthiaceae","Trillium grandiflorum",5278,"(Michx.) Salisb.","Trillium","grandiflorum","","","","","Brashier","141c","1964-06-05",1964,6,5,157,"1964-06-05","","Sandy loam hillside; broken sunlight filtering to forest floor through trees.",NA,"Marinette","Niagara. Approx. 5 miles S of Niagara on U.S. Hwy. 141 at roadside picnic area",45.69895,-87.99485,NA,3201,"45.698950 N"," 87.994850 W","Georeferencing Quick Reference Guide 2012-10-02","Geolocate","",NA,"","June","Brashier; Romans","Brashier"
"SUWS016136","Equisetopsida","Liliales","Melanthiaceae","Trillium grandiflorum",5278,"(Michx.) Salisb.","Trillium","grandiflorum","","","","","Brashier","41c","1964-06-02",1964,6,2,154,"1964-06-02","","Shady, moist cool area in creek bottom; heavy woods.",NA,"Pierce","Ellsworth. 2 miles E of Ellsworth on State Hwy. 35 near railroad",44.73218,-92.44664,NA,500,"44.732180 N"," 92.446640 W","Georeferencing Quick Reference Guide 2012-10-02","Geolocate","",NA,"","June","Brashier; Romans","Brashier"
"SUWS016139","Equisetopsida","Liliales","Melanthiaceae","Trillium cernuum",5276,"L.","Trillium","cernuum","","","","","Castle, R.","93-110","1993-05-13",1993,5,13,133,"1993-05-13","","Rich, drained, shady woods.",NA,"Douglas","Maple. Intersection of CTH F and Hwy. 2 [Maple]",46.58966,-91.72074,NA,1302,"46.589660 N"," 91.720740 W","Georeferencing Quick Reference Guide 2012-10-02","Geolocate","",NA,"","May","Castle, R.","Castle, R."
"SUWS016140","Equisetopsida","Liliales","Melanthiaceae","Trillium cernuum",5276,"L.","Trillium","cernuum","","","","","Castle, R.","93-115","1993-05-20",1993,5,20,140,"1993-05-20","","Rich woods; moist soil.",NA,"Douglas","Brule. CTH H and Hwy 2 [Brule]",46.553,-91.57658,NA,4500,"46.553000 N"," 91.576580 W","Georeferencing Quick Reference Guide 2012-10-02","Geolocate","",NA,"","May","Castle, R.","Castle, R."
"SUWS016144","Equisetopsida","Liliales","Colchicaceae","Uvularia sessilifolia",5315,"L.","Uvularia","sessilifolia","","","","","Brashier","s.n.","1965-05-20",1965,5,20,140,"1965-05-20","","Rich mixed woods.",NA,"Douglas","Patzau. 0.5 mile W of State Hwy 35 on CTH BB on James Romans propery [E of Patzau]",46.48986,-92.18414,NA,1517,"46.489860 N"," 92.184140 W","Georeferencing Quick Reference Guide 2012-10-02","Geolocate","",NA,"","May","Brashier; Romans","Brashier"
"SUWS016145","Equisetopsida","Liliales","Colchicaceae","Uvularia sessilifolia",5315,"L.","Uvularia","sessilifolia","","","Cochrane, Theodore S.","2/1973","Jones, L. M.","76","1927-05-31",1927,5,31,151,"1927-05-31","","",NA,"Douglas","Lake Minnesuing",46.46806,-91.74518,NA,3446,"46.468060 N"," 91.745180 W","Georeferencing Quick Reference Guide 2012-10-02","Geolocate","",NA,"","May","Jones, L. M.","Other Collectors"
"SUWS016154","Equisetopsida","Liliales","Colchicaceae","Uvularia sessilifolia",5315,"L.","Uvularia","sessilifolia","","","Nee, M.","08Jan1970","Brashier","19c","1964-06-01",1964,6,1,153,"1964-06-01","","Low, wet wooded area.",NA,"Douglas","Patzau. 0.5 mile W of State Hwy 35 on CTH BB on James Romans propery [E of Patzau]",46.48986,-92.18414,NA,1517,"46.489860 N"," 92.184140 W","Georeferencing Quick Reference Guide 2012-10-02","Geolocate","",NA,"","June","Brashier; Romans","Brashier"
"SUWS016155","Equisetopsida","Liliales","Colchicaceae","Uvularia sessilifolia",5315,"L.","Uvularia","sessilifolia","","","Nee, M.","08Jan1971","Brashier","19b","1964-06-01",1964,6,1,153,"1964-06-01","","Low, wet wooded area.",NA,"Douglas","Patzau. 0.5 mile W of State Hwy 35 on CTH BB on James Romans propery [E of Patzau]",46.48986,-92.18414,NA,1517,"46.489860 N"," 92.184140 W","Georeferencing Quick Reference Guide 2012-10-02","Geolocate","",NA,"","June","Brashier; Romans","Brashier"
"SUWS016163","Equisetopsida","Liliales","Colchicaceae","Uvularia grandiflora",5314,"Sm.","Uvularia","grandiflora","","","","","Brashier","s.n.","1965-05-22",1965,5,22,142,"1965-05-22","","River bottom; clay soil; collected 1 month after area was flooded.",NA,"Douglas","Superior. 3 miles S of Superior on State Hwy. 35. Nemadji River.",46.65497,-92.10442,NA,4161,"46.654970 N"," 92.104420 W","Georeferencing Quick Reference Guide 2012-10-02","Geolocate","",NA,"","May","Brashier; Romans","Brashier"
"SUWS016164","Equisetopsida","Liliales","Colchicaceae","Uvularia grandiflora",5314,"Sm.","Uvularia","grandiflora","","","","","Jones, L. M.","77","1927-05-22",1927,5,22,142,"1927-05-22","","",NA,"Douglas","Nemadji Valley [several miles S of Superior on State Hwy. 35]",46.65497,-92.10442,NA,4161,"46.654970 N"," 92.104420 W","Georeferencing Quick Reference Guide 2012-10-02","Geolocate","",NA,"","May","Jones, L. M.","Other Collectors"
"SUWS016165","Equisetopsida","Liliales","Colchicaceae","Uvularia grandiflora",5314,"Sm.","Uvularia","grandiflora","","","","","Brashier","s.n.","1965-05-26",1965,5,26,146,"1965-05-26","","River bottom; clay soil; collected 1 month after area was flooded.",NA,"Douglas","Superior. 3 miles S of Superior on State Hwy. 35. Nemadji River.",46.65497,-92.10442,NA,4161,"46.654970 N"," 92.104420 W","Georeferencing Quick Reference Guide 2012-10-02","Geolocate","",NA,"","May","Brashier; Romans","Brashier"
"SUWS016166","Equisetopsida","Liliales","Colchicaceae","Uvularia grandiflora",5314,"Sm.","Uvularia","grandiflora","","","","","Sohmer, S. H.","1756","1968-05-25",1968,5,25,146,"1968-05-25","","Woods near road.",NA,"Monroe","Portland. 1.5 miles S of Portland on CTH X and gravel rd.",43.75097,-90.89038,NA,2862,"43.750970 N"," 90.890380 W","Georeferencing Quick Reference Guide 2012-10-02","Geolocate","",NA,"","May","Sohmer, S. H.","Other Collectors"
"SUWS016167","Equisetopsida","Liliales","Colchicaceae","Uvularia grandiflora",5314,"Sm.","Uvularia","grandiflora","","","","","Sohmer, S. H.","1830","1968-05-25",1968,5,25,146,"1968-05-25","","Woods.",NA,"Monroe","Portland. 2 miles W of Portland on Rt. 33",43.76885,-90.8983,NA,3000,"43.768850 N"," 90.898300 W","Georeferencing Quick Reference Guide 2012-10-02","Geolocate","",NA,"","May","Sohmer, S. H.","Other Collectors"
"SUWS016179","Equisetopsida","Asparagales","Iridaceae","Iris pseudacorus",3942,"L.","Iris","pseudacorus","","","","","Thomson, John W., Jr.","s.n.","1942-07-18",1942,7,18,199,"1942-07-18","","",NA,"Douglas","Superior. Sand Island in Superior Bay",46.73216,-92.0663,NA,5466,"46.732160 N"," 92.066300 W","Georeferencing Quick Reference Guide 2012-10-02","Geolocate","",NA,"","July","Thomson, John W., Jr.; Smith, C. W.","Thomson, John W., Jr."
"SUWS016183","Equisetopsida","Asparagales","Iridaceae","Iris pseudacorus",3942,"L.","Iris","pseudacorus","","","","","Castle, R.","93-307","1993-07-24",1993,7,24,205,"1993-07-24","","Along beach.",NA,"Douglas","Superior",46.68122,-92.06631,NA,12939,"46.681220 N"," 92.066310 W","Georeferencing Quick Reference Guide 2012-10-02","Geolocate","",NA,"","July","Castle, R.","Castle, R."
"SUWS016189","Equisetopsida","Asparagales","Iridaceae","Iris versicolor",3944,"L.","Iris","versicolor","","","","","Brashier","PL-153","1964-06-24",1964,6,24,176,"1964-06-24","","",NA,"Bayfield","Pigeon Lake Field Station",46.34228,-91.34901,NA,2257,"46.342280 N"," 91.349010 W","Georeferencing Quick Reference Guide 2012-10-02","Geolocate","",NA,"","June","Brashier; Ruff","Brashier"
"SUWS016191","Equisetopsida","Asparagales","Iridaceae","Iris versicolor",3944,"L.","Iris","versicolor","","","","","Brashier","PL-152","1964-06-25",1964,6,25,177,"1964-06-25","","Roadside.",NA,"Bayfield","Pigeon Lake Field Station",46.34228,-91.34901,NA,2257,"46.342280 N"," 91.349010 W","Georeferencing Quick Reference Guide 2012-10-02","Geolocate","",NA,"","June","Brashier; Smith","Brashier"
"SUWS016192","Equisetopsida","Asparagales","Iridaceae","Iris versicolor",3944,"L.","Iris","versicolor","","","","","Clement, G. G.","11071","1939-07-07",1939,7,7,188,"1939-07-07","","",NA,"Douglas","Superior",46.68122,-92.06631,NA,12939,"46.681220 N"," 92.066310 W","Georeferencing Quick Reference Guide 2012-10-02","Geolocate","",NA,"","July","Clement, G. G.","Other Collectors"
"SUWS016193","Equisetopsida","Asparagales","Iridaceae","Iris versicolor",3944,"L.","Iris","versicolor","","","","","Brashier","PL-151","1964-06-25",1964,6,25,177,"1964-06-25","","Next to swamp hole.",NA,"Bayfield","Pigeon Lake Field Station",46.34228,-91.34901,NA,2257,"46.342280 N"," 91.349010 W","Georeferencing Quick Reference Guide 2012-10-02","Geolocate","",NA,"","June","Brashier; Valaskey","Brashier"
"SUWS016196","Equisetopsida","Asparagales","Iridaceae","Iris versicolor",3944,"L.","Iris","versicolor","","","","","","s.n.","1940-07-27",1940,7,27,209,"1940-07-27","","",NA,"Douglas","Superior",46.68122,-92.06631,NA,12939,"46.681220 N"," 92.066310 W","Georeferencing Quick Reference Guide 2012-10-02","Geolocate","",NA,"","July","","Other Collectors"
"SUWS016206","Equisetopsida","Asparagales","Iridaceae","Sisyrinchium montanum",5070,"Greene","Sisyrinchium","montanum","","","","","Thomson, John W., Jr.","s.n.","1942-05-28",1942,5,28,148,"1942-05-28","","Damp field; clay soil.",NA,"Douglas","Superior. S of 22nd St. and Weeks Ave., Superior",46.72459,-92.09196,NA,462,"46.724590 N"," 92.091960 W","Georeferencing Quick Reference Guide 2012-10-02","Geolocate","",NA,"","May","Thomson, John W., Jr.","Thomson, John W., Jr."
"SUWS016210","Equisetopsida","Asparagales","Iridaceae","Sisyrinchium campestre",5069,"E.P.Bicknell","Sisyrinchium","campestre","","","Swanson, S. D.","15Nov1976","Brendel, William J.","s.n.","1971-05-14",1971,5,14,134,"1971-05-14","","Bluff prairire.",NA,"Trempealeau","Perrot State Park, Brady's Bluff prairie near the top",44.01972,-91.483,NA,500,"44.019720 N"," 91.483000 W","Georeferencing Quick Reference Guide 2012-10-02","Geolocate","",NA,"","May","Brendel, William J.","Other Collectors"
"SUWS016212","Equisetopsida","Asparagales","Iridaceae","Sisyrinchium campestre",5069,"E.P.Bicknell","Sisyrinchium","campestre","","","Castle, R.","","Clement, G. G.","11144","1939-07-06",1939,7,6,187,"1939-07-06","","",NA,"Douglas","Superior",46.68122,-92.06631,NA,12939,"46.681220 N"," 92.066310 W","Georeferencing Quick Reference Guide 2012-10-02","Geolocate","",NA,"","July","Clement, G. G.","Other Collectors"
"SUWS016214","Equisetopsida","Asparagales","Iridaceae","Sisyrinchium angustifolium",5067,"Mill.","Sisyrinchium","angustifolium","","","","","Cherf","s.n.","1964-07-20",1964,7,20,202,"1964-07-20","","Open field along the road. [OUT OF RANGE?]",NA,"Bayfield","Pigeon Lake Field Station",46.34228,-91.34901,NA,2257,"46.342280 N"," 91.349010 W","Georeferencing Quick Reference Guide 2012-10-02","Geolocate","",NA,"","July","Cherf; Brashier","Other Collectors"
"SUWS016215","Equisetopsida","Asparagales","Iridaceae","Sisyrinchium angustifolium",5067,"Mill.","Sisyrinchium","angustifolium","","","","","","s.n.","1940-06-19",1940,6,19,171,"1940-06-19","","Field. [OUT OF RANGE?]",NA,"Douglas","Superior. Field near UWS [Univ. of Wisconsin - Superior] campus",46.71784,-92.08786,NA,699,"46.717840 N"," 92.087860 W","Georeferencing Quick Reference Guide 2012-10-02","Geolocate","",NA,"","June","","Other Collectors"
"SUWS016221","Equisetopsida","Liliales","Smilacaceae","Smilax tamnoides",5080,"L.","Smilax","tamnoides","","","","","Brashier","79b","1964-06-02",1964,6,2,154,"1964-06-02","","Deep shady oak forest in sandy loam soil.",NA,"Polk","Osceola. 0.2 mile N of Osceola on State Hwy. 35",45.33458,-92.68725,NA,500,"45.334580 N"," 92.687250 W","Georeferencing Quick Reference Guide 2012-10-02","Geolocate","",NA,"","June","Brashier; Romans","Brashier"
"SUWS016229","Equisetopsida","Dioscoreales","Dioscoreaceae","Dioscorea villosa",3409,"L.","Dioscorea","villosa","","","Swanson, S. D.","15Nov1976","Sohmer, S. H.","2671(a)","1968-07-21",1968,7,21,203,"1968-07-21","","",NA,"Trempealeau","Perrot State Park; Bradley's Bluff Trail",44.01972,-91.483,NA,500,"44.019720 N"," 91.483000 W","Georeferencing Quick Reference Guide 2012-10-02","Geolocate","",NA,"","July","Sohmer, S. H.","Other Collectors"
"SUWS016239","Equisetopsida","Asparagales","Orchidaceae","Corallorhiza trifida",3204,"Châtel.","Corallorhiza","trifida","","","Cochrane, Theodore S.","1999","Brashier","s.n.","1965-06-07",1965,6,7,158,"1965-06-07","","Rich woods in litter on forest floor.",NA,"Douglas","Foxboro. 3 miles N of CTH B on Pelkey Rd. near Foxboro",46.49696,-92.25905,NA,886,"46.496960 N"," 92.259050 W","Georeferencing Quick Reference Guide 2012-10-02","Geolocate","",NA,"","June","Brashier; Romans","Brashier"
"SUWS016243","Equisetopsida","Asparagales","Orchidaceae","Corallorhiza maculata",3201,"(Raf.) Raf.","Corallorhiza","maculata","","","Cochrane, Theodore S.","1999","Brashier","69a","1964-06-01",1964,6,1,153,"1964-06-01","","Beneath balsam and maple trees in damp leaf mold; shady.",NA,"Douglas","Patzau. 0.5 mile W of State Hwy 35 on CTH BB on James Romans propery [E of Patzau]",46.48986,-92.18414,NA,1517,"46.489860 N"," 92.184140 W","Georeferencing Quick Reference Guide 2012-10-02","Geolocate","",NA,"","June","Brashier; Romans","Brashier"
"SUWS016247","Equisetopsida","Asparagales","Orchidaceae","Corallorhiza maculata",3201,"(Raf.) Raf.","Corallorhiza","maculata","","","Cochrane, Theodore S.","1999","Team 1","s.n.","1975-07-08",1975,7,8,189,"1975-07-08","","Found in several areas.",NA,"Ashland","Rocky Island. [Apostle Islands]",46.93827,-90.65296,NA,27498,"46.938270 N"," 90.652960 W","Georeferencing Quick Reference Guide 2012-10-02","Geolocate","",NA,"","July","Team 1","Other Collectors"
"SUWS016256","Equisetopsida","Asparagales","Orchidaceae","Cypripedium acaule",3333,"Aiton","Cypripedium","acaule","","","","","Romans","s.n.","1965-06-10",1965,6,10,161,"1965-06-10","","Jack-pine forest floor.",NA,"Douglas","6 miles N of CTH N on Hwy. 2 near Mosinee Paper Mill Sign [can't find CTH N in Douglas Co.]",46.46411,-91.8994,NA,45399,"46.464110 N"," 91.899400 W","Georeferencing Quick Reference Guide 2012-10-02","Geolocate","",NA,"","June","Romans; Brashier","Romans"
"SUWS016257","Equisetopsida","Asparagales","Orchidaceae","Cypripedium parviflorum var. pubescens",6615,"(Willd.) O.W.Knight","Cypripedium","parviflorum","pubescens","var.","Cochrane, Theodore S.","1999","Brashier","50b","1964-06-04",1964,6,4,156,"1964-06-04","","In deep shady woods; forest floor leaf covered and moist.",NA,"Door","Sturgeon Bay",44.81907,-87.3537,NA,5117,"44.819070 N"," 87.353700 W","Georeferencing Quick Reference Guide 2012-10-02","Geolocate","",NA,"","June","Brashier; Romans","Brashier"
"SUWS016258","Equisetopsida","Asparagales","Orchidaceae","Cypripedium parviflorum",3336,"Salisb.","Cypripedium","parviflorum","","","Cochrane, Theodore S.","1999","Castle, R.","94-63","1994-06-25",1994,6,25,176,"1994-06-25","","Cedar bog. [Labeled as Cypripedium calceolus var. parviflorum]",NA,"Douglas","Near Stone's Bridge Rd.; on CTH S",46.4353,-91.67262,NA,1162,"46.435300 N"," 91.672620 W","Georeferencing Quick Reference Guide 2012-10-02","Geolocate","",NA,"","June","Castle, R.","Castle, R."
"SUWS016260","Equisetopsida","Asparagales","Orchidaceae","Cypripedium acaule",3333,"Aiton","Cypripedium","acaule","","","Cochrane, Theodore S.","1999","Brashier","PL-99","1964-06-25",1964,6,25,177,"1964-06-25","","In partially shaded bog.",NA,"Bayfield","Pigeon Lake Field Station",46.34228,-91.34901,NA,2257,"46.342280 N"," 91.349010 W","Georeferencing Quick Reference Guide 2012-10-02","Geolocate","",NA,"","June","Brashier; Raatz","Brashier"
"SUWS016263","Equisetopsida","Asparagales","Orchidaceae","Cypripedium acaule",3333,"Aiton","Cypripedium","acaule","","","Cochrane, Theodore S.","1999","Brashier","s.n.","1965-06-07",1965,6,7,158,"1965-06-07","","Bog.",NA,"Douglas","Patzau. 0.5 mile W of State Hwy 35 on CTH BB on James Romans propery [E of Patzau]",46.48986,-92.18414,NA,1517,"46.489860 N"," 92.184140 W","Georeferencing Quick Reference Guide 2012-10-02","Geolocate","",NA,"","June","Brashier; Romans","Brashier"
"SUWS016266","Equisetopsida","Asparagales","Orchidaceae","Goodyera repens",3732,"(L.) R.Br.","Goodyera","repens","","","","","Mitchell, John A.","s.n.","1968-07-28",1968,7,28,210,"1968-07-28","","Cedar forest with high moisture level in moss at bass of cedar.",NA,"Douglas","CTH S and Stone's Bridge; Brule River",46.4353,-91.67262,NA,1162,"46.435300 N"," 91.672620 W","Georeferencing Quick Reference Guide 2012-10-02","Geolocate","",NA,"","July","Mitchell, John A.","Other Collectors"
"SUWS016297","Equisetopsida","Asparagales","Orchidaceae","Pogonia ophioglossoides",4554,"(L.) Ker Gawl.","Pogonia","ophioglossoides","","","Cochrane, Theodore S.","1999","Brashier","PL-41","1964-07-01",1964,7,1,183,"1964-07-01","","Closed bog.",NA,"Bayfield","Pigeon Lake Field Station",46.34228,-91.34901,NA,2257,"46.342280 N"," 91.349010 W","Georeferencing Quick Reference Guide 2012-10-02","Geolocate","",NA,"","July","Brashier; Paulsen","Brashier"
"SUWS016298","Equisetopsida","Asparagales","Orchidaceae","Pogonia ophioglossoides",4554,"(L.) Ker Gawl.","Pogonia","ophioglossoides","","","Cochrane, Theodore S.","1999","Brashier","104a","1964-07-18",1964,7,18,200,"1964-07-18","","Floating bog.",NA,"Bayfield","W of Lake Drummond",46.34531,-91.29247,NA,2500,"46.345310 N"," 91.292470 W","Georeferencing Quick Reference Guide 2012-10-02","Geolocate","",NA,"","July","Brashier; Romans","Brashier"
"SUWS016547","Equisetopsida","Malpighiales","Salicaceae","Populus tremuloides",4611,"Michx.","Populus","tremuloides","","","","","Ribich, Joel","10-2002","2002-09-10",2002,9,10,253,"2002-09-10","","Many species present, much undergrowth; little exposure to sunlight; closed canopy; 100 yds from river.",NA,"Douglas","Superior. N edge of town; S side of River [Superior]",46.73466,-92.10168,NA,2276,"46.734660 N"," 92.101680 W","Georeferencing Quick Reference Guide 2012-10-02","Geolocate","",NA,"","September","Ribich, Joel","Other Collectors"
"SUWS016548","Equisetopsida","Fagales","Betulaceae","Betula papyrifera",2738,"Marshall","Betula","papyrifera","","","","","Ribich, Joel","9-2002","2002-09-10",2002,9,10,253,"2002-09-10","","In area dominated by paper birch, no undergrowth; southern exposure to sunlight.",NA,"Douglas","Superior. N edge of town [Superior]",46.73466,-92.10168,NA,2276,"46.734660 N"," 92.101680 W","Georeferencing Quick Reference Guide 2012-10-02","Geolocate","",NA,"","September","Ribich, Joel","Other Collectors"
"SUWS016549","Equisetopsida","Sapindales","Sapindaceae","Acer saccharinum",2424,"L.","Acer","saccharinum","","","","","Ribich, Joel","8-2002","2002-09-10",2002,9,10,253,"2002-09-10","","Many species present; receives much light; on river bank; thick undergrowth, open canopy.",NA,"Douglas","Superior. N edge of town; S side of River [Superior]",46.73466,-92.10168,NA,2276,"46.734660 N"," 92.101680 W","Georeferencing Quick Reference Guide 2012-10-02","Geolocate","",NA,"","September","Ribich, Joel","Other Collectors"
"SUWS016550","Equisetopsida","Sapindales","Sapindaceae","Acer negundo",2419,"L.","Acer","negundo","","","","","Ribich, Joel","7-2002","2002-09-10",2002,9,10,253,"2002-09-10","","Many species present; does not receive much light; on river bank; sandy soil; closed canopy.",NA,"Douglas","Superior. N edge of town; S side of River [Superior]",46.73466,-92.10168,NA,2276,"46.734660 N"," 92.101680 W","Georeferencing Quick Reference Guide 2012-10-02","Geolocate","",NA,"","September","Ribich, Joel","Other Collectors"
"SUWS016551","Equisetopsida","Fagales","Fagaceae","Quercus macrocarpa",4734,"Michx.","Quercus","macrocarpa","","","","","Ribich, Joel","6-2002","2002-09-10",2002,9,10,253,"2002-09-10","","Backyard; thick undergrowth; sandy soil.",NA,"Douglas","Superior. N edge of town [Superior]",46.73466,-92.10168,NA,2276,"46.734660 N"," 92.101680 W","Georeferencing Quick Reference Guide 2012-10-02","Geolocate","",NA,"","September","Ribich, Joel","Other Collectors"
"SUWS016552","Equisetopsida","Rosales","Ulmaceae","Ulmus rubra",5300,"Muhl.","Ulmus","rubra","","","","","Ribich, Joel","5-2002","2002-09-10",2002,9,10,253,"2002-09-10","","In area dominated by paper birch, not much undergrowth. [OUT OF RANGE?]",NA,"Douglas","Superior. N edge of town [Superior]",46.73466,-92.10168,NA,2276,"46.734660 N"," 92.101680 W","Georeferencing Quick Reference Guide 2012-10-02","Geolocate","",NA,"","September","Ribich, Joel","Other Collectors"
"SUWS016553","Equisetopsida","Fagales","Fagaceae","Quercus ellipsoidalis",4733,"E.J.Hill","Quercus","ellipsoidalis","","","","","Ribich, Joel","4-2002","2002-09-10",2002,9,10,253,"2002-09-10","","Many species of trees present, thick underbrush; open canopy.",NA,"Douglas","Superior. N edge of town; W side of Lake [Superior]",46.73466,-92.10168,NA,2276,"46.734660 N"," 92.101680 W","Georeferencing Quick Reference Guide 2012-10-02","Geolocate","",NA,"","September","Ribich, Joel","Other Collectors"
"SUWS016554","Equisetopsida","Rosales","Rosaceae","Pyrus",1195,"L.","Pyrus","","","","","","Ribich, Joel","3-2002","2002-09-10",2002,9,10,253,"2002-09-10","","No other species near it. Planted in yard.",NA,"Douglas","Superior. N edge of town; W side of Lake [Superior]",46.73466,-92.10168,NA,2276,"46.734660 N"," 92.101680 W","Georeferencing Quick Reference Guide 2012-10-02","Geolocate","",NA,"","September","Ribich, Joel","Other Collectors"
"SUWS016555","Equisetopsida","Lamiales","Oleaceae","Fraxinus pennsylvanica",3648,"Marshall","Fraxinus","pennsylvanica","","","","","Ribich, Joel","2-2002","2002-09-10",2002,9,10,253,"2002-09-10","","Many species of trees present, thick underbrush; 50 yds from the river; open canopy.",NA,"Douglas","Superior. N edge of town, S side of River [Superior]",46.73466,-92.10168,NA,2276,"46.734660 N"," 92.101680 W","Georeferencing Quick Reference Guide 2012-10-02","Geolocate","",NA,"","September","Ribich, Joel","Other Collectors"
"SUWS016556","Equisetopsida","Malpighiales","Salicaceae","Populus grandidentata",4609,"Michx.","Populus","grandidentata","","","","","Ribich, Joel","1-2002","2002-09-10",2002,9,10,253,"2002-09-10","","Many species of trees present; Big tooth aspen dominant.",NA,"Douglas","Superior. N edge of town [Superior]",46.73466,-92.10168,NA,2276,"46.734660 N"," 92.101680 W","Georeferencing Quick Reference Guide 2012-10-02","Geolocate","",NA,"","September","Ribich, Joel","Other Collectors"
"SUWS016596","Equisetopsida","Caryophyllales","Amaranthaceae","Amaranthus retroflexus",2500,"L.","Amaranthus","retroflexus","","","","","Benson, Robert J.W.","61","2003-09-12",2003,9,12,255,"2003-09-12","","River flood plain.",NA,"Douglas","Nemadji River floodplain",46.59392,-92.11951,NA,15460,"46.593920 N"," 92.119510 W","Georeferencing Quick Reference Guide 2012-10-02","Geolocate","",NA,"","September","Benson, Robert J.W.","Other Collectors"
"SUWS016597","Equisetopsida","Asterales","Asteraceae","Solidago missouriensis",5088,"Nutt.","Solidago","missouriensis","","","","","Benson, Robert J.W.","16","2003-09-09",2003,9,9,252,"2003-09-09","","Open field, near wetland edge.",NA,"Douglas","Superior. Superior Senior High",46.70719,-92.08529,NA,721,"46.707190 N"," 92.085290 W","Georeferencing Quick Reference Guide 2012-10-02","Geolocate","",NA,"","September","Benson, Robert J.W.","Other Collectors"
"SUWS016598","Equisetopsida","Poales","Poaceae","Panicum capillare subsp. capillare",6769,"","Panicum","capillare","capillare","subsp.","","","Benson, Robert J.W.","55","2003-09-12",2003,9,12,255,"2003-09-12","","River flood plain.",NA,"Douglas","Nemadji River floodplain",46.59392,-92.11951,NA,15460,"46.593920 N"," 92.119510 W","Georeferencing Quick Reference Guide 2012-10-02","Geolocate","",NA,"","September","Benson, Robert J.W.","Other Collectors"
"SUWS016602","Equisetopsida","Asterales","Asteraceae","Solidago canadensis",5083,"L.","Solidago","canadensis","","","","","Benson, Robert J.W.","68","2003-09-12",2003,9,12,255,"2003-09-12","","River flood plain",NA,"Douglas","Nemadji River",46.5882,-92.12577,NA,14965,"46.588200 N"," 92.125770 W","Georeferencing Quick Reference Guide 2012-10-02","Geolocate","",NA,"","September","Benson, Robert J.W.","Other Collectors"
"SUWS016603","Equisetopsida","Asterales","Asteraceae","Helianthus giganteus",3814,"L.","Helianthus","giganteus","","","","","Benson, Robert J.W.","51","2003-09-12",2003,9,12,255,"2003-09-12","","River flood plain",NA,"Douglas","Nemadji River",46.5882,-92.12577,NA,14965,"46.588200 N"," 92.125770 W","Georeferencing Quick Reference Guide 2012-10-02","Geolocate","",NA,"","September","Benson, Robert J.W.","Other Collectors"
"SUWS016604","Equisetopsida","Lamiales","Plantaginaceae","Linaria vulgaris",4078,"Mill.","Linaria","vulgaris","","","","","Benson, Robert J.W.","17","2003-09-09",2003,9,9,252,"2003-09-09","","Open field, near wetland edge",NA,"Douglas","Superior. Superior Senior High School",46.70719,-92.08529,NA,721,"46.707190 N"," 92.085290 W","Georeferencing Quick Reference Guide 2012-10-02","Geolocate","",NA,"","September","Benson, Robert J.W.","Other Collectors"
"SUWS016605","Equisetopsida","Fabales","Fabaceae","Lotus corniculatus",4132,"L.","Lotus","corniculatus","","","","","Benson, Robert J.W.","6","2003-09-03",2003,9,3,246,"2003-09-03","","Dry field.",NA,"Douglas","Superior. Devistated area [East of UWS [University of Wisconsin - Superior] campus]",46.68122,-92.06631,NA,12939,"46.681220 N"," 92.066310 W","Georeferencing Quick Reference Guide 2012-10-02","Geolocate","",NA,"","September","Benson, Robert J.W.","Other Collectors"
"SUWS016610","Equisetopsida","Asterales","Asteraceae","Cirsium arvense",3137,"(L.) Scop.","Cirsium","arvense","","","","","Benson, Robert J.W.","23","2003-09-09",2003,9,9,252,"2003-09-09","","Open field, near wetland edge.",NA,"Douglas","Superior. Superior Senior High School",46.70719,-92.08529,NA,721,"46.707190 N"," 92.085290 W","Georeferencing Quick Reference Guide 2012-10-02","Geolocate","",NA,"","September","Benson, Robert J.W.","Other Collectors"
"SUWS016611","Equisetopsida","Gentianales","Apocynaceae","Apocynum androsaemifolium",2562,"L.","Apocynum","androsaemifolium","","","","","Benson, Robert J.W.","41","2003-09-12",2003,9,12,255,"2003-09-12","","River flood plain.",NA,"Douglas","Nemadji River floodplain",46.59392,-92.11951,NA,15460,"46.593920 N"," 92.119510 W","Georeferencing Quick Reference Guide 2012-10-02","Geolocate","",NA,"","September","Benson, Robert J.W.","Other Collectors"
"SUWS016627","Equisetopsida","Ericales","Ericaceae","Ledum groenlandicum",13261,"Oeder","Ledum","groenlandicum","","","","","Leverington, Chris","Chl2003-33","2003-09-16",2003,9,16,259,"2003-09-16","","",NA,"Douglas","Superior. Superior School Forest [Superior Twp.]",46.68122,-92.06631,NA,12939,"46.681220 N"," 92.066310 W","Georeferencing Quick Reference Guide 2012-10-02","Geolocate","",NA,"","September","Leverington, Chris","Other Collectors"
"SUWS016643","Equisetopsida","Rosales","Rosaceae","Crataegus crus-galli",3249,"L.","Crataegus","crus-galli","","","","","Pearson, Tyrus","38/03","2003-09-09",2003,9,9,252,"2003-09-09","","Wood edge; above creek. [OUT OF RANGE]",NA,"Douglas","Superior. UWS [University of Wisconsin - Superior] Heating Plant",46.71784,-92.08786,NA,699,"46.717840 N"," 92.087860 W","Georeferencing Quick Reference Guide 2012-10-02","Geolocate","",NA,"","September","Pearson, Tyrus","Other Collectors"
"SUWS016650","Equisetopsida","Pinales","Pinaceae","Pinus banksiana",4501,"Lamb.","Pinus","banksiana","","","","","Pearson, Tyrus","27/03","2003-09-09",2003,9,9,252,"2003-09-09","","",NA,"Douglas","Superior",46.68122,-92.06631,NA,12939,"46.681220 N"," 92.066310 W","Georeferencing Quick Reference Guide 2012-10-02","Geolocate","",NA,"","September","Pearson, Tyrus","Other Collectors"
"SUWS016662","Equisetopsida","Caryophyllales","Polygonaceae","Rumex crispus",4918,"L.","Rumex","crispus","","","","","Pearson, Tyrus","30/03","2003-09-24",2003,9,24,267,"2003-09-24","","",NA,"Douglas","Superior. UWS [University of Wisconsin - Superior] Heating plant",46.71784,-92.08786,NA,699,"46.717840 N"," 92.087860 W","Georeferencing Quick Reference Guide 2012-10-02","Geolocate","",NA,"","September","Pearson, Tyrus","Other Collectors"
"SUWS016666","Equisetopsida","Gentianales","Gentianaceae","Gentiana andrewsii var. andrewsii",6679,"","Gentiana","andrewsii","andrewsii","var.","","","Gunaratna, Lasitha","12","2001-09-18",2001,9,18,261,"2001-09-18","","",NA,"Douglas","Superior",46.68122,-92.06631,NA,12939,"46.681220 N"," 92.066310 W","Georeferencing Quick Reference Guide 2012-10-02","Geolocate","",NA,"","September","Gunaratna, Lasitha","Other Collectors"
"SUWS016673","Equisetopsida","Lycopodiales","Lycopodiaceae","Lycopodium dendroideum",12974,"Michx.","Lycopodium","dendroideum","","","","","Ribich, Karissa Louise","10/2003","2003-09-23",2003,9,23,266,"2003-09-23","","",NA,"Douglas","Superior. School Forest [Superior School Forest, Superior Twp.]",46.68122,-92.06631,NA,12939,"46.681220 N"," 92.066310 W","Georeferencing Quick Reference Guide 2012-10-02","Geolocate","",NA,"","September","Ribich, Karissa Louise","Other Collectors"
"SUWS016674","Equisetopsida","Equisetales","Equisetaceae","Equisetum sylvaticum",3537,"L.","Equisetum","sylvaticum","","","","","Ribich, Karissa Louise","11/2003","2003-09-23",2003,9,23,266,"2003-09-23","","",NA,"Douglas","Superior. School Forest [Superior School Forest, Superior Twp.]",46.68122,-92.06631,NA,12939,"46.681220 N"," 92.066310 W","Georeferencing Quick Reference Guide 2012-10-02","Geolocate","",NA,"","September","Ribich, Karissa Louise","Other Collectors"
"SUWS016695","Equisetopsida","Sapindales","Sapindaceae","Acer negundo",2419,"L.","Acer","negundo","","","","","Pearson, Tyrus","29/03","2003-09-24",2003,9,24,267,"2003-09-24","","In woods, near creek.",NA,"Douglas","Superior. UWS [University of Wisconsin - Superior] Heating plant",46.71784,-92.08786,NA,699,"46.717840 N"," 92.087860 W","Georeferencing Quick Reference Guide 2012-10-02","Geolocate","",NA,"","September","Pearson, Tyrus","Other Collectors"
"SUWS016696","Equisetopsida","Ericales","Balsaminaceae","Impatiens capensis",3926,"Meerb.","Impatiens","capensis","","","","","Pearson, Tyrus","28/03","2003-09-24",2003,9,24,267,"2003-09-24","","Along creek shore.",NA,"Douglas","Superior. UWS [University of Wisconsin - Superior] Heating plant",46.71784,-92.08786,NA,699,"46.717840 N"," 92.087860 W","Georeferencing Quick Reference Guide 2012-10-02","Geolocate","",NA,"","September","Pearson, Tyrus","Other Collectors"
"SUWS016698","Equisetopsida","Cupressales","Cupressaceae","Thuja occidentalis",5227,"L.","Thuja","occidentalis","","","","","Pearson, Tyrus","25/03","2003-09-24",2003,9,24,267,"2003-09-24","","",NA,"Douglas","Superior. UWS Campus [University of Wisconsin - Superior]",46.71784,-92.08786,NA,699,"46.717840 N"," 92.087860 W","Georeferencing Quick Reference Guide 2012-10-02","Geolocate","",NA,"","September","Pearson, Tyrus","Other Collectors"
"SUWS016707","Equisetopsida","Rosales","Rosaceae","Spiraea alba var. alba",6888,"","Spiraea","alba","alba","var.","","","Pearson, Tyrus","36-03","2003-09-20",2003,9,20,263,"2003-09-20","","Wet moist ground.",NA,"Douglas","Superior. Behind Superior High School",46.70719,-92.08529,NA,721,"46.707190 N"," 92.085290 W","Georeferencing Quick Reference Guide 2012-10-02","Geolocate","",NA,"","September","Pearson, Tyrus","Other Collectors"
"SUWS016718","Equisetopsida","Lycopodiales","Lycopodiaceae","Lycopodium dendroideum",12974,"Michx.","Lycopodium","dendroideum","","","","","Davidson, Donald W.","s.n.","1990-08-10",1990,8,10,222,"1990-08-10","","",NA,"Ashland","Stockton Island. Apostle Island National Lake Shore",46.93827,-90.65296,NA,27498,"46.938270 N"," 90.652960 W","Georeferencing Quick Reference Guide 2012-10-02","Geolocate","",NA,"","August","Davidson, Donald W.; Heim, Mike, Gitar, Richard D.","Davidson, Donald W."
"SUWS016719","Equisetopsida","Lycopodiales","Lycopodiaceae","Diphasiastrum tristachyum",3415,"(Pursh) Holub","Diphasiastrum","tristachyum","","","","","Davidson, Donald W.","s.n.","1990-08-10",1990,8,10,222,"1990-08-10","","",NA,"Bayfield","Bayfield",46.81077,-90.81824,NA,1741,"46.810770 N"," 90.818240 W","Georeferencing Quick Reference Guide 2012-10-02","Geolocate","",NA,"","August","Davidson, Donald W.; Heim, Mike, Gitar, Richard D.","Davidson, Donald W."
"SUWS016720","Equisetopsida","Lycopodiales","Lycopodiaceae","Lycopodium clavatum",4148,"L.","Lycopodium","clavatum","","","","","Davidson, Donald W.","s.n.","1990-08-10",1990,8,10,222,"1990-08-10","","",NA,"Ashland","Stockton Island. Apostle Island National Lake Shore",46.93827,-90.65296,NA,27498,"46.938270 N"," 90.652960 W","Georeferencing Quick Reference Guide 2012-10-02","Geolocate","",NA,"","August","Davidson, Donald W.; Heim, Mike, Gitar, Richard D.","Davidson, Donald W."
"SUWS016721","Equisetopsida","Lycopodiales","Lycopodiaceae","Diphasiastrum complanatum",3413,"(L.) Holub","Diphasiastrum","complanatum","","","","","Davidson, Donald W.","s.n.","1990-08-10",1990,8,10,222,"1990-08-10","","",NA,"Ashland","Stockton Island. Apostle Island National Lake Shore",46.93827,-90.65296,NA,27498,"46.938270 N"," 90.652960 W","Georeferencing Quick Reference Guide 2012-10-02","Geolocate","",NA,"","August","Davidson, Donald W.; Heim, Mike, Gitar, Richard D.","Davidson, Donald W."
"SUWS016722","Equisetopsida","Lycopodiales","Lycopodiaceae","Lycopodium annotinum",13350,"L.","Lycopodium","annotinum","","","","","Davidson, Donald W.","s.n.","1990-08-10",1990,8,10,222,"1990-08-10","","",NA,"Ashland","Devils Island. Apostle Island National Lake Shore",46.93827,-90.65296,NA,27498,"46.938270 N"," 90.652960 W","Georeferencing Quick Reference Guide 2012-10-02","Geolocate","",NA,"","August","Davidson, Donald W.; Heim, Mike, Gitar, Richard D.","Davidson, Donald W."
"SUWS016723","Equisetopsida","Lycopodiales","Lycopodiaceae","Huperzia lucidula",3885,"(Michx.) Trevis.","Huperzia","lucidula","","","","","Davidson, Donald W.","s.n.","1990-08-10",1990,8,10,222,"1990-08-10","","",NA,"Ashland","Stockton Island. Apostle Island National Lake Shore",46.93827,-90.65296,NA,27498,"46.938270 N"," 90.652960 W","Georeferencing Quick Reference Guide 2012-10-02","Geolocate","",NA,"","August","Davidson, Donald W.; Heim, Mike, Gitar, Richard D.","Davidson, Donald W."
"SUWS016724","Equisetopsida","Asterales","Asteraceae","Petasites frigidus var. palmatus",6783,"(Aiton) Cronquist","Petasites","frigidus","palmatus","var.","Davidson, Donald W.","24May2004","Anderson, Derek S.","160","2003-06-15",2003,6,15,166,"2003-06-15","","",NA,"Douglas","Beebe. Stone Chimney Road between Hwy. 53 and CTH L [near Beebe]",46.4172,-91.81442,NA,603,"46.417200 N"," 91.814420 W","Georeferencing Quick Reference Guide 2012-10-02","Geolocate","",NA,"","June","Anderson, Derek S.","Anderson, Derek S."
"SUWS016731","Equisetopsida","Ericales","Primulaceae","Lysimachia terrestris",4164,"(L.) Britton, Sterns & Poggenb.","Lysimachia","terrestris","","","","","Anderson, Derek S.","343","2003-07-20",2003,7,20,201,"2003-07-20","","Wetland area.",NA,"Vilas","Manitowish Waters. Wayside on Hwy. 51 near the Iron County border [near Manitowish Waters]",46.13512,-89.90044,NA,2400,"46.135120 N"," 89.900440 W","Georeferencing Quick Reference Guide 2012-10-02","Geolocate","",NA,"","July","Anderson, Derek S.","Anderson, Derek S."
"SUWS016732","Equisetopsida","Rosales","Rosaceae","Spiraea alba var. alba",6888,"","Spiraea","alba","alba","var.","","","Anderson, Derek S.","344","2003-07-20",2003,7,20,201,"2003-07-20","","Wetland area.",NA,"Vilas","Manitowish Waters. Wayside on Hwy. 51 near the Iron County border [near Manitowish Waters]",46.13512,-89.90044,NA,2400,"46.135120 N"," 89.900440 W","Georeferencing Quick Reference Guide 2012-10-02","Geolocate","",NA,"","July","Anderson, Derek S.","Anderson, Derek S."
"SUWS016733","Equisetopsida","Gentianales","Apocynaceae","Apocynum androsaemifolium",2562,"L.","Apocynum","androsaemifolium","","","","","Anderson, Derek S.","345","2003-07-20",2003,7,20,201,"2003-07-20","","Wetland area.",NA,"Vilas","Manitowish Waters. Wayside on Hwy. 51 near the Iron County border [near Manitowish Waters]",46.13512,-89.90044,NA,2400,"46.135120 N"," 89.900440 W","Georeferencing Quick Reference Guide 2012-10-02","Geolocate","",NA,"","July","Anderson, Derek S.","Anderson, Derek S."
"SUWS016734","Equisetopsida","Ericales","Ericaceae","Gaultheria procumbens",3680,"L.","Gaultheria","procumbens","","","","","Anderson, Derek S.","347","2003-07-20",2003,7,20,201,"2003-07-20","","Wooded area.",NA,"Langlade","Townline Lake; Parish Hills segment of the Ice Age Trail",45.37719,-89.29663,NA,587,"45.377190 N"," 89.296630 W","Georeferencing Quick Reference Guide 2012-10-02","Geolocate","",NA,"","July","Anderson, Derek S.","Anderson, Derek S."
"SUWS016735","Equisetopsida","Liliales","Liliaceae","Clintonia borealis",8591,"(Aiton) Raf.","Clintonia","borealis","","","","","Anderson, Derek S.","350","2003-07-20",2003,7,20,201,"2003-07-20","","Wooded area.",NA,"Langlade","Townline Lake; Parish Hills segment of the Ice Age Trail",45.37719,-89.29663,NA,587,"45.377190 N"," 89.296630 W","Georeferencing Quick Reference Guide 2012-10-02","Geolocate","",NA,"","July","Anderson, Derek S.","Anderson, Derek S."
"SUWS016736","Equisetopsida","Lycopodiales","Lycopodiaceae","Lycopodium annotinum",13350,"L.","Lycopodium","annotinum","","","","","Anderson, Derek S.","351","2003-07-20",2003,7,20,201,"2003-07-20","","Wooded area.",NA,"Langlade","Townline Lake; Parish Hills segment of the Ice Age Trail",45.37719,-89.29663,NA,587,"45.377190 N"," 89.296630 W","Georeferencing Quick Reference Guide 2012-10-02","Geolocate","",NA,"","July","Anderson, Derek S.","Anderson, Derek S."
"SUWS016755","Equisetopsida","Fagales","Betulaceae","Betula alleghaniensis",2735,"Britton","Betula","alleghaniensis","","","","","Anderson, Derek S.","362","2003-07-20",2003,7,20,201,"2003-07-20","","Wooded area.",NA,"Langlade","Townline Lake; Parish Hills segment of the Ice Age Trail",45.37719,-89.29663,NA,587,"45.377190 N"," 89.296630 W","Georeferencing Quick Reference Guide 2012-10-02","Geolocate","",NA,"","July","Anderson, Derek S.","Anderson, Derek S."
"SUWS016764","Equisetopsida","Asparagales","Orchidaceae","Epipactis helleborine",3529,"(L.) Crantz","Epipactis","helleborine","","","","","Anderson, Derek S.","339","2003-07-19",2003,7,19,200,"2003-07-19","","Wooded area.",NA,"Manitowoc","Near Cherney Maribel Caves area",44.28591,-87.77298,NA,500,"44.285910 N"," 87.772980 W","Georeferencing Quick Reference Guide 2012-10-02","Geolocate","",NA,"","July","Anderson, Derek S.; Judziewicz, Emmet J.","Anderson, Derek S."
"SUWS016766","Equisetopsida","Liliales","Liliaceae","Streptopus lanceolatus var. longipes",8781,"(Fernald) Reveal","Streptopus","lanceolatus","longipes","var.","","","Anderson, Derek S.","341","2003-07-20",2003,7,20,201,"2003-07-20","","Wooded area.",NA,"Langlade","Townline Lake; Parish Hills segment of the Ice Age Trail",45.37719,-89.29663,NA,587,"45.377190 N"," 89.296630 W","Georeferencing Quick Reference Guide 2012-10-02","Geolocate","",NA,"","July","Anderson, Derek S.","Anderson, Derek S."
"SUWS016767","Equisetopsida","Asparagales","Iridaceae","Iris versicolor",3944,"L.","Iris","versicolor","","","","","Anderson, Derek S.","346","2003-07-20",2003,7,20,201,"2003-07-20","","Wetland.",NA,"Vilas","Manitowish Waters. Wayside on Hwy. 51 near the Iron County border [near Manitowish Waters]",46.13512,-89.90044,NA,2400,"46.135120 N"," 89.900440 W","Georeferencing Quick Reference Guide 2012-10-02","Geolocate","",NA,"","July","Anderson, Derek S.","Anderson, Derek S."
"SUWS016768","Equisetopsida","Dipsacales","Caprifoliaceae","Diervilla lonicera",3400,"Mill.","Diervilla","lonicera","","","","","Anderson, Derek S.","348","2003-07-20",2003,7,20,201,"2003-07-20","","Wooded area.",NA,"Langlade","Townline Lake; Parish Hills segment of the Ice Age Trail",45.37719,-89.29663,NA,587,"45.377190 N"," 89.296630 W","Georeferencing Quick Reference Guide 2012-10-02","Geolocate","",NA,"","July","Anderson, Derek S.","Anderson, Derek S."
"SUWS016769","Equisetopsida","Asterales","Asteraceae","Erigeron strigosus",3556,"Muhl. ex Willd.","Erigeron","strigosus","","","","","Anderson, Derek S.","349","2003-07-20",2003,7,20,201,"2003-07-20","","Wooded area.",NA,"Langlade","Townline Lake; Parish Hills segment of the Ice Age Trail",45.37719,-89.29663,NA,587,"45.377190 N"," 89.296630 W","Georeferencing Quick Reference Guide 2012-10-02","Geolocate","",NA,"","July","Anderson, Derek S.","Anderson, Derek S."
"SUWS016770","Equisetopsida","Caryophyllales","Polygonaceae","Polygonum convolvulus",13040,"L.","Polygonum","convolvulus","","","","","Anderson, Derek S.","364","2003-07-20",2003,7,20,201,"2003-07-20","","Wooded area.",NA,"Langlade","Townline Lake; Parish Hills segment of the Ice Age Trail",45.37719,-89.29663,NA,587,"45.377190 N"," 89.296630 W","Georeferencing Quick Reference Guide 2012-10-02","Geolocate","",NA,"","July","Anderson, Derek S.","Anderson, Derek S."
"SUWS016772","Equisetopsida","Pinales","Pinaceae","Picea abies",4492,"(L.) H.Karst.","Picea","abies","","","","","Wershofen, Justin","2003-1","2003-11-18",2003,11,18,322,"2003-11-18","","Red clay. [Probably cultivated]",NA,"Douglas","Superior. Superior YMCA; 69 North 28 East Street",46.68122,-92.06631,NA,12939,"46.681220 N"," 92.066310 W","Georeferencing Quick Reference Guide 2012-10-02","Geolocate","",NA,"","November","Wershofen, Justin","Other Collectors"
"SUWS016777","Equisetopsida","Lycopodiales","Lycopodiaceae","Lycopodium obscurum",12976,"L.","Lycopodium","obscurum","","","","","Kopetzky, Jonathan","2003-1","2003-09-21",2003,9,21,264,"2003-09-21","","Low light, sandy wet soil.",NA,"Forest","Off of Hwy. W on CTH Q approximately 3.6 miles on the right side of the road [near Kimberly Lake]",45.45264,-88.86526,NA,NA,"45.452640 N"," 88.865260 W","Georeferencing Quick Reference Guide 2012-10-02","Geolocate","",NA,"","September","Kopetzky, Jonathan","Other Collectors"
"SUWS016778","Equisetopsida","Lycopodiales","Lycopodiaceae","Huperzia lucidula",3885,"(Michx.) Trevis.","Huperzia","lucidula","","","","","Kopetzky, Jonathan","2003-2","2003-09-21",2003,9,21,264,"2003-09-21","","Low light; sandy wet soil.",NA,"Forest","Off of Hwy. W on CTH Q approximately 3.6 miles on the right side of the road [near Kimberly Lake]",45.45264,-88.86526,NA,NA,"45.452640 N"," 88.865260 W","Georeferencing Quick Reference Guide 2012-10-02","Geolocate","",NA,"","September","Kopetzky, Jonathan","Other Collectors"
"SUWS016783","Equisetopsida","Rosales","Rosaceae","Crataegus monogyna var. monogyna",12952,"Jacq.","Crataegus","monogyna","monogyna","var.","","","Jurkowski, Melissa","2003-20","2003-09-00",2003,9,0,NA,"2003-09","[Cultivated?]","",NA,"Douglas","Superior Senior High, Superior",46.77186,-92.08529,NA,721,"46.771860 N"," 92.085290 W","Georeferencing Quick Reference Guide 2012-10-02","Geolocate","",NA,"","September","Jurkowski, Melissa","Other Collectors"
"SUWS016787","Equisetopsida","Lycopodiales","Lycopodiaceae","Lycopodium obscurum",12976,"L.","Lycopodium","obscurum","","","","","Roth, Jessica","2003-1","2003-09-21",2003,9,21,264,"2003-09-21","","Low light; sandy, wet soil.",NA,"Forest","Off of Hwy. W on CTH Q approximately 3.6 miles on the right side of the road [near Kimberly Lake]",45.45264,-88.86526,NA,NA,"45.452640 N"," 88.865260 W","Georeferencing Quick Reference Guide 2012-10-02","Geolocate","",NA,"","September","Roth, Jessica","Other Collectors"
"SUWS016788","Equisetopsida","Lycopodiales","Lycopodiaceae","Huperzia lucidula",3885,"(Michx.) Trevis.","Huperzia","lucidula","","","","","Roth, Jessica","2003-2","2003-09-21",2003,9,21,264,"2003-09-21","","Low light; sandy, wet soil.",NA,"Forest","Off of Hwy. W on CTH Q approximately 3.6 miles on the right side of the road [near Kimberly Lake]",45.45264,-88.86526,NA,NA,"45.452640 N"," 88.865260 W","Georeferencing Quick Reference Guide 2012-10-02","Geolocate","",NA,"","September","Roth, Jessica","Other Collectors"
"SUWS016827","Equisetopsida","Lycopodiales","Lycopodiaceae","Lycopodium obscurum",12976,"L.","Lycopodium","obscurum","","","Anderson, Derek S.","01Apr2004","Anderson, Derek S.","342","2003-07-20",2003,7,20,201,"2003-07-20","","Wooded area.",NA,"Langlade","Townline Lake; Parish Hills segment of the Ice Age Trail",45.37719,-89.29663,NA,587,"45.377190 N"," 89.296630 W","Georeferencing Quick Reference Guide 2012-10-02","Geolocate","",NA,"","July","Anderson, Derek S.","Anderson, Derek S."
"SUWS016935","Equisetopsida","Sapindales","Sapindaceae","Acer saccharinum",2424,"L.","Acer","saccharinum","","","","","Langenbrunner, Craig S.","00/22","2000-03-27",2000,3,27,87,"2000-03-27","","Soil loam; full sun.",NA,"Douglas","Superior. UWS [University of Wisconsin - Superior] campus; SE corner of Old Main",46.71784,-92.08786,NA,699,"46.717840 N"," 92.087860 W","Georeferencing Quick Reference Guide 2012-10-02","Geolocate","",NA,"","March","Langenbrunner, Craig S.","Other Collectors"
"SUWS016936","Equisetopsida","Sapindales","Sapindaceae","Acer saccharinum",2424,"L.","Acer","saccharinum","","","","","Langenbrunner, Craig S.","00/06","2000-02-08",2000,2,8,39,"2000-02-08","","Clayish loam soil; full sun.",NA,"Douglas","Superior. UWS [University of Wisconsin - Superior] Campus between Rothwell and Greenhouse",46.71784,-92.08786,NA,699,"46.717840 N"," 92.087860 W","Georeferencing Quick Reference Guide 2012-10-02","Geolocate","",NA,"","February","Langenbrunner, Craig S.","Other Collectors"
"SUWS017025","Equisetopsida","Poales","Cyperaceae","Carex lacustris",2956,"Willd.","Carex","lacustris","","","","","Castle, R.","94-37","1994-06-01",1994,6,1,152,"1994-06-01","","Growing near beach.",NA,"Douglas","Superior. Nemadji River Boat landing",46.59392,-92.11951,NA,15460,"46.593920 N"," 92.119510 W","Georeferencing Quick Reference Guide 2012-10-02","Geolocate","",NA,"","June","Castle, R.","Castle, R."
"SUWS017082","Equisetopsida","Poales","Poaceae","Elymus virginicus var. virginicus",6652,"","Elymus","virginicus","virginicus","var.","","","Anderson, Derek S.","470","2004-09-08",2004,9,8,252,"2004-09-08","","Woods near lake.",NA,"Douglas","Superior. Pattison State Park; 13 miles S of Superior",46.52667,-92.12222,NA,1697,"46.526670 N"," 92.122220 W","Georeferencing Quick Reference Guide 2012-10-02","Geolocate","",NA,"","September","Anderson, Derek S.","Anderson, Derek S."
"SUWS017083","Equisetopsida","Alismatales","Hydrocharitaceae","Elodea canadensis",3499,"Michx.","Elodea","canadensis","","","","","Anderson, Derek S.","435","2004-08-06",2004,8,6,219,"2004-08-06","","Approximately 1 foot of water; along shore.",NA,"Douglas","Summit. Amnicon Lake",46.47775,-92.06105,NA,2321,"46.477750 N"," 92.061050 W","Georeferencing Quick Reference Guide 2012-10-02","Geolocate","",NA,"","August","Anderson, Derek S.","Anderson, Derek S."
"SUWS017085","Equisetopsida","Nymphaeales","Nymphaeaceae","Nuphar variegata",4340,"Durand","Nuphar","variegata","","","","","Anderson, Derek S.","423","2004-08-21",2004,8,21,234,"2004-08-21","","Rooted in 4 feet of water in bay.",NA,"Douglas","Superior. Kimballs Bay; St. Louis River",46.698,-92.15964,NA,1616,"46.698000 N"," 92.159640 W","Georeferencing Quick Reference Guide 2012-10-02","Geolocate","",NA,"","August","Anderson, Derek S.; Branstad, David A.","Anderson, Derek S."
"SUWS017086","Equisetopsida","Poales","Poaceae","Calamagrostis canadensis",2822,"(Michx.) P.Beauv.","Calamagrostis","canadensis","","","","","Anderson, Derek S.","469","2004-09-08",2004,9,8,252,"2004-09-08","","Woods near lake.",NA,"Douglas","Superior. Pattison State Park; 13 miles S of Superior",46.52667,-92.12222,NA,1697,"46.526670 N"," 92.122220 W","Georeferencing Quick Reference Guide 2012-10-02","Geolocate","",NA,"","September","Anderson, Derek S.; Davidson, Donald W.","Anderson, Derek S."
"SUWS017088","Equisetopsida","Alismatales","Hydrocharitaceae","Najas flexilis",4319,"(Willd.) Rostk. & W.L.E.Schmidt","Najas","flexilis","","","","","Anderson, Derek S.","434","2004-08-06",2004,8,6,219,"2004-08-06","","In approximately 1 foot of water along shoreline.",NA,"Douglas","Summit. Amnicon Lake",46.47775,-92.06105,NA,2321,"46.477750 N"," 92.061050 W","Georeferencing Quick Reference Guide 2012-10-02","Geolocate","",NA,"","August","Anderson, Derek S.","Anderson, Derek S."
"SUWS017090","Equisetopsida","Caryophyllales","Droseraceae","Drosera rotundifolia",3439,"L.","Drosera","rotundifolia","","","","","Anderson, Derek S.","428","2004-08-04",2004,8,4,217,"2004-08-04","","Several patches growing along the shoreline between old fallen trees.",NA,"Price","Bass Lake; near Timm's Hill",45.77689,-90.67033,NA,562,"45.776890 N"," 90.670330 W","Georeferencing Quick Reference Guide 2012-10-02","Geolocate","",NA,"","August","Anderson, Derek S.","Anderson, Derek S."
"SUWS017091","Equisetopsida","Alismatales","Hydrocharitaceae","Vallisneria americana",5329,"Michx.","Vallisneria","americana","","","","","Anderson, Derek S.","422","2004-08-21",2004,8,21,234,"2004-08-21","","Rooted in shallow inlet of bay.",NA,"Douglas","Superior. Kimballs Bay; St. Louis River",46.698,-92.15964,NA,1616,"46.698000 N"," 92.159640 W","Georeferencing Quick Reference Guide 2012-10-02","Geolocate","",NA,"","August","Anderson, Derek S.; Branstad, David A.","Anderson, Derek S."
"SUWS017092","Equisetopsida","Poales","Cyperaceae","Carex interior",2953,"L.H.Bailey","Carex","interior","","","","","Anderson, Derek S.","468","2004-09-08",2004,9,8,252,"2004-09-08","","Wet woods near lake.",NA,"Douglas","Superior. Pattison State Park; 13 miles S of Superior",46.52667,-92.12222,NA,1697,"46.526670 N"," 92.122220 W","Georeferencing Quick Reference Guide 2012-10-02","Geolocate","",NA,"","September","Anderson, Derek S.; Davidson, Donald W.","Anderson, Derek S."
"SUWS017094","Equisetopsida","Commelinales","Pontederiaceae","Pontederia cordata",4605,"L.","Pontederia","cordata","","","","","Anderson, Derek S.","433","2004-08-06",2004,8,6,219,"2004-08-06","","Approximately 2 feet of water along shore.",NA,"Douglas","Summit. Amnicon Lake",46.47775,-92.06105,NA,2321,"46.477750 N"," 92.061050 W","Georeferencing Quick Reference Guide 2012-10-02","Geolocate","",NA,"","August","Anderson, Derek S.","Anderson, Derek S."
"SUWS017095","Equisetopsida","Nymphaeales","Cabombaceae","Brasenia schreberi",2782,"J.F.Gmel.","Brasenia","schreberi","","","","","Anderson, Derek S.","427","2004-08-04",2004,8,4,217,"2004-08-04","","Rooted in 1 foot of water.",NA,"Price","Bass Lake; near Timm's Hill",45.77689,-90.67033,NA,562,"45.776890 N"," 90.670330 W","Georeferencing Quick Reference Guide 2012-10-02","Geolocate","",NA,"","August","Anderson, Derek S.","Anderson, Derek S."
"SUWS017096","Equisetopsida","Alismatales","Araceae","Spirodela polyrrhiza",5140,"(L.) Schleid.","Spirodela","polyrrhiza","","","","","Anderson, Derek S.","421","2004-08-21",2004,8,21,234,"2004-08-21","","Floating on surface in calm bay.",NA,"Douglas","Superior. Kimballs Bay; St. Louis River",46.698,-92.15964,NA,1616,"46.698000 N"," 92.159640 W","Georeferencing Quick Reference Guide 2012-10-02","Geolocate","",NA,"","August","Anderson, Derek S.; Branstad, David A.","Anderson, Derek S."
"SUWS017097","Equisetopsida","Polypodiales","Dryopteridaceae","Athyrium filix-femina var. angustum",6516,"(Willd.) G.Lawson","Athyrium","filix-femina","angustum","var.","","","Anderson, Derek S.","471","2004-09-08",2004,9,8,252,"2004-09-08","","Woods near lake.",NA,"Douglas","Superior. Pattison State Park; 13 miles S of Superior",46.52667,-92.12222,NA,1697,"46.526670 N"," 92.122220 W","Georeferencing Quick Reference Guide 2012-10-02","Geolocate","",NA,"","September","Anderson, Derek S.; Davidson, Donald W.","Anderson, Derek S."
"SUWS017099","Equisetopsida","Liliales","Smilacaceae","Smilax tamnoides",5080,"L.","Smilax","tamnoides","","","","","Anderson, Derek S.","430","2004-08-04",2004,8,4,217,"2004-08-04","","Wooded area along stream bank.",NA,"Price","Hwy. 13 rest stop; along the South Branch of the Flambeau Flowage [near Boars Rapids]",45.79543,-90.42867,NA,1444,"45.795430 N"," 90.428670 W","Georeferencing Quick Reference Guide 2012-10-02","Geolocate","",NA,"","August","Anderson, Derek S.","Anderson, Derek S."
"SUWS017100","Equisetopsida","Poales","Poaceae","Bromus ciliatus",2789,"L.","Bromus","ciliatus","","","","","Anderson, Derek S.","472","2004-09-08",2004,9,8,252,"2004-09-08","","Woods near lake.",NA,"Douglas","Superior. Pattison State Park; 13 miles S of Superior",46.52667,-92.12222,NA,1697,"46.526670 N"," 92.122220 W","Georeferencing Quick Reference Guide 2012-10-02","Geolocate","",NA,"","September","Anderson, Derek S.; Davidson, Donald W.","Anderson, Derek S."
"SUWS017101","Equisetopsida","Alismatales","Potamogetonaceae","Potamogeton natans",4626,"L.","Potamogeton","natans","","","","","Anderson, Derek S.","437","2004-08-06",2004,8,6,219,"2004-08-06","","In approximately 2-3 feet of water along shoreline.",NA,"Douglas","Oakland. Dowling Lake",46.47405,-92.04487,NA,1167,"46.474050 N"," 92.044870 W","Georeferencing Quick Reference Guide 2012-10-02","Geolocate","",NA,"","August","Anderson, Derek S.","Anderson, Derek S."
"SUWS017102","Equisetopsida","Osmundales","Osmundaceae","Osmunda regalis var. spectabilis",6764,"(Willd.) A.Gray","Osmunda","regalis","spectabilis","var.","","","Anderson, Derek S.","431","2004-08-04",2004,8,4,217,"2004-08-04","","Wooded area along stream bank.",NA,"Price","Hwy. 13 rest stop; along the South Branch of the Flambeau Flowage [near Boars Rapids]",45.79543,-90.42867,NA,1444,"45.795430 N"," 90.428670 W","Georeferencing Quick Reference Guide 2012-10-02","Geolocate","",NA,"","August","Anderson, Derek S.","Anderson, Derek S."
"SUWS017103","Equisetopsida","Saxifragales","Haloragaceae","Myriophyllum heterophyllum",4311,"Michx.","Myriophyllum","heterophyllum","","","","","Anderson, Derek S.","425","2004-08-21",2004,8,21,234,"2004-08-21","","In approx. 4 feet of water; in a bay inlet.",NA,"Douglas","Superior. Kimballs Bay; St. Louis River",46.698,-92.15964,NA,1616,"46.698000 N"," 92.159640 W","Georeferencing Quick Reference Guide 2012-10-02","Geolocate","",NA,"","August","Anderson, Derek S.; Branstad, David A.","Anderson, Derek S."
"SUWS017104","Equisetopsida","Equisetales","Equisetaceae","Equisetum fluviatile",3531,"L.","Equisetum","fluviatile","","","","","Anderson, Derek S.","467","2004-09-08",2004,9,8,252,"2004-09-08","","In the lake.",NA,"Douglas","Superior. Pattison State Park: 13 miles S of Superior; Interstate Falls Lake",46.52667,-92.12222,NA,1697,"46.526670 N"," 92.122220 W","Georeferencing Quick Reference Guide 2012-10-02","Geolocate","",NA,"","September","Anderson, Derek S.; Davidson, Donald W.","Anderson, Derek S."
"SUWS017105","Equisetopsida","Lamiales","Lentibulariaceae","Utricularia vulgaris",5312,"L.","Utricularia","vulgaris","","","","","Anderson, Derek S.","438","2004-08-06",2004,8,6,219,"2004-08-06","","In approximately 3 feet of water.",NA,"Douglas","Dowling Lake",46.47405,-92.04487,NA,1167,"46.474050 N"," 92.044870 W","Georeferencing Quick Reference Guide 2012-10-02","Geolocate","",NA,"","August","Anderson, Derek S.","Anderson, Derek S."
"SUWS017106","Equisetopsida","Poales","Typhaceae","Sparganium emersum",5118,"Rehmann","Sparganium","emersum","","","","","Anderson, Derek S.","432","2004-08-04",2004,8,4,217,"2004-08-04","","In approximately 2 feet of water along shore.",NA,"Ashland","Butternut. Butternut Lake; public landing [Butternut - Parker Lake?]",45.98802,-90.50911,NA,1065,"45.988020 N"," 90.509110 W","Georeferencing Quick Reference Guide 2012-10-02","Geolocate","",NA,"","August","Anderson, Derek S.","Anderson, Derek S."
"SUWS017107","Equisetopsida","Nymphaeales","Nymphaeaceae","Nymphaea odorata",4342,"Aiton","Nymphaea","odorata","","","","","Anderson, Derek S.","426","2004-08-04",2004,8,4,217,"2004-08-04","","Rooted in 3 feet of water on the lake shore.",NA,"Price","Bass Lake; located near Timm's Hill",45.77689,-90.67033,NA,562,"45.776890 N"," 90.670330 W","Georeferencing Quick Reference Guide 2012-10-02","Geolocate","",NA,"","August","Anderson, Derek S.","Anderson, Derek S."
"SUWS017116","Equisetopsida","Malpighiales","Violaceae","Viola pedatifida",5398,"G.Don","Viola","pedatifida","","","","","Anderson, Derek S.","375","2004-05-21",2004,5,21,142,"2004-05-21","","Sandy upland area.",NA,"Burnett","Danbury. 2 miles S of Danbury on State Hwy. 35",45.97765,-92.36564,NA,500,"45.977650 N"," 92.365640 W","Georeferencing Quick Reference Guide 2012-10-02","Geolocate","",NA,"","May","Anderson, Derek S.","Anderson, Derek S."
"SUWS017117","Equisetopsida","Ericales","Ericaceae","Chamaedaphne calyculata var. angustifolia",12906,"(L.) Moench","Chamaedaphne","calyculata","angustifolia","var.","","","Anderson, Derek S.","374","2004-05-21",2004,5,21,142,"2004-05-21","","Lowland, bog area; with black spruce, bog rosemary, blueberry, cranberry and leatherleaf.",NA,"Burnett","Blaine. Along Springbrook Trail",46.07029,-92.18468,NA,4700,"46.070290 N"," 92.184680 W","Georeferencing Quick Reference Guide 2012-10-02","Geolocate","",NA,"","May","Anderson, Derek S.","Anderson, Derek S."
"SUWS017118","Equisetopsida","Ericales","Ericaceae","Andromeda glaucophylla",12834,"Link","Andromeda","glaucophylla","","","","","Anderson, Derek S.","372","2004-05-21",2004,5,21,142,"2004-05-21","","Lowland, bog area; with black spruce, bog rosemary, blueberry, cranberry and leatherleaf.",NA,"Burnett","Blaine. Along Springbrook Trail",46.07029,-92.18468,NA,4700,"46.070290 N"," 92.184680 W","Georeferencing Quick Reference Guide 2012-10-02","Geolocate","",NA,"","May","Anderson, Derek S.","Anderson, Derek S."
"SUWS017119","Equisetopsida","Ericales","Ericaceae","Vaccinium macrocarpon",5321,"Aiton","Vaccinium","macrocarpon","","","","","Anderson, Derek S.","373","2004-05-21",2004,5,21,142,"2004-05-21","","Lowland, bog area; with black spruce, bog rosemary, blueberry, cranberry and leatherleaf.",NA,"Burnett","Blaine. Along Springbrook Trail",46.07029,-92.18468,NA,4700,"46.070290 N"," 92.184680 W","Georeferencing Quick Reference Guide 2012-10-02","Geolocate","",NA,"","May","Anderson, Derek S.","Anderson, Derek S."
"SUWS017120","Equisetopsida","Poales","Cyperaceae","Eriophorum vaginatum",3563,"L.","Eriophorum","vaginatum","","","","","Anderson, Derek S.","371","2004-05-21",2004,5,21,142,"2004-05-21","","Lowland, bog area; with black spruce, bog rosemary, blueberry, cranberry and leatherleaf.",NA,"Burnett","Blaine. Along Springbrook Trail",46.07029,-92.18468,NA,4700,"46.070290 N"," 92.184680 W","Georeferencing Quick Reference Guide 2012-10-02","Geolocate","",NA,"","May","Anderson, Derek S.","Anderson, Derek S."
"SUWS017121","Equisetopsida","Boraginales","Boraginaceae","Lithospermum canescens",4094,"(Michx.) Lehm.","Lithospermum","canescens","","","","","Anderson, Derek S.","370","2004-05-21",2004,5,21,142,"2004-05-21","","Upland, sandy area; open.",NA,"Burnett","Blaine. Along the Namekagon Trail",46.09382,-92.11243,NA,2200,"46.093820 N"," 92.112430 W","Georeferencing Quick Reference Guide 2012-10-02","Geolocate","",NA,"","May","Anderson, Derek S.","Anderson, Derek S."
"SUWS017122","Equisetopsida","Malpighiales","Violaceae","Viola pubescens",5399,"Aiton","Viola","pubescens","","","","","Anderson, Derek S.","369","2004-05-21",2004,5,21,142,"2004-05-21","","Upland wooded area.",NA,"Burnett","Blaine. Along the Namekagon Trail; near the Namekagon River",46.09382,-92.11243,NA,2200,"46.093820 N"," 92.112430 W","Georeferencing Quick Reference Guide 2012-10-02","Geolocate","",NA,"","May","Anderson, Derek S.","Anderson, Derek S."
"SUWS017123","Equisetopsida","Ranunculales","Ranunculaceae","Thalictrum dioicum",5216,"L.","Thalictrum","dioicum","","","","","Anderson, Derek S.","368","2004-05-21",2004,5,21,142,"2004-05-21","","Upland wooded area.",NA,"Burnett","Blaine. Along the Namekagon Trail; near the Namekagon River",46.09382,-92.11243,NA,2200,"46.093820 N"," 92.112430 W","Georeferencing Quick Reference Guide 2012-10-02","Geolocate","",NA,"","May","Anderson, Derek S.","Anderson, Derek S."
"SUWS010010","Equisetopsida","Lycopodiales","Lycopodiaceae","Lycopodium annotinum",13350,"L.","Lycopodium","annotinum","","","","","Heim, Mike","s.n.","1985-11-20",1985,11,20,324,"1985-11-20","","Aspen being replaced by mesic hardwoods, balsam fir, and paper birch.",NA,"Ashland","National Forest Rd. 187. Near Morgan Falls",46.34717,-90.9163,NA,429,"46.347170 N"," 90.916300 W","Georeferencing Quick Reference Guide 2012-10-02","Geolocate","",NA,"","November","Davidson, Donald W.; Heim, Mike, Johnson, Robbye","Other Collectors"
"SUWS010012","Equisetopsida","Lycopodiales","Lycopodiaceae","Lycopodium annotinum",13350,"L.","Lycopodium","annotinum","","","","","Johnson, Robbye","s.n.","1985-11-20",1985,11,20,324,"1985-11-20","","Aspen being replaced by mesic hardwoods, balsam fir, and paper birch.",NA,"Ashland","National Forest Rd 187. Near Morgan Falls",46.32062,-90.85862,NA,5298,"46.320620 N"," 90.858620 W","Georeferencing Quick Reference Guide 2012-10-02","Geolocate","",NA,"","November","Davidson, Donald W.; Johnson, Robbye, Heim, Michael","Other Collectors"
"SUWS010023","Equisetopsida","Lycopodiales","Lycopodiaceae","Lycopodium clavatum",4148,"L.","Lycopodium","clavatum","","","Peck, James H.","","Raatz","PL-247","1964-06-27",1964,6,27,179,"1964-06-27","","Dry forest floor.",NA,"Bayfield","Pigeon Lake Field Station",46.34228,-91.34901,NA,2257,"46.342280 N"," 91.349010 W","Georeferencing Quick Reference Guide 2012-10-02","Geolocate","",NA,"","June","Brashier; Raatz","Other Collectors"
"SUWS010027","Equisetopsida","Lycopodiales","Lycopodiaceae","Lycopodium clavatum",4148,"L.","Lycopodium","clavatum","","","","","Brashier","s.n.","1964-07-10",1964,7,10,192,"1964-07-10","","Open woods off nature trail.",NA,"Bayfield","Pigeon Lake Field Station",46.34228,-91.34901,NA,2257,"46.342280 N"," 91.349010 W","Georeferencing Quick Reference Guide 2012-10-02","Geolocate","",NA,"","July","Cherf; Brashier","Brashier"
"SUWS010031","Equisetopsida","Lycopodiales","Lycopodiaceae","Lycopodium dendroideum",12974,"Michx.","Lycopodium","dendroideum","","","Peck, James H.","","Brashier","s.n.","1964-07-15",1964,7,15,197,"1964-07-15","","Open woods.",NA,"Bayfield","Pigeon Lake Field Station",46.34228,-91.34901,NA,2257,"46.342280 N"," 91.349010 W","Georeferencing Quick Reference Guide 2012-10-02","Geolocate","",NA,"","July","Cherf; Brashier","Brashier"
"SUWS010033","Equisetopsida","Lycopodiales","Lycopodiaceae","Lycopodium dendroideum",12974,"Michx.","Lycopodium","dendroideum","","","Peck, James H.","","Parrish","PL-250","1964-07-02",1964,7,2,184,"1964-07-02","","Forest floor.",NA,"Bayfield","Pigeon Lake Field Station",46.34228,-91.34901,NA,2257,"46.342280 N"," 91.349010 W","Georeferencing Quick Reference Guide 2012-10-02","Geolocate","",NA,"","July","Brashier; Parrish","Other Collectors"
"SUWS010037","Equisetopsida","Lycopodiales","Lycopodiaceae","Lycopodium dendroideum",12974,"Michx.","Lycopodium","dendroideum","","","","","Heim, Mike","s.n.","1985-11-20",1985,11,20,324,"1985-11-20","","Aspen being replaced by mesic hardwoods. Balsam fir and paper birch.",NA,"Ashland","National Forest Rd. 187. Near Morgan Falls",46.34717,-90.9163,NA,429,"46.347170 N"," 90.916300 W","Georeferencing Quick Reference Guide 2012-10-02","Geolocate","",NA,"","November","Davidson, Donald W.; Heim, Mike, Johnson, Robbye","Other Collectors"
"SUWS010040","Equisetopsida","Lycopodiales","Lycopodiaceae","Lycopodium obscurum",12976,"L.","Lycopodium","obscurum","","","","","Heim, Mike","s.n.","1985-11-20",1985,11,20,324,"1985-11-20","","Near stream, mixed hard and softwood mature forest.",NA,"Ashland","Above Morgan Falls",46.34717,-90.9163,NA,429,"46.347170 N"," 90.916300 W","Georeferencing Quick Reference Guide 2012-10-02","Geolocate","",NA,"","November","Davidson, Donald W.; Heim, Mike, Johnson, Robbye","Other Collectors"
"SUWS010048","Equisetopsida","Lycopodiales","Lycopodiaceae","Diphasiastrum digitatum",3414,"(Dill. ex A.Braun) Holub","Diphasiastrum","digitatum","","","","","Zirngibl, William","s.n.","1985-08-16",1985,8,16,228,"1985-08-16","","Mixed deciduous and coniferous forest.",NA,"Douglas","3 miles S of Lake Amnicon and 500 ft E of CTH A",46.43215,-92.06223,NA,927,"46.432150 N"," 92.062230 W","Georeferencing Quick Reference Guide 2012-10-02","Geolocate","",NA,"","August","Davidson, Donald W.; Zirngibl, William","Other Collectors"
"SUWS010049","Equisetopsida","Lycopodiales","Lycopodiaceae","Diphasiastrum digitatum",3414,"(Dill. ex A.Braun) Holub","Diphasiastrum","digitatum","","","","","Zirngibl, William","s.n.","1985-08-16",1985,8,16,228,"1985-08-16","","Mixed deciduous and coniferous forest.",NA,"Douglas","3 miles S of Lake Amnicon and 500 ft E of CTH A",46.43215,-92.06223,NA,927,"46.432150 N"," 92.062230 W","Georeferencing Quick Reference Guide 2012-10-02","Geolocate","",NA,"","August","Davidson, Donald W.; Zirngibl, William","Other Collectors"
"SUWS010050","Equisetopsida","Lycopodiales","Lycopodiaceae","Diphasiastrum digitatum",3414,"(Dill. ex A.Braun) Holub","Diphasiastrum","digitatum","","","","","Johnson, Robbye","s.n.","1985-11-20",1985,11,20,324,"1985-11-20","","Aspen being replaced by mesic hardwoods Balsam fir and paper birch.",NA,"Ashland","Rd. 187 (National Forest Road). Near Morgan Falls.",46.34717,-90.9163,NA,429,"46.347170 N"," 90.916300 W","Georeferencing Quick Reference Guide 2012-10-02","Geolocate","",NA,"","November","Davidson, Donald W.; Johnson, Robbye, Heim, Michael","Other Collectors"
"SUWS010051","Equisetopsida","Lycopodiales","Lycopodiaceae","Diphasiastrum digitatum",3414,"(Dill. ex A.Braun) Holub","Diphasiastrum","digitatum","","","","","Smith","PL-252","1964-07-06",1964,7,6,188,"1964-07-06","","Hardwood forest floor.",NA,"Bayfield","Pigeon Lake Field Station",46.34228,-91.34901,NA,2257,"46.342280 N"," 91.349010 W","Georeferencing Quick Reference Guide 2012-10-02","Geolocate","",NA,"","July","Brashier; Smith","Other Collectors"
"SUWS010054","Equisetopsida","Lycopodiales","Lycopodiaceae","Diphasiastrum digitatum",3414,"(Dill. ex A.Braun) Holub","Diphasiastrum","digitatum","","","","","Walvoord","PL-251","1964-07-15",1964,7,15,197,"1964-07-15","","Forest floor.",NA,"Bayfield","Pigeon Lake Field Station",46.34228,-91.34901,NA,2257,"46.342280 N"," 91.349010 W","Georeferencing Quick Reference Guide 2012-10-02","Geolocate","",NA,"","July","Brashier; Walvoord","Other Collectors"
"SUWS010078","Equisetopsida","Equisetales","Equisetaceae","Equisetum arvense",3530,"L.","Equisetum","arvense","","","Peck, James H.","","Smith, C. W.","s.n.","1942-07-18",1942,7,18,199,"1942-07-18","","",NA,"Douglas","Superior. Sand Island in Superior Bay",46.73216,-92.0663,NA,5466,"46.732160 N"," 92.066300 W","Georeferencing Quick Reference Guide 2012-10-02","Geolocate","",NA,"","July","Thomson, John W., Jr.; Smith, C. W.","Other Collectors"
"SUWS010090","Equisetopsida","Selaginellales","Selaginellaceae","Selaginella rupestris",5023,"(L.) Spring","Selaginella","rupestris","","","Peck, James H.","","Brashier","s.n.","1964-07-25",1964,7,25,207,"1964-07-25","","On rock in side of cliff.",NA,"Bayfield","Pigeon Lake Biology Station",46.34228,-91.34901,NA,2257,"46.342280 N"," 91.349010 W","Georeferencing Quick Reference Guide 2012-10-02","Geolocate","",NA,"","July","Cherf; Brashier","Brashier"
"SUWS010091","Equisetopsida","Ophioglossales","Ophioglossaceae","Botrychium virginianum",12874,"(L.) Sw.","Botrychium","virginianum","","","Peck, James H.","","Cherf","PL-229","1964-07-15",1964,7,15,197,"1964-07-15","","Floor of virgin hemlock forest.",NA,"Bayfield","Pigeon Lake Biology Station",46.34228,-91.34901,NA,2257,"46.342280 N"," 91.349010 W","Georeferencing Quick Reference Guide 2012-10-02","Geolocate","",NA,"","July","Brashier; Cherf","Other Collectors"
"SUWS010095","Equisetopsida","Osmundales","Osmundaceae","Osmunda cinnamomea",4382,"L.","Osmunda","cinnamomea","","","","","Grage","PL-227","1964-07-04",1964,7,4,186,"1964-07-04","","Shady forest floor.",NA,"Bayfield","Pigeon Lake Field Station",46.34228,-91.34901,NA,2257,"46.342280 N"," 91.349010 W","Georeferencing Quick Reference Guide 2012-10-02","Geolocate","",NA,"","July","Brashier; Grage","Other Collectors"
"SUWS010098","Equisetopsida","Osmundales","Osmundaceae","Osmunda cinnamomea",4382,"L.","Osmunda","cinnamomea","","","","","Raatz","PL-225","1964-06-30",1964,6,30,182,"1964-06-30","","Shady, moist forest floor.",NA,"Bayfield","Pigeon Lake Field Station",46.34228,-91.34901,NA,2257,"46.342280 N"," 91.349010 W","Georeferencing Quick Reference Guide 2012-10-02","Geolocate","",NA,"","June","Brashier; Raatz","Other Collectors"
"SUWS010138","Equisetopsida","Polypodiales","Dryopteridaceae","Onoclea sensibilis",4358,"L.","Onoclea","sensibilis","","","Peck, James H.","1978","Parrish","PL-233","1964-07-08",1964,7,8,190,"1964-07-08","","Forest floor.",NA,"Bayfield","Pigeon Lake Field Station",46.34228,-91.34901,NA,2257,"46.342280 N"," 91.349010 W","Georeferencing Quick Reference Guide 2012-10-02","Geolocate","",NA,"","July","Brashier; Parrish","Other Collectors"
"SUWS010150","Equisetopsida","Polypodiales","Dryopteridaceae","Dryopteris intermedia",3446,"(Muhl. ex Willd.) A.Gray","Dryopteris","intermedia","","","Peck, James H.","1978","Cherf","PL-237","1964-07-20",1964,7,20,202,"1964-07-20","","Wet soil near bog.",NA,"Bayfield","Pigeon Lake Field Station",46.34228,-91.34901,NA,2257,"46.342280 N"," 91.349010 W","Georeferencing Quick Reference Guide 2012-10-02","Geolocate","",NA,"","July","Brashier; Cherf","Other Collectors"
"SUWS010159","Equisetopsida","Polypodiales","Dryopteridaceae","Dryopteris intermedia",3446,"(Muhl. ex Willd.) A.Gray","Dryopteris","intermedia","","","Peck, James H.","1978","Thoren","PL-236","1964-07-08",1964,7,8,190,"1964-07-08","","Mixed forest undergrowth.",NA,"Bayfield","Pigeon Lake Field Station",46.34228,-91.34901,NA,2257,"46.342280 N"," 91.349010 W","Georeferencing Quick Reference Guide 2012-10-02","Geolocate","",NA,"","July","Brashier; Thoren","Other Collectors"
"SUWS010164","Equisetopsida","Pinales","Pinaceae","Abies balsamea",2407,"(L.) Mill.","Abies","balsamea","","","","","Janowski","PL-217","1964-07-20",1964,7,20,202,"1964-07-20","","",NA,"Bayfield","Pigeon Lake Field Station",46.34228,-91.34901,NA,2257,"46.342280 N"," 91.349010 W","Georeferencing Quick Reference Guide 2012-10-02","Geolocate","",NA,"","July","Brashier; Janowski","Other Collectors"
"SUWS010169","Equisetopsida","Pinales","Pinaceae","Picea mariana",4495,"(Mill.) Britton, Sterns & Poggenb.","Picea","mariana","","","","","Fassett, Norman C.","s.n.","1943-08-21",1943,8,21,233,"1943-08-21","","",NA,"Douglas","On upper Brule below Douglas Springs",46.553,-91.57658,NA,25304,"46.553000 N"," 91.576580 W","Georeferencing Quick Reference Guide 2012-10-02","Geolocate","",NA,"","August","Thomson, John W., Jr.; Fassett, Norman C.","Other Collectors"
"SUWS010318","Equisetopsida","Alismatales","Araceae","Arisaema triphyllum subsp. triphyllum",2605,"","Arisaema","triphyllum","triphyllum","subsp.","Gitar, Richard","28FEB1992","Romans","29a","1964-06-04",1964,6,4,156,"1964-06-04","","Swampy, shaded area in deep woods, rich soil.",NA,"Manitowoc","Near Kasbuam Lake on State Hwy. 42 S of jct. with U.S. Hwy 151",44.05936,-87.73621,NA,200,"44.059360 N"," 87.736210 W","Georeferencing Quick Reference Guide 2012-10-02","Geolocate","",NA,"","June","Brashier; Romans","Romans"
"SUWS010326","Equisetopsida","Alismatales","Araceae","Calla palustris",2830,"L.","Calla","palustris","","","","","Valaskey","PL-25","1964-06-25",1964,6,25,177,"1964-06-25","","In water hole.",NA,"Bayfield","Near Pigeon Lake Field Station on Pigeon Lake Rd.",46.34228,-91.34901,NA,2257,"46.342280 N"," 91.349010 W","Georeferencing Quick Reference Guide 2012-10-02","Geolocate","",NA,"","June","Brashier; Valaskey","Other Collectors"
"SUWS010351","Equisetopsida","Commelinales","Commelinaceae","Tradescantia ohiensis",8686,"Raf.","Tradescantia","ohiensis","","","","","Romans","36b","1964-06-03",1964,6,3,155,"1964-06-03","","Near roadside picnic area on railroad embankment; sandy soil.",NA,"Juneau","Wonewoc. 1 mile N of Wonewoc on State Hwy. 82",43.66724,-90.22346,NA,1056,"43.667240 N"," 90.223460 W","Georeferencing Quick Reference Guide 2012-10-02","Geolocate","",NA,"","June","Brashier; Romans","Romans"
"SUWS010364","Equisetopsida","Poales","Juncaceae","Juncus alpinoarticulatus",3960,"Chaix","Juncus","alpinoarticulatus","","","Castle, R.","1994","Smith, C. W.","s.n.","1942-07-18",1942,7,18,199,"1942-07-18","","Island in bay.",NA,"Douglas","Superior. Sand Island in Superior Bay",46.73216,-92.0663,NA,5466,"46.732160 N"," 92.066300 W","Georeferencing Quick Reference Guide 2012-10-02","Geolocate","",NA,"","July","Thomson, John W., Jr.; Smith, C. W.","Other Collectors"
"SUWS010499","Equisetopsida","Lycopodiales","Lycopodiaceae","Lycopodium annotinum",13350,"L.","Lycopodium","annotinum","","","Davidson, Donald W.","","Rounce","91/17","1991-08-14",1991,8,14,226,"1991-08-14","","Pine woods - sandy, moist soil with pine needle litter. Large colony.",NA,"Douglas","Superior",46.68122,-92.06631,NA,12939,"46.681220 N"," 92.066310 W","Georeferencing Quick Reference Guide 2012-10-02","Geolocate","",NA,"","August","Gitar; Rounce","Other Collectors"
"SUWS010500","Equisetopsida","Lycopodiales","Lycopodiaceae","Lycopodium obscurum",12976,"L.","Lycopodium","obscurum","","","","","Rounce","91/19","1991-08-14",1991,8,14,226,"1991-08-14","","Pine woods, sandy moist soil with pine needle litter. Many colonies.",NA,"Douglas","Superior",46.68122,-92.06631,NA,12939,"46.681220 N"," 92.066310 W","Georeferencing Quick Reference Guide 2012-10-02","Geolocate","",NA,"","August","Gitar; Rounce","Other Collectors"
"SUWS010576","Equisetopsida","Polypodiales","Pteridaceae","Adiantum pedatum",8511,"L.","Adiantum","pedatum","","","Peck, James H.","","Smith","PL-244","1964-07-29",1964,7,29,211,"1964-07-29","","Forest floor.",NA,"Bayfield","Pigeon Lake Field Station",46.34228,-91.34901,NA,2257,"46.342280 N"," 91.349010 W","Georeferencing Quick Reference Guide 2012-10-02","Geolocate","",NA,"","July","Brashier; Smith","Other Collectors"
"SUWS010671","Equisetopsida","Pinales","Pinaceae","Pinus resinosa",4505,"Aiton","Pinus","resinosa","","","","","Collins, Matt","s.n.","1989-06-15",1989,6,15,166,"1989-06-15","","",NA,"Douglas","Superior",46.68122,-92.06631,NA,12939,"46.681220 N"," 92.066310 W","Georeferencing Quick Reference Guide 2012-10-02","Geolocate","",NA,"","June","Davidson, Donald W.; Collins, Matt","Other Collectors"
"SUWS010708","Equisetopsida","Piperales","Aristolochiaceae","Asarum canadense",2634,"L.","Asarum","canadense","","","","","Romans","s.n.","1965-06-06",1965,6,6,157,"1965-06-06","","Woods, shaded and damp.",NA,"Douglas","Foxboro. 3 miles N of CTH B on Pelky Rd. near Foxboro, on Rogge farm",46.49696,-92.25905,NA,886,"46.496960 N"," 92.259050 W","Georeferencing Quick Reference Guide 2012-10-02","Geolocate","",NA,"","June","Brashier; Romans","Romans"
"SUWS010709","Equisetopsida","Piperales","Aristolochiaceae","Asarum canadense",2634,"L.","Asarum","canadense","","","","","Romans","s.n.","1965-06-06",1965,6,6,157,"1965-06-06","","Woods, shaded and damp.",NA,"Douglas","Foxboro. 3 miles N of CTH B on Pelky Rd. near Foxboro, on Rogge farm",46.49696,-92.25905,NA,886,"46.496960 N"," 92.259050 W","Georeferencing Quick Reference Guide 2012-10-02","Geolocate","",NA,"","June","Brashier; Romans","Romans"
"SUWS010714","Equisetopsida","Piperales","Aristolochiaceae","Asarum canadense",2634,"L.","Asarum","canadense","","","","","Romans","s.n.","1965-06-06",1965,6,6,157,"1965-06-06","","Woods, shaded and damp.",NA,"Douglas","Foxboro. 3 miles N of CTH B on Pelky Rd. near Foxboro, on Rogge farm",46.49696,-92.25905,NA,886,"46.496960 N"," 92.259050 W","Georeferencing Quick Reference Guide 2012-10-02","Geolocate","",NA,"","June","Brashier; Romans","Romans"
"SUWS010715","Equisetopsida","Piperales","Aristolochiaceae","Asarum canadense",2634,"L.","Asarum","canadense","","","","","Romans","s.n.","1965-06-06",1965,6,6,157,"1965-06-06","","Woods, shaded and damp.",NA,"Douglas","Foxboro. 3 miles N of CTH B on Pelky Rd. near Foxboro, on Rogge farm",46.49696,-92.25905,NA,886,"46.496960 N"," 92.259050 W","Georeferencing Quick Reference Guide 2012-10-02","Geolocate","",NA,"","June","Brashier; Romans","Romans"
"SUWS010719","Equisetopsida","Nymphaeales","Nymphaeaceae","Nuphar variegata",4340,"Durand","Nuphar","variegata","","","","","Romans","s.n.","1965-06-08",1965,6,8,159,"1965-06-08","","In lake.",NA,"Douglas","Solon Springs. Solon Springs Wildlife Sanctuary, S of conservation buildings.",46.35327,-91.82241,NA,4012,"46.353270 N"," 91.822410 W","Georeferencing Quick Reference Guide 2012-10-02","Geolocate","",NA,"","June","Brashier; Romans","Romans"
"SUWS010720","Equisetopsida","Nymphaeales","Nymphaeaceae","Nuphar variegata",4340,"Durand","Nuphar","variegata","","","","","Gunderson","PL-8","1964-07-01",1964,7,1,183,"1964-07-01","","",NA,"Bayfield","Pigeon Lake Field Station",46.34228,-91.34901,NA,2257,"46.342280 N"," 91.349010 W","Georeferencing Quick Reference Guide 2012-10-02","Geolocate","",NA,"","July","Brashier; Gunderson","Other Collectors"
"SUWS010721","Equisetopsida","Nymphaeales","Nymphaeaceae","Nuphar variegata",4340,"Durand","Nuphar","variegata","","","","","Janowski","PL-9","1964-07-24",1964,7,24,206,"1964-07-24","","",NA,"Bayfield","Pigeon Lake Field Station",46.34228,-91.34901,NA,2257,"46.342280 N"," 91.349010 W","Georeferencing Quick Reference Guide 2012-10-02","Geolocate","",NA,"","July","Brashier; Janowski","Other Collectors"
"SUWS010723","Equisetopsida","Nymphaeales","Nymphaeaceae","Nuphar variegata",4340,"Durand","Nuphar","variegata","","","","","Thoren","PL-10","1964-07-12",1964,7,12,194,"1964-07-12","","",NA,"Bayfield","Pigeon Lake Field Station",46.34228,-91.34901,NA,2257,"46.342280 N"," 91.349010 W","Georeferencing Quick Reference Guide 2012-10-02","Geolocate","",NA,"","July","Brashier; Thoren","Other Collectors"
"SUWS010725","Equisetopsida","Nymphaeales","Nymphaeaceae","Nuphar variegata",4340,"Durand","Nuphar","variegata","","","","","Brashier","s.n.","1966-07-11",1966,7,11,192,"1966-07-11","","In the water.",NA,"Bayfield","Lake Reynard",46.3922,-91.28649,NA,513,"46.392200 N"," 91.286490 W","Georeferencing Quick Reference Guide 2012-10-02","Geolocate","",NA,"","July","Barnard; Brashier","Brashier"
"SUWS010726","Equisetopsida","Nymphaeales","Nymphaeaceae","Nymphaea odorata",4342,"Aiton","Nymphaea","odorata","","","","","Romans","184b","1964-08-04",1964,8,4,217,"1964-08-04","","In open water in center of floating bog.",NA,"Burnett","Danbury. 5 miles S of Danbury on State Hwy 35",45.93422,-92.36169,NA,NA,"45.934220 N"," 92.361690 W","Georeferencing Quick Reference Guide 2012-10-02","Geolocate","",NA,"","August","Brashier; Romans","Romans"
"SUWS010737","Equisetopsida","Ranunculales","Ranunculaceae","Actaea rubra",2435,"(Aiton) Willd.","Actaea","rubra","","","","","Romans","s.n.","1965-06-07",1965,6,7,158,"1965-06-07","","In clay soil in hardwoods; shade.",NA,"Douglas","Superior. 3 miles S of Superior on Hwy 35, on the Ralph Law property",46.65497,-92.10442,NA,4161,"46.654970 N"," 92.104420 W","Georeferencing Quick Reference Guide 2012-10-02","Geolocate","",NA,"","June","Brashier; Romans","Romans"
"SUWS010740","Equisetopsida","Ranunculales","Ranunculaceae","Actaea pachypoda",2434,"Elliott","Actaea","pachypoda","","","","","Romans","199a","1964-06-20",1964,6,20,172,"1964-06-20","","Rich woods.",NA,"Douglas","Superior. 3 miles S of Superior on Hwy 35 on the Ralph Law property",46.65497,-92.10442,NA,4161,"46.654970 N"," 92.104420 W","Georeferencing Quick Reference Guide 2012-10-02","Geolocate","",NA,"","June","Brashier; Romans","Romans"
"SUWS010744","Equisetopsida","Ranunculales","Ranunculaceae","Actaea rubra",2435,"(Aiton) Willd.","Actaea","rubra","","","","","Romans","202a","1964-07-26",1964,7,26,208,"1964-07-26","","Rich, shady woods.",NA,"Douglas","Superior. 3 miles S of Superior on State Hwy 35 on the Ralph Law property",46.65497,-92.10442,NA,4161,"46.654970 N"," 92.104420 W","Georeferencing Quick Reference Guide 2012-10-02","Geolocate","",NA,"","July","Brashier; Romans","Romans"
"SUWS010749","Equisetopsida","Ranunculales","Ranunculaceae","Anemone canadensis",2530,"L.","Anemone","canadensis","","","","","Thoren","PL-54","1964-06-27",1964,6,27,179,"1964-06-27","","Mixed forest undergrowth.",NA,"Bayfield","Pigeon Lake Field Station",46.34228,-91.34901,NA,2257,"46.342280 N"," 91.349010 W","Georeferencing Quick Reference Guide 2012-10-02","Geolocate","",NA,"","June","Brashier; Thoren","Other Collectors"
"SUWS010751","Equisetopsida","Ranunculales","Ranunculaceae","Anemone canadensis",2530,"L.","Anemone","canadensis","","","","","Cherf","PL-53","1964-07-12",1964,7,12,194,"1964-07-12","","Roadside, sandy soil.",NA,"Bayfield","Pigeon Lake Field Station",46.34228,-91.34901,NA,2257,"46.342280 N"," 91.349010 W","Georeferencing Quick Reference Guide 2012-10-02","Geolocate","",NA,"","July","Brashier; Cherf","Other Collectors"
"SUWS010754","Equisetopsida","Ranunculales","Ranunculaceae","Anemone canadensis",2530,"L.","Anemone","canadensis","","","","","Brashier","s.n.","1966-07-01",1966,7,1,182,"1966-07-01","","Soil sandy and loose, surrounding area woody, immediate area grassy and open.",NA,"Bayfield","0.75 mi. W of Pigeon Lake Camp, cove on N shore",46.34228,-91.36474,NA,2257,"46.342280 N"," 91.364740 W","Georeferencing Quick Reference Guide 2012-10-02","Geolocate","",NA,"","July","Cornell; Brashier","Brashier"
"SUWS010755","Equisetopsida","Ranunculales","Ranunculaceae","Anemone canadensis",2530,"L.","Anemone","canadensis","","","","","Brashier","s.n.","1964-06-25",1964,6,25,177,"1964-06-25","","Rocky, sandy slope near the lake shore.",NA,"Bayfield","Pigeon Lake",46.34228,-91.34901,NA,2257,"46.342280 N"," 91.349010 W","Georeferencing Quick Reference Guide 2012-10-02","Geolocate","",NA,"","June","Raatz; Brashier","Brashier"
"SUWS010756","Equisetopsida","Ranunculales","Ranunculaceae","Anemone canadensis",2530,"L.","Anemone","canadensis","","","","","Brashier","s.n.","1966-07-09",1966,7,9,190,"1966-07-09","","Sandy, open area.",NA,"Bayfield","Jct. of Highway 63 and CTH A [do not intersect- could this be CTH N instead of CTH A at Drummond?]",46.33038,-91.26501,NA,1129,"46.330380 N"," 91.265010 W","Georeferencing Quick Reference Guide 2012-10-02","Geolocate","",NA,"","July","Hjerleid; Brashier","Brashier"
"SUWS010758","Equisetopsida","Ranunculales","Ranunculaceae","Anemone canadensis",2530,"L.","Anemone","canadensis","","","","","Brashier","s.n.","1966-07-15",1966,7,15,196,"1966-07-15","","Road side.",NA,"Bayfield","Pigeon Lake Forest Trail",46.34228,-91.34901,NA,2257,"46.342280 N"," 91.349010 W","Georeferencing Quick Reference Guide 2012-10-02","Geolocate","",NA,"","July","Collins; Brashier","Brashier"
"SUWS010759","Equisetopsida","Ranunculales","Ranunculaceae","Anemone canadensis",2530,"L.","Anemone","canadensis","","","","","Brashier","s.n.","1966-06-30",1966,6,30,181,"1966-06-30","","Roadside area with loose soil and dense grasses; woods further back.",NA,"Bayfield","1 mile E of Pigeon Lake",46.34228,-91.32803,NA,2257,"46.342280 N"," 91.328030 W","Georeferencing Quick Reference Guide 2012-10-02","Geolocate","",NA,"","June","Holden; Brashier","Brashier"
"SUWS010760","Equisetopsida","Ranunculales","Ranunculaceae","Anemone canadensis",2530,"L.","Anemone","canadensis","","","","","Brashier","s.n.","1964-06-23",1964,6,23,175,"1964-06-23","","Trailside in woods.",NA,"Bayfield","Pigeon Lake Camp Nature Trail",46.34228,-91.34901,NA,2257,"46.342280 N"," 91.349010 W","Georeferencing Quick Reference Guide 2012-10-02","Geolocate","",NA,"","June","Muller; Brashier","Brashier"
"SUWS010761","Equisetopsida","Ranunculales","Ranunculaceae","Anemone canadensis",2530,"L.","Anemone","canadensis","","","","","Brashier","s.n.","1964-06-25",1964,6,25,177,"1964-06-25","","",NA,"Bayfield","Pigeon Lake, near cabin on Pigeon Lake Campgrounds",46.34228,-91.34901,NA,2257,"46.342280 N"," 91.349010 W","Georeferencing Quick Reference Guide 2012-10-02","Geolocate","",NA,"","June","Wassgren; Brashier","Brashier"
"SUWS010762","Equisetopsida","Ranunculales","Ranunculaceae","Anemone canadensis",2530,"L.","Anemone","canadensis","","","","","Brashier","s.n.","1966-07-10",1966,7,10,191,"1966-07-10","","Clearing near woods.",NA,"Bayfield","S shore of Pigeon Lake",46.34228,-91.34901,NA,2257,"46.342280 N"," 91.349010 W","Georeferencing Quick Reference Guide 2012-10-02","Geolocate","",NA,"","July","Hjerleid; Brashier","Brashier"
"SUWS010763","Equisetopsida","Ranunculales","Ranunculaceae","Anemone canadensis",2530,"L.","Anemone","canadensis","","","","","Romans","137a","1964-06-03",1964,6,3,155,"1964-06-03","","Open sunlight in sandy soil on bank of railroad.",NA,"Juneau","Wonewoc. 1 mi. N of Wonewoc, on State Hwy 82 E of picnic area on RR embankment",43.66724,-90.22346,NA,1056,"43.667240 N"," 90.223460 W","Georeferencing Quick Reference Guide 2012-10-02","Geolocate","",NA,"","June","Brashier; Romans","Romans"
"SUWS010764","Equisetopsida","Ranunculales","Ranunculaceae","Anemone canadensis",2530,"L.","Anemone","canadensis","","","","","Valaskey","PL-55","1964-06-25",1964,6,25,177,"1964-06-25","","",NA,"Bayfield","Pigeon Lake Field Station, on road across from nature trail by Pigeon Lake",46.34228,-91.34901,NA,2257,"46.342280 N"," 91.349010 W","Georeferencing Quick Reference Guide 2012-10-02","Geolocate","",NA,"","June","Brashier; Valaskey","Other Collectors"
"SUWS010767","Equisetopsida","Ranunculales","Ranunculaceae","Anemone quinquefolia var. quinquefolia",6483,"","Anemone","quinquefolia","quinquefolia","var.","","","Romans","s.n.","1965-05-20",1965,5,20,140,"1965-05-20","","Woods and pasture areas.",NA,"Douglas","Patzau. 0.5 mile W of Hwy 35 on CTH BB on the James Romans property [ca. 2mi E of Patzau]",46.48986,-92.18414,NA,1517,"46.489860 N"," 92.184140 W","Georeferencing Quick Reference Guide 2012-10-02","Geolocate","",NA,"","May","Brashier; Romans","Romans"
"SUWS010779","Equisetopsida","Ranunculales","Ranunculaceae","Aquilegia canadensis",2566,"L.","Aquilegia","canadensis","","","","","Brashier","s.n.","1966-07-02",1966,7,2,183,"1966-07-02","","Soil sandy and firm, cover dense grasses and herbs.",NA,"Bayfield","Drummond. NE of Drummond at jct. of Hwy 402 and Hwy 63",46.34383,-91.21467,NA,358,"46.343830 N"," 91.214670 W","Georeferencing Quick Reference Guide 2012-10-02","Geolocate","",NA,"","July","Cornell; Brashier","Brashier"
"SUWS010780","Equisetopsida","Ranunculales","Ranunculaceae","Aquilegia canadensis",2566,"L.","Aquilegia","canadensis","","","","","Brashier","s.n.","1964-06-25",1964,6,25,177,"1964-06-25","","Along the nature trail.",NA,"Bayfield","Pigeon Lake",46.34228,-91.34901,NA,2257,"46.342280 N"," 91.349010 W","Georeferencing Quick Reference Guide 2012-10-02","Geolocate","",NA,"","June","Valaskey; Brashier","Brashier"
"SUWS010781","Equisetopsida","Ranunculales","Ranunculaceae","Aquilegia canadensis",2566,"L.","Aquilegia","canadensis","","","","","Cherf","PL-30","1964-07-15",1964,7,15,197,"1964-07-15","","Along nature trail.",NA,"Bayfield","Pigeon Lake Field Station",46.34228,-91.34901,NA,2257,"46.342280 N"," 91.349010 W","Georeferencing Quick Reference Guide 2012-10-02","Geolocate","",NA,"","July","Brashier; Cherf","Other Collectors"
"SUWS010782","Equisetopsida","Ranunculales","Ranunculaceae","Aquilegia canadensis",2566,"L.","Aquilegia","canadensis","","","","","Brashier","s.n.","1964-06-23",1964,6,23,175,"1964-06-23","","Along roadside.",NA,"Bayfield","Drummond",46.33689,-91.25797,NA,6377,"46.336890 N"," 91.257970 W","Georeferencing Quick Reference Guide 2012-10-02","Geolocate","",NA,"","June","Muller; Brashier","Brashier"
"SUWS010784","Equisetopsida","Ranunculales","Ranunculaceae","Aquilegia canadensis",2566,"L.","Aquilegia","canadensis","","","","","Romans","32a","1964-06-01",1964,6,1,153,"1964-06-01","","Open, sandy roadside area adjacent to woods.",NA,"Burnett","Danbury. 3 miles S of Danbury, at jct. of old 35 road and State Hwy 35",45.96741,-92.36349,NA,150,"45.967410 N"," 92.363490 W","Georeferencing Quick Reference Guide 2012-10-02","Geolocate","",NA,"","June","Brashier; Romans","Romans"
"SUWS010785","Equisetopsida","Ranunculales","Ranunculaceae","Aquilegia canadensis",2566,"L.","Aquilegia","canadensis","","","","","Gunderson","PL-29","1964-06-23",1964,6,23,175,"1964-06-23","","Woods.",NA,"Bayfield","Pigeon Lake Field Station",46.34228,-91.34901,NA,2257,"46.342280 N"," 91.349010 W","Georeferencing Quick Reference Guide 2012-10-02","Geolocate","",NA,"","June","Brashier; Gunderson","Other Collectors"
"SUWS010786","Equisetopsida","Ranunculales","Ranunculaceae","Aquilegia canadensis",2566,"L.","Aquilegia","canadensis","","","","","Janowski","PL-28","1964-07-25",1964,7,25,207,"1964-07-25","","Along nature trail.",NA,"Bayfield","Pigeon Lake Field Station",46.34228,-91.34901,NA,2257,"46.342280 N"," 91.349010 W","Georeferencing Quick Reference Guide 2012-10-02","Geolocate","",NA,"","July","Brashier; Janowski","Other Collectors"
"SUWS010789","Equisetopsida","Ranunculales","Ranunculaceae","Aquilegia canadensis",2566,"L.","Aquilegia","canadensis","","","","","Brashier","s.n.","1964-06-25",1964,6,25,177,"1964-06-25","","Along nature trail.",NA,"Bayfield","Pigeon Lake",46.34228,-91.34901,NA,2257,"46.342280 N"," 91.349010 W","Georeferencing Quick Reference Guide 2012-10-02","Geolocate","",NA,"","June","Smith; Brashier","Brashier"
"SUWS010790","Equisetopsida","Ranunculales","Ranunculaceae","Aquilegia canadensis",2566,"L.","Aquilegia","canadensis","","","","","Brashier","s.n.","1966-07-05",1966,7,5,186,"1966-07-05","","Sandy, grassy roadside area with shrubs; at the edge of a woods.",NA,"Bayfield","5 miles N of Pigeon Lake on Hwy 228",46.41467,-91.34901,NA,3275,"46.414670 N"," 91.349010 W","Georeferencing Quick Reference Guide 2012-10-02","Geolocate","",NA,"","July","Holden; Brashier","Brashier"
"SUWS010792","Equisetopsida","Ranunculales","Ranunculaceae","Aquilegia canadensis",2566,"L.","Aquilegia","canadensis","","","","","Brashier","s.n.","1966-07-21",1966,7,21,202,"1966-07-21","","Sandy area.",NA,"Bayfield","Pigeon Lake -- Jake's Lake",46.34228,-91.34901,NA,2257,"46.342280 N"," 91.349010 W","Georeferencing Quick Reference Guide 2012-10-02","Geolocate","",NA,"","July","Barnard; Brashier","Brashier"
"SUWS010793","Equisetopsida","Ranunculales","Ranunculaceae","Aquilegia canadensis",2566,"L.","Aquilegia","canadensis","","","","","Brashier","s.n.","1966-07-14",1966,7,14,195,"1966-07-14","","Open road bank.",NA,"Bayfield","4 miles S of Pigeon Lake on Hwy 222",46.28348,-91.32248,NA,2098,"46.283480 N"," 91.322480 W","Georeferencing Quick Reference Guide 2012-10-02","Geolocate","",NA,"","July","Hjerleid; Brashier","Brashier"
"SUWS010795","Equisetopsida","Ranunculales","Ranunculaceae","Thalictrum thalictroides",5219,"(L.) A.J.Eames & B.Boivin","Thalictrum","thalictroides","","","","","Romans","s.n.","1965-05-22",1965,5,22,142,"1965-05-22","","River bottom, clay soil. Collected 1 month after area was flooded.",NA,"Douglas","Superior. 3 miles S of Superior on Hwy 35 on the Ralph Law property. Nemadji River",46.65497,-92.10442,NA,4161,"46.654970 N"," 92.104420 W","Georeferencing Quick Reference Guide 2012-10-02","Geolocate","",NA,"","May","Brashier; Romans","Romans"
"SUWS010796","Equisetopsida","Ranunculales","Ranunculaceae","Thalictrum thalictroides",5219,"(L.) A.J.Eames & B.Boivin","Thalictrum","thalictroides","","","","","Romans","72b","1964-06-02",1964,6,2,154,"1964-06-02","","Sandy loam hillside in shade.",NA,"Pepin","Pepin. 5 miles N of Pepin on Hwy 183",44.50692,-92.17439,NA,1200,"44.506920 N"," 92.174390 W","Guide Version 2012-10-02","Geolocate","",NA,"","June","Brashier; Romans","Romans"
"SUWS010797","","","","Anemonella",NA,"Spach","","","","","","","Romans","143b","1964-06-03",1964,6,3,155,"1964-06-03","","Sandy loam hillside covered with trees.",NA,"Juneau","Wonewoc. 1 mile N of Wonewoc on Hwy 82, W of roadside picnic area",43.66724,-90.22346,NA,1056,"43.667240 N"," 90.223460 W","Georeferencing Quick Reference Guide 2012-10-02","Geolocate","",NA,"","June","Brashier; Romans","Romans"
"SUWS010798","Equisetopsida","Ranunculales","Ranunculaceae","Thalictrum thalictroides",5219,"(L.) A.J.Eames & B.Boivin","Thalictrum","thalictroides","","","","","Romans","72c","1964-06-02",1964,6,2,154,"1964-06-02","","Sandy loam hillside in shade.",NA,"Pepin","Pepin. 5 miles N of Pepin on Hwy 183",44.50692,-92.17439,NA,1200,"44.506920 N"," 92.174390 W","Guide Version 2012-10-02","Geolocate","",NA,"","June","Brashier; Romans","Romans"
"SUWS010805","Equisetopsida","Ranunculales","Ranunculaceae","Caltha palustris",2843,"L.","Caltha","palustris","","","","","Romans","63","1964-06-05",1964,6,5,157,"1964-06-05","","Wet bog with dark black soil.",NA,"Oconto","Lena. 8 miles S of Lena, on U.S. Hwy 141 near roadside picnic area",44.83525,-88.04677,NA,2499,"44.835250 N"," 88.046770 W","Georeferencing Quick Reference Guide 2012-10-02","Geolocate","",NA,"","June","Brashier; Romans","Romans"
"SUWS010817","Equisetopsida","Ranunculales","Ranunculaceae","Coptis trifolia",3200,"(L.) Salisb.","Coptis","trifolia","","","","","Brashier","s.n.","1966-07-21",1966,7,21,202,"1966-07-21","","Old, open field.",NA,"Bayfield","1.5 miles N of Pigeon Lake Camp on Rd. 228",46.36317,-91.37424,NA,2788,"46.363170 N"," 91.374240 W","Georeferencing Quick Reference Guide 2012-10-02","Geolocate","",NA,"","July","Cornell; Brashier","Brashier"
"SUWS010824","Equisetopsida","Ranunculales","Ranunculaceae","Delphinium carolinianum subsp. virescens",6621,"(Nutt.) R.E.Brooks","Delphinium","carolinianum","virescens","subsp.","Cochrane, Theodore S.","Apr 2002","Brashier","s.n.","1966-07-02",1966,7,2,183,"1966-07-02","","Meadow with dry, rocky soil and many shrubs and grass.",NA,"St. Croix","Hudson. 3 miles E of Hudson on Hwy 12",44.97613,-92.68035,NA,1300,"44.976130 N"," 92.680350 W","Georeferencing Quick Reference Guide 2012-10-02","Geolocate","",NA,"","July","Holden; Brashier","Brashier"
"SUWS010833","Equisetopsida","Ranunculales","Ranunculaceae","Anemone americana",2529,"(DC.) H.Hara","Anemone","americana","","","","","Romans","s.n.","1965-05-01",1965,5,1,121,"1965-05-01","","Beneath trees; leaf litter.",NA,"Bayfield","Drummond. Pigeon Lake Field Camp, in camp proper.",46.34228,-91.34901,NA,2257,"46.342280 N"," 91.349010 W","Georeferencing Quick Reference Guide 2012-10-02","Geolocate","",NA,"","May","Brashier; Romans","Romans"
"SUWS010838","Equisetopsida","Ranunculales","Ranunculaceae","Ranunculus acris",4752,"L.","Ranunculus","acris","","","","","Brashier","s.n.","1966-07-16",1966,7,16,197,"1966-07-16","","Edge of stream.",NA,"Bayfield","White River",46.47814,-90.98825,NA,5401,"46.478140 N"," 90.988250 W","Georeferencing Quick Reference Guide 2012-10-02","Geolocate","",NA,"","July","Barnard; Brashier","Brashier"
"SUWS010844","Equisetopsida","Ranunculales","Ranunculaceae","Ranunculus acris",4752,"L.","Ranunculus","acris","","","","","Brashier","s.n.","1966-06-30",1966,6,30,181,"1966-06-30","","Roadside area with loose soil and grasses; woods further back.",NA,"Bayfield","3 miles SE of Pigeon Lake on Hwy 222",46.30782,-91.32289,NA,1634,"46.307820 N"," 91.322890 W","Georeferencing Quick Reference Guide 2012-10-02","Geolocate","",NA,"","June","Holden; Brashier","Brashier"
"SUWS010847","Equisetopsida","Ranunculales","Ranunculaceae","Ranunculus acris",4752,"L.","Ranunculus","acris","","","","","Brashier","s.n.","1966-07-17",1966,7,17,198,"1966-07-17","","Open field.",NA,"Bayfield","3 miles S of Pigeon Lake on Hwy 222",46.30782,-91.32289,NA,1634,"46.307820 N"," 91.322890 W","Georeferencing Quick Reference Guide 2012-10-02","Geolocate","",NA,"","July","Hjerleid; Brashier","Brashier"
"SUWS010849","Equisetopsida","Ranunculales","Ranunculaceae","Ranunculus acris",4752,"L.","Ranunculus","acris","","","","","Romans","130a","1964-08-19",1964,8,19,232,"1964-08-19","","Moist ditch.",NA,"Douglas","Superior. On campus of University of Wisconsin - Superior, near student center",46.71784,-92.08786,NA,699,"46.717840 N"," 92.087860 W","Georeferencing Quick Reference Guide 2012-10-02","Geolocate","",NA,"","August","Brashier; Romans","Romans"
"SUWS010856","Equisetopsida","Ranunculales","Ranunculaceae","Ranunculus aquatilis var. diffusus",6823,"With.","Ranunculus","aquatilis","diffusus","var.","Alverson, William S.","May 1979","Thoren","PL-63","1964-07-06",1964,7,6,188,"1964-07-06","","In water.",NA,"Bayfield","Pigeon Lake Field Station at Delta Hatchery",46.34228,-91.34901,NA,2257,"46.342280 N"," 91.349010 W","Georeferencing Quick Reference Guide 2012-10-02","Geolocate","",NA,"","July","Brashier; Thoren","Other Collectors"
"SUWS010859","Equisetopsida","Ranunculales","Ranunculaceae","Ranunculus aquatilis var. diffusus",6823,"With.","Ranunculus","aquatilis","diffusus","var.","","","Brashier","s.n.","1966-07-17",1966,7,17,198,"1966-07-17","","Shore of river, muddy shore line.",NA,"Bayfield","Mason. White River near bridge by Mason",46.47814,-90.98825,NA,5401,"46.478140 N"," 90.988250 W","Georeferencing Quick Reference Guide 2012-10-02","Geolocate","",NA,"","July","Cornell; Brashier","Brashier"
"SUWS010860","Equisetopsida","Ranunculales","Ranunculaceae","Ranunculus aquatilis var. diffusus",6823,"With.","Ranunculus","aquatilis","diffusus","var.","","","Brashier","s.n.","1966-07-16",1966,7,16,197,"1966-07-16","","Grows in stream - under water, current rapid, temperature 50 degrees F.",NA,"Bayfield","White River",46.47814,-90.98825,NA,5401,"46.478140 N"," 90.988250 W","Georeferencing Quick Reference Guide 2012-10-02","Geolocate","",NA,"","July","Holden; Brashier","Brashier"
"SUWS010862","Equisetopsida","Ranunculales","Ranunculaceae","Ranunculus pensylvanicus",4763,"L.f.","Ranunculus","pensylvanicus","","","","","Romans","207a","1964-06-27",1964,6,27,179,"1964-06-27","","Wet meadow area.",NA,"Douglas","Superior. 3 miles S of Superior on Hwy 35 on the Ralph Law property",46.65497,-92.10442,NA,4161,"46.654970 N"," 92.104420 W","Georeferencing Quick Reference Guide 2012-10-02","Geolocate","",NA,"","June","Brashier; Romans","Romans"
"SUWS010863","Equisetopsida","Ranunculales","Ranunculaceae","Ranunculus pensylvanicus",4763,"L.f.","Ranunculus","pensylvanicus","","","","","Brashier","s.n.","1966-07-14",1966,7,14,195,"1966-07-14","","Sandy, moist soil in an open area.",NA,"Bayfield","N shore of Jake's Lake [=Pigeon Lake]",46.34228,-91.34901,NA,2257,"46.342280 N"," 91.349010 W","Georeferencing Quick Reference Guide 2012-10-02","Geolocate","",NA,"","July","Cornell; Brashier","Brashier"
"SUWS010864","Equisetopsida","Ranunculales","Ranunculaceae","Ranunculus pensylvanicus",4763,"L.f.","Ranunculus","pensylvanicus","","","","","Brashier","s.n.","1966-07-19",1966,7,19,200,"1966-07-19","","Along side the river.",NA,"Bayfield","Along White River",46.47814,-90.98825,NA,5401,"46.478140 N"," 90.988250 W","Georeferencing Quick Reference Guide 2012-10-02","Geolocate","",NA,"","July","Barnard; Brashier","Brashier"
"SUWS010868","Equisetopsida","Ranunculales","Ranunculaceae","Ranunculus sceleratus",4767,"L.","Ranunculus","sceleratus","","","","","Romans","97b","1964-06-05",1964,6,5,157,"1964-06-05","","Vey wet bog area; soil dark black, shady, with many trees.",NA,"Oconto","Lena. 8 miles S of Lena, in vicinity of roadside picnic area",44.83525,-88.04677,NA,2499,"44.835250 N"," 88.046770 W","Georeferencing Quick Reference Guide 2012-10-02","Geolocate","",NA,"","June","Brashier; Romans","Romans"
"SUWS010869","Equisetopsida","Ranunculales","Ranunculaceae","Ranunculus recurvatus var. recurvatus",6827,"","Ranunculus","recurvatus","recurvatus","var.","","","Romans","s.n.","1965-06-10",1965,6,10,161,"1965-06-10","","Large white pine stand; sunny open area in path.",NA,"Bayfield","Drummond. 2 miles N of Drummond on Hwy 63 on Forest Service Road",46.36585,-91.25797,NA,1513,"46.365850 N"," 91.257970 W","Georeferencing Quick Reference Guide 2012-10-02","Geolocate","",NA,"","June","Brashier; Romans","Romans"
"SUWS010873","Equisetopsida","Ranunculales","Ranunculaceae","Thalictrum dioicum",5216,"L.","Thalictrum","dioicum","","","","","Romans","s.n.","1965-06-07",1965,6,7,158,"1965-06-07","","Rich, damp wood.",NA,"Douglas","Foxboro. 3 miles N of CTH B on Pelkey Rd., near Foxboro, on Rogge farm",46.49696,-92.25905,NA,886,"46.496960 N"," 92.259050 W","Georeferencing Quick Reference Guide 2012-10-02","Geolocate","",NA,"","June","Brashier; Romans","Romans"
"SUWS010876","Equisetopsida","Ranunculales","Ranunculaceae","Thalictrum dasycarpum",5215,"Fisch. & Avé-Lall.","Thalictrum","dasycarpum","","","","","Cherf","PL-146","1964-07-20",1964,7,20,202,"1964-07-20","","Open ground.",NA,"Bayfield","Pigeon Lake Field Station",46.34228,-91.34901,NA,2257,"46.342280 N"," 91.349010 W","Georeferencing Quick Reference Guide 2012-10-02","Geolocate","",NA,"","July","Brashier; Cherf","Other Collectors"
"SUWS010915","Equisetopsida","Rosales","Ulmaceae","Ulmus americana",5296,"L.","Ulmus","americana","","","","","Gall","PL-186","1964-08-23",1964,8,23,236,"1964-08-23","","",NA,"Bayfield","Pigeon Lake Field Station",46.34228,-91.34901,NA,2257,"46.342280 N"," 91.349010 W","Georeferencing Quick Reference Guide 2012-10-02","Geolocate","",NA,"","August","Brashier; Gall","Other Collectors"
"SUWS010916","Equisetopsida","Rosales","Ulmaceae","Ulmus americana",5296,"L.","Ulmus","americana","","","","","Grage","PL-187","1964-07-23",1964,7,23,205,"1964-07-23","","",NA,"Bayfield","Pigeon Lake Field Station",46.34228,-91.34901,NA,2257,"46.342280 N"," 91.349010 W","Georeferencing Quick Reference Guide 2012-10-02","Geolocate","",NA,"","July","Brashier; Grage","Other Collectors"
"SUWS010938","Equisetopsida","Rosales","Urticaceae","Urtica dioica subsp. gracilis",6922,"(Aiton) Selander","Urtica","dioica","gracilis","subsp.","","","Brashier","s.n.","1928-08-01",1928,8,1,214,"1928-08-01","","In a wooded area.",NA,"Bayfield","Cornucopia",46.85382,-91.10185,NA,3036,"46.853820 N"," 91.101850 W","Georeferencing Quick Reference Guide 2012-10-02","Geolocate","",NA,"","August","Shaw; Brashier","Brashier"
"SUWS010952","Equisetopsida","Fagales","Myricaceae","Comptonia peregrina",3184,"(L.) J.M.Coult.","Comptonia","peregrina","","","","","Brashier","s.n.","1964-07-22",1964,7,22,204,"1964-07-22","","Roadside area.",NA,"Bayfield","Drummond. E of Pigeon Lake near Drummond",46.33784,-91.29093,NA,2310,"46.337840 N"," 91.290930 W","Georeferencing Quick Reference Guide 2012-10-02","Geolocate","",NA,"","July","Wassgren; Brashier","Brashier"
"SUWS010955","Equisetopsida","Fagales","Myricaceae","Myrica gale",4308,"L.","Myrica","gale","","","","","Smith, C. W.","s.n.","1942-07-18",1942,7,18,199,"1942-07-18","","Sand island in bay.",NA,"Douglas","Superior. Sand Island, Superior Bay",46.73216,-92.0663,NA,5466,"46.732160 N"," 92.066300 W","Georeferencing Quick Reference Guide 2012-10-02","Geolocate","",NA,"","July","Thomson, John W., Jr.; Smith, C. W.","Other Collectors"
"SUWS010972","Equisetopsida","Fagales","Fagaceae","Quercus macrocarpa",4734,"Michx.","Quercus","macrocarpa","","","Cochrane, Theodore S.","Apr 2002","Smith","PL-207","1964-07-22",1964,7,22,204,"1964-07-22","","[Lvs of this sp. sometime very slightly lobed and vary from densely tomentose to almost glabrate - T.S. Cochrane, 2002]",NA,"Bayfield","Pigeon Lake Field Station",46.34228,-91.34901,NA,2257,"46.342280 N"," 91.349010 W","Georeferencing Quick Reference Guide 2012-10-02","Geolocate","",NA,"","July","Brashier; Smith","Other Collectors"
"SUWS010973","Equisetopsida","Fagales","Fagaceae","Quercus macrocarpa",4734,"Michx.","Quercus","macrocarpa","","","Cochrane, Theodore S.","Apr 2002","Walvoord","PL-208","1964-07-23",1964,7,23,205,"1964-07-23","","Near edge of woods. Lvs of this sp. sometime very slightly lobed and vary from densely tomentose to almost glabrate - T.S. Cochrane, 2002]",NA,"Bayfield","Pigeon Lake Field Station",46.34228,-91.34901,NA,2257,"46.342280 N"," 91.349010 W","Georeferencing Quick Reference Guide 2012-10-02","Geolocate","",NA,"","July","Brashier; Walvoord","Other Collectors"
"SUWS010977","Equisetopsida","Fagales","Fagaceae","Quercus ellipsoidalis",4733,"E.J.Hill","Quercus","ellipsoidalis","","","","","Walvoord","PL-209","1964-07-23",1964,7,23,205,"1964-07-23","","",NA,"Bayfield","Pigeon Lake Field Station",46.34228,-91.34901,NA,2257,"46.342280 N"," 91.349010 W","Georeferencing Quick Reference Guide 2012-10-02","Geolocate","",NA,"","July","Brashier; Walvoord","Other Collectors"
"SUWS010994","Equisetopsida","Fagales","Fagaceae","Quercus rubra",4737,"L.","Quercus","rubra","","","","","Ruff","PL-212","1964-07-28",1964,7,28,210,"1964-07-28","","",NA,"Bayfield","Pigeon Lake Field Station",46.34228,-91.34901,NA,2257,"46.342280 N"," 91.349010 W","Georeferencing Quick Reference Guide 2012-10-02","Geolocate","",NA,"","July","Brashier; Ruff","Other Collectors"
"SUWS010999","Equisetopsida","Fagales","Fagaceae","Quercus rubra",4737,"L.","Quercus","rubra","","","","","Janowski","PL-211","1964-07-20",1964,7,20,202,"1964-07-20","","",NA,"Bayfield","Pigeon Lake Field Station",46.34228,-91.34901,NA,2257,"46.342280 N"," 91.349010 W","Georeferencing Quick Reference Guide 2012-10-02","Geolocate","",NA,"","July","Brashier; Janowski","Other Collectors"
"SUWS011000","Equisetopsida","Fagales","Fagaceae","Quercus rubra",4737,"L.","Quercus","rubra","","","","","Thoren","PL-210","1964-07-27",1964,7,27,209,"1964-07-27","","",NA,"Bayfield","Pigeon Lake Field Station",46.34228,-91.34901,NA,2257,"46.342280 N"," 91.349010 W","Georeferencing Quick Reference Guide 2012-10-02","Geolocate","",NA,"","July","Brashier; Thoren","Other Collectors"
"SUWS011034","Equisetopsida","Fagales","Betulaceae","Alnus viridis subsp. crispa",6479,"(Aiton) Turrill","Alnus","viridis","crispa","subsp.","","","Smith, C. W.","s.n.","1942-07-18",1942,7,18,199,"1942-07-18","","",NA,"Douglas","Superior. Sand Island in Superior Bay",46.73216,-92.0663,NA,5466,"46.732160 N"," 92.066300 W","Georeferencing Quick Reference Guide 2012-10-02","Geolocate","",NA,"","July","Thomson, John W., Jr.; Smith, C. W.","Other Collectors"
"SUWS011047","Equisetopsida","Fagales","Betulaceae","Betula papyrifera",2738,"Marshall","Betula","papyrifera","","","","","Grage","PL-184","1964-07-23",1964,7,23,205,"1964-07-23","","",NA,"Bayfield","Pigeon Lake Field Station",46.34228,-91.34901,NA,2257,"46.342280 N"," 91.349010 W","Georeferencing Quick Reference Guide 2012-10-02","Geolocate","",NA,"","July","Brashier; Grage","Other Collectors"
"SUWS011048","Equisetopsida","Fagales","Betulaceae","Betula papyrifera",2738,"Marshall","Betula","papyrifera","","","","","Gall","PL-185","1964-07-23",1964,7,23,205,"1964-07-23","","",NA,"Bayfield","Pigeon Lake Field Station",46.34228,-91.34901,NA,2257,"46.342280 N"," 91.349010 W","Georeferencing Quick Reference Guide 2012-10-02","Geolocate","",NA,"","July","Brashier; Gall","Other Collectors"
"SUWS011070","Equisetopsida","Fagales","Betulaceae","Carpinus caroliniana subsp. virginiana",6568,"(Marshall) Furlow","Carpinus","caroliniana","virginiana","subsp.","","","Walvoord","PL-181","1964-07-23",1964,7,23,205,"1964-07-23","","",NA,"Bayfield","Pigeon Lake Field Station",46.34228,-91.34901,NA,2257,"46.342280 N"," 91.349010 W","Georeferencing Quick Reference Guide 2012-10-02","Geolocate","",NA,"","July","Brashier; Walvoord","Other Collectors"
"SUWS011071","Equisetopsida","Fagales","Betulaceae","Carpinus caroliniana subsp. virginiana",6568,"(Marshall) Furlow","Carpinus","caroliniana","virginiana","subsp.","","","Grage","PL-183","1964-07-14",1964,7,14,196,"1964-07-14","","",NA,"Bayfield","Pigeon Lake Field Station",46.34228,-91.34901,NA,2257,"46.342280 N"," 91.349010 W","Georeferencing Quick Reference Guide 2012-10-02","Geolocate","",NA,"","July","Brashier; Grage","Other Collectors"
"SUWS011072","Equisetopsida","Fagales","Betulaceae","Carpinus caroliniana subsp. virginiana",6568,"(Marshall) Furlow","Carpinus","caroliniana","virginiana","subsp.","","","Gunderson","PL-182","1964-07-17",1964,7,17,199,"1964-07-17","","",NA,"Bayfield","Pigeon Lake Field Station",46.34228,-91.34901,NA,2257,"46.342280 N"," 91.349010 W","Georeferencing Quick Reference Guide 2012-10-02","Geolocate","",NA,"","July","Brashier; Gunderson","Other Collectors"
"SUWS011076","Equisetopsida","Fagales","Betulaceae","Corylus americana",3227,"Walter","Corylus","americana","","","","","Walvoord","PL-176","1964-07-23",1964,7,23,205,"1964-07-23","","",NA,"Bayfield","Pigeon Lake Field Station",46.34228,-91.34901,NA,2257,"46.342280 N"," 91.349010 W","Georeferencing Quick Reference Guide 2012-10-02","Geolocate","",NA,"","July","Brashier; Walvoord","Other Collectors"
"SUWS011078","Equisetopsida","Fagales","Betulaceae","Corylus americana",3227,"Walter","Corylus","americana","","","","","Grage","PL-177","1964-07-14",1964,7,14,196,"1964-07-14","","Deciduous woods.",NA,"Bayfield","Pigeon Lake Field Station",46.34228,-91.34901,NA,2257,"46.342280 N"," 91.349010 W","Georeferencing Quick Reference Guide 2012-10-02","Geolocate","",NA,"","July","Brashier; Grage","Other Collectors"
"SUWS011083","Equisetopsida","Fagales","Betulaceae","Corylus cornuta subsp. cornuta",6595,"","Corylus","cornuta","cornuta","subsp.","","","Janowski","PL-175","1964-07-24",1964,7,24,206,"1964-07-24","","",NA,"Bayfield","Pigeon Lake Field Station",46.34228,-91.34901,NA,2257,"46.342280 N"," 91.349010 W","Georeferencing Quick Reference Guide 2012-10-02","Geolocate","",NA,"","July","Brashier; Janowski","Other Collectors"
"SUWS011084","Equisetopsida","Fagales","Betulaceae","Corylus cornuta subsp. cornuta",6595,"","Corylus","cornuta","cornuta","subsp.","","","Smith","PL-180","1964-07-22",1964,7,22,204,"1964-07-22","","",NA,"Bayfield","Pigeon Lake Field Station",46.34228,-91.34901,NA,2257,"46.342280 N"," 91.349010 W","Georeferencing Quick Reference Guide 2012-10-02","Geolocate","",NA,"","July","Brashier; Smith","Other Collectors"
"SUWS011090","Equisetopsida","Fagales","Betulaceae","Ostrya virginiana",4386,"(Mill.) K.Koch","Ostrya","virginiana","","","","","Walvoord","PL-178","1964-07-23",1964,7,23,205,"1964-07-23","","",NA,"Bayfield","Pigeon Lake Field Station",46.34228,-91.34901,NA,2257,"46.342280 N"," 91.349010 W","Georeferencing Quick Reference Guide 2012-10-02","Geolocate","",NA,"","July","Brashier; Walvoord","Other Collectors"
"SUWS011091","Equisetopsida","Fagales","Betulaceae","Ostrya virginiana",4386,"(Mill.) K.Koch","Ostrya","virginiana","","","","","Gall","PL-179","1964-07-25",1964,7,25,207,"1964-07-25","","",NA,"Bayfield","Pigeon Lake Field Station",46.34228,-91.34901,NA,2257,"46.342280 N"," 91.349010 W","Georeferencing Quick Reference Guide 2012-10-02","Geolocate","",NA,"","July","Brashier; Gall","Other Collectors"
"SUWS011092","Equisetopsida","Fagales","Betulaceae","Ostrya virginiana",4386,"(Mill.) K.Koch","Ostrya","virginiana","","","","","Grage","PL-162a","1964-07-14",1964,7,14,196,"1964-07-14","","In deciduous woods.",NA,"Bayfield","Pigeon Lake Field Station. W of lake.",46.34228,-91.34901,NA,2257,"46.342280 N"," 91.349010 W","Georeferencing Quick Reference Guide 2012-10-02","Geolocate","",NA,"","July","Brashier; Grage","Other Collectors"
"SUWS011104","Equisetopsida","Caryophyllales","Nyctaginaceae","Mirabilis nyctaginea",4264,"(Michx.) MacMill.","Mirabilis","nyctaginea","","","Cochrane, Theodore S.","Nov 1974","Romans","48a","1964-06-02",1964,6,2,154,"1964-06-02","","Full sunlight near RR embankment.",NA,"Pierce","East Ellsworth. 2 miles N of East Ellsworth, on Hwy 35, near RR embankment",44.76115,-92.48741,NA,400,"44.761150 N"," 92.487410 W","Georeferencing Quick Reference Guide 2012-10-02","Geolocate","",NA,"","June","Brashier; Romans","Romans"
"SUWS011105","Equisetopsida","Caryophyllales","Nyctaginaceae","Mirabilis nyctaginea",4264,"(Michx.) MacMill.","Mirabilis","nyctaginea","","","Cochrane, Theodore S.","Nov 1974","Romans","138a","1964-06-03",1964,6,3,155,"1964-06-03","","Open sunlight, sandy soil on RR embankment.",NA,"Juneau","Wonewoc. 1 mile N of Wonewoc, on State Hwy 82, E of picnic area on railroad embankment",43.66724,-90.22346,NA,1056,"43.667240 N"," 90.223460 W","Georeferencing Quick Reference Guide 2012-10-02","Geolocate","",NA,"","June","Brashier; Romans","Romans"
"SUWS011113","Equisetopsida","Caryophyllales","Amaranthaceae","Chenopodium album",3105,"L.","Chenopodium","album","","","","","Gunderson","PL-112","1964-07-25",1964,7,25,207,"1964-07-25","","Open field area.",NA,"Bayfield","Pigeon Lake Field Station",46.34228,-91.34901,NA,2257,"46.342280 N"," 91.349010 W","Georeferencing Quick Reference Guide 2012-10-02","Geolocate","",NA,"","July","Brashier; Gunderson","Other Collectors"
"SUWS011115","Equisetopsida","Caryophyllales","Amaranthaceae","Chenopodium album",3105,"L.","Chenopodium","album","","","","","Thoren","PL-113","1964-07-24",1964,7,24,206,"1964-07-24","","Open fields.",NA,"Bayfield","Pigeon Lake Field Station",46.34228,-91.34901,NA,2257,"46.342280 N"," 91.349010 W","Georeferencing Quick Reference Guide 2012-10-02","Geolocate","",NA,"","July","Brashier; Thoren","Other Collectors"
"SUWS011118","Equisetopsida","Caryophyllales","Amaranthaceae","Chenopodium album",3105,"L.","Chenopodium","album","","","","","Romans","171c","1964-08-03",1964,8,3,216,"1964-08-03","","Around manure pile in barnyard.",NA,"Douglas","Patzau. 0.5 mile W of State Hwy 35 on CTH BB on the James Romans property [ca. 2mi E of Patzau]",46.48986,-92.18414,NA,1517,"46.489860 N"," 92.184140 W","Georeferencing Quick Reference Guide 2012-10-02","Geolocate","",NA,"","August","Brashier; Romans","Romans"
"SUWS011123","Equisetopsida","Caryophyllales","Amaranthaceae","Chenopodium capitatum var. capitatum",6575,"","Chenopodium","capitatum","capitatum","var.","","","Brashier","s.n.","1966-07-27",1966,7,27,208,"1966-07-27","","Sandy shore line. Sandy shore line.",NA,"Bayfield","W shore of Pigeon Lake",46.34228,-91.34901,NA,2257,"46.342280 N"," 91.349010 W","Georeferencing Quick Reference Guide 2012-10-02","Geolocate","",NA,"","July","Hjerleid; Brashier","Brashier"
"SUWS011124","Equisetopsida","Caryophyllales","Amaranthaceae","Chenopodium capitatum var. capitatum",6575,"","Chenopodium","capitatum","capitatum","var.","","","Parrish","PL-109","1964-07-23",1964,7,23,205,"1964-07-23","","Sandy soil. Sandy soil.",NA,"Bayfield","Pigeon Lake Field Station",46.34228,-91.34901,NA,2257,"46.342280 N"," 91.349010 W","Georeferencing Quick Reference Guide 2012-10-02","Geolocate","",NA,"","July","Brashier; Parrish","Other Collectors"
"SUWS011125","Equisetopsida","Caryophyllales","Amaranthaceae","Chenopodium capitatum var. capitatum",6575,"","Chenopodium","capitatum","capitatum","var.","","","Janowski","PL-110","1964-07-12",1964,7,12,194,"1964-07-12","","Open soil area. Open soil area.",NA,"Bayfield","Pigeon Lake Field Station",46.34228,-91.34901,NA,2257,"46.342280 N"," 91.349010 W","Georeferencing Quick Reference Guide 2012-10-02","Geolocate","",NA,"","July","Brashier; Janowski","Other Collectors"
"SUWS011126","Equisetopsida","Caryophyllales","Amaranthaceae","Chenopodium capitatum var. capitatum",6575,"","Chenopodium","capitatum","capitatum","var.","","","Walvoord","PL-111","1964-07-18",1964,7,18,200,"1964-07-18","","Open field area. Open field area.",NA,"Bayfield","Pigeon Lake Field Station",46.34228,-91.34901,NA,2257,"46.342280 N"," 91.349010 W","Georeferencing Quick Reference Guide 2012-10-02","Geolocate","",NA,"","July","Brashier; Walvoord","Other Collectors"
"SUWS011128","Equisetopsida","Caryophyllales","Amaranthaceae","Chenopodium capitatum var. capitatum",6575,"","Chenopodium","capitatum","capitatum","var.","","","Brashier","s.n.","1966-07-21",1966,7,21,202,"1966-07-21","","An old field. An old field.",NA,"Bayfield","1.5 miles N of Pigeon Lake Camp on Rd. 228",46.36317,-91.37424,NA,2788,"46.363170 N"," 91.374240 W","Georeferencing Quick Reference Guide 2012-10-02","Geolocate","",NA,"","July","Cornell; Brashier","Brashier"
"SUWS011130","Equisetopsida","Asterales","Asteraceae","Artemisia ludoviciana subsp. ludoviciana",6499,"","Artemisia","ludoviciana","ludoviciana","subsp.","Cochrane, Theodore S.","Apr 2002","Romans","174c","1964-08-04",1964,8,4,217,"1964-08-04","","Very sandy roadside bordering scrub oak forest.",NA,"Burnett","Danbury. 3 miles E of State Hwy 35 on State Hwy 77 [near Danbury]",46.0357,-92.27174,NA,300,"46.035700 N"," 92.271740 W","Georeferencing Quick Reference Guide 2012-10-02","Geolocate","",NA,"","August","Brashier; Romans","Romans"
"SUWS011154","Equisetopsida","Caryophyllales","Amaranthaceae","Amaranthus retroflexus",2500,"L.","Amaranthus","retroflexus","","","","","Romans","127a","1964-08-18",1964,8,18,231,"1964-08-18","","Cultivated potato field.",NA,"Douglas","Patzau. James Romans farm 0.5 mile W of State Hwy 35 on CTH BB [ca. 2mi E of Patzau]",46.48986,-92.18414,NA,1517,"46.489860 N"," 92.184140 W","Georeferencing Quick Reference Guide 2012-10-02","Geolocate","",NA,"","August","Brashier; Romans","Romans"
"SUWS011161","Equisetopsida","Caryophyllales","Portulacaceae","Portulaca oleracea",4613,"L.","Portulaca","oleracea","","","","","Brashier","s.n.","1964-08-07",1964,8,7,220,"1964-08-07","","Found in a lawn.",NA,"Douglas","Superior. Univ. Wiconsin - Superior campus, near sidewalk by the student center",46.71784,-92.08786,NA,699,"46.717840 N"," 92.087860 W","Georeferencing Quick Reference Guide 2012-10-02","Geolocate","",NA,"","August","Romans; Brashier","Brashier"
"SUWS011173","Equisetopsida","Caryophyllales","Caryophyllaceae","Cerastium fontanum subsp. vulgare",6572,"(Hartm.) Greuter & Burdet","Cerastium","fontanum","vulgare","subsp.","Cochrane, Theodore S.","Apr 2002","Brashier","s.n.","1966-07-21",1966,7,21,202,"1966-07-21","","Sandy, loose soil in an open field.",NA,"Bayfield","2 miles N of Pigeon Lake Camp on Hwy 224",46.36259,-91.39982,NA,2688,"46.362590 N"," 91.399820 W","Georeferencing Quick Reference Guide 2012-10-02","Geolocate","",NA,"","July","Cornell; Brashier","Brashier"
"SUWS011177","Equisetopsida","Caryophyllales","Caryophyllaceae","Cerastium fontanum subsp. vulgare",6572,"(Hartm.) Greuter & Burdet","Cerastium","fontanum","vulgare","subsp.","","","Brashier","s.n.","1964-07-15",1964,7,15,197,"1964-07-15","","Along road going north from camp.",NA,"Bayfield","Pigeon Lake Field Station",46.34228,-91.34901,NA,2257,"46.342280 N"," 91.349010 W","Georeferencing Quick Reference Guide 2012-10-02","Geolocate","",NA,"","July","Cherf; Brashier","Brashier"
"SUWS011181","Equisetopsida","Caryophyllales","Caryophyllaceae","Cerastium fontanum subsp. vulgare",6572,"(Hartm.) Greuter & Burdet","Cerastium","fontanum","vulgare","subsp.","","","Brashier","s.n.","1966-07-13",1966,7,13,194,"1966-07-13","","Sandy beach, grassy.",NA,"Bayfield","N shore of Pigeon Lake",46.34228,-91.34901,NA,2257,"46.342280 N"," 91.349010 W","Georeferencing Quick Reference Guide 2012-10-02","Geolocate","",NA,"","July","Holden; Brashier","Brashier"
"SUWS011183","Equisetopsida","Caryophyllales","Caryophyllaceae","Cerastium fontanum subsp. vulgare",6572,"(Hartm.) Greuter & Burdet","Cerastium","fontanum","vulgare","subsp.","","","Brashier","s.n.","1966-07-07",1966,7,7,188,"1966-07-07","","Sandy, loose soil; surrounded by dense woods.",NA,"Bayfield","Drummond. 4 miles E of Drummond on Hwy 216-213",46.33686,-91.17409,NA,2372,"46.336860 N"," 91.174090 W","Georeferencing Quick Reference Guide 2012-10-02","Geolocate","",NA,"","July","Cornell; Brashier","Brashier"
"SUWS011187","Equisetopsida","Caryophyllales","Caryophyllaceae","Cerastium fontanum subsp. vulgare",6572,"(Hartm.) Greuter & Burdet","Cerastium","fontanum","vulgare","subsp.","","","Brashier","s.n.","1966-07-20",1966,7,20,201,"1966-07-20","","Sandy beach, sparsely grassy.",NA,"Bayfield","N side of Middle Eau Claire Lake, Hwy 27",46.29554,-91.52141,NA,2423,"46.295540 N"," 91.521410 W","Georeferencing Quick Reference Guide 2012-10-02","Geolocate","",NA,"","July","Holden; Brashier","Brashier"
"SUWS011198","Equisetopsida","Caryophyllales","Caryophyllaceae","Silene latifolia subsp. alba",13322,"Poir.","Silene","latifolia","alba","subsp.","","","Brashier","s.n.","1966-07-08",1966,7,8,189,"1966-07-08","","Sandy.",NA,"Bayfield","Cable",46.20801,-91.29213,NA,3036,"46.208010 N"," 91.292130 W","Georeferencing Quick Reference Guide 2012-10-02","Geolocate","",NA,"","July","Barnard; Brashier","Brashier"
"SUWS011199","Equisetopsida","Caryophyllales","Caryophyllaceae","Silene latifolia subsp. alba",13322,"Poir.","Silene","latifolia","alba","subsp.","","","Brashier","s.n.","1966-07-17",1966,7,17,198,"1966-07-17","","Roadside bank.",NA,"Bayfield","Hwy 228, 0.5 mile N of Pigeon Lake",46.34952,-91.34901,NA,2257,"46.349520 N"," 91.349010 W","Georeferencing Quick Reference Guide 2012-10-02","Geolocate","",NA,"","July","Hjerleid; Brashier","Brashier"
"SUWS011201","Equisetopsida","Caryophyllales","Caryophyllaceae","Silene latifolia subsp. alba",13322,"Poir.","Silene","latifolia","alba","subsp.","","","Janowski","PL-69","1964-06-24",1964,6,24,176,"1964-06-24","","Lake nature trail.",NA,"Bayfield","Pigeon Lake Field Station",46.34228,-91.34901,NA,2257,"46.342280 N"," 91.349010 W","Georeferencing Quick Reference Guide 2012-10-02","Geolocate","",NA,"","June","Brashier; Janowski","Other Collectors"
"SUWS011202","Equisetopsida","Caryophyllales","Caryophyllaceae","Silene latifolia subsp. alba",13322,"Poir.","Silene","latifolia","alba","subsp.","","","Cherf","PL-70","1964-07-22",1964,7,22,204,"1964-07-22","","Sandy roadside.",NA,"Bayfield","Pigeon Lake Field Station",46.34228,-91.34901,NA,2257,"46.342280 N"," 91.349010 W","Georeferencing Quick Reference Guide 2012-10-02","Geolocate","",NA,"","July","Brashier; Cherf","Other Collectors"
"SUWS011218","Equisetopsida","Caryophyllales","Caryophyllaceae","Silene csereii",5045,"Baumg.","Silene","csereii","","","","","Fassett, Norman C.","s.n.","1938-06-17",1938,6,17,168,"1938-06-17","","Along railroad.",NA,"Juneau","New Lisbon",43.87988,-90.15923,NA,2735,"43.879880 N"," 90.159230 W","Georeferencing Quick Reference Guide 2012-10-02","Geolocate","",NA,"","June","Thomson, John W., Jr.; Fassett, Norman C.","Other Collectors"
"SUWS011229","Equisetopsida","Caryophyllales","Caryophyllaceae","Silene vulgaris",5054,"(Moench) Garcke","Silene","vulgaris","","","","","Brashier","s.n.","1966-07-23",1966,7,23,204,"1966-07-23","","Gravelly, sparsely grassy roadside.",NA,"Bayfield","Hwy 63, 7 miles S of Drummond [near Price Lake]",46.23555,-91.25797,NA,1791,"46.235550 N"," 91.257970 W","Georeferencing Quick Reference Guide 2012-10-02","Geolocate","",NA,"","July","Holden; Brashier","Brashier"
"SUWS011238","Equisetopsida","Caryophyllales","Caryophyllaceae","Stellaria longifolia",5155,"Muhl. ex Willd.","Stellaria","longifolia","","","","","Smith, C. W.","s.n.","1942-07-18",1942,7,18,199,"1942-07-18","","",NA,"Douglas","Superior. Sand Island in Superior Bay",46.73216,-92.0663,NA,5466,"46.732160 N"," 92.066300 W","Georeferencing Quick Reference Guide 2012-10-02","Geolocate","",NA,"","July","Thomson, John W., Jr.; Smith, C. W.","Other Collectors"
"SUWS011239","Equisetopsida","Caryophyllales","Caryophyllaceae","Stellaria longifolia",5155,"Muhl. ex Willd.","Stellaria","longifolia","","","","","Grage","PL-140","1964-06-25",1964,6,25,177,"1964-06-25","","On nature trail.",NA,"Bayfield","Pigeon Lake Field Station",46.34228,-91.34901,NA,2257,"46.342280 N"," 91.349010 W","Georeferencing Quick Reference Guide 2012-10-02","Geolocate","",NA,"","June","Brashier; Grage","Other Collectors"
"SUWS011241","Equisetopsida","Caryophyllales","Caryophyllaceae","Stellaria longifolia",5155,"Muhl. ex Willd.","Stellaria","longifolia","","","","","Romans","197a","1964-06-20",1964,6,20,172,"1964-06-20","","Edge of woods, clay soil.",NA,"Douglas","Superior. 3 miles S of Superior on State Hwy 35 on the Ralph Law property",46.65497,-92.10442,NA,4161,"46.654970 N"," 92.104420 W","Georeferencing Quick Reference Guide 2012-10-02","Geolocate","",NA,"","June","Brashier; Romans","Romans"
"SUWS011242","Equisetopsida","Caryophyllales","Caryophyllaceae","Stellaria longifolia",5155,"Muhl. ex Willd.","Stellaria","longifolia","","","","","Brashier","s.n.","1966-07-21",1966,7,21,202,"1966-07-21","","Old, open field.",NA,"Bayfield","2 miles N of Pigeon Lake Camp on Hwy 224",46.36259,-91.39982,NA,2688,"46.362590 N"," 91.399820 W","Georeferencing Quick Reference Guide 2012-10-02","Geolocate","",NA,"","July","Cornell; Brashier","Brashier"
"SUWS011243","Equisetopsida","Caryophyllales","Caryophyllaceae","Stellaria longifolia",5155,"Muhl. ex Willd.","Stellaria","longifolia","","","","","Brashier","s.n.","1966-07-12",1966,7,12,193,"1966-07-12","","Meadow with tall grass, surrounded by woods.",NA,"Bayfield","Cty. Trunk 228, 3 miles N of Pigeon Lake",46.38512,-91.3369,NA,1541,"46.385120 N"," 91.336900 W","Georeferencing Quick Reference Guide 2012-10-02","Geolocate","",NA,"","July","Holden; Brashier","Brashier"
"SUWS011245","Equisetopsida","Caryophyllales","Caryophyllaceae","Stellaria longifolia",5155,"Muhl. ex Willd.","Stellaria","longifolia","","","","","Thoren","PL-139","1964-07-06",1964,7,6,188,"1964-07-06","","Brookside.",NA,"Douglas","Brule. Brule Hatchery",46.53529,-91.58211,NA,1088,"46.535290 N"," 91.582110 W","Georeferencing Quick Reference Guide 2012-10-02","Geolocate","",NA,"","July","Brashier; Thoren","Other Collectors"
"SUWS011263","Equisetopsida","Caryophyllales","Polygonaceae","Polygonum amphibium",12303,"L.","Polygonum","amphibium","","","","","Grage","PL-20","1964-07-08",1964,7,8,190,"1964-07-08","","Shore of lake.",NA,"Bayfield","Pigeon Lake Field Station, on N shore",46.34228,-91.34901,NA,2257,"46.342280 N"," 91.349010 W","Georeferencing Quick Reference Guide 2012-10-02","Geolocate","",NA,"","July","Brashier; Grage","Other Collectors"
"SUWS011264","Equisetopsida","Caryophyllales","Polygonaceae","Polygonum amphibium",12303,"L.","Polygonum","amphibium","","","","","Brashier","s.n.","1966-08-01",1966,8,1,213,"1966-08-01","","Sandy moist shore.",NA,"Bayfield","NE shore of Pigeon Lake",46.34228,-91.34901,NA,2257,"46.342280 N"," 91.349010 W","Georeferencing Quick Reference Guide 2012-10-02","Geolocate","",NA,"","August","Cornell; Brashier","Brashier"
"SUWS011265","Equisetopsida","Caryophyllales","Polygonaceae","Polygonum amphibium",12303,"L.","Polygonum","amphibium","","","","","Brashier","s.n.","1966-07-22",1966,7,22,203,"1966-07-22","","Edge of water.",NA,"Bayfield","SE shore Pigeon Lake",46.34228,-91.34901,NA,2257,"46.342280 N"," 91.349010 W","Georeferencing Quick Reference Guide 2012-10-02","Geolocate","",NA,"","July","Hjerleid; Brashier","Brashier"
"SUWS011266","Equisetopsida","Caryophyllales","Polygonaceae","Polygonum amphibium",12303,"L.","Polygonum","amphibium","","","","","Brashier","s.n.","1964-07-01",1964,7,1,183,"1964-07-01","","On the beach.",NA,"Bayfield","Pigeon Lake Field Station",46.34228,-91.34901,NA,2257,"46.342280 N"," 91.349010 W","Georeferencing Quick Reference Guide 2012-10-02","Geolocate","",NA,"","July","Parrish; Brashier","Brashier"
"SUWS011267","Equisetopsida","Caryophyllales","Polygonaceae","Polygonum amphibium",12303,"L.","Polygonum","amphibium","","","","","Brashier","s.n.","1964-07-01",1964,7,1,183,"1964-07-01","","Beach.",NA,"Bayfield","Pigeon Lake Field Station",46.34228,-91.34901,NA,2257,"46.342280 N"," 91.349010 W","Georeferencing Quick Reference Guide 2012-10-02","Geolocate","",NA,"","July","Parrish; Brashier","Brashier"
"SUWS011269","Equisetopsida","Caryophyllales","Polygonaceae","Polygonum amphibium",12303,"L.","Polygonum","amphibium","","","","","Brashier","s.n.","1966-07-21",1966,7,21,202,"1966-07-21","","Growing in middle of lake.",NA,"Bayfield","NE end of Pigeon Lake",46.34228,-91.34901,NA,2257,"46.342280 N"," 91.349010 W","Georeferencing Quick Reference Guide 2012-10-02","Geolocate","",NA,"","July","Cornell; Brashier","Brashier"
"SUWS011271","Equisetopsida","Caryophyllales","Polygonaceae","Polygonum amphibium",12303,"L.","Polygonum","amphibium","","","","","Ruff","PL-21","1964-07-15",1964,7,15,197,"1964-07-15","","",NA,"Bayfield","Pigeon Lake Field Station",46.34228,-91.34901,NA,2257,"46.342280 N"," 91.349010 W","Georeferencing Quick Reference Guide 2012-10-02","Geolocate","",NA,"","July","Brashier; Ruff","Other Collectors"
"SUWS011273","Equisetopsida","Caryophyllales","Polygonaceae","Polygonum amphibium",12303,"L.","Polygonum","amphibium","","","","","Romans","229a","1964-07-07",1964,7,7,189,"1964-07-07","","Near water's edge on sandy beach of lake.",NA,"Bayfield","Drummond. Pigeon Lake Biology Field Station, on shore of Pigeon Lake",46.34228,-91.34901,NA,2257,"46.342280 N"," 91.349010 W","Georeferencing Quick Reference Guide 2012-10-02","Geolocate","",NA,"","July","Brashier; Romans","Romans"
"SUWS011281","Equisetopsida","Caryophyllales","Polygonaceae","Polygonum aviculare subsp. aviculare",19462,"L.","Polygonum","aviculare","aviculare","subsp.","","","C., E. A.","s.n.","1927-08-25",1927,8,25,237,"1927-08-25","","",NA,"Douglas","Superior",46.68122,-92.06631,NA,12939,"46.681220 N"," 92.066310 W","Georeferencing Quick Reference Guide 2012-10-02","Geolocate","",NA,"","August","McC., N. V.; C., E. A.","Other Collectors"
"SUWS011291","Equisetopsida","Caryophyllales","Polygonaceae","Polygonum cilinode",13039,"Michx.","Polygonum","cilinode","","","Cochrane, Theodore S.","Mar 1972","Brashier","s.n.","1964-07-20",1964,7,20,202,"1964-07-20","","In sandy soil along the road.",NA,"Bayfield","Pigeon Lake Field Station",46.34228,-91.34901,NA,2257,"46.342280 N"," 91.349010 W","Georeferencing Quick Reference Guide 2012-10-02","Geolocate","",NA,"","July","Cherf; Brashier","Brashier"
"SUWS011292","Equisetopsida","Caryophyllales","Polygonaceae","Polygonum cilinode",13039,"Michx.","Polygonum","cilinode","","","Cochrane, Theodore S.","Mar 1972","Brashier","s.n.","1966-07-27",1966,7,27,208,"1966-07-27","","Woody to open area.",NA,"Bayfield","Lake Owen picnic area",46.30245,-91.22102,NA,1359,"46.302450 N"," 91.221020 W","Georeferencing Quick Reference Guide 2012-10-02","Geolocate","",NA,"","July","Hjerleid; Brashier","Brashier"
"SUWS011294","Equisetopsida","Caryophyllales","Polygonaceae","Polygonum cilinode",13039,"Michx.","Polygonum","cilinode","","","Cochrane, Theodore S.","Mar 1972","Brashier","s.n.","1966-07-27",1966,7,27,208,"1966-07-27","","Approximately 15 feet from shore, soil sandy and moist.",NA,"Bayfield","NE shore of Pigeon Lake",46.34228,-91.34901,NA,2257,"46.342280 N"," 91.349010 W","Georeferencing Quick Reference Guide 2012-10-02","Geolocate","",NA,"","July","Cornell; Brashier","Brashier"
"SUWS011296","Equisetopsida","Caryophyllales","Polygonaceae","Polygonum cilinode",13039,"Michx.","Polygonum","cilinode","","","Cochrane, Theodore S.","Mar 1972","Walvoord","PL-22","1964-07-09",1964,7,9,191,"1964-07-09","","",NA,"Bayfield","Pigeon Lake Field Station",46.34228,-91.34901,NA,2257,"46.342280 N"," 91.349010 W","Georeferencing Quick Reference Guide 2012-10-02","Geolocate","",NA,"","July","Brashier; Walvoord","Other Collectors"
"SUWS011302","Equisetopsida","Caryophyllales","Polygonaceae","Polygonum lapathifolium",13194,"L.","Polygonum","lapathifolium","","","","","Romans","201b","1964-08-03",1964,8,3,216,"1964-08-03","","In barnyard, near manure heap.",NA,"Douglas","Patzau. 0.5 mile W of State Hwy 35 on CTH BB on the James Romans property [ca. 2mi E of Patzau]",46.48986,-92.18414,NA,1517,"46.489860 N"," 92.184140 W","Georeferencing Quick Reference Guide 2012-10-02","Geolocate","",NA,"","August","Brashier; Romans","Romans"
"SUWS011304","Equisetopsida","Caryophyllales","Polygonaceae","Polygonum lapathifolium",13194,"L.","Polygonum","lapathifolium","","","","","Romans","126c","1964-08-18",1964,8,18,231,"1964-08-18","","Cultivated potato field.",NA,"Douglas","Patzau. On James Romans farm 0.5 mile W of state Hwy 35 on CTH BB, [ca. 2mi E of Patzau]",46.48986,-92.18414,NA,1517,"46.489860 N"," 92.184140 W","Georeferencing Quick Reference Guide 2012-10-02","Geolocate","",NA,"","August","Brashier; Romans","Romans"
"SUWS011316","Equisetopsida","Caryophyllales","Polygonaceae","Polygonum pensylvanicum",13197,"L.","Polygonum","pensylvanicum","","","","","Brashier","s.n.","1966-08-01",1966,8,1,213,"1966-08-01","","Sandy, moist shore.",NA,"Bayfield","NE shore of Pigeon Lake",46.34228,-91.34901,NA,2257,"46.342280 N"," 91.349010 W","Georeferencing Quick Reference Guide 2012-10-02","Geolocate","",NA,"","August","Hjerleid; Brashier","Brashier"
"SUWS011317","Equisetopsida","Caryophyllales","Polygonaceae","Polygonum pensylvanicum",13197,"L.","Polygonum","pensylvanicum","","","","","Brashier","s.n.","1966-08-01",1966,8,1,213,"1966-08-01","","Sandy, moist shore.",NA,"Bayfield","NE shore of Pigeon Lake",46.34228,-91.34901,NA,2257,"46.342280 N"," 91.349010 W","Georeferencing Quick Reference Guide 2012-10-02","Geolocate","",NA,"","August","Cornell; Brashier","Brashier"
"SUWS011319","Equisetopsida","Caryophyllales","Polygonaceae","Polygonum sagittatum",13199,"L.","Polygonum","sagittatum","","","Cochrane, Theodore S.","Mar 1972","Romans","196a","1964-08-18",1964,8,18,231,"1964-08-18","","Brushy, wet ditchside bordering road.",NA,"Douglas","Patzau. 2 miles W of State Hwy 35 on CTH BB [E of Patzau]",46.48986,-92.18414,NA,1517,"46.489860 N"," 92.184140 W","Georeferencing Quick Reference Guide 2012-10-02","Geolocate","",NA,"","August","Brashier; Romans","Romans"
"SUWS011324","Equisetopsida","Caryophyllales","Polygonaceae","Rumex acetosella",4916,"L.","Rumex","acetosella","","","","","Brashier","s.n.","1964-07-15",1964,7,15,197,"1964-07-15","","Roadside, sandy soil.",NA,"Bayfield","Pigeon Lake Field Station",46.34228,-91.34901,NA,2257,"46.342280 N"," 91.349010 W","Georeferencing Quick Reference Guide 2012-10-02","Geolocate","",NA,"","July","Cherf; Brashier","Brashier"
"SUWS011325","Equisetopsida","Caryophyllales","Polygonaceae","Rumex acetosella",4916,"L.","Rumex","acetosella","","","","","Brashier","s.n.","1964-06-25",1964,6,25,177,"1964-06-25","","Along the roadside.",NA,"Bayfield","Pigeon Lake Field Station",46.34228,-91.34901,NA,2257,"46.342280 N"," 91.349010 W","Georeferencing Quick Reference Guide 2012-10-02","Geolocate","",NA,"","June","Valaskey; Brashier","Brashier"
"SUWS011328","Equisetopsida","Caryophyllales","Polygonaceae","Rumex acetosella",4916,"L.","Rumex","acetosella","","","","","Romans","14a","1964-06-01",1964,6,1,153,"1964-06-01","","Sandy open pasture area.",NA,"Douglas","Patzau. 0.5 mile W of State Hwy 35 on CTH BB on the James Romans farm [ca. 2mi E of Patzau]",46.48986,-92.18414,NA,1517,"46.489860 N"," 92.184140 W","Georeferencing Quick Reference Guide 2012-10-02","Geolocate","",NA,"","June","Brashier; Romans","Romans"
"SUWS011332","Equisetopsida","Caryophyllales","Polygonaceae","Rumex acetosella",4916,"L.","Rumex","acetosella","","","","","Brashier","s.n.","1964-06-30",1964,6,30,182,"1964-06-30","","In a bog near the lake.",NA,"Bayfield","Drummond",46.33689,-91.25797,NA,6377,"46.336890 N"," 91.257970 W","Georeferencing Quick Reference Guide 2012-10-02","Geolocate","",NA,"","June","Muller; Brashier","Brashier"
"SUWS011333","Equisetopsida","Caryophyllales","Polygonaceae","Rumex acetosella",4916,"L.","Rumex","acetosella","","","","","Brashier","s.n.","1966-07-02",1966,7,2,183,"1966-07-02","","Soil sandy with sawdust; ground cover sparse.",NA,"Bayfield","Drummond. NE edge of factory district of Drummond",46.33689,-91.25797,NA,6377,"46.336890 N"," 91.257970 W","Georeferencing Quick Reference Guide 2012-10-02","Geolocate","",NA,"","July","Cornell; Brashier","Brashier"
"SUWS011335","Equisetopsida","Caryophyllales","Polygonaceae","Rumex crispus",4918,"L.","Rumex","crispus","","","","","Brashier","s.n.","1943-08-02",1943,8,2,214,"1943-08-02","","In a rubbish pile in an open field.",NA,"Douglas","Superior",46.68122,-92.06631,NA,12939,"46.681220 N"," 92.066310 W","Georeferencing Quick Reference Guide 2012-10-02","Geolocate","",NA,"","August","Hicks, James; Brashier","Brashier"
"SUWS011336","Equisetopsida","Caryophyllales","Polygonaceae","Rumex crispus",4918,"L.","Rumex","crispus","","","","","Grage","PL-123","1964-07-04",1964,7,4,186,"1964-07-04","","Sandy soil.",NA,"Bayfield","Grand View",46.36745,-91.10825,NA,7936,"46.367450 N"," 91.108250 W","Georeferencing Quick Reference Guide 2012-10-02","Geolocate","",NA,"","July","Brashier; Grage","Other Collectors"
"SUWS011337","Equisetopsida","Caryophyllales","Polygonaceae","Rumex crispus",4918,"L.","Rumex","crispus","","","","","Romans","131a","1964-08-19",1964,8,19,232,"1964-08-19","","Moist ditch.",NA,"Douglas","Superior. On campus of Univ. of Wisconsin - Superior, near the student center",46.71784,-92.08786,NA,699,"46.717840 N"," 92.087860 W","Georeferencing Quick Reference Guide 2012-10-02","Geolocate","",NA,"","August","Brashier; Romans","Romans"
"SUWS011349","Equisetopsida","Malvales","Malvaceae","Tilia americana var. americana",6915,"","Tilia","americana","americana","var.","","","Janowski","PL-172","1964-07-21",1964,7,21,203,"1964-07-21","","",NA,"Bayfield","Pigeon Lake Field Station",46.34228,-91.34901,NA,2257,"46.342280 N"," 91.349010 W","Georeferencing Quick Reference Guide 2012-10-02","Geolocate","",NA,"","July","Brashier; Janowski","Other Collectors"
"SUWS011351","Equisetopsida","Malvales","Malvaceae","Tilia americana var. americana",6915,"","Tilia","americana","americana","var.","","","Smith","PL-173","1964-07-22",1964,7,22,204,"1964-07-22","","",NA,"Bayfield","Pigeon Lake Field Station",46.34228,-91.34901,NA,2257,"46.342280 N"," 91.349010 W","Georeferencing Quick Reference Guide 2012-10-02","Geolocate","",NA,"","July","Brashier; Smith","Other Collectors"
"SUWS011366","Equisetopsida","Malvales","Malvaceae","Malva neglecta",4191,"Wallr.","Malva","neglecta","","","","","Romans","277a","1964-06-16",1964,6,16,168,"1964-06-16","","Sand, open area.",NA,"Bayfield","Pigeon Lake Field Station",46.34228,-91.34901,NA,2257,"46.342280 N"," 91.349010 W","Georeferencing Quick Reference Guide 2012-10-02","Geolocate","",NA,"","June","Brashier; Romans","Romans"
"SUWS011367","Equisetopsida","Malvales","Malvaceae","Malva neglecta",4191,"Wallr.","Malva","neglecta","","","","","Cherf","PL-76","1964-07-25",1964,7,25,207,"1964-07-25","","Parking lot - sandy soil.",NA,"Bayfield","Pigeon Lake Field Station",46.34228,-91.34901,NA,2257,"46.342280 N"," 91.349010 W","Georeferencing Quick Reference Guide 2012-10-02","Geolocate","",NA,"","July","Brashier; Cherf","Other Collectors"
"SUWS011368","Equisetopsida","Malvales","Malvaceae","Malva neglecta",4191,"Wallr.","Malva","neglecta","","","","","Valaskey","PL-75","1964-07-23",1964,7,23,205,"1964-07-23","","Next to parking lot of station.",NA,"Bayfield","Pigeon Lake Field Station",46.34228,-91.34901,NA,2257,"46.342280 N"," 91.349010 W","Georeferencing Quick Reference Guide 2012-10-02","Geolocate","",NA,"","July","Brashier; Valaskey","Other Collectors"
"SUWS011385","Equisetopsida","Malpighiales","Violaceae","Viola labradorica",5391,"Schrank","Viola","labradorica","","","","","Romans","s.n.","1965-06-07",1965,6,7,158,"1965-06-07","","Rich wooded area.",NA,"Douglas","Foxboro. 3 miles N of CTH B on the Pelkey Road near Foxboro",46.49696,-92.25905,NA,886,"46.496960 N"," 92.259050 W","Georeferencing Quick Reference Guide 2012-10-02","Geolocate","",NA,"","June","Brashier; Romans","Romans"
"SUWS011386","Equisetopsida","Malpighiales","Violaceae","Viola labradorica",5391,"Schrank","Viola","labradorica","","","","","Romans","s.n.","1965-05-22",1965,5,22,142,"1965-05-22","","River bottom, clay soil. Collected 1 month after area was flooded.",NA,"Douglas","Superior. 3 miles S of Superior on State Hwy 35 on the Ralph Law property, near the Nemadji River",46.65497,-92.10442,NA,4161,"46.654970 N"," 92.104420 W","Georeferencing Quick Reference Guide 2012-10-02","Geolocate","",NA,"","May","Brashier; Romans","Romans"
"SUWS011387","Equisetopsida","Malpighiales","Violaceae","Viola labradorica",5391,"Schrank","Viola","labradorica","","","","","Romans","s.n.","1965-05-22",1965,5,22,142,"1965-05-22","","River bottom, clay soil. Specimen collected 1 month after area was flooded.",NA,"Douglas","Superior. 3 miles S of Superior on State Hwy 35 on the Ralph Law property, near the Nemadji River",46.65497,-92.10442,NA,4161,"46.654970 N"," 92.104420 W","Georeferencing Quick Reference Guide 2012-10-02","Geolocate","",NA,"","May","Brashier; Romans","Romans"
"SUWS011388","Equisetopsida","Malpighiales","Violaceae","Viola cucullata",5390,"Aiton","Viola","cucullata","","","","","Romans","84c","1964-06-01",1964,6,1,153,"1964-06-01","","Cold swampy area in shade of tag alder brush.",NA,"Douglas","Patzau. 0.5 mile W of State Hwy 35 on CTH BB, on the James Romans farm [ca. 2mi E of Patzau]",46.48986,-92.18414,NA,1517,"46.489860 N"," 92.184140 W","Georeferencing Quick Reference Guide 2012-10-02","Geolocate","",NA,"","June","Brashier; Romans","Romans"
"SUWS011389","Equisetopsida","Malpighiales","Violaceae","Viola cucullata",5390,"Aiton","Viola","cucullata","","","","","Romans","84a","1964-06-01",1964,6,1,153,"1964-06-01","","Cold swampy area in shade of tag alder brush.",NA,"Douglas","Patzau. 0.5 mile W of State Hwy 35 on CTH BB on the James Romans farm [ca. 2mi E of Patzau]",46.48986,-92.18414,NA,1517,"46.489860 N"," 92.184140 W","Georeferencing Quick Reference Guide 2012-10-02","Geolocate","",NA,"","June","Brashier; Romans","Romans"
"SUWS011391","Equisetopsida","Malpighiales","Violaceae","Viola lanceolata var. lanceolata",6942,"","Viola","lanceolata","lanceolata","var.","","","Romans","s.n.","1965-06-08",1965,6,8,159,"1965-06-08","","On lake shore near conservation builidings, sand.",NA,"Douglas","Solon Springs. Solon Springs Wildlife Sanctuary",46.35327,-91.82241,NA,4012,"46.353270 N"," 91.822410 W","Georeferencing Quick Reference Guide 2012-10-02","Geolocate","",NA,"","June","Brashier; Romans","Romans"
"SUWS011393","Equisetopsida","Malpighiales","Violaceae","Viola canadensis",5389,"L.","Viola","canadensis","","","Cochrane, Theodore S.","25Jan2010","Romans","s.n.","1965-05-22",1965,5,22,142,"1965-05-22","","Clay soil, river bottom. Collected 1 month after area was flooded.",NA,"Douglas","Superior. 3 miles S of Superior on State Hwy 35 on the Ralph Law property, near the Nemadji River",46.65497,-92.10442,NA,4161,"46.654970 N"," 92.104420 W","Georeferencing Quick Reference Guide 2012-10-02","Geolocate","",NA,"","May","Brashier; Romans","Romans"
"SUWS011401","Equisetopsida","Malpighiales","Violaceae","Viola pubescens",5399,"Aiton","Viola","pubescens","","","","","Romans","s.n.","1965-05-22",1965,5,22,142,"1965-05-22","","River bottom, clay soil. Collected 1 month after area was flooded.",NA,"Douglas","Superior. 3 miles S of Superior on State Hwy 35 on the Ralph Law property, near the Nemadji River",46.65497,-92.10442,NA,4161,"46.654970 N"," 92.104420 W","Georeferencing Quick Reference Guide 2012-10-02","Geolocate","",NA,"","May","Brashier; Romans","Romans"
"SUWS011410","Equisetopsida","Malpighiales","Violaceae","Viola pedata",5397,"L.","Viola","pedata","","","","","Romans","3b","1964-06-01",1964,6,1,153,"1964-06-01","","Open, sandy area bordering the highway.",NA,"Burnett","Danbury. 3 miles S of Danbury, at the jct. of old 35 Rd., and State Hwy 35",45.96741,-92.36349,NA,150,"45.967410 N"," 92.363490 W","Georeferencing Quick Reference Guide 2012-10-02","Geolocate","",NA,"","June","Brashier; Romans","Romans"
"SUWS011411","Equisetopsida","Malpighiales","Violaceae","Viola pedata",5397,"L.","Viola","pedata","","","","","Romans","3a","1964-06-01",1964,6,1,153,"1964-06-01","","Open, sandy area bordering the highway.",NA,"Burnett","Danbury. 3 miles S of Danbury, at the jct. of old 35 Rd., and State Hwy 35",45.96741,-92.36349,NA,150,"45.967410 N"," 92.363490 W","Georeferencing Quick Reference Guide 2012-10-02","Geolocate","",NA,"","June","Brashier; Romans","Romans"
"SUWS011415","Equisetopsida","Malpighiales","Violaceae","Viola macloskeyi subsp. pallens",6943,"(Banks ex Ging.) M.S.Baker","Viola","macloskeyi","pallens","subsp.","","","Romans","12b","1964-06-01",1964,6,1,153,"1964-06-01","","Moist area with dark black soil.",NA,"Douglas","Patzau. 0.5 mile W of State Hwy 35 on CTH BB on the James Romans property [ca. 2mi E of Patzau]",46.48986,-92.18414,NA,1517,"46.489860 N"," 92.184140 W","Georeferencing Quick Reference Guide 2012-10-02","Geolocate","",NA,"","June","Brashier; Romans","Romans"
"SUWS011421","Equisetopsida","Malpighiales","Violaceae","Viola sororia",5404,"Willd.","Viola","sororia","","","","","Romans","s.n.","1965-06-07",1965,6,7,158,"1965-06-07","","Roadside in sand; near bog.",NA,"Douglas","Patzau. 0.5 mile W State Hwy 35 on CTH BB on the James Romans property [ca. 2mi E of Patzau]",46.48986,-92.18414,NA,1517,"46.489860 N"," 92.184140 W","Georeferencing Quick Reference Guide 2012-10-02","Geolocate","",NA,"","June","Brashier; Romans","Romans"
"SUWS011423","Equisetopsida","Malpighiales","Violaceae","Viola sororia",5404,"Willd.","Viola","sororia","","","","","Romans","s.n.","1965-06-07",1965,6,7,158,"1965-06-07","","Roadside in sand, near bog.",NA,"Douglas","Patzau. 0.5 mile W State Hwy 35 on CTH BB on the James Romans property [ca. 2mi E of Patzau]",46.48986,-92.18414,NA,1517,"46.489860 N"," 92.184140 W","Georeferencing Quick Reference Guide 2012-10-02","Geolocate","",NA,"","June","Brashier; Romans","Romans"
"SUWS011424","Equisetopsida","Malpighiales","Violaceae","Viola sororia",5404,"Willd.","Viola","sororia","","","","","Romans","s.n.","1965-06-10",1965,6,10,161,"1965-06-10","","In forest path in virgin white pine forest; shaded.",NA,"Bayfield","Drummond. 2.5 miles N of Drummond on Hwy 63",46.3456,-91.19926,NA,3287,"46.345600 N"," 91.199260 W","Georeferencing Quick Reference Guide 2012-10-02","Geolocate","",NA,"","June","Brashier; Romans","Romans"
"SUWS011425","Equisetopsida","Malpighiales","Violaceae","Viola tricolor",5406,"L.","Viola","tricolor","","","Cochrane, Theodore S.","25Jan2010","Brashier","s.n.","1966-07-26",1966,7,26,207,"1966-07-26","","Very rich soil.",NA,"Burnett","Nemakogen River area [Bayfield Co. - original in error]",46.08287,-92.11127,NA,5000,"46.082870 N"," 92.111270 W","Georeferencing Quick Reference Guide 2012-10-02","Geolocate","",NA,"","July","Mackensen; Brashier","Brashier"
"SUWS011426","Equisetopsida","Malpighiales","Violaceae","Viola sagittata var. sagittata",6947,"","Viola","sagittata","sagittata","var.","Cochrane, Theodore S.","25Jan2010","Romans","s.n.","1965-06-07",1965,6,7,158,"1965-06-07","","Wet ditchside.",NA,"Douglas","Superior. 5 miles S of Superior on Hwy 35",46.63637,-92.10374,NA,4228,"46.636370 N"," 92.103740 W","Georeferencing Quick Reference Guide 2012-10-02","Geolocate","",NA,"","June","Brashier; Romans","Romans"
"SUWS011428","Equisetopsida","Malpighiales","Violaceae","Viola sagittata var. sagittata",6947,"","Viola","sagittata","sagittata","var.","Cochrane, Theodore S.","25Jan2010","Romans","s.n.","1965-06-07",1965,6,7,158,"1965-06-07","","Wet ditchside.",NA,"Douglas","Superior. 5 miles S of Superior on Hwy 35",46.63637,-92.10374,NA,4228,"46.636370 N"," 92.103740 W","Georeferencing Quick Reference Guide 2012-10-02","Geolocate","",NA,"","June","Brashier; Romans","Romans"
"SUWS011429","Equisetopsida","Malpighiales","Violaceae","Viola cucullata",5390,"Aiton","Viola","cucullata","","","Cochrane, Theodore S.","25Jan2010","Romans","s.n.","1965-05-22",1965,5,22,142,"1965-05-22","","River bottom, clay soil. Collected 1 month after area was flooded.",NA,"Douglas","Superior. 3 miles S of Superior on State Hwy 35 on the Ralph Law property, near the Nemadji River",46.65497,-92.10442,NA,4161,"46.654970 N"," 92.104420 W","Georeferencing Quick Reference Guide 2012-10-02","Geolocate","",NA,"","May","Brashier; Romans","Romans"
"SUWS011430","Equisetopsida","Malpighiales","Violaceae","Viola sagittata var. sagittata",6947,"","Viola","sagittata","sagittata","var.","Cochrane, Theodore S.","25Jan2010","Romans","s.n.","1965-06-08",1965,6,8,159,"1965-06-08","","Open area in field, wet.",NA,"Douglas","Superior. Wisconsin State University Forest [Don't think it exists anymore]",46.46411,-91.8994,NA,45399,"46.464110 N"," 91.899400 W","Georeferencing Quick Reference Guide 2012-10-02","Geolocate","",NA,"","June","Brashier; Romans","Romans"
"SUWS011431","Equisetopsida","Malpighiales","Violaceae","Viola renifolia",5400,"A.Gray","Viola","renifolia","","","","","Romans","s.n.","1965-05-20",1965,5,20,140,"1965-05-20","","Wet soil near swamp; rich soil.",NA,"Douglas","Patzau. 0.5 mile W of State Hwy 35 on CTH BB on the James Romans property [ca. 2mi E of Patzau]",46.48986,-92.18414,NA,1517,"46.489860 N"," 92.184140 W","Georeferencing Quick Reference Guide 2012-10-02","Geolocate","",NA,"","May","Brashier; Romans","Romans"
"SUWS011442","Equisetopsida","Malpighiales","Salicaceae","Populus grandidentata",4609,"Michx.","Populus","grandidentata","","","","","Walvoord","PL-198","1964-07-23",1964,7,23,205,"1964-07-23","","",NA,"Bayfield","Pigeon Lake Field Station",46.34228,-91.34901,NA,2257,"46.342280 N"," 91.349010 W","Georeferencing Quick Reference Guide 2012-10-02","Geolocate","",NA,"","July","Brashier; Walvoord","Other Collectors"
"SUWS011443","Equisetopsida","Malpighiales","Salicaceae","Populus grandidentata",4609,"Michx.","Populus","grandidentata","","","","","Grage","PL-200","1964-07-23",1964,7,23,205,"1964-07-23","","",NA,"Bayfield","Pigeon Lake Field Station",46.34228,-91.34901,NA,2257,"46.342280 N"," 91.349010 W","Georeferencing Quick Reference Guide 2012-10-02","Geolocate","",NA,"","July","Brashier; Grage","Other Collectors"
"SUWS011468","Equisetopsida","Malpighiales","Salicaceae","Populus tremuloides",4611,"Michx.","Populus","tremuloides","","","","","Smith","PL-203","1964-07-22",1964,7,22,204,"1964-07-22","","",NA,"Bayfield","Pigeon Lake Field Station [Douglas Co. - original in error]",46.34228,-91.34901,NA,2257,"46.342280 N"," 91.349010 W","Georeferencing Quick Reference Guide 2012-10-02","Geolocate","",NA,"","July","Brashier; Smith","Other Collectors"
"SUWS011469","Equisetopsida","Malpighiales","Salicaceae","Populus tremuloides",4611,"Michx.","Populus","tremuloides","","","","","Valaskey","PL-201","1964-07-23",1964,7,23,205,"1964-07-23","","",NA,"Bayfield","Pigeon Lake Field Station",46.34228,-91.34901,NA,2257,"46.342280 N"," 91.349010 W","Georeferencing Quick Reference Guide 2012-10-02","Geolocate","",NA,"","July","Brashier; Valaskey","Other Collectors"
"SUWS011470","Equisetopsida","Malpighiales","Salicaceae","Populus tremuloides",4611,"Michx.","Populus","tremuloides","","","","","Gunderson","PL-202","1964-07-17",1964,7,17,199,"1964-07-17","","",NA,"Bayfield","Pigeon Lake Field Station",46.34228,-91.34901,NA,2257,"46.342280 N"," 91.349010 W","Georeferencing Quick Reference Guide 2012-10-02","Geolocate","",NA,"","July","Brashier; Gunderson","Other Collectors"
"SUWS011482","Equisetopsida","Caryophyllales","Caryophyllaceae","Cerastium fontanum subsp. vulgare",6572,"(Hartm.) Greuter & Burdet","Cerastium","fontanum","vulgare","subsp.","","","Brashier","s.n.","1966-07-24",1966,7,24,205,"1966-07-24","","Sandy open ground.",NA,"Bayfield","NW side of Pigeon Lake",46.34228,-91.34901,NA,2257,"46.342280 N"," 91.349010 W","Georeferencing Quick Reference Guide 2012-10-02","Geolocate","",NA,"","July","Hjerleid; Brashier","Brashier"
"SUWS011537","Equisetopsida","Malpighiales","Salicaceae","Salix pyrifolia",4959,"Andersson","Salix","pyrifolia","","","","","Romans","91a","1964-06-06",1964,6,6,158,"1964-06-06","","In brushy area adjacent to road.",NA,"Bayfield","Cornucopia. 1 block W of Cornucopia on State Hwy 13",46.84725,-91.1276,NA,1867,"46.847250 N"," 91.127600 W","Georeferencing Quick Reference Guide 2012-10-02","Geolocate","",NA,"","June","Brashier; Romans","Romans"
"SUWS011546","Equisetopsida","Brassicales","Brassicaceae","Arabis lyrata",9711,"L.","Arabis","lyrata","","","Cochrane, Theodore S.","Jan 1971","Romans","s.n.","1965-06-08",1965,6,8,159,"1965-06-08","","Sandy roadside.",NA,"Douglas","Gordon. 0.5 mile N of Gordon on U.S. Hwy 53",46.25413,-91.79852,NA,977,"46.254130 N"," 91.798520 W","Georeferencing Quick Reference Guide 2012-10-02","Geolocate","",NA,"","June","Brashier; Romans","Romans"
"SUWS011553","Equisetopsida","Brassicales","Brassicaceae","Barbarea vulgaris",2718,"W.T.Aiton","Barbarea","vulgaris","","","Cochrane, Theodore S.","Mar 1977","Romans","23a","1964-06-01",1964,6,1,153,"1964-06-01","","Open, sandy loam pasture land.",NA,"Douglas","Patzau. 0.5 mile W of State Hwy 35 on CTH BB, on the James Romans farm [ca. 2mi E of Patzau]",46.48986,-92.18414,NA,1517,"46.489860 N"," 92.184140 W","Georeferencing Quick Reference Guide 2012-10-02","Geolocate","",NA,"","June","Brashier; Romans","Romans"
"SUWS011554","Equisetopsida","Brassicales","Brassicaceae","Barbarea vulgaris",2718,"W.T.Aiton","Barbarea","vulgaris","","","Cochrane, Theodore S.","Feb-77","Romans","23c","1964-06-01",1964,6,1,153,"1964-06-01","","Open, sandy loam pasture land.",NA,"Douglas","Patzau. 0.5 mile W of State Hwy 35 on CTH BB, on the James Romans farm [ca. 2mi E of Patzau]",46.48986,-92.18414,NA,1517,"46.489860 N"," 92.184140 W","Georeferencing Quick Reference Guide 2012-10-02","Geolocate","",NA,"","June","Brashier; Romans","Romans"
"SUWS011557","Equisetopsida","Brassicales","Brassicaceae","Berteroa incana",2732,"(L.) DC.","Berteroa","incana","","","Cochrane, Theodore S.","Mar 1972","Brashier","s.n.","1966-07-20",1966,7,20,201,"1966-07-20","","Sandy roadside, somewhat gravelly.",NA,"Bayfield","3 miles W of [Pigeon Lake] Field Station on CTH N",46.34226,-91.41192,NA,1302,"46.342260 N"," 91.411920 W","Georeferencing Quick Reference Guide 2012-10-02","Geolocate","",NA,"","July","Mackensen; Brashier","Brashier"
"SUWS011558","Equisetopsida","Brassicales","Brassicaceae","Berteroa incana",2732,"(L.) DC.","Berteroa","incana","","","Cochrane, Theodore S.","Jan 1971","Brashier","s.n.","1964-06-21",1964,6,21,173,"1964-06-21","","Roadside.",NA,"Douglas","Superior",46.68122,-92.06631,NA,12939,"46.681220 N"," 92.066310 W","Georeferencing Quick Reference Guide 2012-10-02","Geolocate","",NA,"","June","Holmgren; Brashier","Brashier"
"SUWS011559","Equisetopsida","Brassicales","Brassicaceae","Berteroa incana",2732,"(L.) DC.","Berteroa","incana","","","","","Castle, R.","94-13D","1994-07-06",1994,7,6,187,"1994-07-06","","Sandy soils. To 3 feet tall, white flowers.",NA,"Douglas","Superior. Barkers Island Bird Sanctuary",46.718,-92.05575,NA,844,"46.718000 N"," 92.055750 W","Georeferencing Quick Reference Guide 2012-10-02","Geolocate","",NA,"","July","Anderson, D.; Castle, R.","Castle, R."
"SUWS011560","Equisetopsida","Brassicales","Brassicaceae","Berteroa incana",2732,"(L.) DC.","Berteroa","incana","","","Cochrane, Theodore S.","Mar 1972","Romans","125a","1964-08-18",1964,8,18,231,"1964-08-18","","Very dry, sandy soil, in a gravel pit.",NA,"Douglas","Patzau. 1 mile E of Patzau on CTH BB",46.49133,-92.19972,NA,979,"46.491330 N"," 92.199720 W","Georeferencing Quick Reference Guide 2012-10-02","Geolocate","",NA,"","August","Brashier; Romans","Romans"
"SUWS011563","Equisetopsida","Brassicales","Brassicaceae","Berteroa incana",2732,"(L.) DC.","Berteroa","incana","","","Cochrane, Theodore S.","Jan 1971","Brashier","s.n.","1964-06-02",1964,6,2,154,"1964-06-02","","Sandy hilltop area adjacent to road leading down to park and river.",NA,"St. Croix","Somerset. Within city limits of Somerset at entrance to city park on Hwy 35",45.12547,-92.67195,NA,1500,"45.125470 N"," 92.671950 W","Georeferencing Quick Reference Guide 2012-10-02","Geolocate","",NA,"","June","Romans; Brashier","Brashier"
"SUWS011564","Equisetopsida","Brassicales","Brassicaceae","Berteroa incana",2732,"(L.) DC.","Berteroa","incana","","","Cochrane, Theodore S.","Jan 1971","Valaskey","PL-40","1964-06-25",1964,6,25,177,"1964-06-25","","On nature trail.",NA,"Bayfield","Pigeon Lake Field Station",46.34228,-91.34901,NA,2257,"46.342280 N"," 91.349010 W","Georeferencing Quick Reference Guide 2012-10-02","Geolocate","",NA,"","June","Brashier; Valaskey","Other Collectors"
"SUWS011565","Equisetopsida","Brassicales","Brassicaceae","Berteroa incana",2732,"(L.) DC.","Berteroa","incana","","","Cochrane, Theodore S.","Jan 1971","Brashier","s.n.","1966-07-04",1966,7,4,185,"1966-07-04","","Sandy, loose soil; cover of low grasses and herbs.",NA,"Bayfield","7 miles S of Drummond on Hwy 63 [W of Price Lake]",46.23555,-91.25797,NA,1791,"46.235550 N"," 91.257970 W","Georeferencing Quick Reference Guide 2012-10-02","Geolocate","",NA,"","July","Cornell; Brashier","Brashier"
"SUWS011566","Equisetopsida","Brassicales","Brassicaceae","Berteroa incana",2732,"(L.) DC.","Berteroa","incana","","","Cochrane, Theodore S.","Jan 1971","Brashier","s.n.","1966-07-23",1966,7,23,204,"1966-07-23","","Gravel bank along the roadside with only a few plants.",NA,"Bayfield","7 miles S of Drummond on Hwy 63 [W of Price Lake]",46.23555,-91.25797,NA,1791,"46.235550 N"," 91.257970 W","Georeferencing Quick Reference Guide 2012-10-02","Geolocate","",NA,"","July","Holden; Brashier","Brashier"
"SUWS011572","Equisetopsida","Brassicales","Brassicaceae","Capsella bursa-pastoris",2869,"(L.) Medik.","Capsella","bursa-pastoris","","","Cochrane, Theodore S.","Feb-72","Brashier","s.n.","1966-07-21",1966,7,21,202,"1966-07-21","","Grassy, meadow surrounded by woods.",NA,"Bayfield","3 miles N of Pigeon Lake on Hwy 228",46.38536,-91.3369,NA,1073,"46.385360 N"," 91.336900 W","Georeferencing Quick Reference Guide 2012-10-02","Geolocate","",NA,"","July","Holden; Brashier","Brashier"
"SUWS011574","Equisetopsida","Brassicales","Brassicaceae","Capsella bursa-pastoris",2869,"(L.) Medik.","Capsella","bursa-pastoris","","","Cochrane, Theodore S.","Feb-72","Brashier","s.n.","1966-07-28",1966,7,28,209,"1966-07-28","","Sandy abandoned road.",NA,"Bayfield","N of Pigeon Lake",46.3745,-91.34935,NA,3898,"46.374500 N"," 91.349350 W","Georeferencing Quick Reference Guide 2012-10-02","Geolocate","",NA,"","July","Barnard; Brashier","Brashier"
"SUWS011576","Equisetopsida","Brassicales","Brassicaceae","Capsella bursa-pastoris",2869,"(L.) Medik.","Capsella","bursa-pastoris","","","Cochrane, Theodore S.","Feb-72","Romans","17c","1964-06-01",1964,6,1,153,"1964-06-01","","Sandy, pasture area.",NA,"Douglas","Patzau. 0.5 mile W of State Hwy 35 on CTH BB on the James Romans farm [ca. 2mi E of Patzau]",46.48986,-92.18414,NA,1517,"46.489860 N"," 92.184140 W","Georeferencing Quick Reference Guide 2012-10-02","Geolocate","",NA,"","June","Brashier; Romans","Romans"
"SUWS011577","Equisetopsida","Brassicales","Brassicaceae","Capsella bursa-pastoris",2869,"(L.) Medik.","Capsella","bursa-pastoris","","","Cochrane, Theodore S.","Feb-72","Parrish","PL-115","1964-07-12",1964,7,12,194,"1964-07-12","","Field.",NA,"Bayfield","Pigeon Lake Field Station",46.34228,-91.34901,NA,2257,"46.342280 N"," 91.349010 W","Georeferencing Quick Reference Guide 2012-10-02","Geolocate","",NA,"","July","Brashier; Parrish","Other Collectors"
"SUWS011578","Equisetopsida","Brassicales","Brassicaceae","Capsella bursa-pastoris",2869,"(L.) Medik.","Capsella","bursa-pastoris","","","Cochrane, Theodore S.","Feb-72","Brashier","s.n.","1966-07-26",1966,7,26,207,"1966-07-26","","Roadside sand and low grasses.",NA,"Bayfield","1 mile W of CTH D - Pigeon Lake",46.3418,-91.34766,NA,2037,"46.341800 N"," 91.347660 W","Georeferencing Quick Reference Guide 2012-10-02","Geolocate","",NA,"","July","Mackensen; Brashier","Brashier"
"SUWS011579","Equisetopsida","Brassicales","Brassicaceae","Capsella bursa-pastoris",2869,"(L.) Medik.","Capsella","bursa-pastoris","","","","","Romans","17a","1964-06-01",1964,6,1,153,"1964-06-01","","Sandy, pasture area.",NA,"Douglas","Patzau. 0.5 mile W of State Hwy 35 on CTH BB on the James Romans farm [ca. 2mi E of Patzau]",46.48986,-92.18414,NA,1517,"46.489860 N"," 92.184140 W","Georeferencing Quick Reference Guide 2012-10-02","Geolocate","",NA,"","June","Brashier; Romans","Romans"
"SUWS011580","Equisetopsida","Brassicales","Brassicaceae","Capsella bursa-pastoris",2869,"(L.) Medik.","Capsella","bursa-pastoris","","","Cochrane, Theodore S.","Feb-72","Brashier","s.n.","1966-07-29",1966,7,29,210,"1966-07-29","","Roadside area.",NA,"Bayfield","Drummond. On Hwy A [CTH N] between Drummond and Pigeon Lake",46.33903,-91.30226,NA,3519,"46.339030 N"," 91.302260 W","Georeferencing Quick Reference Guide 2012-10-02","Geolocate","",NA,"","July","Hjerleid; Brashier","Brashier"
"SUWS011587","Equisetopsida","Brassicales","Brassicaceae","Conringia orientalis",3191,"(L.) Dumort.","Conringia","orientalis","","","Cochrane, Theodore S.","Mar 1972","Fassett, Norman C.","5118","1942-06-12",1942,6,12,163,"1942-06-12","","Edge of field.",NA,"Douglas","Superior. S of 920 N 22nd St., Superior",46.72459,-92.09196,NA,462,"46.724590 N"," 92.091960 W","Georeferencing Quick Reference Guide 2012-10-02","Geolocate","",NA,"","June","Thomson, John W., Jr.; Fassett, Norman C.","Other Collectors"
"SUWS011590","Equisetopsida","Brassicales","Brassicaceae","Erysimum cheiranthoides",3570,"L.","Erysimum","cheiranthoides","","","Cochrane, Theodore S.","Mar 1972","Brashier","s.n.","1966-07-21",1966,7,21,202,"1966-07-21","","Sandy soil, humus mixture.",NA,"Bayfield","Mason. Bridge over White River, outside of Mason",46.47814,-90.98825,NA,5401,"46.478140 N"," 90.988250 W","Georeferencing Quick Reference Guide 2012-10-02","Geolocate","",NA,"","July","Cornell; Brashier","Brashier"
"SUWS011591","Equisetopsida","Brassicales","Brassicaceae","Erysimum cheiranthoides",3570,"L.","Erysimum","cheiranthoides","","","Cochrane, Theodore S.","Mar 1972","Brashier","s.n.","1966-07-24",1966,7,24,205,"1966-07-24","","Sand and gravel roadside.",NA,"Bayfield","1 mile W on roadway connection of Pigeon Lake Camp to CTH A",46.34085,-91.42663,NA,1700,"46.340850 N"," 91.426630 W","Georeferencing Quick Reference Guide 2012-10-02","Geolocate","",NA,"","July","Hjerleid; Brashier","Brashier"
"SUWS011605","Equisetopsida","Brassicales","Brassicaceae","Lepidium virginicum var. virginicum",13114,"L.","Lepidium","virginicum","virginicum","var.","","","Thoren","PL-117","1964-07-25",1964,7,25,207,"1964-07-25","","Dry open field.",NA,"Bayfield","Pigeon Lake Field Station",46.34228,-91.34901,NA,2257,"46.342280 N"," 91.349010 W","Georeferencing Quick Reference Guide 2012-10-02","Geolocate","",NA,"","July","Brashier; Thoren","Other Collectors"
"SUWS011607","Equisetopsida","Brassicales","Brassicaceae","Lepidium virginicum var. virginicum",13114,"L.","Lepidium","virginicum","virginicum","var.","","","Brashier","s.n.","1966-07-23",1966,7,23,204,"1966-07-23","","Roadside gravelly, sparsely grassy.",NA,"Bayfield","Drummond. 4 miles S of Drummond on Hwy 63",46.2778,-91.27891,NA,2517,"46.277800 N"," 91.278910 W","Georeferencing Quick Reference Guide 2012-10-02","Geolocate","",NA,"","July","Holden; Brashier","Brashier"
"SUWS011610","Equisetopsida","Brassicales","Brassicaceae","Lepidium virginicum var. virginicum",13114,"L.","Lepidium","virginicum","virginicum","var.","","","Wassgren","PL-118","1964-07-22",1964,7,22,204,"1964-07-22","","Roadside.",NA,"Bayfield","Pigeon Lake Field Station",46.34228,-91.34901,NA,2257,"46.342280 N"," 91.349010 W","Georeferencing Quick Reference Guide 2012-10-02","Geolocate","",NA,"","July","Brashier; Wassgren","Other Collectors"
"SUWS011617","Equisetopsida","Brassicales","Brassicaceae","Rorippa palustris subsp. fernaldiana",13270,"(L.) Besser","Rorippa","palustris","fernaldiana","subsp.","","","Brashier","s.n.","1966-07-07",1966,7,7,188,"1966-07-07","","Sandy loose soil; surrounding area wooded.",NA,"Bayfield","Drummond. 2 miles E of Drummond on Hwy 216",46.33689,-91.21603,NA,1110,"46.336890 N"," 91.216030 W","Georeferencing Quick Reference Guide 2012-10-02","Geolocate","",NA,"","July","Cornell; Brashier","Brashier"
"SUWS011618","Equisetopsida","Brassicales","Brassicaceae","Rorippa palustris subsp. fernaldiana",13270,"(L.) Besser","Rorippa","palustris","fernaldiana","subsp.","","","Brashier","s.n.","1966-07-24",1966,7,24,205,"1966-07-24","","Lakeshore, sandy.",NA,"Bayfield","SE shore of Pigeon Lake",46.34228,-91.34901,NA,2257,"46.342280 N"," 91.349010 W","Georeferencing Quick Reference Guide 2012-10-02","Geolocate","",NA,"","July","Hjerleid; Brashier","Brashier"
"SUWS011619","Equisetopsida","Brassicales","Brassicaceae","Rorippa palustris subsp. fernaldiana",13270,"(L.) Besser","Rorippa","palustris","fernaldiana","subsp.","","","Brashier","s.n.","1966-06-29",1966,6,29,180,"1966-06-29","","Grass that's quite scrubby.",NA,"Bayfield","Mason. 3 miles E of Mason",46.43521,-90.99689,NA,1190,"46.435210 N"," 90.996890 W","Georeferencing Quick Reference Guide 2012-10-02","Geolocate","",NA,"","June","Mackensen; Brashier","Brashier"
"SUWS011621","Equisetopsida","Brassicales","Brassicaceae","Rorippa palustris subsp. fernaldiana",13270,"(L.) Besser","Rorippa","palustris","fernaldiana","subsp.","","","Brashier","s.n.","1966-07-23",1966,7,23,204,"1966-07-23","","Roadside - dry, gravelly, and sandy, sparsely grassy.",NA,"Bayfield","Drummond. 4 miles S of Drummond on Hwy 63",46.2778,-91.27891,NA,2517,"46.277800 N"," 91.278910 W","Georeferencing Quick Reference Guide 2012-10-02","Geolocate","",NA,"","July","Holden; Brashier","Brashier"
"SUWS011622","Equisetopsida","Brassicales","Brassicaceae","Rorippa palustris subsp. fernaldiana",13270,"(L.) Besser","Rorippa","palustris","fernaldiana","subsp.","","","Brashier","s.n.","1966-07-21",1966,7,21,202,"1966-07-21","","Roadside humus.",NA,"Bayfield","3 miles E of camp [Pigeon Lake Field Station Camp bassed upon other collections of same time]",46.34226,-91.28609,NA,5074,"46.342260 N"," 91.286090 W","Georeferencing Quick Reference Guide 2012-10-02","Geolocate","",NA,"","July","Mackensen; Brashier","Brashier"
"SUWS011623","Equisetopsida","Brassicales","Brassicaceae","Rorippa palustris subsp. fernaldiana",13270,"(L.) Besser","Rorippa","palustris","fernaldiana","subsp.","","","Brashier","s.n.","1966-07-28",1966,7,28,209,"1966-07-28","","Sandy, grassy roadside.",NA,"Bayfield","Cty. Trunk 228, 3 miles N of Pigeon Lake Camp",46.38536,-91.3369,NA,1073,"46.385360 N"," 91.336900 W","Georeferencing Quick Reference Guide 2012-10-02","Geolocate","",NA,"","July","Holden; Brashier","Brashier"
"SUWS011624","Equisetopsida","Brassicales","Brassicaceae","Rorippa palustris subsp. fernaldiana",13270,"(L.) Besser","Rorippa","palustris","fernaldiana","subsp.","","","Thoren","PL-85","1964-07-05",1964,7,5,187,"1964-07-05","","Along sandy shore of lake.",NA,"Bayfield","Pigeon Lake Field Station",46.34228,-91.34901,NA,2257,"46.342280 N"," 91.349010 W","Georeferencing Quick Reference Guide 2012-10-02","Geolocate","",NA,"","July","Brashier; Thoren","Other Collectors"
"SUWS011625","Equisetopsida","Brassicales","Brassicaceae","Rorippa palustris subsp. fernaldiana",13270,"(L.) Besser","Rorippa","palustris","fernaldiana","subsp.","","","Cherf","PL-86","1964-07-10",1964,7,10,192,"1964-07-10","","Along roadside.",NA,"Bayfield","Pigeon Lake Field Station",46.34228,-91.34901,NA,2257,"46.342280 N"," 91.349010 W","Georeferencing Quick Reference Guide 2012-10-02","Geolocate","",NA,"","July","Brashier; Cherf","Other Collectors"
"SUWS011628","Equisetopsida","Brassicales","Brassicaceae","Rorippa palustris subsp. fernaldiana",13270,"(L.) Besser","Rorippa","palustris","fernaldiana","subsp.","","","Brashier","s.n.","1966-07-28",1966,7,28,209,"1966-07-28","","Sandy abandoned road.",NA,"Bayfield","N of Pigeon Lake",46.3745,-91.34935,NA,3898,"46.374500 N"," 91.349350 W","Georeferencing Quick Reference Guide 2012-10-02","Geolocate","",NA,"","July","Barnard; Brashier","Brashier"
"SUWS011630","Equisetopsida","Brassicales","Brassicaceae","Sinapis arvensis",5060,"L.","Sinapis","arvensis","","","Cochrane, Theodore S.","Mar 1972","Romans","106","1964-07-18",1964,7,18,200,"1964-07-18","","Edge of open field in clay soil.",NA,"Douglas","Superior. 2 miles S of Superior on State Hwy 35, on the Ralph Law property",46.66803,-92.10374,NA,3149,"46.668030 N"," 92.103740 W","Georeferencing Quick Reference Guide 2012-10-02","Geolocate","",NA,"","July","Brashier; Romans","Romans"
"SUWS011631","Equisetopsida","Brassicales","Brassicaceae","Sinapis arvensis",5060,"L.","Sinapis","arvensis","","","Cochrane, Theodore S.","Apr 1972","Brashier","s.n.","1966-07-28",1966,7,28,209,"1966-07-28","","Scrub grass.",NA,"Douglas","Superior. W side of Wisconsin Point [Labeled Ashland Co., but cannot find a Wisconsin Point in Ashland Co.]",46.69472,-91.99265,NA,2450,"46.694720 N"," 91.992650 W","Georeferencing Quick Reference Guide 2012-10-02","Geolocate","",NA,"","July","Mackensen; Brashier","Brashier"
"SUWS011632","Equisetopsida","Brassicales","Brassicaceae","Sinapis arvensis",5060,"L.","Sinapis","arvensis","","","Cochrane, Theodore S.","Mar 1972","Romans","66c","1964-06-02",1964,6,2,154,"1964-06-02","","Dry, sandy area at entrance to park.",NA,"St. Croix","Somerset. In park within city limits, on State Hwy 35 near river [Probably the Apple River]",45.12547,-92.67195,NA,1500,"45.125470 N"," 92.671950 W","Georeferencing Quick Reference Guide 2012-10-02","Geolocate","",NA,"","June","Brashier; Romans","Romans"
"SUWS011663","Equisetopsida","Ericales","Ericaceae","Chamaedaphne calyculata var. angustifolia",12906,"(L.) Moench","Chamaedaphne","calyculata","angustifolia","var.","","","Romans","s.n.","1965-05-20",1965,5,20,140,"1965-05-20","","Bog.",NA,"Douglas","Patzau. 0.5 mile W of State Hwy 35 on CTH BB on the James Romans property [ca. 2mi E of Patzau]",46.48986,-92.18414,NA,1517,"46.489860 N"," 92.184140 W","Georeferencing Quick Reference Guide 2012-10-02","Geolocate","",NA,"","May","Brashier; Romans","Romans"
"SUWS011675","Equisetopsida","Ericales","Ericaceae","Gaultheria procumbens",3680,"L.","Gaultheria","procumbens","","","","","Brashier","s.n.","1966-07-30",1966,7,30,211,"1966-07-30","","Woods.",NA,"Ashland","Mellen",46.32551,-90.66102,NA,1875,"46.325510 N"," 90.661020 W","Georeferencing Quick Reference Guide 2012-10-02","Geolocate","",NA,"","July","Barnard; Brashier","Brashier"
"SUWS011676","Equisetopsida","Ericales","Ericaceae","Gaultheria procumbens",3680,"L.","Gaultheria","procumbens","","","","","Walvoord","PL-81","1964-06-28",1964,6,28,180,"1964-06-28","","Bog.",NA,"Bayfield","Pigeon Lake Field Station",46.34228,-91.34901,NA,2257,"46.342280 N"," 91.349010 W","Georeferencing Quick Reference Guide 2012-10-02","Geolocate","",NA,"","June","Brashier; Walvoord","Other Collectors"
"SUWS011689","Equisetopsida","Ericales","Ericaceae","Kalmia polifolia",3986,"Wangenh.","Kalmia","polifolia","","","","","Grage","PL-62","1964-06-30",1964,6,30,182,"1964-06-30","","In bog.",NA,"Bayfield","Pigeon Lake Field Station",46.34228,-91.34901,NA,2257,"46.342280 N"," 91.349010 W","Georeferencing Quick Reference Guide 2012-10-02","Geolocate","",NA,"","June","Brashier; Grage","Other Collectors"
"SUWS011690","Equisetopsida","Ericales","Ericaceae","Kalmia polifolia",3986,"Wangenh.","Kalmia","polifolia","","","","","Romans","s.n.","1965-06-07",1965,6,7,158,"1965-06-07","","In a bog.",NA,"Douglas","Patzau. 0.5 mile W of State Hwy 35 on CTH BB on the James Romans property [ca. 2mi E of Patzau]",46.48986,-92.18414,NA,1517,"46.489860 N"," 92.184140 W","Georeferencing Quick Reference Guide 2012-10-02","Geolocate","",NA,"","June","Brashier; Romans","Romans"
"SUWS011706","Equisetopsida","Ericales","Ericaceae","Ledum groenlandicum",13261,"Oeder","Ledum","groenlandicum","","","","","Walvoord","PL-61","1964-07-04",1964,7,4,186,"1964-07-04","","Bog.",NA,"Bayfield","Pigeon Lake Field Station Nature Trail",46.34228,-91.34901,NA,2257,"46.342280 N"," 91.349010 W","Georeferencing Quick Reference Guide 2012-10-02","Geolocate","",NA,"","July","Brashier; Walvoord","Other Collectors"
"SUWS011715","Equisetopsida","Ericales","Ericaceae","Vaccinium angustifolium",5317,"Aiton","Vaccinium","angustifolium","","","","","Romans","s.n.","1965-06-07",1965,6,7,158,"1965-06-07","","Poplar-alder woods near roadside.",NA,"Douglas","Superior. 5 miles S of Superior on U.S. Hwy 35",46.63637,-92.10374,NA,4228,"46.636370 N"," 92.103740 W","Georeferencing Quick Reference Guide 2012-10-02","Geolocate","",NA,"","June","Brashier; Romans","Romans"
"SUWS011720","Equisetopsida","Ericales","Ericaceae","Vaccinium angustifolium",5317,"Aiton","Vaccinium","angustifolium","","","","","Romans","15b","1964-06-01",1964,6,1,153,"1964-06-01","","Sandy-loam, brush covered hillside.",NA,"Douglas","Patzau. 0.5 mile W of State Hwy 35 on CTH BB on the James Romans farm [ca. 2mi E of Patzau]",46.48986,-92.18414,NA,1517,"46.489860 N"," 92.184140 W","Georeferencing Quick Reference Guide 2012-10-02","Geolocate","",NA,"","June","Brashier; Romans","Romans"
"SUWS011722","Equisetopsida","Ericales","Ericaceae","Vaccinium oxycoccos",5323,"L.","Vaccinium","oxycoccos","","","","","Brashier","s.n.","1964-07-04",1964,7,4,186,"1964-07-04","","Bog.",NA,"Bayfield","Pigeon Lake Nature Trail",46.34228,-91.34901,NA,2257,"46.342280 N"," 91.349010 W","Georeferencing Quick Reference Guide 2012-10-02","Geolocate","",NA,"","July","Walvoord; Brashier","Brashier"
"SUWS011723","Equisetopsida","Ericales","Ericaceae","Vaccinium oxycoccos",5323,"L.","Vaccinium","oxycoccos","","","","","Thoren","PL-147","1964-06-27",1964,6,27,179,"1964-06-27","","In bog.",NA,"Bayfield","Pigeon Lake Field Station",46.34228,-91.34901,NA,2257,"46.342280 N"," 91.349010 W","Georeferencing Quick Reference Guide 2012-10-02","Geolocate","",NA,"","June","Brashier; Thoren","Other Collectors"
"SUWS011727","Equisetopsida","Ericales","Ericaceae","Vaccinium oxycoccos",5323,"L.","Vaccinium","oxycoccos","","","","","Brashier","s.n.","1964-06-27",1964,6,27,179,"1964-06-27","","In a bog.",NA,"Bayfield","Drummond. N of Pigeon Lake",46.3745,-91.34935,NA,3898,"46.374500 N"," 91.349350 W","Georeferencing Quick Reference Guide 2012-10-02","Geolocate","",NA,"","June","Wassgren; Brashier","Brashier"
"SUWS011731","Equisetopsida","Ericales","Ericaceae","Vaccinium oxycoccos",5323,"L.","Vaccinium","oxycoccos","","","","","Brashier","s.n.","1966-07-21",1966,7,21,202,"1966-07-21","","In a bog, swampy area.",NA,"Bayfield","Drummond. 1 mile NW of Drummond",46.34713,-91.2728,NA,1113,"46.347130 N"," 91.272800 W","Georeferencing Quick Reference Guide 2012-10-02","Geolocate","",NA,"","July","Mackensen; Brashier","Brashier"
"SUWS011733","Equisetopsida","Ericales","Ericaceae","Vaccinium oxycoccos",5323,"L.","Vaccinium","oxycoccos","","","","","Brashier","s.n.","1964-07-07",1964,7,7,189,"1964-07-07","","Near bog.",NA,"Bayfield","Pigeon Lake Nature Trail",46.34228,-91.34901,NA,2257,"46.342280 N"," 91.349010 W","Georeferencing Quick Reference Guide 2012-10-02","Geolocate","",NA,"","July","Janowski; Brashier","Brashier"
"SUWS011734","Equisetopsida","Ericales","Ericaceae","Vaccinium oxycoccos",5323,"L.","Vaccinium","oxycoccos","","","","","Brashier","s.n.","1964-06-27",1964,6,27,179,"1964-06-27","","Bog.",NA,"Bayfield","Pigeon Lake Nature Trail",46.34228,-91.34901,NA,2257,"46.342280 N"," 91.349010 W","Georeferencing Quick Reference Guide 2012-10-02","Geolocate","",NA,"","June","Muller; Brashier","Brashier"
"SUWS011736","Equisetopsida","Ericales","Ericaceae","Vaccinium macrocarpon",5321,"Aiton","Vaccinium","macrocarpon","","","","","Brashier","s.n.","1966-07-10",1966,7,10,191,"1966-07-10","","Bog.",NA,"Bayfield","Drummond. 1 mile N of Hwy 63 on Hwy 223 [Delta-Drummond Rd. - N of Drummond]]",46.38525,-91.24698,NA,2474,"46.385250 N"," 91.246980 W","Georeferencing Quick Reference Guide 2012-10-02","Geolocate","",NA,"","July","Hjerleid; Brashier","Brashier"
"SUWS011738","Equisetopsida","Ericales","Ericaceae","Vaccinium oxycoccos",5323,"L.","Vaccinium","oxycoccos","","","","","Brashier","s.n.","1964-07-15",1964,7,15,197,"1964-07-15","","Bog.",NA,"Bayfield","Pigeon Lake Field Station",46.34228,-91.34901,NA,2257,"46.342280 N"," 91.349010 W","Georeferencing Quick Reference Guide 2012-10-02","Geolocate","",NA,"","July","Cherf; Brashier","Brashier"
"SUWS011740","Equisetopsida","Ericales","Ericaceae","Vaccinium oxycoccos",5323,"L.","Vaccinium","oxycoccos","","","","","Romans","221a","1964-07-18",1964,7,18,200,"1964-07-18","","In small bog, very wet.",NA,"Douglas","Patzau. 0.5 mile W of State Hwy 35 on CTH BB on the James Romans property [ca. 2mi E of Patzau]",46.48986,-92.18414,NA,1517,"46.489860 N"," 92.184140 W","Georeferencing Quick Reference Guide 2012-10-02","Geolocate","",NA,"","July","Brashier; Romans","Romans"
"SUWS011741","Equisetopsida","Ericales","Ericaceae","Vaccinium oxycoccos",5323,"L.","Vaccinium","oxycoccos","","","","","Brashier","s.n.","1964-06-25",1964,6,25,177,"1964-06-25","","In bog.",NA,"Bayfield","Pigeon Lake Nature Trail",46.34228,-91.34901,NA,2257,"46.342280 N"," 91.349010 W","Georeferencing Quick Reference Guide 2012-10-02","Geolocate","",NA,"","June","Valaskey; Brashier","Brashier"
"SUWS011754","Equisetopsida","Ericales","Ericaceae","Pyrola asarifolia subsp. asarifolia",6821,"","Pyrola","asarifolia","asarifolia","subsp.","","","Romans","247c","1964-06-26",1964,6,26,178,"1964-06-26","","Heavily shaded woods.",NA,"Douglas","Superior. 3 miles S of Superior on State Hwy 35 on the Ralph Law property",46.65497,-92.10442,NA,4161,"46.654970 N"," 92.104420 W","Georeferencing Quick Reference Guide 2012-10-02","Geolocate","",NA,"","June","Brashier; Romans","Romans"
"SUWS011755","Equisetopsida","Ericales","Ericaceae","Pyrola asarifolia subsp. asarifolia",6821,"","Pyrola","asarifolia","asarifolia","subsp.","","","Romans","209a","1964-06-26",1964,6,26,178,"1964-06-26","","Rich woods, base of pine tree.",NA,"Douglas","Superior. 3 miles S of Superior on State Hwy 35 on the Ralph Law property",46.65497,-92.10442,NA,4161,"46.654970 N"," 92.104420 W","Georeferencing Quick Reference Guide 2012-10-02","Geolocate","",NA,"","June","Brashier; Romans","Romans"
"SUWS011760","Equisetopsida","Ericales","Ericaceae","Pyrola elliptica",4722,"Nutt.","Pyrola","elliptica","","","","","Walvoord","PL-159","1964-07-12",1964,7,12,194,"1964-07-12","","Woods.",NA,"Bayfield","Perch Lake",46.54222,-91.3867,NA,259,"46.542220 N"," 91.386700 W","Georeferencing Quick Reference Guide 2012-10-02","Geolocate","",NA,"","July","Brashier; Walvoord","Other Collectors"
"SUWS011761","Equisetopsida","Ericales","Ericaceae","Pyrola elliptica",4722,"Nutt.","Pyrola","elliptica","","","","","Brashier","s.n.","1964-07-08",1964,7,8,190,"1964-07-08","","Wet, roadside.",NA,"Bayfield","Perch Lake",46.54222,-91.3867,NA,259,"46.542220 N"," 91.386700 W","Georeferencing Quick Reference Guide 2012-10-02","Geolocate","",NA,"","July","Gunderson; Brashier","Brashier"
"SUWS011762","Equisetopsida","Ericales","Ericaceae","Pyrola elliptica",4722,"Nutt.","Pyrola","elliptica","","","","","Smith","PL-156","1964-07-06",1964,7,6,188,"1964-07-06","","",NA,"Bayfield","Perch Lake",46.54222,-91.3867,NA,259,"46.542220 N"," 91.386700 W","Georeferencing Quick Reference Guide 2012-10-02","Geolocate","",NA,"","July","Brashier; Smith","Other Collectors"
"SUWS011763","Equisetopsida","Ericales","Ericaceae","Pyrola elliptica",4722,"Nutt.","Pyrola","elliptica","","","","","Cherf","PL-158","1964-07-20",1964,7,20,202,"1964-07-20","","Rich woods.",NA,"Bayfield","Pigeon Lake Field Station",46.34228,-91.34901,NA,2257,"46.342280 N"," 91.349010 W","Georeferencing Quick Reference Guide 2012-10-02","Geolocate","",NA,"","July","Brashier; Cherf","Other Collectors"
"SUWS011765","Equisetopsida","Ericales","Ericaceae","Pyrola elliptica",4722,"Nutt.","Pyrola","elliptica","","","","","Brashier","s.n.","1966-07-24",1966,7,24,205,"1966-07-24","","Forested area.",NA,"Bayfield","Picnic area of Owen Lake",46.28641,-91.22705,NA,5154,"46.286410 N"," 91.227050 W","Georeferencing Quick Reference Guide 2012-10-02","Geolocate","",NA,"","July","Hjerleid; Brashier","Brashier"
"SUWS011766","Equisetopsida","Ericales","Ericaceae","Pyrola elliptica",4722,"Nutt.","Pyrola","elliptica","","","","","Grage","PL-157","1964-07-08",1964,7,8,190,"1964-07-08","","Near shore.",NA,"Bayfield","Perch Lake",46.54222,-91.3867,NA,259,"46.542220 N"," 91.386700 W","Georeferencing Quick Reference Guide 2012-10-02","Geolocate","",NA,"","July","Brashier; Grage","Other Collectors"
"SUWS011769","Equisetopsida","Ericales","Ericaceae","Pyrola rotundifolia subsp. americana",13254,"L.","Pyrola","rotundifolia","americana","subsp.","","","Thoren","PL-88","1964-07-05",1964,7,5,187,"1964-07-05","","",NA,"Bayfield","Pigeon Lake Field Station",46.34228,-91.34901,NA,2257,"46.342280 N"," 91.349010 W","Georeferencing Quick Reference Guide 2012-10-02","Geolocate","",NA,"","July","Brashier; Thoren","Other Collectors"
"SUWS011770","Equisetopsida","Ericales","Ericaceae","Pyrola rotundifolia subsp. americana",13254,"L.","Pyrola","rotundifolia","americana","subsp.","","","Valaskey","PL-87","1964-07-10",1964,7,10,192,"1964-07-10","","Near woods.",NA,"Bayfield","Pigeon Lake Field Station",46.34228,-91.34901,NA,2257,"46.342280 N"," 91.349010 W","Georeferencing Quick Reference Guide 2012-10-02","Geolocate","",NA,"","July","Brashier; Valaskey","Other Collectors"
"SUWS011772","Equisetopsida","Ericales","Ericaceae","Orthilia secunda",4374,"(L.) House","Orthilia","secunda","","","","","Romans","238b","1964-07-11",1964,7,11,193,"1964-07-11","","Mossy, shady ravine near river.",NA,"Douglas","Bardon State Park on Amnicon River",46.60755,-91.89927,NA,795,"46.607550 N"," 91.899270 W","Georeferencing Quick Reference Guide 2012-10-02","Geolocate","",NA,"","July","Brashier; Romans","Romans"
"SUWS011779","Equisetopsida","Ericales","Ericaceae","Monotropa uniflora",4275,"L.","Monotropa","uniflora","","","","","Rounce","91/16","1991-08-14",1991,8,14,226,"1991-08-14","","Pine woods - sandy, moist soil with pine needle liter. All white heads with pale white stems.",NA,"Douglas","Superior",46.68122,-92.06631,NA,12939,"46.681220 N"," 92.066310 W","Georeferencing Quick Reference Guide 2012-10-02","Geolocate","",NA,"","August","Gitar; Rounce","Other Collectors"
"SUWS011781","Equisetopsida","Ericales","Ericaceae","Monotropa uniflora",4275,"L.","Monotropa","uniflora","","","","","Thoren","PL-7","1964-07-24",1964,7,24,206,"1964-07-24","","Mixed forest.",NA,"Bayfield","Pigeon Lake Field Station Nature Trail",46.34228,-91.34901,NA,2257,"46.342280 N"," 91.349010 W","Georeferencing Quick Reference Guide 2012-10-02","Geolocate","",NA,"","July","Brashier; Thoren","Other Collectors"
"SUWS011783","Equisetopsida","Ericales","Ericaceae","Monotropa uniflora",4275,"L.","Monotropa","uniflora","","","","","Romans","211a","1964-07-31",1964,7,31,213,"1964-07-31","","In rotting organic matter, shade.",NA,"Bayfield","N end of Lake Wabegoon",46.38367,-91.30858,NA,570,"46.383670 N"," 91.308580 W","Georeferencing Quick Reference Guide 2012-10-02","Geolocate","",NA,"","July","Brashier; Romans","Romans"
"SUWS011790","Equisetopsida","Ericales","Primulaceae","Lysimachia ciliata",4158,"L.","Lysimachia","ciliata","","","","","Romans","107a","1964-07-19",1964,7,19,201,"1964-07-19","","Deep, shaded woods.",NA,"Douglas","Superior. 2 miles S of Superior on State Hwy 35, on the Ralph Law property",46.66803,-92.10374,NA,3149,"46.668030 N"," 92.103740 W","Georeferencing Quick Reference Guide 2012-10-02","Geolocate","",NA,"","July","Brashier; Romans","Romans"
"SUWS011795","Equisetopsida","Ericales","Primulaceae","Lysimachia ciliata",4158,"L.","Lysimachia","ciliata","","","","","Brashier","s.n.","1966-07-14",1966,7,14,195,"1966-07-14","","Sandy.",NA,"Bayfield","Pigeon Lake area",46.34228,-91.34901,NA,2257,"46.342280 N"," 91.349010 W","Georeferencing Quick Reference Guide 2012-10-02","Geolocate","",NA,"","July","Barnard; Brashier","Brashier"
"SUWS011797","Equisetopsida","Ericales","Primulaceae","Lysimachia ciliata",4158,"L.","Lysimachia","ciliata","","","","","Brashier","s.n.","1966-07-20",1966,7,20,201,"1966-07-20","","Sandy clearing.",NA,"Bayfield","Drummond. Jct. of Hwy 63 and CTH A [CTH A meets CTH N, W of Drummond and it jcts. with Hwy 63 near Drummond]",46.33038,-91.26501,NA,1129,"46.330380 N"," 91.265010 W","Georeferencing Quick Reference Guide 2012-10-02","Geolocate","",NA,"","July","Hjerleid; Brashier","Brashier"
"SUWS011798","Equisetopsida","Ericales","Primulaceae","Lysimachia ciliata",4158,"L.","Lysimachia","ciliata","","","","","Brashier","s.n.","1966-07-13",1966,7,13,194,"1966-07-13","","Sandy and firm soil.",NA,"Bayfield","3 miles W of Pigeon Lake Camp on Hwy 394",46.34226,-91.41192,NA,1302,"46.342260 N"," 91.411920 W","Georeferencing Quick Reference Guide 2012-10-02","Geolocate","",NA,"","July","Cornell; Brashier","Brashier"
"SUWS011800","Equisetopsida","Ericales","Primulaceae","Lysimachia ciliata",4158,"L.","Lysimachia","ciliata","","","","","Romans","157c","1964-08-07",1964,8,7,220,"1964-08-07","","Shady, damp area.",NA,"Douglas","Superior. 3 miles S of Superior on State Hwy 35, on Ralph Law property",46.65497,-92.10442,NA,4161,"46.654970 N"," 92.104420 W","Georeferencing Quick Reference Guide 2012-10-02","Geolocate","",NA,"","August","Brashier; Romans","Romans"
"SUWS011803","Equisetopsida","Ericales","Primulaceae","Lysimachia quadrifolia",4163,"L.","Lysimachia","quadrifolia","","","Cochrane, Theodore S.","11Nov2009","Valaskey","PL-71","1964-07-12",1964,7,12,194,"1964-07-12","","",NA,"Bayfield","Pigeon Lake Field Station, Hwy 27 off of CTH N.",46.34228,-91.34901,NA,2257,"46.342280 N"," 91.349010 W","Georeferencing Quick Reference Guide 2012-10-02","Geolocate","",NA,"","July","Brashier; Valaskey","Other Collectors"
"SUWS011804","Equisetopsida","Ericales","Primulaceae","Lysimachia quadrifolia",4163,"L.","Lysimachia","quadrifolia","","","Cochrane, Theodore S.","11Nov2009","Thoren","PL-72","1964-07-12",1964,7,12,194,"1964-07-12","","Shore of lake.",NA,"Bayfield","Pigeon Lake Field Station",46.34228,-91.34901,NA,2257,"46.342280 N"," 91.349010 W","Georeferencing Quick Reference Guide 2012-10-02","Geolocate","",NA,"","July","Brashier; Thoren","Other Collectors"
"SUWS011805","Equisetopsida","Ericales","Primulaceae","Lysimachia hybrida",4159,"Michx.","Lysimachia","hybrida","","","Cochrane, Theodore S.","11Nov2009","Brashier","s.n.","1966-07-26",1966,7,26,207,"1966-07-26","","Bog area.",NA,"Bayfield","W side of Anderson Lake",46.4037,-91.31713,NA,336,"46.403700 N"," 91.317130 W","Georeferencing Quick Reference Guide 2012-10-02","Geolocate","",NA,"","July","Cornell; Brashier","Brashier"
"SUWS011809","Equisetopsida","Ericales","Primulaceae","Lysimachia terrestris",4164,"(L.) Britton, Sterns & Poggenb.","Lysimachia","terrestris","","","","","Romans","242a","1964-07-10",1964,7,10,192,"1964-07-10","","On roadside embankment, adjacent to small open water pond.",NA,"Douglas","2 miles E of Lake Nebagamon on CTH B",46.51493,-91.65784,NA,1250,"46.514930 N"," 91.657840 W","Georeferencing Quick Reference Guide 2012-10-02","Geolocate","",NA,"","July","Brashier; Romans","Romans"
"SUWS011811","Equisetopsida","Ericales","Primulaceae","Lysimachia terrestris",4164,"(L.) Britton, Sterns & Poggenb.","Lysimachia","terrestris","","","","","Brashier","s.n.","1966-07-26",1966,7,26,207,"1966-07-26","","Bog area.",NA,"Bayfield","W side of Anderson Lake",46.4037,-91.31713,NA,336,"46.403700 N"," 91.317130 W","Georeferencing Quick Reference Guide 2012-10-02","Geolocate","",NA,"","July","Cornell; Brashier","Brashier"
"SUWS011813","Equisetopsida","Ericales","Primulaceae","Lysimachia terrestris",4164,"(L.) Britton, Sterns & Poggenb.","Lysimachia","terrestris","","","","","Valaskey","PL-73","1964-07-12",1964,7,12,194,"1964-07-12","","Side of road.",NA,"Bayfield","Pigeon Lake Field Station, E of Hwy 27",46.34228,-91.34901,NA,2257,"46.342280 N"," 91.349010 W","Georeferencing Quick Reference Guide 2012-10-02","Geolocate","",NA,"","July","Brashier; Valaskey","Other Collectors"
"SUWS011814","Equisetopsida","Ericales","Primulaceae","Lysimachia terrestris",4164,"(L.) Britton, Sterns & Poggenb.","Lysimachia","terrestris","","","","","Walvoord","PL-74","1964-07-12",1964,7,12,194,"1964-07-12","","Swamp.",NA,"Bayfield","Pigeon Lake Field Station",46.34228,-91.34901,NA,2257,"46.342280 N"," 91.349010 W","Georeferencing Quick Reference Guide 2012-10-02","Geolocate","",NA,"","July","Brashier; Walvoord","Other Collectors"
"SUWS011815","Equisetopsida","Ericales","Primulaceae","Lysimachia terrestris",4164,"(L.) Britton, Sterns & Poggenb.","Lysimachia","terrestris","","","","","Smith, C. W.","s.n.","1942-07-18",1942,7,18,199,"1942-07-18","","",NA,"Douglas","Superior. Sand Island in Superior Bay",46.73216,-92.0663,NA,5466,"46.732160 N"," 92.066300 W","Georeferencing Quick Reference Guide 2012-10-02","Geolocate","",NA,"","July","Thomson, John W., Jr.; Smith, C. W.","Other Collectors"
"SUWS011816","Equisetopsida","Ericales","Primulaceae","Lysimachia terrestris",4164,"(L.) Britton, Sterns & Poggenb.","Lysimachia","terrestris","","","Koch, Rudy G.","29Jan1976","Brashier","s.n.","1966-07-17",1966,7,17,198,"1966-07-17","","Roadside bank, sandy.",NA,"Bayfield","Between Pigeon Lake Camp entrance W to CTH A",46.34228,-91.34901,NA,2257,"46.342280 N"," 91.349010 W","Georeferencing Quick Reference Guide 2012-10-02","Geolocate","",NA,"","July","Hjerleid; Brashier","Brashier"
"SUWS011822","Equisetopsida","Ericales","Primulaceae","Trientalis borealis subsp. borealis",13455,"Raf.","Trientalis","borealis","borealis","subsp.","","","Brashier","s.n.","1928-06-10",1928,6,10,162,"1928-06-10","","Woods.",NA,"Douglas","Superior. 28th St., Superior",46.70627,-92.09949,NA,3151,"46.706270 N"," 92.099490 W","Georeferencing Quick Reference Guide 2012-10-02","Geolocate","",NA,"","June","Shaw; Brashier","Brashier"
"SUWS011826","Equisetopsida","Ericales","Primulaceae","Trientalis borealis subsp. borealis",13455,"Raf.","Trientalis","borealis","borealis","subsp.","","","Romans","s.n.","1965-06-07",1965,6,7,158,"1965-06-07","","Rich woods, sandy soil, forest litter in great amounts.",NA,"Douglas","Foxboro. 3 miles N of CTH B on Pelkey Rd. near Foxboro",46.49696,-92.25905,NA,886,"46.496960 N"," 92.259050 W","Georeferencing Quick Reference Guide 2012-10-02","Geolocate","",NA,"","June","Brashier; Romans","Romans"
"SUWS011827","Equisetopsida","Ericales","Primulaceae","Trientalis borealis subsp. borealis",13455,"Raf.","Trientalis","borealis","borealis","subsp.","","","Romans","30","1964-06-01",1964,6,1,153,"1964-06-01","","Low, wet wooded area.",NA,"Douglas","Patzau. 0.5 mile W of Wisconsin State Hwy 35 on CTH BB on the James Romans farm [ca. 2mi E of Patzau]",46.48986,-92.18414,NA,1517,"46.489860 N"," 92.184140 W","Georeferencing Quick Reference Guide 2012-10-02","Geolocate","",NA,"","June","Brashier; Romans","Romans"
"SUWS011828","Equisetopsida","Ericales","Primulaceae","Trientalis borealis subsp. borealis",13455,"Raf.","Trientalis","borealis","borealis","subsp.","","","Brashier","s.n.","1966-07-21",1966,7,21,202,"1966-07-21","","Woods, soil sandy, some humus, moist and shady.",NA,"Bayfield","N of Pigeon Lake Camp",46.34228,-91.34901,NA,2257,"46.342280 N"," 91.349010 W","Georeferencing Quick Reference Guide 2012-10-02","Geolocate","",NA,"","July","Cornell; Brashier","Brashier"
"SUWS011829","Equisetopsida","Ericales","Primulaceae","Trientalis borealis subsp. borealis",13455,"Raf.","Trientalis","borealis","borealis","subsp.","","","Janowski","PL-141","1964-07-16",1964,7,16,198,"1964-07-16","","Wooded area.",NA,"Bayfield","Pigeon Lake Field Station",46.34228,-91.34901,NA,2257,"46.342280 N"," 91.349010 W","Georeferencing Quick Reference Guide 2012-10-02","Geolocate","",NA,"","July","Brashier; Janowski","Other Collectors"
"SUWS011843","Equisetopsida","Saxifragales","Grossulariaceae","Ribes hirtellum",4809,"Michx.","Ribes","hirtellum","","","","","Romans","s.n.","1965-06-07",1965,6,7,158,"1965-06-07","","Poplar woods, damp soil.",NA,"Douglas","Superior. 5 miles S of Superior on Hwy 35",46.63637,-92.10374,NA,4228,"46.636370 N"," 92.103740 W","Georeferencing Quick Reference Guide 2012-10-02","Geolocate","",NA,"","June","Brashier; Romans","Romans"
"SUWS011847","Equisetopsida","Saxifragales","Grossulariaceae","Ribes glandulosum",4808,"Grauer","Ribes","glandulosum","","","","","Romans","s.n.","1965-05-20",1965,5,20,140,"1965-05-20","","Edge of bog; very wet.",NA,"Douglas","Patzau. 0.5 mile W of State Hwy 35 on CTH BB on the James Romans property [ca. 2mi E of Patzau]",46.48986,-92.18414,NA,1517,"46.489860 N"," 92.184140 W","Georeferencing Quick Reference Guide 2012-10-02","Geolocate","",NA,"","May","Brashier; Romans","Romans"
"SUWS011861","Equisetopsida","Saxifragales","Saxifragaceae","Heuchera richardsonii",3844,"R.Br.","Heuchera","richardsonii","","","","","Romans","203b","1964-06-26",1964,6,26,178,"1964-06-26","","In wet ditch adjacent to roadside.",NA,"Douglas","Superior. 1 miles S of Superior on State Hwy 35",46.67568,-92.10339,NA,4506,"46.675680 N"," 92.103390 W","Georeferencing Quick Reference Guide 2012-10-02","Geolocate","",NA,"","June","Brashier; Romans","Romans"
"SUWS011862","Equisetopsida","Saxifragales","Saxifragaceae","Heuchera richardsonii",3844,"R.Br.","Heuchera","richardsonii","","","","","Romans","109c","1964-06-20",1964,6,20,172,"1964-06-20","","Wet roadside.",NA,"Douglas","Superior. 1 mile S of Superior on Hwy 35",46.67568,-92.10339,NA,4506,"46.675680 N"," 92.103390 W","Georeferencing Quick Reference Guide 2012-10-02","Geolocate","",NA,"","June","Brashier; Romans","Romans"
"SUWS011867","Equisetopsida","Saxifragales","Saxifragaceae","Mitella diphylla",4267,"L.","Mitella","diphylla","","","","","Romans","s.n.","1965-05-22",1965,5,22,142,"1965-05-22","","River bottom, clay soil, collected 1 month after area was flooded.",NA,"Douglas","Superior. 3 miles S of Superior on Hwy 35 on Ralph Law property, Nemadji River",46.65497,-92.10442,NA,4161,"46.654970 N"," 92.104420 W","Georeferencing Quick Reference Guide 2012-10-02","Geolocate","",NA,"","May","Brashier; Romans","Romans"
"SUWS011868","Equisetopsida","Saxifragales","Saxifragaceae","Mitella diphylla",4267,"L.","Mitella","diphylla","","","","","Romans","82b","1964-06-12",1964,6,12,164,"1964-06-12","","Deep, low, damp woods.",NA,"Manitowoc","Near Kashbaum Lake, on State Hwy 42, S of the jct. with U.S. Hwy 151",44.05936,-87.73621,NA,200,"44.059360 N"," 87.736210 W","Georeferencing Quick Reference Guide 2012-10-02","Geolocate","",NA,"","June","Brashier; Romans","Romans"
"SUWS011870","Equisetopsida","Saxifragales","Saxifragaceae","Mitella nuda",4268,"L.","Mitella","nuda","","","","","Romans","s.n.","1965-06-07",1965,6,7,158,"1965-06-07","","Rich woods; soil damp.",NA,"Douglas","Foxboro. 3 miles N of CTH B on Pelkey Rd. near Foxboro",46.49696,-92.25905,NA,886,"46.496960 N"," 92.259050 W","Georeferencing Quick Reference Guide 2012-10-02","Geolocate","",NA,"","June","Brashier; Romans","Romans"
"SUWS011871","Equisetopsida","Saxifragales","Saxifragaceae","Mitella nuda",4268,"L.","Mitella","nuda","","","","","Romans","s.n.","1965-06-10",1965,6,10,161,"1965-06-10","","On forest floor; very shaded and damp, rich soil; in virgin hemlock forest.",NA,"Bayfield","N end of Lake Owen",46.26801,-91.25852,NA,6777,"46.268010 N"," 91.258520 W","Georeferencing Quick Reference Guide 2012-10-02","Geolocate","",NA,"","June","Brashier; Romans","Romans"
"SUWS011881","Equisetopsida","Saxifragales","Saxifragaceae","Saxifraga pensylvanica",13144,"L.","Saxifraga","pensylvanica","","","","","Romans","s.n.","1965-06-07",1965,6,7,158,"1965-06-07","","In wet poplar-alder woods.",NA,"Douglas","Superior. 5 miles S of Superior on Hwy 35",46.63637,-92.10374,NA,4228,"46.636370 N"," 92.103740 W","Georeferencing Quick Reference Guide 2012-10-02","Geolocate","",NA,"","June","Brashier; Romans","Romans"
"SUWS011898","Equisetopsida","Rosales","Rosaceae","Amelanchier",364,"Medik.","Amelanchier","","","","","","Romans","s.n.","1965-06-07",1965,6,7,158,"1965-06-07","","Poplar-alder woods; damp. [Labeled as A. laevis x A. sanguinea]",NA,"Douglas","Superior. 5 miles S of Superior on Hwy 35",46.63637,-92.10374,NA,4228,"46.636370 N"," 92.103740 W","Georeferencing Quick Reference Guide 2012-10-02","Geolocate","",NA,"","June","Brashier; Romans","Romans"
"SUWS011899","Equisetopsida","Rosales","Rosaceae","Amelanchier",364,"Medik.","Amelanchier","","","","","","Romans","s.n.","1965-06-07",1965,6,7,158,"1965-06-07","","Poplar-alder woods; damp. [Labeled as A. laevis x A. sanguinea]",NA,"Douglas","Superior. 5 miles S of Superior on Hwy 35",46.63637,-92.10374,NA,4228,"46.636370 N"," 92.103740 W","Georeferencing Quick Reference Guide 2012-10-02","Geolocate","",NA,"","June","Brashier; Romans","Romans"
"SUWS011900","Equisetopsida","Rosales","Rosaceae","Amelanchier",364,"Medik.","Amelanchier","","","","","","Romans","s.n.","1965-05-20",1965,5,20,140,"1965-05-20","","Cut over area; second growth trees and shrubs. [Labeled as A. laevis x A. sanguinea]",NA,"Douglas","Patzau. 0.5 mile W of State Hwy 35 on CTH BB on the James Romans property [ca. 2mi E of Patzau]",46.48986,-92.18414,NA,1517,"46.489860 N"," 92.184140 W","Georeferencing Quick Reference Guide 2012-10-02","Geolocate","",NA,"","May","Brashier; Romans","Romans"
"SUWS011903","Equisetopsida","Rosales","Rosaceae","Amelanchier bartramiana",2507,"(Tausch) M.Roem.","Amelanchier","bartramiana","","","","","Walvoord","PL-188","1964-07-23",1964,7,23,205,"1964-07-23","","",NA,"Bayfield","Pigeon Lake Field Station",46.34228,-91.34901,NA,2257,"46.342280 N"," 91.349010 W","Georeferencing Quick Reference Guide 2012-10-02","Geolocate","",NA,"","July","Brashier; Walvoord","Other Collectors"
"SUWS011918","Equisetopsida","Rosales","Rosaceae","Fragaria virginiana",3645,"Duchesne","Fragaria","virginiana","","","","","Brashier","s.n.","1966-07-02",1966,7,2,183,"1966-07-02","","Soil sandy and firm, cover dense grasses and herbs, surrounding area heavy woods.",NA,"Bayfield","Drummond. NE of Drummond at the jct of Rd. 402 and Hwy 63",46.34389,-91.21338,NA,691,"46.343890 N"," 91.213380 W","Georeferencing Quick Reference Guide 2012-10-02","Geolocate","",NA,"","July","Cornell; Brashier","Brashier"
"SUWS011920","Equisetopsida","Rosales","Rosaceae","Fragaria virginiana",3645,"Duchesne","Fragaria","virginiana","","","","","Brashier","147a","1964-06-01",1964,6,1,153,"1964-06-01","","Sandy-loam hillside.",NA,"Douglas","Patzau. 0.5 mile W of State Hwy 35 on CTH BB on the James Romans farm [ca. 2mi E of Patzau]",46.48986,-92.18414,NA,1517,"46.489860 N"," 92.184140 W","Georeferencing Quick Reference Guide 2012-10-02","Geolocate","",NA,"","June","Romans; Brashier","Brashier"
"SUWS011921","Equisetopsida","Rosales","Rosaceae","Fragaria virginiana",3645,"Duchesne","Fragaria","virginiana","","","","","Thoren","PL-80","1964-07-05",1964,7,5,187,"1964-07-05","","Open field.",NA,"Bayfield","Pigeon Lake Field Station",46.34228,-91.34901,NA,2257,"46.342280 N"," 91.349010 W","Georeferencing Quick Reference Guide 2012-10-02","Geolocate","",NA,"","July","Brashier; Thoren","Other Collectors"
"SUWS011922","Equisetopsida","Rosales","Rosaceae","Fragaria virginiana",3645,"Duchesne","Fragaria","virginiana","","","","","Cherf","PL-79","1964-07-10",1964,7,10,192,"1964-07-10","","Along trail.",NA,"Bayfield","Pigeon Lake Field Station. Along nature trail",46.34228,-91.34901,NA,2257,"46.342280 N"," 91.349010 W","Georeferencing Quick Reference Guide 2012-10-02","Geolocate","",NA,"","July","Brashier; Cherf","Other Collectors"
"SUWS011923","Equisetopsida","Rosales","Rosaceae","Fragaria vesca subsp. americana",6672,"(Porter) Staudt","Fragaria","vesca","americana","subsp.","Cochrane, Theodore S.","Apr 2002","Romans","10a","1964-06-02",1964,6,2,154,"1964-06-02","","Shady, moist area at base of hillside in river bottom area.",NA,"St. Croix","Somerset. Park within city limits, bank of river [Probably Apple River]",45.12547,-92.67195,NA,1500,"45.125470 N"," 92.671950 W","Georeferencing Quick Reference Guide 2012-10-02","Geolocate","",NA,"","June","Brashier; Romans","Romans"
"SUWS011938","Equisetopsida","Rosales","Rosaceae","Potentilla argentea",4644,"L.","Potentilla","argentea","","","Cochrane, Theodore S.","Jan 1971","Romans","70a","1964-06-03",1964,6,3,155,"1964-06-03","","Sandy, dry open railroad embankment.",NA,"Juneau","Wonewoc. 1 miile N of Wonewoc on State Hwy 82, E of roadside park",43.65275,-90.22346,NA,1056,"43.652750 N"," 90.223460 W","Georeferencing Quick Reference Guide 2012-10-02","Geolocate","",NA,"","June","Brashier; Romans","Romans"
"SUWS011939","Equisetopsida","Rosales","Rosaceae","Potentilla argentea",4644,"L.","Potentilla","argentea","","","Cochrane, Theodore S.","Jan 1971","Romans","70b","1964-06-03",1964,6,3,155,"1964-06-03","","Sandy, dry open railroad embankment.",NA,"Juneau","Wonewoc. 1 miile N of Wonewoc on State Hwy 82, E of roadside park",43.65275,-90.22346,NA,1056,"43.652750 N"," 90.223460 W","Georeferencing Quick Reference Guide 2012-10-02","Geolocate","",NA,"","June","Brashier; Romans","Romans"
"SUWS011940","Equisetopsida","Rosales","Rosaceae","Potentilla argentea",4644,"L.","Potentilla","argentea","","","Cochrane, Theodore S.","Jan 1971","Brashier","s.n.","1966-07-26",1966,7,26,207,"1966-07-26","","Sandy beach - sparsely grassy and woody.",NA,"Bayfield","N side of Pigeon Lake",46.34228,-91.34901,NA,2257,"46.342280 N"," 91.349010 W","Georeferencing Quick Reference Guide 2012-10-02","Geolocate","",NA,"","July","Holden; Brashier","Brashier"
"SUWS011941","Equisetopsida","Rosales","Rosaceae","Potentilla argentea",4644,"L.","Potentilla","argentea","","","Cochrane, Theodore S.","Jan 1971","Brashier","s.n.","1966-07-02",1966,7,2,183,"1966-07-02","","Soil sandy and loose, ground cover sparse - contains much sawdust.",NA,"Bayfield","Drummond. NE factory district of Drummond",46.33689,-91.25797,NA,4497,"46.336890 N"," 91.257970 W","Georeferencing Quick Reference Guide 2012-10-02","Geolocate","",NA,"","July","Cornell; Brashier","Brashier"
"SUWS011942","Equisetopsida","Rosales","Rosaceae","Potentilla argentea",4644,"L.","Potentilla","argentea","","","Cochrane, Theodore S.","Jan 1971","Romans","s.n.","1965-06-08",1965,6,8,159,"1965-06-08","","Sandy roadside.",NA,"Douglas","Gordon. 0.5 mile N of Gordon on Hwy 53",46.25413,-91.79852,NA,977,"46.254130 N"," 91.798520 W","Georeferencing Quick Reference Guide 2012-10-02","Geolocate","",NA,"","June","Brashier; Romans","Romans"
"SUWS011947","Equisetopsida","Rosales","Rosaceae","Argentina anserina",13238,"(L.) Rydb.","Argentina","anserina","","","Cochrane, Theodore S.","Jan 1971","Brashier","s.n.","1966-07-07",1966,7,7,188,"1966-07-07","","Roadside.",NA,"Bayfield","Pigeon Lake Forest Trail",46.34228,-91.34901,NA,2257,"46.342280 N"," 91.349010 W","Georeferencing Quick Reference Guide 2012-10-02","Geolocate","",NA,"","July","Collins; Brashier","Brashier"
"SUWS011948","Equisetopsida","Rosales","Rosaceae","Argentina anserina",13238,"(L.) Rydb.","Argentina","anserina","","","Cochrane, Theodore S.","Jan 1971","Brashier","s.n.","1966-07-21",1966,7,21,202,"1966-07-21","","Sandy beach, sparsely grassy - wooded further back.",NA,"Bayfield","N shore of Pigeon Lake 1 mile W of field station",46.34228,-91.34901,NA,2257,"46.342280 N"," 91.349010 W","Georeferencing Quick Reference Guide 2012-10-02","Geolocate","",NA,"","July","Holden; Brashier","Brashier"
"SUWS011949","Equisetopsida","Rosales","Rosaceae","Argentina anserina",13238,"(L.) Rydb.","Argentina","anserina","","","","","Brashier","s.n.","1966-07-09",1966,7,9,190,"1966-07-09","","Sandy shoreline.",NA,"Bayfield","SE shore of Pigeon Lake",46.34228,-91.34901,NA,2257,"46.342280 N"," 91.349010 W","Georeferencing Quick Reference Guide 2012-10-02","Geolocate","",NA,"","July","Hjerleid; Brashier","Brashier"
"SUWS011950","Equisetopsida","Rosales","Rosaceae","Argentina anserina",13238,"(L.) Rydb.","Argentina","anserina","","","Cochrane, Theodore S.","Jan 1971","Romans","68c","1964-06-04",1964,6,4,156,"1964-06-04","","Sandy shores of lake.",NA,"Manitowoc","Two Rivers. Near Lake Michigan",44.10992,-87.63865,NA,25000,"44.109920 N"," 87.638650 W","Georeferencing Quick Reference Guide 2012-10-02","Geolocate","",NA,"","June","Brashier; Romans","Romans"
"SUWS011951","Equisetopsida","Rosales","Rosaceae","Argentina anserina",13238,"(L.) Rydb.","Argentina","anserina","","","Cochrane, Theodore S.","Jan 1971","Grage","PL-23","1964-07-06",1964,7,6,188,"1964-07-06","","Shore of lake.",NA,"Bayfield","Pigeon Lake Field Station",46.34228,-91.34901,NA,2257,"46.342280 N"," 91.349010 W","Georeferencing Quick Reference Guide 2012-10-02","Geolocate","",NA,"","July","Brashier; Grage","Other Collectors"
"SUWS011956","Equisetopsida","Rosales","Rosaceae","Potentilla norvegica",4649,"L.","Potentilla","norvegica","","","Cochrane, Theodore S.","Jan 1971","Collins","120","1964-08-18",1964,8,18,231,"1964-08-18","","Very dry, sandy open area in gravel pit.",NA,"Douglas","Patzau. 1 mile E of Patzau on CTH BB in Patzau gravel pit",46.49133,-92.19972,NA,979,"46.491330 N"," 92.199720 W","Georeferencing Quick Reference Guide 2012-10-02","Geolocate","",NA,"","August","Brashier; Collins","Other Collectors"
"SUWS011957","Equisetopsida","Rosales","Rosaceae","Potentilla norvegica",4649,"L.","Potentilla","norvegica","","","Cochrane, Theodore S.","Jan 1971","Romans","s.n.","1965-06-08",1965,6,8,159,"1965-06-08","","Near lake shore.",NA,"Douglas","Solon Springs. Solon Springs Wildlife Sanctuary, by the conservation buildings",46.35327,-91.82241,NA,4012,"46.353270 N"," 91.822410 W","Georeferencing Quick Reference Guide 2012-10-02","Geolocate","",NA,"","June","Brashier; Romans","Romans"
"SUWS011958","Equisetopsida","Rosales","Rosaceae","Potentilla norvegica",4649,"L.","Potentilla","norvegica","","","Cochrane, Theodore S.","Jan 1971","Romans","218a","1964-06-24",1964,6,24,176,"1964-06-24","","Sandy hillside sloping to water.",NA,"Bayfield","Pigeon Lake Biology Field Station near the beach of Pigeon Lake",46.34228,-91.34901,NA,2257,"46.342280 N"," 91.349010 W","Georeferencing Quick Reference Guide 2012-10-02","Geolocate","",NA,"","June","Brashier; Romans","Romans"
"SUWS011960","Equisetopsida","Rosales","Rosaceae","Potentilla norvegica",4649,"L.","Potentilla","norvegica","","","Cochrane, Theodore S.","Jan 1971","Brashier","s.n.","1966-07-05",1966,7,5,186,"1966-07-05","","Sandy beach, grassy, wooded further back.",NA,"Bayfield","N shore of Pigeon Lake, 1 mile E of old boat dock",46.34228,-91.34901,NA,2257,"46.342280 N"," 91.349010 W","Georeferencing Quick Reference Guide 2012-10-02","Geolocate","",NA,"","July","Holden; Brashier","Brashier"
"SUWS011961","Equisetopsida","Rosales","Rosaceae","Potentilla norvegica",4649,"L.","Potentilla","norvegica","","","Cochrane, Theodore S.","Jan 1971","Brashier","s.n.","1966-07-03",1966,7,3,184,"1966-07-03","","Soil sandy and loose, cover low grasses and herbs, surrounding area dense woods.",NA,"Bayfield","1.8 miles from Pigeon Lake Camp on Rd. 222, Long View Rd.",46.31502,-91.32317,NA,2241,"46.315020 N"," 91.323170 W","Georeferencing Quick Reference Guide 2012-10-02","Geolocate","",NA,"","July","Cornell; Brashier","Brashier"
"SUWS011962","Equisetopsida","Rosales","Rosaceae","Potentilla norvegica",4649,"L.","Potentilla","norvegica","","","Cochrane, Theodore S.","Jan 1971","Brashier","s.n.","1964-07-24",1964,7,24,206,"1964-07-24","","Mixed forest.",NA,"Bayfield","Pigeon Lake Field Station",46.34228,-91.34901,NA,2257,"46.342280 N"," 91.349010 W","Georeferencing Quick Reference Guide 2012-10-02","Geolocate","",NA,"","July","Thoren; Brashier","Brashier"
"SUWS011963","Equisetopsida","Rosales","Rosaceae","Potentilla norvegica",4649,"L.","Potentilla","norvegica","","","Cochrane, Theodore S.","Jan 1971","Parrish","PL-24","1964-07-01",1964,7,1,183,"1964-07-01","","",NA,"Bayfield","Pigeon Lake Field Station",46.34228,-91.34901,NA,2257,"46.342280 N"," 91.349010 W","Georeferencing Quick Reference Guide 2012-10-02","Geolocate","",NA,"","July","Brashier; Parrish","Other Collectors"
"SUWS011969","Equisetopsida","Rosales","Rosaceae","Comarum palustre",3181,"L.","Comarum","palustre","","","Cochrane, Theodore S.","Feb-72","Brashier","s.n.","1966-07-03",1966,7,3,184,"1966-07-03","","Unstable bog between lake and woods.",NA,"Bayfield","S of Lake Drummond",46.29563,-91.25934,NA,4707,"46.295630 N"," 91.259340 W","Georeferencing Quick Reference Guide 2012-10-02","Geolocate","",NA,"","July","Holden; Brashier","Brashier"
"SUWS011970","Equisetopsida","Rosales","Rosaceae","Comarum palustre",3181,"L.","Comarum","palustre","","","Cochrane, Theodore S.","Feb-72","Brashier","s.n.","1966-07-05",1966,7,5,186,"1966-07-05","","Low marshy area.",NA,"Bayfield","Drummond. 2.3 miles E of Drummond on Rd. 213",46.30381,-91.22587,NA,2112,"46.303810 N"," 91.225870 W","Georeferencing Quick Reference Guide 2012-10-02","Geolocate","",NA,"","July","Cornell; Brashier","Brashier"
"SUWS011973","Equisetopsida","Rosales","Rosaceae","Comarum palustre",3181,"L.","Comarum","palustre","","","Cochrane, Theodore S.","Feb-72","Romans","235a","1964-07-09",1964,7,9,191,"1964-07-09","","Very wet bog.",NA,"Bayfield","Across from Lake Drummond",46.34353,-91.26174,NA,3707,"46.343530 N"," 91.261740 W","Georeferencing Quick Reference Guide 2012-10-02","Geolocate","",NA,"","July","Brashier; Romans","Romans"
"SUWS011975","Equisetopsida","Rosales","Rosaceae","Potentilla recta",4650,"L.","Potentilla","recta","","","Cochrane, Theodore S.","Jan 1971","Brashier","s.n.","1966-07-04",1966,7,4,185,"1966-07-04","","Soil loose, glacial till, cover low grasses and herbs.",NA,"Bayfield","7 miles S of Drummond on U.S. Hwy 63 [W of Price Lake]",46.23555,-91.25797,NA,1791,"46.235550 N"," 91.257970 W","Georeferencing Quick Reference Guide 2012-10-02","Geolocate","",NA,"","July","Cornell; Brashier","Brashier"
"SUWS011979","Equisetopsida","Rosales","Rosaceae","Sibbaldiopsis tridentata",5038,"(Aiton) Rydb.","Sibbaldiopsis","tridentata","","","Cochrane, Theodore S.","Jan 1971","Brashier","s.n.","1966-07-22",1966,7,22,203,"1966-07-22","","Sandy.",NA,"Eau Claire","Eau Claire. Midway Shopping Center",44.72812,-91.28547,NA,32588,"44.728120 N"," 91.285470 W","Georeferencing Quick Reference Guide 2012-10-02","Geolocate","",NA,"","July","Barnard; Brashier","Brashier"
"SUWS011985","Equisetopsida","Rosales","Rosaceae","Sibbaldiopsis tridentata",5038,"(Aiton) Rydb.","Sibbaldiopsis","tridentata","","","Cochrane, Theodore S.","Jan 1971","Brashier","s.n.","1966-07-21",1966,7,21,202,"1966-07-21","","Roadside, dry gravel, edge of woods.",NA,"Bayfield","Cty. Hwy 228 0.5 mile N of Pigeon Lake",46.34952,-91.34901,NA,2257,"46.349520 N"," 91.349010 W","Georeferencing Quick Reference Guide 2012-10-02","Geolocate","",NA,"","July","Holden; Brashier","Brashier"
"SUWS011993","Equisetopsida","Rosales","Rosaceae","Potentilla simplex",4652,"Michx.","Potentilla","simplex","","","Cochrane, Theodore S.","Jan 1971","Brashier","s.n.","1964-07-20",1964,7,20,202,"1964-07-20","","Near sandy lakeshore.",NA,"Bayfield","Pigeon Lake Field Station",46.34228,-91.34901,NA,2257,"46.342280 N"," 91.349010 W","Georeferencing Quick Reference Guide 2012-10-02","Geolocate","",NA,"","July","Cherf; Brashier","Brashier"
"SUWS011994","Equisetopsida","Rosales","Rosaceae","Potentilla simplex",4652,"Michx.","Potentilla","simplex","","","Cochrane, Theodore S.","Jan 1971","Romans","154c","1964-06-01",1964,6,1,153,"1964-06-01","","Dry, sandy, open roadside area.",NA,"Burnett","Danbury. 3 miles S of Danbury, near jct. of old 35 Rd and Wisconsin State Hwy 35",45.96741,-92.36349,NA,150,"45.967410 N"," 92.363490 W","Georeferencing Quick Reference Guide 2012-10-02","Geolocate","",NA,"","June","Brashier; Romans","Romans"
"SUWS012007","Equisetopsida","Rosales","Rosaceae","Prunus pensylvanica",4690,"L.f.","Prunus","pensylvanica","","","Cochrane, Theodore S.","Mar 1972","Walvoord","PL-195","1964-07-23",1964,7,23,205,"1964-07-23","","",NA,"Bayfield","Pigeon Lake Field Station",46.34228,-91.34901,NA,2257,"46.342280 N"," 91.349010 W","Georeferencing Quick Reference Guide 2012-10-02","Geolocate","",NA,"","July","Brashier; Walvoord","Other Collectors"
"SUWS012012","Equisetopsida","Rosales","Rosaceae","Prunus pensylvanica",4690,"L.f.","Prunus","pensylvanica","","","Cochrane, Theodore S.","Mar 1972","Gall","PL-196","1964-07-25",1964,7,25,207,"1964-07-25","","",NA,"Bayfield","Pigeon Lake Field Station",46.34228,-91.34901,NA,2257,"46.342280 N"," 91.349010 W","Georeferencing Quick Reference Guide 2012-10-02","Geolocate","",NA,"","July","Brashier; Gall","Other Collectors"
"SUWS012013","Equisetopsida","Rosales","Rosaceae","Prunus pensylvanica",4690,"L.f.","Prunus","pensylvanica","","","Cochrane, Theodore S.","Mar 1972","Janowski","PL-197","1964-07-23",1964,7,23,205,"1964-07-23","","",NA,"Bayfield","Pigeon Lake Field Station",46.34228,-91.34901,NA,2257,"46.342280 N"," 91.349010 W","Georeferencing Quick Reference Guide 2012-10-02","Geolocate","",NA,"","July","Brashier; Janowski","Other Collectors"
"SUWS012014","Equisetopsida","Rosales","Rosaceae","Prunus pensylvanica",4690,"L.f.","Prunus","pensylvanica","","","Cochrane, Theodore S.","Mar 1972","Romans","s.n.","1965-06-07",1965,6,7,158,"1965-06-07","","Very sandy area in gravel pit.",NA,"Douglas","Foxboro. Bethlehem Lutheran Church gravel pit",46.46411,-91.8994,NA,45399,"46.464110 N"," 91.899400 W","Georeferencing Quick Reference Guide 2012-10-02","Geolocate","",NA,"","June","Brashier; Romans","Romans"
"SUWS012026","Equisetopsida","Rosales","Rosaceae","Prunus serotina var. serotina",13243,"Ehrh.","Prunus","serotina","serotina","var.","Cochrane, Theodore S.","Mar 1972","Romans","64b","1964-06-05",1964,6,5,157,"1964-06-05","","Sandy loam soil in picnic area.",NA,"Marinette","Niagara. Ca. 5 miles S of Niagara [Labeled Oconto Co. But town is in Marinette], in roadside picnic area on east side of U.S. Hwy 141",45.69895,-87.99485,NA,3201,"45.698950 N"," 87.994850 W","Georeferencing Quick Reference Guide 2012-10-02","Geolocate","",NA,"","June","Brashier; Romans","Romans"
"SUWS012027","Equisetopsida","Rosales","Rosaceae","Prunus serotina var. serotina",13243,"Ehrh.","Prunus","serotina","serotina","var.","Cochrane, Theodore S.","Mar 1972","Gall","PL-192","1964-07-25",1964,7,25,207,"1964-07-25","","",NA,"Bayfield","Pigeon Lake Field Station",46.34228,-91.34901,NA,2257,"46.342280 N"," 91.349010 W","Georeferencing Quick Reference Guide 2012-10-02","Geolocate","",NA,"","July","Brashier; Gall","Other Collectors"
"SUWS012029","Equisetopsida","Rosales","Rosaceae","Prunus serotina var. serotina",13243,"Ehrh.","Prunus","serotina","serotina","var.","Cochrane, Theodore S.","Mar 1972","Janowski","PL-190","1964-07-20",1964,7,20,202,"1964-07-20","","",NA,"Bayfield","Pigeon Lake Field Station",46.34228,-91.34901,NA,2257,"46.342280 N"," 91.349010 W","Georeferencing Quick Reference Guide 2012-10-02","Geolocate","",NA,"","July","Brashier; Janowski","Other Collectors"
"SUWS012031","Equisetopsida","Rosales","Rosaceae","Prunus serotina var. serotina",13243,"Ehrh.","Prunus","serotina","serotina","var.","Cochrane, Theodore S.","Mar 1972","Walvoord","PL-191","1964-07-23",1964,7,23,205,"1964-07-23","","",NA,"Bayfield","Pigeon Lake Field Station",46.34228,-91.34901,NA,2257,"46.342280 N"," 91.349010 W","Georeferencing Quick Reference Guide 2012-10-02","Geolocate","",NA,"","July","Brashier; Walvoord","Other Collectors"
"SUWS012032","Equisetopsida","Rosales","Rosaceae","Prunus virginiana var. virginiana",6816,"","Prunus","virginiana","virginiana","var.","Cochrane, Theodore S.","Mar 1972","Romans","274a","1964-06-01",1964,6,1,153,"1964-06-01","","In woods adjacent to road in sandy soil. [Based upon other specimens by the collectors at this site, date is estimated 6/1/64]",NA,"Burnett","Danbury. 3 miles S of Danbury at jct. of Old 35 Rd and State Hwy 35 [The town is spelled incorrectly on the label]",45.96741,-92.36349,NA,150,"45.967410 N"," 92.363490 W","Georeferencing Quick Reference Guide 2012-10-02","Geolocate","",NA,"","June","Brashier; Romans","Romans"
"SUWS012037","Equisetopsida","Rosales","Rosaceae","Prunus virginiana var. virginiana",6816,"","Prunus","virginiana","virginiana","var.","Cochrane, Theodore S.","Mar 1972","Gall","PL-189b","1964-07-25",1964,7,25,207,"1964-07-25","","",NA,"Bayfield","Pigeon Lake Field Station",46.34228,-91.34901,NA,2257,"46.342280 N"," 91.349010 W","Georeferencing Quick Reference Guide 2012-10-02","Geolocate","",NA,"","July","Brashier; Gall","Other Collectors"
"SUWS012047","Equisetopsida","Rosales","Rosaceae","Rosa",1227,"L.","Rosa","","","","","","Smith, C. W.","5119","1942-07-18",1942,7,18,199,"1942-07-18","","",NA,"Douglas","Superior. On Sand Island in Superior Bay",46.73216,-92.0663,NA,5192,"46.732160 N"," 92.066300 W","Georeferencing Quick Reference Guide 2012-10-02","Geolocate","",NA,"","July","Thomson, John W., Jr.; Smith, C. W.","Other Collectors"
"SUWS012058","Equisetopsida","Rosales","Rosaceae","Rosa carolina subsp. carolina",13272,"L.","Rosa","carolina","carolina","subsp.","","","Brashier","s.n.","1966-07-24",1966,7,24,205,"1966-07-24","","Roadside.",NA,"Bayfield","Drummond. S of Drummond 3 miles on Hwy 63",46.3011,-91.28063,NA,1346,"46.301100 N"," 91.280630 W","Georeferencing Quick Reference Guide 2012-10-02","Geolocate","",NA,"","July","Hjerleid; Brashier","Brashier"
"SUWS012059","Equisetopsida","Rosales","Rosaceae","Rosa carolina subsp. carolina",13272,"L.","Rosa","carolina","carolina","subsp.","","","Brashier","s.n.","1964-07-12",1964,7,12,194,"1964-07-12","","Roadside area.",NA,"Bayfield","Cable",46.20801,-91.29213,NA,3036,"46.208010 N"," 91.292130 W","Georeferencing Quick Reference Guide 2012-10-02","Geolocate","",NA,"","July","Valaskey; Brashier","Brashier"
"SUWS012072","Equisetopsida","Rosales","Rosaceae","Rubus idaeus var. strigosus",13285,"(Michx.) Maxim.","Rubus","idaeus","strigosus","var.","","","Brashier","s.n.","1964-07-10",1964,7,10,192,"1964-07-10","","Along trail.",NA,"Bayfield","Pigeon Lake Field Station",46.34228,-91.34901,NA,2257,"46.342280 N"," 91.349010 W","Georeferencing Quick Reference Guide 2012-10-02","Geolocate","",NA,"","July","Cherf; Brashier","Brashier"
"SUWS012074","Equisetopsida","Rosales","Rosaceae","Rubus idaeus var. strigosus",13285,"(Michx.) Maxim.","Rubus","idaeus","strigosus","var.","","","Brashier","s.n.","1966-07-28",1966,7,28,209,"1966-07-28","","Sandy area.",NA,"Bayfield","Drummond",46.33689,-91.25797,NA,6377,"46.336890 N"," 91.257970 W","Georeferencing Quick Reference Guide 2012-10-02","Geolocate","",NA,"","July","Barnard; Brashier","Brashier"
"SUWS012076","Equisetopsida","Rosales","Rosaceae","Rubus occidentalis",4881,"L.","Rubus","occidentalis","","","","","Gunderson","PL-83","1964-06-23",1964,6,23,175,"1964-06-23","","Open area.",NA,"Bayfield","Pigeon Lake Field Station",46.34228,-91.34901,NA,2257,"46.342280 N"," 91.349010 W","Georeferencing Quick Reference Guide 2012-10-02","Geolocate","",NA,"","June","Brashier; Gunderson","Other Collectors"
"SUWS012082","Equisetopsida","Rosales","Rosaceae","Rubus parviflorus",4884,"Nutt.","Rubus","parviflorus","","","","","Romans","39b","1964-06-06",1964,6,6,158,"1964-06-06","","Shady area bordering road.",NA,"Bayfield","Cornucopia. 1 block W of Cornucopia on Hwy 13",46.85382,-91.1276,NA,1867,"46.853820 N"," 91.127600 W","Georeferencing Quick Reference Guide 2012-10-02","Geolocate","",NA,"","June","Brashier; Romans","Romans"
"SUWS012084","Equisetopsida","Rosales","Rosaceae","Rubus parviflorus",4884,"Nutt.","Rubus","parviflorus","","","","","Gall","PL-84","1965-06-25",1965,6,25,176,"1965-06-25","","Along trail.",NA,"Bayfield","Pigeon Lake Field Station",46.34228,-91.34901,NA,2257,"46.342280 N"," 91.349010 W","Georeferencing Quick Reference Guide 2012-10-02","Geolocate","",NA,"","June","Brashier; Gall","Other Collectors"
"SUWS012089","Equisetopsida","Rosales","Rosaceae","Rubus pubescens",4887,"Raf.","Rubus","pubescens","","","","","Romans","198a","1964-06-20",1964,6,20,172,"1964-06-20","","In rich woods, shade.",NA,"Douglas","Superior. 3 miles S of Superior on State Hwy 35 on the Ralph Law property",46.65497,-92.10442,NA,4161,"46.654970 N"," 92.104420 W","Georeferencing Quick Reference Guide 2012-10-02","Geolocate","",NA,"","June","Brashier; Romans","Romans"
"SUWS012091","Equisetopsida","Rosales","Rosaceae","Rubus pubescens",4887,"Raf.","Rubus","pubescens","","","","","Brashier","s.n.","1966-06-28",1966,6,28,179,"1966-06-28","","Sandy area.",NA,"Bayfield","Pigeon Lake",46.34228,-91.34901,NA,2257,"46.342280 N"," 91.349010 W","Georeferencing Quick Reference Guide 2012-10-02","Geolocate","",NA,"","June","Barnard; Brashier","Brashier"
"SUWS012111","Equisetopsida","Rosales","Rosaceae","Spiraea alba var. alba",6888,"","Spiraea","alba","alba","var.","Cochrane, Theodore S.","5/1972","Brashier","s.n.","1966-07-23",1966,7,23,204,"1966-07-23","","Roadside drainage area.",NA,"Bayfield","NW side of Pigeon Lake",46.34228,-91.34901,NA,2257,"46.342280 N"," 91.349010 W","Georeferencing Quick Reference Guide 2012-10-02","Geolocate","",NA,"","July","Hjerleid; Brashier","Brashier"
"SUWS012115","Equisetopsida","Rosales","Rosaceae","Spiraea tomentosa var. rosea",6889,"(Raf.) Fernald","Spiraea","tomentosa","rosea","var.","Cochrane, Theodore S.","5/1972","Romans","173e","1964-08-04",1964,8,4,217,"1964-08-04","","Very wet area around perimeter of loating bog. [TSC Determination is not labeled, but same handwriting and stamp of 'Mapped 1972 Flora of WI' as other specimens determined by TSC]",NA,"Burnett","Danbury. 5 miles S of Danbury on State Hwy 35",45.93422,-92.36169,NA,NA,"45.934220 N"," 92.361690 W","Georeferencing Quick Reference Guide 2012-10-02","Geolocate","",NA,"","August","Brashier; Romans","Romans"
"SUWS012130","Equisetopsida","Fabales","Fabaceae","Amorpha fruticosa",2515,"L.","Amorpha","fruticosa","","","","","Romans","2a","1964-06-03",1964,6,3,155,"1964-06-03","","Sandy roadside area along river.",NA,"Buffalo","Alma. 0.5 mile S of Alma on State Hwy 35, E bank of Mississippi River",44.31315,-91.91094,NA,150,"44.313150 N"," 91.910940 W","Georeferencing Quick Reference Guide 2012-10-02","Geolocate","",NA,"","June","Brashier; Romans","Romans"
"SUWS012137","Equisetopsida","Fabales","Fabaceae","Astragalus canadensis var. canadensis",6514,"","Astragalus","canadensis","canadensis","var.","","","Brashier","s.n.","1966-07-11",1966,7,11,192,"1966-07-11","","Roadside.",NA,"Bayfield","Pigeon Lake Forest Trail",46.34228,-91.34901,NA,2257,"46.342280 N"," 91.349010 W","Georeferencing Quick Reference Guide 2012-10-02","Geolocate","",NA,"","July","Collins; Brashier","Brashier"
"SUWS012138","Equisetopsida","Fabales","Fabaceae","Astragalus canadensis var. canadensis",6514,"","Astragalus","canadensis","canadensis","var.","Cochrane, Theodore S.","3/1972","Brashier","s.n.","1966-07-09",1966,7,9,190,"1966-07-09","","Sandy and grassy beach.",NA,"Bayfield","Shore of Pigeon Lake",46.34228,-91.34901,NA,2257,"46.342280 N"," 91.349010 W","Georeferencing Quick Reference Guide 2012-10-02","Geolocate","",NA,"","July","Holden; Brashier","Brashier"
"SUWS012154","Equisetopsida","Fabales","Fabaceae","Desmodium canadense",3367,"(L.) DC.","Desmodium","canadense","","","Cochrane, Theodore S.","3/1972","Grage","PL-98","1964-07-06",1964,7,6,188,"1964-07-06","","Gravel shore, north edge of lake.",NA,"Bayfield","Pigeon Lake Field Station",46.34228,-91.34901,NA,2257,"46.342280 N"," 91.349010 W","Georeferencing Quick Reference Guide 2012-10-02","Geolocate","",NA,"","July","Brashier; Grage","Other Collectors"
"SUWS012163","Equisetopsida","Fabales","Fabaceae","Lathyrus japonicus var. maritimus",6715,"(L.) Kartesz & Gandhi","Lathyrus","japonicus","maritimus","var.","Cochrane, Theodore S.","3/1972","Brashier","s.n.","1966-07-18",1966,7,18,199,"1966-07-18","","Sandy beach.",NA,"Ashland","Rocky Island. Part of the Apostle Island group [Bayfield Co. - original in error]",46.93827,-90.65296,NA,32069,"46.938270 N"," 90.652960 W","Georeferencing Quick Reference Guide 2012-10-02","Geolocate","",NA,"","July","Barnard; Brashier","Brashier"
"SUWS012167","Equisetopsida","Fabales","Fabaceae","Lathyrus japonicus var. maritimus",6715,"(L.) Kartesz & Gandhi","Lathyrus","japonicus","maritimus","var.","Cochrane, Theodore S.","3/1972","Romans","111a","1964-08-26",1964,8,26,239,"1964-08-26","","Sandy beach on shore of lake.",NA,"Douglas","Superior",46.68122,-92.06631,NA,12939,"46.681220 N"," 92.066310 W","Georeferencing Quick Reference Guide 2012-10-02","Geolocate","",NA,"","August","Brashier; Romans","Romans"
"SUWS012174","Equisetopsida","Fabales","Fabaceae","Lathyrus ochroleucus",4018,"Hook.","Lathyrus","ochroleucus","","","Cochrane, Theodore S.","3/1972","Romans","89a","1964-06-01",1964,6,1,153,"1964-06-01","","Between road and adjacent woods in open, sandy ditch with grasses.",NA,"Burnett","Danbury. 3 miles S of Danbury at the jct. of Old 35 Road and State Hwy 35",45.96741,-92.36349,NA,150,"45.967410 N"," 92.363490 W","Georeferencing Quick Reference Guide 2012-10-02","Geolocate","",NA,"","June","Brashier; Romans","Romans"
"SUWS012181","Equisetopsida","Fabales","Fabaceae","Lathyrus venosus",4024,"Muhl. ex Willd.","Lathyrus","venosus","","","Cochrane, Theodore S.","3/1972","Brashier","s.n.","1964-06-25",1964,6,25,177,"1964-06-25","","Woods near lake.",NA,"Bayfield","Pigeon Lake Field Station",46.34228,-91.34901,NA,2257,"46.342280 N"," 91.349010 W","Georeferencing Quick Reference Guide 2012-10-02","Geolocate","",NA,"","June","Muller; Brashier","Brashier"
"SUWS012186","Equisetopsida","Fabales","Fabaceae","Lathyrus venosus",4024,"Muhl. ex Willd.","Lathyrus","venosus","","","Cochrane, Theodore S.","3/1972","Romans","88b","1964-06-02",1964,6,2,154,"1964-06-02","","Between shady creek bottom near a railroad embankment in open sunlight.",NA,"Pierce","East Ellsworth. 2 miles N of East Ellsworth on Hwy 35 near railroad trestle",44.76115,-92.48741,NA,400,"44.761150 N"," 92.487410 W","Georeferencing Quick Reference Guide 2012-10-02","Geolocate","",NA,"","June","Brashier; Romans","Romans"
"SUWS012191","Equisetopsida","Fabales","Fabaceae","Lotus corniculatus",4132,"L.","Lotus","corniculatus","","","Cochrane, Theodore S.","3/1972","Brashier","s.n.","1966-07-16",1966,7,16,197,"1966-07-16","","Sandy.",NA,"Bayfield","White River",46.47814,-90.98825,NA,5401,"46.478140 N"," 90.988250 W","Georeferencing Quick Reference Guide 2012-10-02","Geolocate","",NA,"","July","Barnard; Brashier","Brashier"
"SUWS012195","Equisetopsida","Fabales","Fabaceae","Lupinus perennis var. occidentalis",6738,"S.Watson","Lupinus","perennis","occidentalis","var.","Cochrane, Theodore S.","3/1972","Romans","20c","1964-06-01",1964,6,1,153,"1964-06-01","","Dry, sandy, somewhat shaded roadside area.",NA,"Burnett","Danbury. 3 miles S of Danbury near the jct. of Old 35 Rd. and State Hwy 35",45.96741,-92.36349,NA,150,"45.967410 N"," 92.363490 W","Georeferencing Quick Reference Guide 2012-10-02","Geolocate","",NA,"","June","Brashier; Romans","Romans"
"SUWS012196","Equisetopsida","Fabales","Fabaceae","Lupinus perennis var. occidentalis",6738,"S.Watson","Lupinus","perennis","occidentalis","var.","Cochrane, Theodore S.","3/1972","Romans","20a","1964-06-01",1964,6,1,153,"1964-06-01","","Dry, sandy, somewhat shaded roadside area.",NA,"Burnett","Danbury. 3 miles S of Danbury near the jct. of Old 35 Rd. and State Hwy 35",45.96741,-92.36349,NA,150,"45.967410 N"," 92.363490 W","Georeferencing Quick Reference Guide 2012-10-02","Geolocate","",NA,"","June","Brashier; Romans","Romans"
"SUWS012204","Equisetopsida","Fabales","Fabaceae","Medicago lupulina",4212,"L.","Medicago","lupulina","","","Nee, M.","09Dec1971","Romans","37a","1964-06-03",1964,6,3,155,"1964-06-03","","Near roadside picnic area on sandy railroad track embankment.",NA,"Juneau","Wonewoc. 1 mile N of Wonewoc on State Hwy 82",43.66724,-90.22346,NA,1056,"43.667240 N"," 90.223460 W","Georeferencing Quick Reference Guide 2012-10-02","Geolocate","",NA,"","June","Brashier; Romans","Romans"
"SUWS012205","Equisetopsida","Fabales","Fabaceae","Medicago lupulina",4212,"L.","Medicago","lupulina","","","Cochrane, Theodore S.","3/1972","Romans","37b","1964-06-03",1964,6,3,155,"1964-06-03","","Near roadside picnic area on sandy railroad track embankment.",NA,"Juneau","Wonewoc. 1 mile N of Wonewoc on State Hwy 82",43.66724,-90.22346,NA,1056,"43.667240 N"," 90.223460 W","Georeferencing Quick Reference Guide 2012-10-02","Geolocate","",NA,"","June","Brashier; Romans","Romans"
"SUWS012212","Equisetopsida","Fabales","Fabaceae","Melilotus albus",4222,"Medik.","Melilotus","albus","","","Cochrane, Theodore S.","3/1972","Thoren","PL-1","1964-07-05",1964,7,5,187,"1964-07-05","","Sandy soil.",NA,"Bayfield","Pigeon Lake Field Station",46.34228,-91.34901,NA,2257,"46.342280 N"," 91.349010 W","Georeferencing Quick Reference Guide 2012-10-02","Geolocate","",NA,"","July","Brashier; Thoren","Other Collectors"
"SUWS012213","Equisetopsida","Fabales","Fabaceae","Melilotus albus",4222,"Medik.","Melilotus","albus","","","Cochrane, Theodore S.","3/1972","Romans","224a","1964-07-26",1964,7,26,208,"1964-07-26","","Growing in ditch by roadside.",NA,"Douglas","Superior. 2 miles S of Superior on Hwy 35",46.66803,-92.10374,NA,3149,"46.668030 N"," 92.103740 W","Georeferencing Quick Reference Guide 2012-10-02","Geolocate","",NA,"","July","Brashier; Romans","Romans"
"SUWS012214","Equisetopsida","Fabales","Fabaceae","Melilotus albus",4222,"Medik.","Melilotus","albus","","","Cochrane, Theodore S.","3/1972","Brashier","s.n.","1966-06-16",1966,6,16,167,"1966-06-16","","Sandy with some humus soil; low.",NA,"Bayfield","Drummond. 3 miles S of Drummond on Hwy 27",46.29109,-91.2796,NA,2111,"46.291090 N"," 91.279600 W","Georeferencing Quick Reference Guide 2012-10-02","Geolocate","",NA,"","June","Mackensen; Brashier","Brashier"
"SUWS012215","Equisetopsida","Fabales","Fabaceae","Melilotus albus",4222,"Medik.","Melilotus","albus","","","Cochrane, Theodore S.","3/1972","Brashier","s.n.","1964-07-20",1964,7,20,202,"1964-07-20","","Roadside.",NA,"Bayfield","Pigeon Lake Field Station",46.34228,-91.34901,NA,2257,"46.342280 N"," 91.349010 W","Georeferencing Quick Reference Guide 2012-10-02","Geolocate","",NA,"","July","Cherf; Brashier","Brashier"
"SUWS012217","Equisetopsida","Fabales","Fabaceae","Melilotus albus",4222,"Medik.","Melilotus","albus","","","Cochrane, Theodore S.","3/1972","Brashier","s.n.","1966-07-04",1966,7,4,185,"1966-07-04","","Roadside.",NA,"Bayfield","Pigeon Lake",46.34228,-91.34901,NA,2257,"46.342280 N"," 91.349010 W","Georeferencing Quick Reference Guide 2012-10-02","Geolocate","",NA,"","July","Collins; Brashier","Brashier"
"SUWS012218","Equisetopsida","Fabales","Fabaceae","Melilotus albus",4222,"Medik.","Melilotus","albus","","","Cochrane, Theodore S.","3/1972","Brashier","s.n.","1966-07-20",1966,7,20,201,"1966-07-20","","Soil sandy and loose; cover sparse.",NA,"Bayfield","2.5 miles SE of Pigeon Lake Camp on CTH A",46.33695,-91.29597,NA,1467,"46.336950 N"," 91.295970 W","Georeferencing Quick Reference Guide 2012-10-02","Geolocate","",NA,"","July","Cornell; Brashier","Brashier"
"SUWS012221","Equisetopsida","Fabales","Fabaceae","Melilotus officinalis",4223,"(L.) Lam.","Melilotus","officinalis","","","Cochrane, Theodore S.","3/1972","Brashier","s.n.","1966-07-23",1966,7,23,204,"1966-07-23","","Roadside, dry, gravel and sand present, sparsely grassy.",NA,"Bayfield","Drummond. 4 miles S of Drummond on Hwy 63",46.2778,-91.27891,NA,2517,"46.277800 N"," 91.278910 W","Georeferencing Quick Reference Guide 2012-10-02","Geolocate","",NA,"","July","Holden; Brashier","Brashier"
"SUWS012223","Equisetopsida","Fabales","Fabaceae","Melilotus officinalis",4223,"(L.) Lam.","Melilotus","officinalis","","","Cochrane, Theodore S.","3/1972","Brashier","s.n.","1964-07-15",1964,7,15,197,"1964-07-15","","Roadside.",NA,"Bayfield","Pigeon Lake Field Station",46.34228,-91.34901,NA,2257,"46.342280 N"," 91.349010 W","Georeferencing Quick Reference Guide 2012-10-02","Geolocate","",NA,"","July","Cherf; Brashier","Brashier"
"SUWS012224","Equisetopsida","Fabales","Fabaceae","Melilotus officinalis",4223,"(L.) Lam.","Melilotus","officinalis","","","Cochrane, Theodore S.","3/1972","Romans","49","1964-06-04",1964,6,4,156,"1964-06-04","","Along roadside at top of hill in full sunlight; sandy soil.",NA,"St. Croix","Somerset. Park on edge of the river [Apple River] within city limits on State Hwy 35",45.12547,-92.67195,NA,1500,"45.125470 N"," 92.671950 W","Georeferencing Quick Reference Guide 2012-10-02","Geolocate","",NA,"","June","Brashier; Romans","Romans"
"SUWS012227","Equisetopsida","Fabales","Fabaceae","Melilotus officinalis",4223,"(L.) Lam.","Melilotus","officinalis","","","Cochrane, Theodore S.","3/1972","Thoren","PL-2","1964-07-05",1964,7,5,187,"1964-07-05","","",NA,"Bayfield","Pigeon Lake Field Station",46.34228,-91.34901,NA,2257,"46.342280 N"," 91.349010 W","Georeferencing Quick Reference Guide 2012-10-02","Geolocate","",NA,"","July","Brashier; Thoren","Other Collectors"
"SUWS012248","Equisetopsida","Fabales","Fabaceae","Trifolium aureum",5267,"Pollich","Trifolium","aureum","","","Cochrane, Theodore S.","3/1972","Brashier","s.n.","1966-07-09",1966,7,9,190,"1966-07-09","","Roadside with loose soil and dense grasses.",NA,"Bayfield","Drummond. 3 miles E of Drummond on Hwy 63",46.34541,-91.1954,NA,1871,"46.345410 N"," 91.195400 W","Georeferencing Quick Reference Guide 2012-10-02","Geolocate","",NA,"","July","Holden; Brashier","Brashier"
"SUWS012249","Equisetopsida","Fabales","Fabaceae","Trifolium aureum",5267,"Pollich","Trifolium","aureum","","","Cochrane, Theodore S.","3/1972","Brashier","s.n.","1966-07-16",1966,7,16,197,"1966-07-16","","Sandy area.",NA,"Bayfield","Cable",46.20801,-91.29213,NA,3036,"46.208010 N"," 91.292130 W","Georeferencing Quick Reference Guide 2012-10-02","Geolocate","",NA,"","July","Barnard; Brashier","Brashier"
"SUWS012250","Equisetopsida","Fabales","Fabaceae","Trifolium aureum",5267,"Pollich","Trifolium","aureum","","","Cochrane, Theodore S.","3/1972","Brashier","s.n.","1966-07-11",1966,7,11,192,"1966-07-11","","Near the lake shore.",NA,"Bayfield","Pigeon Lake",46.34228,-91.34901,NA,2257,"46.342280 N"," 91.349010 W","Georeferencing Quick Reference Guide 2012-10-02","Geolocate","",NA,"","July","Collins; Brashier","Brashier"
"SUWS012255","Equisetopsida","Fabales","Fabaceae","Trifolium aureum",5267,"Pollich","Trifolium","aureum","","","Cochrane, Theodore S.","3/1972","Grage","PL-142","1964-07-29",1964,7,29,211,"1964-07-29","","Sandy open field.",NA,"Bayfield","Grand View",46.36745,-91.10825,NA,7936,"46.367450 N"," 91.108250 W","Georeferencing Quick Reference Guide 2012-10-02","Geolocate","",NA,"","July","Brashier; Grage","Other Collectors"
"SUWS012258","Equisetopsida","Fabales","Fabaceae","Trifolium hybridum",5270,"L.","Trifolium","hybridum","","","Nee, M.","08Jan1971","Brashier","s.n.","1966-07-10",1966,7,10,191,"1966-07-10","","Near the shore of lake.",NA,"Bayfield","Pigeon Lake",46.34228,-91.34901,NA,2257,"46.342280 N"," 91.349010 W","Georeferencing Quick Reference Guide 2012-10-02","Geolocate","",NA,"","July","Collins; Brashier","Brashier"
"SUWS012261","Equisetopsida","Fabales","Fabaceae","Trifolium hybridum",5270,"L.","Trifolium","hybridum","","","Cochrane, Theodore S.","3/1972","Brashier","s.n.","1966-07-21",1966,7,21,202,"1966-07-21","","Along lake shore.",NA,"Bayfield","Pigeon Lake",46.34228,-91.34901,NA,2257,"46.342280 N"," 91.349010 W","Georeferencing Quick Reference Guide 2012-10-02","Geolocate","",NA,"","July","Collins; Brashier","Brashier"
"SUWS012264","Equisetopsida","Fabales","Fabaceae","Trifolium hybridum",5270,"L.","Trifolium","hybridum","","","Cochrane, Theodore S.","3/1972","Brashier","s.n.","1966-07-11",1966,7,11,192,"1966-07-11","","Grassy open roadside; sandy soil.",NA,"Bayfield","Jct. of Pigeon Lake Road and CTH A",46.33861,-91.3236,NA,305,"46.338610 N"," 91.323600 W","Georeferencing Quick Reference Guide 2012-10-02","Geolocate","",NA,"","July","Cornell; Brashier","Brashier"
"SUWS012265","Equisetopsida","Fabales","Fabaceae","Trifolium hybridum",5270,"L.","Trifolium","hybridum","","","Cochrane, Theodore S.","3/1972","Brashier","s.n.","1966-07-12",1966,7,12,193,"1966-07-12","","Meadow; tall grass and some shrubs.",NA,"Bayfield","5 miles S of Pigeon Lake on Hwy 222",46.27036,-91.31794,NA,3142,"46.270360 N"," 91.317940 W","Georeferencing Quick Reference Guide 2012-10-02","Geolocate","",NA,"","July","Holden; Brashier","Brashier"
"SUWS012266","Equisetopsida","Fabales","Fabaceae","Trifolium hybridum",5270,"L.","Trifolium","hybridum","","","Cochrane, Theodore S.","3/1972","Brashier","s.n.","1966-07-15",1966,7,15,196,"1966-07-15","","Along the lake shore.",NA,"Bayfield","Pigeon Lake",46.34228,-91.34901,NA,2257,"46.342280 N"," 91.349010 W","Georeferencing Quick Reference Guide 2012-10-02","Geolocate","",NA,"","July","Collins; Brashier","Brashier"
"SUWS012271","Equisetopsida","Fabales","Fabaceae","Trifolium pratense",5272,"L.","Trifolium","pratense","","","Cochrane, Theodore S.","3/1972","Brashier","s.n.","1966-07-12",1966,7,12,193,"1966-07-12","","Meadow; tall grass in area.",NA,"Bayfield","5 miles S of Pigeon Lake on Hwy 222",46.27036,-91.31794,NA,3142,"46.270360 N"," 91.317940 W","Georeferencing Quick Reference Guide 2012-10-02","Geolocate","",NA,"","July","Holden; Brashier","Brashier"
"SUWS012274","Equisetopsida","Fabales","Fabaceae","Trifolium pratense",5272,"L.","Trifolium","pratense","","","Cochrane, Theodore S.","3/1972","Romans","248c","1964-07-18",1964,7,18,200,"1964-07-18","","Open hay field.",NA,"Douglas","Superior. 3 miles S of Superior on Hwy 35 on the Ralph Law property",46.65497,-92.10442,NA,4161,"46.654970 N"," 92.104420 W","Georeferencing Quick Reference Guide 2012-10-02","Geolocate","",NA,"","July","Brashier; Romans","Romans"
"SUWS012275","Equisetopsida","Fabales","Fabaceae","Trifolium pratense",5272,"L.","Trifolium","pratense","","","Cochrane, Theodore S.","3/1972","Brashier","s.n.","1966-07-09",1966,7,9,190,"1966-07-09","","An open meadow, surrounded by woods; soil sandy and firm.",NA,"Bayfield","Cable. 9.6 miles S of Drummond, 1 mile N of Blue Moon [N of Cable]",46.22249,-91.29213,NA,3653,"46.222490 N"," 91.292130 W","Georeferencing Quick Reference Guide 2012-10-02","Geolocate","",NA,"","July","Cornell; Brashier","Brashier"
"SUWS012279","Equisetopsida","Fabales","Fabaceae","Trifolium pratense",5272,"L.","Trifolium","pratense","","","Cochrane, Theodore S.","3/1972","Brashier","s.n.","1966-07-17",1966,7,17,198,"1966-07-17","","Roadside.",NA,"Bayfield","Drummond. 0.5 mile W of Drummond on CTH A",46.33689,-91.27841,NA,2280,"46.336890 N"," 91.278410 W","Georeferencing Quick Reference Guide 2012-10-02","Geolocate","",NA,"","July","Hjerleid; Brashier","Brashier"
"SUWS012281","Equisetopsida","Fabales","Fabaceae","Trifolium repens",5273,"L.","Trifolium","repens","","","Cochrane, Theodore S.","3/1972","Smith","PL-145","1964-06-25",1964,6,25,177,"1964-06-25","","",NA,"Bayfield","Pigeon Lake Field Station",46.34228,-91.34901,NA,2257,"46.342280 N"," 91.349010 W","Georeferencing Quick Reference Guide 2012-10-02","Geolocate","",NA,"","June","Brashier; Smith","Other Collectors"
"SUWS012282","Equisetopsida","Fabales","Fabaceae","Trifolium repens",5273,"L.","Trifolium","repens","","","Cochrane, Theodore S.","3/1972","Brashier","s.n.","1966-07-15",1966,7,15,196,"1966-07-15","","Sandy.",NA,"Bayfield","Drummond",46.33689,-91.25797,NA,6377,"46.336890 N"," 91.257970 W","Georeferencing Quick Reference Guide 2012-10-02","Geolocate","",NA,"","July","Barnard; Brashier","Brashier"
"SUWS012284","Equisetopsida","Fabales","Fabaceae","Trifolium repens",5273,"L.","Trifolium","repens","","","Cochrane, Theodore S.","3/1972","Brashier","s.n.","1966-07-15",1966,7,15,196,"1966-07-15","","Near the lake shore.",NA,"Bayfield","Pigeon Lake",46.34228,-91.34901,NA,2257,"46.342280 N"," 91.349010 W","Georeferencing Quick Reference Guide 2012-10-02","Geolocate","",NA,"","July","Collins; Brashier","Brashier"
"SUWS012285","Equisetopsida","Fabales","Fabaceae","Trifolium repens",5273,"L.","Trifolium","repens","","","Cochrane, Theodore S.","3/1972","Wassgren","PL-144","1964-06-30",1964,6,30,182,"1964-06-30","","",NA,"Bayfield","Pigeon Lake Field Station",46.34228,-91.34901,NA,2257,"46.342280 N"," 91.349010 W","Georeferencing Quick Reference Guide 2012-10-02","Geolocate","",NA,"","June","Brashier; Wassgren","Other Collectors"
"SUWS012286","Equisetopsida","Fabales","Fabaceae","Trifolium repens",5273,"L.","Trifolium","repens","","","Cochrane, Theodore S.","3/1972","Brashier","s.n.","1966-07-09",1966,7,9,190,"1966-07-09","","Roadside.",NA,"Bayfield","Drummond. 1 mile W of Drummond on CTH A",46.33452,-91.28477,NA,1312,"46.334520 N"," 91.284770 W","Georeferencing Quick Reference Guide 2012-10-02","Geolocate","",NA,"","July","Hjerleid; Brashier","Brashier"
"SUWS012287","Equisetopsida","Fabales","Fabaceae","Trifolium repens",5273,"L.","Trifolium","repens","","","Cochrane, Theodore S.","3/1972","Brashier","s.n.","1966-07-05",1966,7,5,186,"1966-07-05","","Sandy bluff on pond.",NA,"Eau Claire","S shore of Dells Pond",44.82634,-91.49106,NA,1034,"44.826340 N"," 91.491060 W","Georeferencing Quick Reference Guide 2012-10-02","Geolocate","",NA,"","July","Mackensen; Brashier","Brashier"
"SUWS012288","Equisetopsida","Fabales","Fabaceae","Trifolium repens",5273,"L.","Trifolium","repens","","","Cochrane, Theodore S.","3/1972","Brashier","s.n.","1966-07-10",1966,7,10,191,"1966-07-10","","Soil sandy and loose, surrounding area wooded.",NA,"Bayfield","1 mile E of Pigeon Lake Camp on CTH A",46.33848,-91.32048,NA,2203,"46.338480 N"," 91.320480 W","Georeferencing Quick Reference Guide 2012-10-02","Geolocate","",NA,"","July","Cornell; Brashier","Brashier"
"SUWS012295","Equisetopsida","Fabales","Fabaceae","Vicia americana subsp. americana",6938,"","Vicia","americana","americana","subsp.","Cochrane, Theodore S.","3/1972","Brashier","s.n.","1966-07-17",1966,7,17,198,"1966-07-17","","Roadside.",NA,"Bayfield","Pigeon Lake",46.34228,-91.34901,NA,2257,"46.342280 N"," 91.349010 W","Georeferencing Quick Reference Guide 2012-10-02","Geolocate","",NA,"","July","Collins; Brashier","Brashier"
"SUWS012296","Equisetopsida","Fabales","Fabaceae","Vicia americana subsp. americana",6938,"","Vicia","americana","americana","subsp.","Cochrane, Theodore S.","3/1972","Brashier","s.n.","1966-07-19",1966,7,19,200,"1966-07-19","","Sandy field near road.",NA,"Bayfield","Drummond. 3 miles S of Drummond on Hwy 63",46.29109,-91.2796,NA,2111,"46.291090 N"," 91.279600 W","Georeferencing Quick Reference Guide 2012-10-02","Geolocate","",NA,"","July","Hjerleid; Brashier","Brashier"
"SUWS012297","Equisetopsida","Fabales","Fabaceae","Vicia americana subsp. americana",6938,"","Vicia","americana","americana","subsp.","Cochrane, Theodore S.","3/1972","Brashier","s.n.","1966-07-05",1966,7,5,186,"1966-07-05","","Near roadside; soil sandy and loose; surrounding area dense woods.",NA,"Bayfield","0.75 miles E of Pigeon Lake Camp",46.3418,-91.31268,NA,2283,"46.341800 N"," 91.312680 W","Georeferencing Quick Reference Guide 2012-10-02","Geolocate","",NA,"","July","Cornell; Brashier","Brashier"
"SUWS012304","Equisetopsida","Fabales","Fabaceae","Vicia villosa",5382,"Roth","Vicia","villosa","","","Cochrane, Theodore S.","3/1972","Romans","90b","1964-06-03",1964,6,3,155,"1964-06-03","","On sandy railroad embankment.",NA,"Juneau","Wonewoc. 1 mile N of Wonewoc on State Hwy 82 near roadside picnic area",43.66724,-90.22346,NA,1056,"43.667240 N"," 90.223460 W","Georeferencing Quick Reference Guide 2012-10-02","Geolocate","",NA,"","June","Brashier; Romans","Romans"
"SUWS012323","Equisetopsida","Malvales","Thymelaeaceae","Dirca palustris",3423,"L.","Dirca","palustris","","","","","Walvoord","PL-205","1964-07-23",1964,7,23,205,"1964-07-23","","",NA,"Bayfield","Pigeon Lake Field Station",46.34228,-91.34901,NA,2257,"46.342280 N"," 91.349010 W","Georeferencing Quick Reference Guide 2012-10-02","Geolocate","",NA,"","July","Brashier; Walvoord","Other Collectors"
"SUWS012324","Equisetopsida","Malvales","Thymelaeaceae","Dirca palustris",3423,"L.","Dirca","palustris","","","","","Thoren","PL-206","1964-07-27",1964,7,27,209,"1964-07-27","","",NA,"Bayfield","Pigeon Lake Field Station",46.34228,-91.34901,NA,2257,"46.342280 N"," 91.349010 W","Georeferencing Quick Reference Guide 2012-10-02","Geolocate","",NA,"","July","Brashier; Thoren","Other Collectors"
"SUWS012325","Equisetopsida","Malvales","Thymelaeaceae","Dirca palustris",3423,"L.","Dirca","palustris","","","","","Smith","PL-204","1964-07-22",1964,7,22,204,"1964-07-22","","",NA,"Bayfield","Pigeon Lake Field Station",46.34228,-91.34901,NA,2257,"46.342280 N"," 91.349010 W","Georeferencing Quick Reference Guide 2012-10-02","Geolocate","",NA,"","July","Brashier; Smith","Other Collectors"
"SUWS012326","Equisetopsida","Myrtales","Onagraceae","Circaea alpina subsp. alpina",6580,"","Circaea","alpina","alpina","subsp.","","","Brashier","s.n.","1966-07-19",1966,7,19,200,"1966-07-19","","Hemlock forest; soil sandy; dense shade; cool and moist.",NA,"Bayfield","Drummond. E of Drummond",46.33855,-91.18244,NA,5343,"46.338550 N"," 91.182440 W","Georeferencing Quick Reference Guide 2012-10-02","Geolocate","",NA,"","July","Cornell; Brashier","Brashier"
"SUWS012330","Equisetopsida","Myrtales","Onagraceae","Circaea alpina subsp. alpina",6580,"","Circaea","alpina","alpina","subsp.","","","Brashier","s.n.","1966-07-19",1966,7,19,200,"1966-07-19","","Hemlock forest; cover is mostly decaying leaves and logs.",NA,"Bayfield","Lake Owen",46.28641,-91.22705,NA,5154,"46.286410 N"," 91.227050 W","Georeferencing Quick Reference Guide 2012-10-02","Geolocate","",NA,"","July","Holden; Brashier","Brashier"
"SUWS012331","Equisetopsida","Myrtales","Onagraceae","Epilobium angustifolium subsp. circumvagum",12909,"Mosquin","Epilobium","angustifolium","circumvagum","subsp.","","","Brashier","s.n.","1966-07-04",1966,7,4,185,"1966-07-04","","Sandy, loose soil; cover of low grasses and herbs.",NA,"Bayfield","Cable. 7 miles S of Drummond on Hwy 63 [N of Cable]",46.23555,-91.27994,NA,2695,"46.235550 N"," 91.279940 W","Georeferencing Quick Reference Guide 2012-10-02","Geolocate","",NA,"","July","Cornell; Brashier","Brashier"
"SUWS012336","Equisetopsida","Myrtales","Onagraceae","Epilobium angustifolium subsp. circumvagum",12909,"Mosquin","Epilobium","angustifolium","circumvagum","subsp.","","","Romans","226a","1964-07-07",1964,7,7,189,"1964-07-07","","Near water's edge in sandy soil.",NA,"Bayfield","Pigeon Lake Field Station",46.34228,-91.34901,NA,2257,"46.342280 N"," 91.349010 W","Georeferencing Quick Reference Guide 2012-10-02","Geolocate","",NA,"","July","Brashier; Romans","Romans"
"SUWS012337","Equisetopsida","Myrtales","Onagraceae","Epilobium angustifolium subsp. circumvagum",12909,"Mosquin","Epilobium","angustifolium","circumvagum","subsp.","","","Romans","226b","1964-07-07",1964,7,7,189,"1964-07-07","","Near water's edge in sandy soil.",NA,"Bayfield","Pigeon Lake Field Station",46.34228,-91.34901,NA,2257,"46.342280 N"," 91.349010 W","Georeferencing Quick Reference Guide 2012-10-02","Geolocate","",NA,"","July","Brashier; Romans","Romans"
"SUWS012338","Equisetopsida","Myrtales","Onagraceae","Epilobium angustifolium subsp. circumvagum",12909,"Mosquin","Epilobium","angustifolium","circumvagum","subsp.","","","Wassgren","PL-96","1964-07-01",1964,7,1,183,"1964-07-01","","",NA,"Bayfield","Near Drummond Lake",46.34393,-91.26114,NA,1856,"46.343930 N"," 91.261140 W","Georeferencing Quick Reference Guide 2012-10-02","Geolocate","",NA,"","July","Brashier; Wassgren","Other Collectors"
"SUWS012339","Equisetopsida","Myrtales","Onagraceae","Epilobium angustifolium subsp. circumvagum",12909,"Mosquin","Epilobium","angustifolium","circumvagum","subsp.","","","Brashier","s.n.","1964-07-01",1964,7,1,183,"1964-07-01","","Along the shore of the lake.",NA,"Bayfield","Drummond Lake",46.34393,-91.26114,NA,1856,"46.343930 N"," 91.261140 W","Georeferencing Quick Reference Guide 2012-10-02","Geolocate","",NA,"","July","Gunderson; Brashier","Brashier"
"SUWS012340","Equisetopsida","Myrtales","Onagraceae","Epilobium angustifolium subsp. circumvagum",12909,"Mosquin","Epilobium","angustifolium","circumvagum","subsp.","","","Brashier","s.n.","1966-07-22",1966,7,22,203,"1966-07-22","","Roadside - sandy and sparsely grassy.",NA,"Bayfield","6 miles N of Pigeon Lake on Cty. Hwy [FSR 228 - Delta Rd.] 228 [S of Delta Lookout]",46.42991,-91.33733,NA,1909,"46.429910 N"," 91.337330 W","Georeferencing Quick Reference Guide 2012-10-02","Geolocate","",NA,"","July","Holden; Brashier","Brashier"
"SUWS012341","Equisetopsida","Myrtales","Onagraceae","Epilobium angustifolium subsp. circumvagum",12909,"Mosquin","Epilobium","angustifolium","circumvagum","subsp.","","","Brashier","s.n.","1966-07-20",1966,7,20,201,"1966-07-20","","Lake shore.",NA,"Bayfield","Pigeon Lake",46.34228,-91.34901,NA,2257,"46.342280 N"," 91.349010 W","Georeferencing Quick Reference Guide 2012-10-02","Geolocate","",NA,"","July","Collins; Brashier","Brashier"
"SUWS012342","Equisetopsida","Myrtales","Onagraceae","Epilobium angustifolium subsp. circumvagum",12909,"Mosquin","Epilobium","angustifolium","circumvagum","subsp.","","","Brashier","s.n.","1964-07-06",1964,7,6,188,"1964-07-06","","Roadside area.",NA,"Bayfield","Drummond Lake",46.34393,-91.26114,NA,1856,"46.343930 N"," 91.261140 W","Georeferencing Quick Reference Guide 2012-10-02","Geolocate","",NA,"","July","Janowski; Brashier","Brashier"
"SUWS012347","Equisetopsida","Myrtales","Onagraceae","Epilobium ciliatum",3523,"Raf.","Epilobium","ciliatum","","","","","Brashier","s.n.","1966-07-29",1966,7,29,210,"1966-07-29","","Sandy, moist soil.",NA,"Bayfield","NE end of Pigeon Lake",46.34228,-91.34901,NA,2257,"46.342280 N"," 91.349010 W","Georeferencing Quick Reference Guide 2012-10-02","Geolocate","",NA,"","July","Cornell; Brashier","Brashier"
"SUWS012348","Equisetopsida","Myrtales","Onagraceae","Epilobium ciliatum",3523,"Raf.","Epilobium","ciliatum","","","","","Brashier","s.n.","1966-07-28",1966,7,28,209,"1966-07-28","","Edge of lake - growing in about one foot of water.",NA,"Bayfield","4 miles S of Pigeon Lake off of Hwy 218",46.2712,-91.34935,NA,1800,"46.271200 N"," 91.349350 W","Georeferencing Quick Reference Guide 2012-10-02","Geolocate","",NA,"","July","Holden; Brashier","Brashier"
"SUWS012349","Equisetopsida","Myrtales","Onagraceae","Epilobium ciliatum",3523,"Raf.","Epilobium","ciliatum","","","","","Grage","PL-94","1964-07-06",1964,7,6,188,"1964-07-06","","Gravel shoreline.",NA,"Bayfield","Pigeon Lake Field Station, along the N shore",46.3418,-91.34766,NA,2037,"46.341800 N"," 91.347660 W","Georeferencing Quick Reference Guide 2012-10-02","Geolocate","",NA,"","July","Brashier; Grage","Other Collectors"
"SUWS012352","Equisetopsida","Myrtales","Onagraceae","Epilobium hirsutum",3525,"L.","Epilobium","hirsutum","","","","","Romans","187b","1964-08-27",1964,8,27,240,"1964-08-27","","In shady woods, rich soil. [OUT OF RANGE?]",NA,"Douglas","Patzau. 0.5 mile W of Hwy 35 on CTH BB on the James Romans property [E of Patzau]",46.48986,-92.18414,NA,1517,"46.489860 N"," 92.184140 W","Georeferencing Quick Reference Guide 2012-10-02","Geolocate","",NA,"","August","Brashier; Romans","Romans"
"SUWS012353","Equisetopsida","Myrtales","Onagraceae","Epilobium hirsutum",3525,"L.","Epilobium","hirsutum","","","","","Romans","231a","1964-08-07",1964,8,7,220,"1964-08-07","","Along open path in woods, clay soil. [OUT OF RANGE?]",NA,"Douglas","Superior. 3 miles S of Superior on Hwy 35 on the Ralph Law property",46.65497,-92.10442,NA,4161,"46.654970 N"," 92.104420 W","Georeferencing Quick Reference Guide 2012-10-02","Geolocate","",NA,"","August","Brashier; Romans","Romans"
"SUWS012357","Equisetopsida","Myrtales","Onagraceae","Oenothera biennis",4348,"L.","Oenothera","biennis","","","","","Romans","134a","1964-08-18",1964,8,18,231,"1964-08-18","","Very dry, sandy gravel pit.",NA,"Douglas","Patzau. 1 mile E of Patzau on CTH BB",46.49133,-92.19972,NA,979,"46.491330 N"," 92.199720 W","Georeferencing Quick Reference Guide 2012-10-02","Geolocate","",NA,"","August","Brashier; Romans","Romans"
"SUWS012363","Equisetopsida","Myrtales","Onagraceae","Oenothera biennis",4348,"L.","Oenothera","biennis","","","","","Brashier","s.n.","1966-07-23",1966,7,23,204,"1966-07-23","","Roadside - dry, gravely and sandy, grassy.",NA,"Bayfield","Drummond. 4 miles S of Drummond on Hwy 63",46.2778,-91.27891,NA,2517,"46.277800 N"," 91.278910 W","Georeferencing Quick Reference Guide 2012-10-02","Geolocate","",NA,"","July","Holden; Brashier","Brashier"
"SUWS012364","Equisetopsida","Myrtales","Onagraceae","Oenothera biennis",4348,"L.","Oenothera","biennis","","","","","Brashier","s.n.","1966-07-11",1966,7,11,192,"1966-07-11","","Lake shore.",NA,"Bayfield","Owen Lake",46.28641,-91.22705,NA,5154,"46.286410 N"," 91.227050 W","Georeferencing Quick Reference Guide 2012-10-02","Geolocate","",NA,"","July","Collins; Brashier","Brashier"
"SUWS012365","Equisetopsida","Myrtales","Onagraceae","Oenothera biennis",4348,"L.","Oenothera","biennis","","","","","Brashier","s.n.","1966-07-24",1966,7,24,205,"1966-07-24","","Lake shore.",NA,"Bayfield","Drummond. Pigeon Lake",46.34228,-91.34901,NA,2257,"46.342280 N"," 91.349010 W","Georeferencing Quick Reference Guide 2012-10-02","Geolocate","",NA,"","July","Collins; Brashier","Brashier"
"SUWS012366","Equisetopsida","Myrtales","Onagraceae","Oenothera biennis",4348,"L.","Oenothera","biennis","","","","","Brashier","s.n.","1966-07-24",1966,7,24,205,"1966-07-24","","Lake shore.",NA,"Bayfield","Drummond. Pigeon Lake",46.34228,-91.34901,NA,2257,"46.342280 N"," 91.349010 W","Georeferencing Quick Reference Guide 2012-10-02","Geolocate","",NA,"","July","Collins; Brashier","Brashier"
"SUWS012368","Equisetopsida","Myrtales","Onagraceae","Oenothera biennis",4348,"L.","Oenothera","biennis","","","","","Brashier","s.n.","1966-07-30",1966,7,30,211,"1966-07-30","","Sandy area.",NA,"Bayfield","Drummond",46.33689,-91.25797,NA,6377,"46.336890 N"," 91.257970 W","Georeferencing Quick Reference Guide 2012-10-02","Geolocate","",NA,"","July","Barnard; Brashier","Brashier"
"SUWS012369","Equisetopsida","Myrtales","Onagraceae","Oenothera biennis",4348,"L.","Oenothera","biennis","","","","","Romans","228a","1964-07-07",1964,7,7,189,"1964-07-07","","Near water's edge in sandy soil.",NA,"Bayfield","Drummond. Pigeon Lake Field Station",46.34228,-91.34901,NA,2257,"46.342280 N"," 91.349010 W","Georeferencing Quick Reference Guide 2012-10-02","Geolocate","",NA,"","July","Brashier; Romans","Romans"
"SUWS012370","Equisetopsida","Myrtales","Onagraceae","Oenothera biennis",4348,"L.","Oenothera","biennis","","","","","Cherf","PL-11","1964-07-25",1964,7,25,207,"1964-07-25","","Along lake shore.",NA,"Bayfield","Drummond. Pigeon Lake Field Station",46.34228,-91.34901,NA,2257,"46.342280 N"," 91.349010 W","Georeferencing Quick Reference Guide 2012-10-02","Geolocate","",NA,"","July","Brashier; Cherf","Other Collectors"
"SUWS012371","Equisetopsida","Myrtales","Onagraceae","Oenothera biennis",4348,"L.","Oenothera","biennis","","","","","Brashier","s.n.","1964-07-25",1964,7,25,207,"1964-07-25","","Shore of lake.",NA,"Bayfield","Drummond. Pigeon Lake",46.34228,-91.34901,NA,2257,"46.342280 N"," 91.349010 W","Georeferencing Quick Reference Guide 2012-10-02","Geolocate","",NA,"","July","Thoren; Brashier","Brashier"
"SUWS012372","Equisetopsida","Myrtales","Onagraceae","Oenothera biennis",4348,"L.","Oenothera","biennis","","","","","Brashier","s.n.","1966-07-04",1966,7,4,185,"1966-07-04","","Sandy loose soil; cover of low grasses and herbs.",NA,"Bayfield","Cable. 7 miles S of Drummond on Hwy 63 [N of Cable]",46.23555,-91.27994,NA,2695,"46.235550 N"," 91.279940 W","Georeferencing Quick Reference Guide 2012-10-02","Geolocate","",NA,"","July","Cornell; Brashier","Brashier"
"SUWS012373","Equisetopsida","Myrtales","Onagraceae","Oenothera biennis",4348,"L.","Oenothera","biennis","","","","","Romans","228b","1964-07-07",1964,7,7,189,"1964-07-07","","Near water's edge in sandy soil.",NA,"Bayfield","Drummond. Pigeon Lake Field Station",46.34228,-91.34901,NA,2257,"46.342280 N"," 91.349010 W","Georeferencing Quick Reference Guide 2012-10-02","Geolocate","",NA,"","July","Brashier; Romans","Romans"
"SUWS012382","Equisetopsida","Myrtales","Onagraceae","Oenothera perennis",4350,"L.","Oenothera","perennis","","","","","Brashier","s.n.","1966-07-21",1966,7,21,202,"1966-07-21","","Ditch by edge of road along the railroad tracks.",NA,"Bayfield","Drummond. 3 miles W of Drummond",46.33688,-91.32088,NA,2345,"46.336880 N"," 91.320880 W","Georeferencing Quick Reference Guide 2012-10-02","Geolocate","",NA,"","July","Cornell; Brashier","Brashier"
"SUWS012389","Equisetopsida","Cornales","Cornaceae","Cornus canadensis",3215,"L.","Cornus","canadensis","","","","","Muller","PL-102","1964-06-23",1964,6,23,175,"1964-06-23","","Along nature trail.",NA,"Bayfield","Drummond. Pigeon Lake Field Station",46.34228,-91.34901,NA,2257,"46.342280 N"," 91.349010 W","Georeferencing Quick Reference Guide 2012-10-02","Geolocate","",NA,"","June","Brashier; Muller","Other Collectors"
"SUWS012391","Equisetopsida","Cornales","Cornaceae","Cornus canadensis",3215,"L.","Cornus","canadensis","","","","","Walvoord","PL-100","1964-06-30",1964,6,30,182,"1964-06-30","","Along nature trail.",NA,"Bayfield","Drummond. Pigeon Lake Field Station",46.34228,-91.34901,NA,2257,"46.342280 N"," 91.349010 W","Georeferencing Quick Reference Guide 2012-10-02","Geolocate","",NA,"","June","Brashier; Walvoord","Other Collectors"
"SUWS012392","Equisetopsida","Cornales","Cornaceae","Cornus canadensis",3215,"L.","Cornus","canadensis","","","","","Brashier","s.n.","1966-07-03",1966,7,3,184,"1966-07-03","","Soil sandy & loose, cover - low grasses and herbs, surrounding area dense woods.",NA,"Bayfield","Drummond. 3.1 miles from Pigeon Lake Camp on Highway 222 (Long View Rd.)",46.30007,-91.3224,NA,4271,"46.300070 N"," 91.322400 W","Georeferencing Quick Reference Guide 2012-10-02","Geolocate","",NA,"","July","Cornell; Brashier","Brashier"
"SUWS012393","Equisetopsida","Cornales","Cornaceae","Cornus canadensis",3215,"L.","Cornus","canadensis","","","","","Valaskey","PL-101","1964-06-25",1964,6,25,177,"1964-06-25","","Along nature trail.",NA,"Bayfield","Drummond. Pigeon Lake Field Station",46.34228,-91.34901,NA,2257,"46.342280 N"," 91.349010 W","Georeferencing Quick Reference Guide 2012-10-02","Geolocate","",NA,"","June","Brashier; Valaskey","Other Collectors"
"SUWS012411","Equisetopsida","Cornales","Cornaceae","Cornus stolonifera",12933,"Michx.","Cornus","stolonifera","","","","","Romans","55a","1964-06-04",1964,6,4,156,"1964-06-04","","Grassy, dry hilltop area in park proper camping area.",NA,"Sheboygan","Greenbush. Kettle Morraine [Moraine] North State Park [near Greenbush]",43.75955,-88.08879,NA,2500,"43.759550 N"," 88.088790 W","Georeferencing Quick Reference Guide 2012-10-02","Geolocate","",NA,"","June","Brashier; Romans","Romans"
"SUWS012421","Equisetopsida","Santalales","Santalaceae","Comandra umbellata subsp. umbellata",6585,"","Comandra","umbellata","umbellata","subsp.","Cochrane, Theodore S.","4/1972","Romans","103b","1964-06-01",1964,6,1,153,"1964-06-01","","Open area bordering road, sandy soil.",NA,"Burnett","Danbury. 3 miles S of Danbury at jct. of Old 35 Rd. and State Hwy 35",45.96741,-92.36349,NA,150,"45.967410 N"," 92.363490 W","Georeferencing Quick Reference Guide 2012-10-02","Geolocate","",NA,"","June","Brashier; Romans","Romans"
"SUWS012423","Equisetopsida","Santalales","Santalaceae","Comandra umbellata subsp. umbellata",6585,"","Comandra","umbellata","umbellata","subsp.","Cochrane, Theodore S.","4/1972","Romans","83b","1964-06-02",1964,6,2,154,"1964-06-02","","Sandy area bordering oak forest adjacent to highway.",NA,"Polk","Osceola. 0.2 mile N of Osceola on State Hwy 35",45.33458,-92.68725,NA,500,"45.334580 N"," 92.687250 W","Georeferencing Quick Reference Guide 2012-10-02","Geolocate","",NA,"","June","Brashier; Romans","Romans"
"SUWS012443","Equisetopsida","Malpighiales","Euphorbiaceae","Euphorbia corollata",3601,"L.","Euphorbia","corollata","","","Richardson, James W.","June 1975","Brashier","s.n.","1966-07-21",1966,7,21,202,"1966-07-21","","Sandy area.",NA,"Bayfield","Cable",46.20801,-91.29213,NA,3036,"46.208010 N"," 91.292130 W","Georeferencing Quick Reference Guide 2012-10-02","Geolocate","",NA,"","July","Barnard; Brashier","Brashier"
"SUWS012481","Equisetopsida","Fabales","Polygalaceae","Polygala paucifolia",4563,"Willd.","Polygala","paucifolia","","","","","Romans","s.n.","1965-06-08",1965,6,8,159,"1965-06-08","","Sandy hillside; jackpine woods.",NA,"Douglas","Solon Springs. Solon Springs Wildlife Refuge",46.35327,-91.82241,NA,4012,"46.353270 N"," 91.822410 W","Georeferencing Quick Reference Guide 2012-10-02","Geolocate","",NA,"","June","Brashier; Romans","Romans"
"SUWS012482","Equisetopsida","Fabales","Polygalaceae","Polygala paucifolia",4563,"Willd.","Polygala","paucifolia","","","","","Romans","s.n.","1965-05-06",1965,5,6,126,"1965-05-06","","Very sandy hillside.",NA,"Douglas","Solon Springs. Solon Springs Wildlife Sanctuary, near conservation department buildings,",46.35327,-91.82241,NA,4012,"46.353270 N"," 91.822410 W","Georeferencing Quick Reference Guide 2012-10-02","Geolocate","",NA,"","May","Brashier; Romans","Romans"
"SUWS012483","Equisetopsida","Fabales","Polygalaceae","Polygala polygama var. obtusata",6801,"Chodat","Polygala","polygama","obtusata","var.","","","Grage","PL-18","1964-07-13",1964,7,13,195,"1964-07-13","","",NA,"Bayfield","Drummond. Pigeon Lake Field Station. [Possible question with specimen, as environment description includes Crex Meadows]",46.34228,-91.34901,NA,2257,"46.342280 N"," 91.349010 W","Georeferencing Quick Reference Guide 2012-10-02","Geolocate","",NA,"","July","Brashier; Grage","Other Collectors"
"SUWS012511","Equisetopsida","Sapindales","Sapindaceae","Acer rubrum var. rubrum",6468,"","Acer","rubrum","rubrum","var.","","","Walvoord","PL-171","1964-07-23",1964,7,23,205,"1964-07-23","","",NA,"Bayfield","Drummond. Pigeon Lake Field Station",46.34228,-91.34901,NA,2257,"46.342280 N"," 91.349010 W","Georeferencing Quick Reference Guide 2012-10-02","Geolocate","",NA,"","July","Brashier; Walvoord","Other Collectors"
"SUWS012512","Equisetopsida","Sapindales","Sapindaceae","Acer rubrum var. rubrum",6468,"","Acer","rubrum","rubrum","var.","","","Gunderson","PL-170","1964-07-17",1964,7,17,199,"1964-07-17","","",NA,"Bayfield","Drummond. Pigeon Lake Field Station",46.34228,-91.34901,NA,2257,"46.342280 N"," 91.349010 W","Georeferencing Quick Reference Guide 2012-10-02","Geolocate","",NA,"","July","Brashier; Gunderson","Other Collectors"
"SUWS012513","Equisetopsida","Sapindales","Sapindaceae","Acer saccharum var. saccharum",6469,"","Acer","saccharum","saccharum","var.","","","Parrish","PL-165","1964-07-23",1964,7,23,205,"1964-07-23","","In camp area near parking lot.",NA,"Bayfield","Drummond. Pigeon Lake Field Station",46.34228,-91.34901,NA,2257,"46.342280 N"," 91.349010 W","Georeferencing Quick Reference Guide 2012-10-02","Geolocate","",NA,"","July","Brashier; Parrish","Other Collectors"
"SUWS012516","Equisetopsida","Sapindales","Sapindaceae","Acer saccharum var. saccharum",6469,"","Acer","saccharum","saccharum","var.","","","Gall","PL-164","1964-07-23",1964,7,23,205,"1964-07-23","","",NA,"Bayfield","Drummond. Pigeon Lake Field Station",46.34228,-91.34901,NA,2257,"46.342280 N"," 91.349010 W","Georeferencing Quick Reference Guide 2012-10-02","Geolocate","",NA,"","July","Brashier; Gall","Other Collectors"
"SUWS012528","Equisetopsida","Sapindales","Sapindaceae","Acer spicatum",2426,"Lam.","Acer","spicatum","","","","","Romans","210a","1964-06-26",1964,6,26,178,"1964-06-26","","Rich woods, shade.",NA,"Douglas","Superior. 3 miles S of Superior on Hwy 35 on the Ralph Law property",46.65497,-92.10442,NA,4161,"46.654970 N"," 92.104420 W","Georeferencing Quick Reference Guide 2012-10-02","Geolocate","",NA,"","June","Brashier; Romans","Romans"
"SUWS012529","Equisetopsida","Sapindales","Sapindaceae","Acer spicatum",2426,"Lam.","Acer","spicatum","","","","","Cherf","PL-166","1964-07-02",1964,7,2,184,"1964-07-02","","Woods.",NA,"Bayfield","Drummond. Pigeon Lake Field Station - across road from campus",46.34228,-91.34901,NA,2257,"46.342280 N"," 91.349010 W","Georeferencing Quick Reference Guide 2012-10-02","Geolocate","",NA,"","July","Brashier; Cherf","Other Collectors"
"SUWS012557","Equisetopsida","Oxalidales","Oxalidaceae","Oxalis dillenii",4390,"Jacq.","Oxalis","dillenii","","","","","Romans","129b","1964-08-19",1964,8,19,232,"1964-08-19","","In lawn near sidewalk in open sunlight.",NA,"Douglas","Superior. U[niv. of] W[isconsin] - Superior campus",46.71784,-92.08786,NA,699,"46.717840 N"," 92.087860 W","Georeferencing Quick Reference Guide 2012-10-02","Geolocate","",NA,"","August","Brashier; Romans","Romans"
"SUWS012562","Equisetopsida","Oxalidales","Oxalidaceae","Oxalis stricta",4392,"L.","Oxalis","stricta","","","","","Romans","249a","1964-07-18",1964,7,18,200,"1964-07-18","","In lawn.",NA,"Douglas","Superior. 3 miles S of Superior on Hwy 35 on the Ralph Law property",46.65497,-92.10442,NA,4161,"46.654970 N"," 92.104420 W","Georeferencing Quick Reference Guide 2012-10-02","Geolocate","",NA,"","July","Brashier; Romans","Romans"
"SUWS012563","Equisetopsida","Oxalidales","Oxalidaceae","Oxalis stricta",4392,"L.","Oxalis","stricta","","","","","Romans","136a","1964-06-03",1964,6,3,155,"1964-06-03","","Growing on embankment, open sunlight.",NA,"Juneau","Wonewoc. 1 mile N of Wonewoc on Hwy 87, E of picnic area on RR embankment",43.66724,-90.22346,NA,1056,"43.667240 N"," 90.223460 W","Georeferencing Quick Reference Guide 2012-10-02","Geolocate","",NA,"","June","Brashier; Romans","Romans"
"SUWS012567","Equisetopsida","Oxalidales","Oxalidaceae","Oxalis stricta",4392,"L.","Oxalis","stricta","","","","","Walvoord","PL-12","1964-07-12",1964,7,12,194,"1964-07-12","","Nature trail.",NA,"Bayfield","Drummond. Pigeon Lake Field Station",46.34228,-91.34901,NA,2257,"46.342280 N"," 91.349010 W","Georeferencing Quick Reference Guide 2012-10-02","Geolocate","",NA,"","July","Brashier; Walvoord","Other Collectors"
"SUWS012573","Equisetopsida","Geraniales","Geraniaceae","Geranium carolinianum",3696,"L.","Geranium","carolinianum","","","","","Cherf","PL-90","1964-07-25",1964,7,25,207,"1964-07-25","","Dry soil in parking lot.",NA,"Bayfield","Drummond. Pigeon Lake Field Station",46.34228,-91.34901,NA,2257,"46.342280 N"," 91.349010 W","Georeferencing Quick Reference Guide 2012-10-02","Geolocate","",NA,"","July","Brashier; Cherf","Other Collectors"
"SUWS012574","Equisetopsida","Geraniales","Geraniaceae","Geranium carolinianum",3696,"L.","Geranium","carolinianum","","","","","Thoren","PL-89","1964-07-24",1964,7,24,206,"1964-07-24","","Dry soil in parking lot.",NA,"Bayfield","Drummond. Pigeon Lake Field Station",46.34228,-91.34901,NA,2257,"46.342280 N"," 91.349010 W","Georeferencing Quick Reference Guide 2012-10-02","Geolocate","",NA,"","July","Brashier; Thoren","Other Collectors"
"SUWS012578","Equisetopsida","Geraniales","Geraniaceae","Geranium maculatum",3698,"L.","Geranium","maculatum","","","","","Brashier","s.n.","1966-07-10",1966,7,10,191,"1966-07-10","","Along roadside.",NA,"Bayfield","Drummond. Pigeon Lake",46.34228,-91.34901,NA,2257,"46.342280 N"," 91.349010 W","Georeferencing Quick Reference Guide 2012-10-02","Geolocate","",NA,"","July","Collins; Brashier","Brashier"
"SUWS012588","Equisetopsida","Ericales","Balsaminaceae","Impatiens capensis",3926,"Meerb.","Impatiens","capensis","","","","","Romans","153b","1964-08-07",1964,8,7,220,"1964-08-07","","Very wet ditchside.",NA,"Douglas","Superior. 3 miles S of Superior on Hwy 35 on the Ralph Law property",46.65497,-92.10442,NA,4161,"46.654970 N"," 92.104420 W","Georeferencing Quick Reference Guide 2012-10-02","Geolocate","",NA,"","August","Brashier; Romans","Romans"
"SUWS012594","Equisetopsida","Ericales","Balsaminaceae","Impatiens capensis",3926,"Meerb.","Impatiens","capensis","","","","","Brashier","s.n.","1964-07-29",1964,7,29,211,"1964-07-29","","Along the lakeshore.",NA,"Bayfield","Drummond. Pigeon Lake area",46.34228,-91.34901,NA,2257,"46.342280 N"," 91.349010 W","Georeferencing Quick Reference Guide 2012-10-02","Geolocate","",NA,"","July","Smith; Brashier","Brashier"
"SUWS012603","Equisetopsida","Apiales","Araliaceae","Aralia nudicaulis",2580,"L.","Aralia","nudicaulis","","","","","Brashier","s.n.","1964-07-23",1964,7,23,205,"1964-07-23","","Roadside.",NA,"Bayfield","Drummond. Pigeon Lake Field Station",46.34228,-91.34901,NA,2257,"46.342280 N"," 91.349010 W","Georeferencing Quick Reference Guide 2012-10-02","Geolocate","",NA,"","July","Gunderson; Brashier","Brashier"
"SUWS012610","Equisetopsida","Apiales","Araliaceae","Panax trifolius",4404,"L.","Panax","trifolius","","","","","Romans","8d","1964-06-01",1964,6,1,153,"1964-06-01","","Shrubby vegetated area, ground mostly moist with dark soil.",NA,"Douglas","Patzau. 0.5 mile W of Hwy 35 on CTH BB on th James Romans farm [E of Patzau]",46.48986,-92.18414,NA,1517,"46.489860 N"," 92.184140 W","Georeferencing Quick Reference Guide 2012-10-02","Geolocate","",NA,"","June","Brashier; Romans","Romans"
"SUWS012613","Equisetopsida","Apiales","Araliaceae","Panax trifolius",4404,"L.","Panax","trifolius","","","","","Romans","s.n.","1965-05-20",1965,5,20,140,"1965-05-20","","Rich woods.",NA,"Douglas","Patzau. 0.5 mile W of Hwy 35 on CTH BB on th James Romans farm [E of Patzau]",46.48986,-92.18414,NA,1517,"46.489860 N"," 92.184140 W","Georeferencing Quick Reference Guide 2012-10-02","Geolocate","",NA,"","May","Brashier; Romans","Romans"
"SUWS012625","Equisetopsida","Apiales","Apiaceae","Cicuta maculata",3129,"L.","Cicuta","maculata","","","","","Brashier","s.n.","1966-07-13",1966,7,13,194,"1966-07-13","","Roadside, wet ditch, thick woods nearby.",NA,"Bayfield","Iron River. Jct. of Rd. 222 and CTH A [Hwy 2?- if so, Iron River]",46.56545,-91.41803,NA,894,"46.565450 N"," 91.418030 W","Georeferencing Quick Reference Guide 2012-10-02","Geolocate","",NA,"","July","Cornell; Brashier","Brashier"
"SUWS012633","Equisetopsida","Apiales","Apiaceae","Daucus carota",3356,"L.","Daucus","carota","","","","","Brashier","s.n.","1964-06-28",1964,6,28,180,"1964-06-28","","Along street.",NA,"Douglas","Superior",46.68122,-92.06631,NA,12939,"46.681220 N"," 92.066310 W","Georeferencing Quick Reference Guide 2012-10-02","Geolocate","",NA,"","June","Holmgren; Brashier","Brashier"
"SUWS012634","Equisetopsida","Apiales","Apiaceae","Daucus carota",3356,"L.","Daucus","carota","","","","","Romans","92a","1964-06-04",1964,6,4,156,"1964-06-04","","In deep woods in very wet area.",NA,"Manitowoc","Near Kasbaum Lake on State Hwy 42 S of the jct. with U.S. Hwy 151",44.05936,-87.73621,NA,200,"44.059360 N"," 87.736210 W","Georeferencing Quick Reference Guide 2012-10-02","Geolocate","",NA,"","June","Brashier; Romans","Romans"
"SUWS012639","Equisetopsida","Apiales","Apiaceae","Heracleum lanatum",13072,"Michx.","Heracleum","lanatum","","","Unknown-UWSUP","20Mar1979","Romans","250a","1964-06-27",1964,6,27,179,"1964-06-27","","Wet ditch.",NA,"Douglas","Superior. Wisconsin Point Road",46.69472,-91.99265,NA,2450,"46.694720 N"," 91.992650 W","Georeferencing Quick Reference Guide 2012-10-02","Geolocate","",NA,"","June","Brashier; Romans","Romans"
"SUWS012649","Equisetopsida","Apiales","Apiaceae","Osmorhiza claytonii",4380,"(Michx.) C.B.Clarke","Osmorhiza","claytonii","","","","","Romans","102c","1964-06-04",1964,6,4,156,"1964-06-04","","Sandy roadside area in open sunlight.",NA,"Sheboygan","Greenbush. Kettle Moraine North State Park; in camping area [near Greenbush]",43.74982,-88.10536,NA,600,"43.749820 N"," 88.105360 W","Georeferencing Quick Reference Guide 2012-10-02","Geolocate","",NA,"","June","Brashier; Romans","Romans"
"SUWS012665","Equisetopsida","Apiales","Apiaceae","Zizia aurea",5463,"(L.) W.D.J.Koch","Zizia","aurea","","","","","Parrish","PL-91","1964-06-28",1964,6,28,180,"1964-06-28","","",NA,"Bayfield","Pigeon Lake Field Station",46.34228,-91.34901,NA,2257,"46.342280 N"," 91.349010 W","Georeferencing Quick Reference Guide 2012-10-02","Geolocate","",NA,"","June","Brashier; Parrish","Other Collectors"
"SUWS012667","Equisetopsida","Apiales","Apiaceae","Zizia aurea",5463,"(L.) W.D.J.Koch","Zizia","aurea","","","","","Ruff","PL-92","1964-07-23",1964,7,23,205,"1964-07-23","","",NA,"Bayfield","Pigeon Lake Field Station",46.34228,-91.34901,NA,2257,"46.342280 N"," 91.349010 W","Georeferencing Quick Reference Guide 2012-10-02","Geolocate","",NA,"","July","Brashier; Ruff","Other Collectors"
"SUWS012681","Equisetopsida","Gentianales","Apocynaceae","Apocynum androsaemifolium",2562,"L.","Apocynum","androsaemifolium","","","","","Brashier","s.n.","1966-07-14",1966,7,14,195,"1966-07-14","","Woody clearing; roadside.",NA,"Bayfield","Drummond. 0.5 mile W of Drummond on CTH A",46.33689,-91.27841,NA,2280,"46.336890 N"," 91.278410 W","Georeferencing Quick Reference Guide 2012-10-02","Geolocate","",NA,"","July","Hjerleid; Brashier","Brashier"
"SUWS012682","Equisetopsida","Gentianales","Apocynaceae","Apocynum androsaemifolium",2562,"L.","Apocynum","androsaemifolium","","","","","Romans","246a","1964-06-27",1964,6,27,179,"1964-06-27","","Open area near wood's edge.",NA,"Douglas","Patzau. 0.5 mile W of State Hwy 35 on CTH BB on the James Romans Property [E of Patzau]",46.48986,-92.18414,NA,1517,"46.489860 N"," 92.184140 W","Georeferencing Quick Reference Guide 2012-10-02","Geolocate","",NA,"","June","Brashier; Romans","Romans"
"SUWS012683","Equisetopsida","Gentianales","Apocynaceae","Apocynum androsaemifolium",2562,"L.","Apocynum","androsaemifolium","","","","","Brashier","s.n.","1966-07-03",1966,7,3,184,"1966-07-03","","Soil sandy and loose; cover - low vegetation, surrounding area densly wooded.",NA,"Bayfield","1.3 miles from the Pigeon Lake Camp on Hwy. 202 (Long View Rd.)",46.31502,-91.32317,NA,2241,"46.315020 N"," 91.323170 W","Georeferencing Quick Reference Guide 2012-10-02","Geolocate","",NA,"","July","Cornell; Brashier","Brashier"
"SUWS012684","Equisetopsida","Gentianales","Apocynaceae","Apocynum androsaemifolium",2562,"L.","Apocynum","androsaemifolium","","","","","Walvoord","PL-56","1964-07-09",1964,7,9,191,"1964-07-09","","Near lake.",NA,"Bayfield","Pigeon Lake Field Station; near Lake Drummond",46.34228,-91.34901,NA,2257,"46.342280 N"," 91.349010 W","Georeferencing Quick Reference Guide 2012-10-02","Geolocate","",NA,"","July","Brashier; Walvoord","Other Collectors"
"SUWS012685","Equisetopsida","Gentianales","Apocynaceae","Apocynum androsaemifolium",2562,"L.","Apocynum","androsaemifolium","","","","","Thoren","PL-57","1964-07-01",1964,7,1,183,"1964-07-01","","Roadside, near lake.",NA,"Bayfield","Pigeon Lake Field Station; near Lake Drummond",46.34228,-91.34901,NA,2257,"46.342280 N"," 91.349010 W","Georeferencing Quick Reference Guide 2012-10-02","Geolocate","",NA,"","July","Brashier; Thoren","Other Collectors"
"SUWS012686","Equisetopsida","Gentianales","Apocynaceae","Apocynum androsaemifolium",2562,"L.","Apocynum","androsaemifolium","","","","","Janowski","PL-58","1964-06-25",1964,6,25,177,"1964-06-25","","Nature trail.",NA,"Bayfield","Pigeon Lake Field Station",46.34228,-91.34901,NA,2257,"46.342280 N"," 91.349010 W","Georeferencing Quick Reference Guide 2012-10-02","Geolocate","",NA,"","June","Brashier; Janowski","Other Collectors"
"SUWS012690","Equisetopsida","Gentianales","Apocynaceae","Apocynum androsaemifolium",2562,"L.","Apocynum","androsaemifolium","","","","","Brashier","s.n.","1966-07-16",1966,7,16,197,"1966-07-16","","Sandy, shade.",NA,"Bayfield","Drummond",46.33689,-91.25797,NA,6377,"46.336890 N"," 91.257970 W","Georeferencing Quick Reference Guide 2012-10-02","Geolocate","",NA,"","July","Barnard; Brashier","Brashier"
"SUWS012691","Equisetopsida","Gentianales","Apocynaceae","Apocynum androsaemifolium",2562,"L.","Apocynum","androsaemifolium","","","","","Brashier","s.n.","1966-07-08",1966,7,8,189,"1966-07-08","","Roadside, sandy.",NA,"Bayfield","1 mile N of Pigeon Lake on CTH D",46.35676,-91.34901,NA,2434,"46.356760 N"," 91.349010 W","Georeferencing Quick Reference Guide 2012-10-02","Geolocate","",NA,"","July","Mackensen; Brashier","Brashier"
"SUWS012703","Equisetopsida","Gentianales","Apocynaceae","Asclepias incarnata subsp. incarnata",6500,"","Asclepias","incarnata","incarnata","subsp.","Cochrane, Theodore S.","3/1972","Brashier","s.n.","1964-07-15",1964,7,15,197,"1964-07-15","","Along the shore of the lake.",NA,"Bayfield","Pigeon Lake Field Station",46.34228,-91.34901,NA,2257,"46.342280 N"," 91.349010 W","Georeferencing Quick Reference Guide 2012-10-02","Geolocate","",NA,"","July","Cherf; Brashier","Brashier"
"SUWS012705","Equisetopsida","Gentianales","Apocynaceae","Asclepias incarnata subsp. incarnata",6500,"","Asclepias","incarnata","incarnata","subsp.","Cochrane, Theodore S.","3/1972","Janowski","PL-34","1964-07-20",1964,7,20,202,"1964-07-20","","Roadside.",NA,"Bayfield","Pigeon Lake Field Station",46.34228,-91.34901,NA,2257,"46.342280 N"," 91.349010 W","Georeferencing Quick Reference Guide 2012-10-02","Geolocate","",NA,"","July","Brashier; Janowski","Other Collectors"
"SUWS012712","Equisetopsida","Gentianales","Apocynaceae","Asclepias tuberosa var. interior",12849,"(Woodson) Shinners","Asclepias","tuberosa","interior","var.","Cochrane, Theodore S.","3/1972","Smith","PL-38","1964-07-13",1964,7,13,195,"1964-07-13","","",NA,"Bayfield","Pigeon Lake Field Station",46.34228,-91.34901,NA,2257,"46.342280 N"," 91.349010 W","Georeferencing Quick Reference Guide 2012-10-02","Geolocate","",NA,"","July","Brashier; Smith","Other Collectors"
"SUWS012713","Equisetopsida","Gentianales","Apocynaceae","Asclepias tuberosa var. interior",12849,"(Woodson) Shinners","Asclepias","tuberosa","interior","var.","Cochrane, Theodore S.","3/1972","Grage","PL-39","1964-07-13",1964,7,13,195,"1964-07-13","","Prairie habitat.",NA,"Burnett","Grantsburg. Crex Meadows. [Label has both Pigeon Lake Field Station (Bayfield Co.) and Crex Meadow (Burnett Co.) - Using Burnett Co. based upon other collection of same date and close",45.851,-92.64154,NA,5000,"45.851000 N"," 92.641540 W","Georeferencing Quick Reference Guide 2012-10-02","Geolocate","",NA,"","July","Brashier; Grage","Other Collectors"
"SUWS012714","Equisetopsida","Gentianales","Apocynaceae","Asclepias tuberosa var. interior",12849,"(Woodson) Shinners","Asclepias","tuberosa","interior","var.","Cochrane, Theodore S.","3/1972","Brashier","s.n.","1966-07-10",1966,7,10,191,"1966-07-10","","Edge of woods.",NA,"Polk","Frederic",45.65912,-92.46714,NA,2000,"45.659120 N"," 92.467140 W","Georeferencing Quick Reference Guide 2012-10-02","Geolocate","",NA,"","July","Barnard; Brashier","Brashier"
"SUWS012716","Equisetopsida","Gentianales","Apocynaceae","Asclepias tuberosa var. interior",12849,"(Woodson) Shinners","Asclepias","tuberosa","interior","var.","Cochrane, Theodore S.","3/1972","Brashier","s.n.","1966-07-10",1966,7,10,191,"1966-07-10","","Sandy area.",NA,"Polk","Frederic",45.65912,-92.46714,NA,2000,"45.659120 N"," 92.467140 W","Georeferencing Quick Reference Guide 2012-10-02","Geolocate","",NA,"","July","Barnard; Brashier","Brashier"
"SUWS012726","Equisetopsida","Gentianales","Apocynaceae","Asclepias syriaca",2644,"L.","Asclepias","syriaca","","","Cochrane, Theodore S.","3/1972","Raatz","PL-35","1964-07-20",1964,7,20,202,"1964-07-20","","Open space aside sandy roadside.",NA,"Bayfield","Pigeon Lake Field Station",46.34228,-91.34901,NA,2257,"46.342280 N"," 91.349010 W","Georeferencing Quick Reference Guide 2012-10-02","Geolocate","",NA,"","July","Brashier; Raatz","Other Collectors"
"SUWS012727","Equisetopsida","Gentianales","Apocynaceae","Asclepias syriaca",2644,"L.","Asclepias","syriaca","","","Cochrane, Theodore S.","3/1972","Janowski","PL-36","1964-07-16",1964,7,16,198,"1964-07-16","","Near shore of lake.",NA,"Bayfield","Pigeon Lake Field Station",46.34228,-91.34901,NA,2257,"46.342280 N"," 91.349010 W","Georeferencing Quick Reference Guide 2012-10-02","Geolocate","",NA,"","July","Brashier; Janowski","Other Collectors"
"SUWS012729","Equisetopsida","Gentianales","Apocynaceae","Asclepias syriaca",2644,"L.","Asclepias","syriaca","","","Cochrane, Theodore S.","3/1972","Romans","181","1964-08-04",1964,8,4,217,"1964-08-04","","Sandy roadside.",NA,"Burnett","Danbury. 4 miles N of Danbury on State Hwy. 35",46.05167,-92.30264,NA,1000,"46.051670 N"," 92.302640 W","Georeferencing Quick Reference Guide 2012-10-02","Geolocate","",NA,"","August","Brashier; Romans","Romans"
"SUWS012735","Equisetopsida","Solanales","Solanaceae","Leucophysalis grandiflora",8627,"(Hook.) Rydb.","Leucophysalis","grandiflora","","","","","Romans","74b","1964-06-01",1964,6,1,153,"1964-06-01","","Open, sandy roadside area adjacent to woods.",NA,"Burnett","Danbury. 3 miles S of Danbury at jct. of Old 35 Rd. and Hwy 35",45.96741,-92.36349,NA,150,"45.967410 N"," 92.363490 W","Georeferencing Quick Reference Guide 2012-10-02","Geolocate","",NA,"","June","Brashier; Romans","Romans"
"SUWS012736","Equisetopsida","Solanales","Solanaceae","Leucophysalis grandiflora",8627,"(Hook.) Rydb.","Leucophysalis","grandiflora","","","","","Romans","188b","1964-08-27",1964,8,27,240,"1964-08-27","","In weedy area near scrap iron heap.",NA,"Douglas","Patzau. 0.5 mile W of State Hwy 35 on CTH BB on the James Romans Property [E of Patzau]",46.48986,-92.18414,NA,1517,"46.489860 N"," 92.184140 W","Georeferencing Quick Reference Guide 2012-10-02","Geolocate","",NA,"","August","Brashier; Romans","Romans"
"SUWS012740","Equisetopsida","Solanales","Solanaceae","Solanum dulcamara",8664,"L.","Solanum","dulcamara","","","","","Romans","128c","1964-08-19",1964,8,19,232,"1964-08-19","","On north side of building in shade.",NA,"Douglas","Superior. Near steam plant on Univ. of Wisconsin - Superior campus",46.71784,-92.08786,NA,699,"46.717840 N"," 92.087860 W","Georeferencing Quick Reference Guide 2012-10-02","Geolocate","",NA,"","August","Brashier; Romans","Romans"
"SUWS012743","Equisetopsida","Solanales","Solanaceae","Solanum ptychanthum",8671,"Dunal","Solanum","ptychanthum","","","","","Walvoord","PL-132","1964-07-26",1964,7,26,208,"1964-07-26","","",NA,"Bayfield","Pigeon Lake Field Station",46.34228,-91.34901,NA,2257,"46.342280 N"," 91.349010 W","Georeferencing Quick Reference Guide 2012-10-02","Geolocate","",NA,"","July","Brashier; Walvoord","Other Collectors"
"SUWS012744","Equisetopsida","Solanales","Solanaceae","Solanum ptychanthum",8671,"Dunal","Solanum","ptychanthum","","","","","Janowski","PL-131","1964-07-23",1964,7,23,205,"1964-07-23","","Open area.",NA,"Bayfield","Pigeon Lake Field Station",46.34228,-91.34901,NA,2257,"46.342280 N"," 91.349010 W","Georeferencing Quick Reference Guide 2012-10-02","Geolocate","",NA,"","July","Brashier; Janowski","Other Collectors"
"SUWS012745","Equisetopsida","Solanales","Solanaceae","Solanum ptychanthum",8671,"Dunal","Solanum","ptychanthum","","","","","Brashier","s.n.","1966-07-17",1966,7,17,198,"1966-07-17","","Roadside, soil sandy and loose, relatively shadey.",NA,"Bayfield","1 mile W of Pigeon Lake Camp",46.34228,-91.36998,NA,1770,"46.342280 N"," 91.369980 W","Georeferencing Quick Reference Guide 2012-10-02","Geolocate","",NA,"","July","Cornell; Brashier","Brashier"
"SUWS012752","Equisetopsida","Solanales","Solanaceae","Physalis heterophylla var. heterophylla",8778,"","Physalis","heterophylla","heterophylla","var.","","","Parrish","PL-16","1964-07-27",1964,7,27,209,"1964-07-27","","",NA,"Bayfield","Pigeon Lake Field Station",46.34228,-91.34901,NA,2257,"46.342280 N"," 91.349010 W","Georeferencing Quick Reference Guide 2012-10-02","Geolocate","",NA,"","July","Brashier; Parrish","Other Collectors"
"SUWS012755","Equisetopsida","Solanales","Solanaceae","Physalis heterophylla var. heterophylla",8778,"","Physalis","heterophylla","heterophylla","var.","","","Brashier","s.n.","1966-07-02",1966,7,2,183,"1966-07-02","","Soil sandy and loose, contains much sawdust.",NA,"Bayfield","Drummond. NE edge of factory district of Drummond",46.33689,-91.25797,NA,6377,"46.336890 N"," 91.257970 W","Georeferencing Quick Reference Guide 2012-10-02","Geolocate","",NA,"","July","Cornell; Brashier","Brashier"
"SUWS012756","Equisetopsida","Solanales","Solanaceae","Physalis heterophylla var. heterophylla",8778,"","Physalis","heterophylla","heterophylla","var.","","","Thoren","PL-15","1964-07-25",1964,7,25,207,"1964-07-25","","Parking lot.",NA,"Bayfield","Pigeon Lake Field Station",46.34228,-91.34901,NA,2257,"46.342280 N"," 91.349010 W","Georeferencing Quick Reference Guide 2012-10-02","Geolocate","",NA,"","July","Brashier; Thoren","Other Collectors"
"SUWS012757","Equisetopsida","Solanales","Solanaceae","Physalis virginiana var. virginiana",8780,"","Physalis","virginiana","virginiana","var.","","","Romans","75c","1964-06-02",1964,6,2,154,"1964-06-02","","Sandy soil between road and adjacent woods; in shade of woods.",NA,"Polk","Osceola. 0.2 mile N of Osceola on State Hwy 35",45.33458,-92.68725,NA,500,"45.334580 N"," 92.687250 W","Georeferencing Quick Reference Guide 2012-10-02","Geolocate","",NA,"","June","Brashier; Romans","Romans"
"SUWS012758","Equisetopsida","Solanales","Solanaceae","Physalis virginiana var. virginiana",8780,"","Physalis","virginiana","virginiana","var.","","","Brashier","s.n.","1966-07-05",1966,7,5,186,"1966-07-05","","Soil red and sandy and firm.",NA,"Bayfield","Drummond. 1.2 miles E of Drummond on Hwy 216",46.33701,-91.2328,NA,2056,"46.337010 N"," 91.232800 W","Georeferencing Quick Reference Guide 2012-10-02","Geolocate","",NA,"","July","Cornell; Brashier","Brashier"
"SUWS012766","Equisetopsida","Solanales","Convolvulaceae","Calystegia spithamaea",2851,"(L.) Pursh","Calystegia","spithamaea","","","Castle, R.","1994","Cherf","PL-103","1964-07-15",1964,7,15,197,"1964-07-15","","Along roadside.",NA,"Bayfield","Pigeon Lake Field Station",46.34228,-91.34901,NA,2257,"46.342280 N"," 91.349010 W","Georeferencing Quick Reference Guide 2012-10-02","Geolocate","",NA,"","July","Brashier; Cherf","Other Collectors"
"SUWS012768","Equisetopsida","Solanales","Convolvulaceae","Calystegia spithamaea",2851,"(L.) Pursh","Calystegia","spithamaea","","","Castle, R.","1994","Paulsen","PL-104","1964-07-02",1964,7,2,184,"1964-07-02","","Open area in woods.",NA,"Bayfield","Pigeon Lake Field Station",46.34228,-91.34901,NA,2257,"46.342280 N"," 91.349010 W","Georeferencing Quick Reference Guide 2012-10-02","Geolocate","",NA,"","July","Brashier; Paulsen","Other Collectors"
"SUWS012770","Equisetopsida","Solanales","Convolvulaceae","Calystegia sepium",2850,"(L.) R.Br.","Calystegia","sepium","","","Castle, R.","1994","Brashier","s.n.","1964-07-20",1964,7,20,202,"1964-07-20","","In brush along nature trail.",NA,"Bayfield","Pigeon Lake Field Station",46.34228,-91.34901,NA,2257,"46.342280 N"," 91.349010 W","Georeferencing Quick Reference Guide 2012-10-02","Geolocate","",NA,"","July","Cherf; Brashier","Brashier"
"SUWS012771","Equisetopsida","Solanales","Convolvulaceae","Calystegia sepium",2850,"(L.) R.Br.","Calystegia","sepium","","","Castle, R.","1994","Brashier","s.n.","1964-07-22",1964,7,22,204,"1964-07-22","","Roadside.",NA,"Bayfield","W of Pigeon Lake",46.34228,-91.36998,NA,1770,"46.342280 N"," 91.369980 W","Georeferencing Quick Reference Guide 2012-10-02","Geolocate","",NA,"","July","Wassgren; Brashier","Brashier"
"SUWS012772","Equisetopsida","Solanales","Convolvulaceae","Calystegia sepium",2850,"(L.) R.Br.","Calystegia","sepium","","","Castle, R.","1994","Romans","215a","1964-06-30",1964,6,30,182,"1964-06-30","","Very steep, sandy roadside embankment.",NA,"Bayfield","Drummond. On State Hwy 63, 1 mile S of the jct. with CTH A [CTH A does not jct. with Hwy 63 but does jct. with CTH N which then jcts. with Hwy 63 at Drummond]",46.31485,-91.28028,NA,2013,"46.314850 N"," 91.280280 W","Georeferencing Quick Reference Guide 2012-10-02","Geolocate","",NA,"","June","Brashier; Romans","Romans"
"SUWS012773","Equisetopsida","Solanales","Convolvulaceae","Calystegia sepium",2850,"(L.) R.Br.","Calystegia","sepium","","","Castle, R.","1994","Thoren","PL-106","1964-07-11",1964,7,11,193,"1964-07-11","","Open fields.",NA,"Bayfield","Pigeon Lake Field Station",46.34228,-91.34901,NA,2257,"46.342280 N"," 91.349010 W","Georeferencing Quick Reference Guide 2012-10-02","Geolocate","",NA,"","July","Brashier; Thoren","Other Collectors"
"SUWS012774","Equisetopsida","Solanales","Convolvulaceae","Calystegia sepium",2850,"(L.) R.Br.","Calystegia","sepium","","","Castle, R.","1994","Walvoord","PL-105","1964-07-10",1964,7,10,192,"1964-07-10","","Along gravel road, vining over low shrubs.",NA,"Bayfield","Drummond. Near Lake Drummond",46.34393,-91.26114,NA,1856,"46.343930 N"," 91.261140 W","Georeferencing Quick Reference Guide 2012-10-02","Geolocate","",NA,"","July","Brashier; Walvoord","Other Collectors"
"SUWS012775","Equisetopsida","Solanales","Convolvulaceae","Calystegia sepium",2850,"(L.) R.Br.","Calystegia","sepium","","","Castle, R.","1994","Romans","215b","1964-06-30",1964,6,30,182,"1964-06-30","","Very steep, sandy roadside embankment.",NA,"Bayfield","Drummond. On State Hwy. 63, 1 mile S of the jct. eith CTH A [CTH A does not jct. with Hwy 63 but does jct. with CTH N which then jcts. with Hwy 63 at Drummond]",46.31485,-91.28028,NA,2013,"46.314850 N"," 91.280280 W","Georeferencing Quick Reference Guide 2012-10-02","Geolocate","",NA,"","June","Brashier; Romans","Romans"
"SUWS012778","Equisetopsida","Solanales","Convolvulaceae","Calystegia spithamaea",2851,"(L.) Pursh","Calystegia","spithamaea","","","Castle, R.","1994","Brashier","s.n.","1966-07-07",1966,7,7,188,"1966-07-07","","Soil sandy and loose.",NA,"Bayfield","Drummond. 3.4 miles E of Drummond on Hwy 216",46.30712,-91.20899,NA,3044,"46.307120 N"," 91.208990 W","Georeferencing Quick Reference Guide 2012-10-02","Geolocate","",NA,"","July","Cornell; Brashier","Brashier"
"SUWS012788","Equisetopsida","Asterales","Menyanthaceae","Menyanthes trifoliata",4237,"L.","Menyanthes","trifoliata","","","","","Romans","s.n.","1965-06-10",1965,6,10,161,"1965-06-10","","Bog near virgin hemlock forest.",NA,"Bayfield","N end of Lake Owen",46.26801,-91.25852,NA,6777,"46.268010 N"," 91.258520 W","Georeferencing Quick Reference Guide 2012-10-02","Geolocate","",NA,"","June","Brashier; Romans","Romans"
"SUWS012795","Equisetopsida","Ericales","Polemoniaceae","Phlox pilosa subsp. fulgida",6789,"(Wherry) Wherry","Phlox","pilosa","fulgida","subsp.","Cochrane, Theodore S.","3/1972","Brashier","s.n.","1964-07-10",1964,7,10,192,"1964-07-10","","Open woods.",NA,"Bayfield","Pigeon Lake Field Station",46.34228,-91.34901,NA,2257,"46.342280 N"," 91.349010 W","Georeferencing Quick Reference Guide 2012-10-02","Geolocate","",NA,"","July","Cherf; Brashier","Brashier"
"SUWS012799","Equisetopsida","Ericales","Polemoniaceae","Phlox pilosa subsp. fulgida",6789,"(Wherry) Wherry","Phlox","pilosa","fulgida","subsp.","Cochrane, Theodore S.","3/1972","Romans","18c","1964-06-01",1964,6,1,153,"1964-06-01","","Open, sandy ditchside area, shaded some-what by trees.",NA,"Burnett","Danbury. 1 mile N of Danbury on State Hwy 35",46.02157,-92.33938,NA,600,"46.021570 N"," 92.339380 W","Georeferencing Quick Reference Guide 2012-10-02","Geolocate","",NA,"","June","Brashier; Romans","Romans"
"SUWS012806","Equisetopsida","Boraginales","Boraginaceae","Hydrophyllum virginianum",3896,"L.","Hydrophyllum","virginianum","","","Cochrane, Theodore S.","3/1972","Romans","34a","1964-06-03",1964,6,3,155,"1964-06-03","","Sandy loam hillside covered with trees and shrubs.",NA,"Juneau","Wonewoc. 1 mile N of Wonewoc on State Hwy. 82, W of road on Hillside",43.66724,-90.22346,NA,1056,"43.667240 N"," 90.223460 W","Georeferencing Quick Reference Guide 2012-10-02","Geolocate","",NA,"","June","Brashier; Romans","Romans"
"SUWS012822","Equisetopsida","Boraginales","Boraginaceae","Mertensia paniculata var. paniculata",6754,"","Mertensia","paniculata","paniculata","var.","Cochrane, Theodore S.","1/1971","Romans","108b","1964-06-20",1964,6,20,172,"1964-06-20","","Deep, shaded woods.",NA,"Douglas","Superior. Approx. 2 miles S of Superior on State Hwy 35 on the Ralph Law property",46.66803,-92.10374,NA,3149,"46.668030 N"," 92.103740 W","Georeferencing Quick Reference Guide 2012-10-02","Geolocate","",NA,"","June","Brashier; Romans","Romans"
"SUWS012824","Equisetopsida","Boraginales","Boraginaceae","Mertensia paniculata var. paniculata",6754,"","Mertensia","paniculata","paniculata","var.","Cochrane, Theodore S.","1/1971","Romans","108a","1964-06-20",1964,6,20,172,"1964-06-20","","Deep, shaded woods.",NA,"Douglas","Superior. Approx. 2 miles S of Superior on State Hwy 35 on the Ralph Law property",46.66803,-92.10374,NA,3149,"46.668030 N"," 92.103740 W","Georeferencing Quick Reference Guide 2012-10-02","Geolocate","",NA,"","June","Brashier; Romans","Romans"
"SUWS012826","Equisetopsida","Boraginales","Boraginaceae","Mertensia paniculata var. paniculata",6754,"","Mertensia","paniculata","paniculata","var.","Cochrane, Theodore S.","1/1971","Romans","s.n.","1965-06-07",1965,6,7,158,"1965-06-07","","Clay soil in hardwoods.",NA,"Douglas","Superior. 3 miles S of Superior on State Hwy 35 on the Ralph Law property",46.65497,-92.10442,NA,4161,"46.654970 N"," 92.104420 W","Georeferencing Quick Reference Guide 2012-10-02","Geolocate","",NA,"","June","Brashier; Romans","Romans"
"SUWS012827","Equisetopsida","Boraginales","Boraginaceae","Mertensia paniculata var. paniculata",6754,"","Mertensia","paniculata","paniculata","var.","Cochrane, Theodore S.","1/1971","Romans","s.n.","1965-06-07",1965,6,7,158,"1965-06-07","","Clay soil in hardwoods.",NA,"Douglas","Superior. 3 miles S of Superior on State Hwy 35 on the Ralph Law property",46.65497,-92.10442,NA,4161,"46.654970 N"," 92.104420 W","Georeferencing Quick Reference Guide 2012-10-02","Geolocate","",NA,"","June","Brashier; Romans","Romans"
"SUWS012828","Equisetopsida","Boraginales","Boraginaceae","Mertensia paniculata var. paniculata",6754,"","Mertensia","paniculata","paniculata","var.","Cochrane, Theodore S.","1/1971","Romans","s.n.","1965-06-07",1965,6,7,158,"1965-06-07","","Clay soil in hardwoods.",NA,"Douglas","Superior. 3 miles S of Superior on State Hwy 35 on the Ralph Law property",46.65497,-92.10442,NA,4161,"46.654970 N"," 92.104420 W","Georeferencing Quick Reference Guide 2012-10-02","Geolocate","",NA,"","June","Brashier; Romans","Romans"
"SUWS012834","Equisetopsida","Boraginales","Boraginaceae","Myosotis scorpioides",4301,"L.","Myosotis","scorpioides","","","Cochrane, Theodore S.","1/1971","Brashier","s.n.","1966-07-07",1966,7,7,188,"1966-07-07","","Soil sandy and loose, surrounding area wooded.",NA,"Bayfield","Drummond. 3 miles E of Drummond on Town Roads 216 and 213",46.30866,-91.2045,NA,3269,"46.308660 N"," 91.204500 W","Georeferencing Quick Reference Guide 2012-10-02","Geolocate","",NA,"","July","Cornell; Brashier","Brashier"
"SUWS012835","Equisetopsida","Boraginales","Boraginaceae","Myosotis scorpioides",4301,"L.","Myosotis","scorpioides","","","Cochrane, Theodore S.","1/1971","Brashier","s.n.","1964-07-06",1964,7,6,188,"1964-07-06","","Brookside.",NA,"Douglas","Brule. Fish Hatchery at Brule",46.53529,-91.58211,NA,1088,"46.535290 N"," 91.582110 W","Georeferencing Quick Reference Guide 2012-10-02","Geolocate","",NA,"","July","Thoren; Brashier","Brashier"
"SUWS012851","Equisetopsida","Lamiales","Verbenaceae","Verbena hastata",5341,"L.","Verbena","hastata","","","Tans, William","Mar 1975","Romans","233a","1964-06-30",1964,6,30,182,"1964-06-30","","On beach of lake; sandy soil.",NA,"Bayfield","Pigeon Lake Field Station",46.34228,-91.34901,NA,2257,"46.342280 N"," 91.349010 W","Georeferencing Quick Reference Guide 2012-10-02","Geolocate","",NA,"","June","Brashier; Romans","Romans"
"SUWS012867","Equisetopsida","Lamiales","Lamiaceae","Galeopsis tetrahit",3659,"L.","Galeopsis","tetrahit","","","","","Romans","185a","1964-08-04",1964,8,4,217,"1964-08-04","","In tall grass in ditch adjacent to road; shaded.",NA,"Douglas","South Superior. 1 mile N of jct. of CTH A (Sunnyside Rd.) and CTH C [ca. 3mi SE of South Superior]",46.62914,-92.06763,NA,2273,"46.629140 N"," 92.067630 W","Georeferencing Quick Reference Guide 2012-10-02","Geolocate","",NA,"","August","Brashier; Romans","Romans"
"SUWS012871","Equisetopsida","Lamiales","Lamiaceae","Glechoma hederacea",3713,"L.","Glechoma","hederacea","","","","","Romans","s.n.","1965-06-07",1965,6,7,158,"1965-06-07","","Sandy roadside.",NA,"Douglas","Patzau. 0.5 mile W of State Hwy 35 on CTH BB on the James Romans Property [E of Patzau]",46.48986,-92.18414,NA,1517,"46.489860 N"," 92.184140 W","Georeferencing Quick Reference Guide 2012-10-02","Geolocate","",NA,"","June","Brashier; Romans","Romans"
"SUWS012872","Equisetopsida","Lamiales","Lamiaceae","Glechoma hederacea",3713,"L.","Glechoma","hederacea","","","","","Romans","77b","1964-06-02",1964,6,2,154,"1964-06-02","","Open field area in tall grass between road and creek.",NA,"Pierce","East Ellsworth. 2 miles N of East Ellsworth on State Hwy 35 near railroad trestle",44.76115,-92.48741,NA,NA,"44.761150 N"," 92.487410 W","Georeferencing Quick Reference Guide 2012-10-02","Geolocate","",NA,"","June","Brashier; Romans","Romans"
"SUWS012875","Equisetopsida","Lamiales","Lamiaceae","Lycopus virginicus",4157,"L.","Lycopus","virginicus","","","","","Brashier","s.n.","1966-07-14",1966,7,14,195,"1966-07-14","","Low area (pothole). [OUT OF RANGE?]",NA,"Bayfield","NE Shore of Lake Owen and Hwy. 213",46.3044,-91.21089,NA,1333,"46.304400 N"," 91.210890 W","Georeferencing Quick Reference Guide 2012-10-02","Geolocate","",NA,"","July","Hjerleid; Brashier","Brashier"
"SUWS012891","Equisetopsida","Lamiales","Lamiaceae","Monarda fistulosa subsp. fistulosa",6757,"","Monarda","fistulosa","fistulosa","subsp.","","","Brashier","s.n.","1966-07-24",1966,7,24,205,"1966-07-24","","Open field.",NA,"Bayfield","2 miles W of Pigeon Lake on CTH A",46.34227,-91.39095,NA,801,"46.342270 N"," 91.390950 W","Georeferencing Quick Reference Guide 2012-10-02","Geolocate","",NA,"","July","Hjerleid; Brashier","Brashier"
"SUWS012894","Equisetopsida","Lamiales","Lamiaceae","Monarda fistulosa subsp. fistulosa",6757,"","Monarda","fistulosa","fistulosa","subsp.","","","Brashier","s.n.","1966-07-13",1966,7,13,194,"1966-07-13","","Roadside; soil sandy and loose; open area.",NA,"Bayfield","Pigeon Lake Rd. 1.75 miles W of Pigeon Lake Camp",46.34042,-91.37189,NA,789,"46.340420 N"," 91.371890 W","Georeferencing Quick Reference Guide 2012-10-02","Geolocate","",NA,"","July","Cornell; Brashier","Brashier"
"SUWS012899","Equisetopsida","Lamiales","Lamiaceae","Monarda fistulosa subsp. fistulosa",6757,"","Monarda","fistulosa","fistulosa","subsp.","","","Brashier","s.n.","1966-07-19",1966,7,19,200,"1966-07-19","","Meadow with grass and shrubs; rich soil.",NA,"Bayfield","8 miles W of Pigeon Lake on CTH N [near Henderson Lake]",46.33715,-91.49841,NA,851,"46.337150 N"," 91.498410 W","Georeferencing Quick Reference Guide 2012-10-02","Geolocate","",NA,"","July","Holden; Brashier","Brashier"
"SUWS012906","Equisetopsida","Lamiales","Lamiaceae","Mentha arvensis var. canadensis",13141,"(L.) Kuntze","Mentha","arvensis","canadensis","var.","Castle, R.","1994","Romans","148a","1964-08-18",1964,8,18,231,"1964-08-18","","Wet roadside.",NA,"Douglas","Patzau. 2 miles W of State Hwy 35 on CTH BB [near Patzau]",46.49133,-92.22075,NA,2762,"46.491330 N"," 92.220750 W","Georeferencing Quick Reference Guide 2012-10-02","Geolocate","",NA,"","August","Brashier; Romans","Romans"
"SUWS012907","Equisetopsida","Lamiales","Lamiaceae","Mentha arvensis var. canadensis",13141,"(L.) Kuntze","Mentha","arvensis","canadensis","var.","","","Smith, C. W.","s.n.","1942-07-18",1942,7,18,199,"1942-07-18","","[Labled as Mentha arvensis var. glabrata].",NA,"Douglas","Superior. Sand Island in Superior harbor",46.73216,-92.0663,NA,5192,"46.732160 N"," 92.066300 W","Georeferencing Quick Reference Guide 2012-10-02","Geolocate","",NA,"","July","Thomson, John W., Jr.; Smith, C. W.","Other Collectors"
"SUWS012913","Equisetopsida","Lamiales","Lamiaceae","Mentha arvensis var. canadensis",13141,"(L.) Kuntze","Mentha","arvensis","canadensis","var.","Castle, R.","1994","Romans","133c","1964-08-26",1964,8,26,239,"1964-08-26","","Wet roadside in tall grass.",NA,"Douglas","Superior. 1 mile N of U.S. Hwy. 2 on Wisconsin Point Rd. [Moccassin Mike Rd.]",46.67311,-91.97214,NA,2431,"46.673110 N"," 91.972140 W","Georeferencing Quick Reference Guide 2012-10-02","Geolocate","",NA,"","August","Brashier; Romans","Romans"
"SUWS012914","Equisetopsida","Lamiales","Lamiaceae","Mentha arvensis var. canadensis",13141,"(L.) Kuntze","Mentha","arvensis","canadensis","var.","","","Brashier","s.n.","1966-07-12",1966,7,12,193,"1966-07-12","","Open brushy low land.",NA,"Bayfield","Cable. 4 miles S of Cable on Hwy 63",46.15366,-91.32955,NA,4091,"46.153660 N"," 91.329550 W","Georeferencing Quick Reference Guide 2012-10-02","Geolocate","",NA,"","July","Hjerleid; Brashier","Brashier"
"SUWS013940","Equisetopsida","Asterales","Asteraceae","Eupatorium perfoliatum var. perfoliatum",3595,"L.","Eupatorium","perfoliatum","perfoliatum","var.","","","Johnson, R.","s.n.","1994-07-12",1994,7,12,193,"1994-07-12","","Roadside.",NA,"Douglas","Near Breitzman Lake; 2 miles S on Breitzman Lake Rd.",46.4578,-92.21369,NA,668,"46.457800 N"," 92.213690 W","Georeferencing Quick Reference Guide 2012-10-02","Geolocate","",NA,"","July","Castle, R.; Johnson, R.","Other Collectors"
"SUWS013942","Equisetopsida","Alismatales","Araceae","Calla palustris",2830,"L.","Calla","palustris","","","","","Johnson, R.","C","1994-07-12",1994,7,12,193,"1994-07-12","","In 12-18 inches of water.",NA,"Douglas","Breitzman Lake",46.4578,-92.21369,NA,668,"46.457800 N"," 92.213690 W","Georeferencing Quick Reference Guide 2012-10-02","Geolocate","",NA,"","July","Castle, R.; Johnson, R.","Other Collectors"
"SUWS013943","Equisetopsida","Asparagales","Orchidaceae","Platanthera psycodes",4535,"(L.) Lindl.","Platanthera","psycodes","","","","","Davidson, Donald W.","94-27","1994-07-12",1994,7,12,193,"1994-07-12","","Roadside. Additional collector(s): Johnson, R.",NA,"Douglas","Superior",46.68122,-92.06631,NA,12939,"46.681220 N"," 92.066310 W","Georeferencing Quick Reference Guide 2012-10-02","Geolocate","",NA,"","July","Castle, R.; Davidson, Donald W., Anderson, D.","Davidson, Donald W."
"SUWS013951","Equisetopsida","Poales","Cyperaceae","Carex scabrata",3000,"Schwein.","Carex","scabrata","","","","","Castle, R.","94-370","1994-07-12",1994,7,12,193,"1994-07-12","","Growing in ditch with alder. Additional collector(s): Anderson, D.",NA,"Douglas","Superior. Moccasin Mike Rd. [Rd. to Wisconsin Point]",46.67311,-91.97214,NA,2431,"46.673110 N"," 91.972140 W","Georeferencing Quick Reference Guide 2012-10-02","Geolocate","",NA,"","July","Davidson, Donald W.; Castle, R., Johnson, Robbye","Castle, R."
"SUWS014106","Equisetopsida","Asparagales","Orchidaceae","Cypripedium acaule",3333,"Aiton","Cypripedium","acaule","","","","","Romans","s.n.","1965-06-07",1965,6,7,158,"1965-06-07","","Bog.",NA,"Douglas","Patzau. 0.5 mile W of State Hwy 35 on CTH BB on James Romans propery [E of Patzau]",46.48986,-92.18414,NA,1517,"46.489860 N"," 92.184140 W","Georeferencing Quick Reference Guide 2012-10-02","Geolocate","",NA,"","June","Brashier; Romans","Romans"
"SUWS014134","Equisetopsida","Alismatales","Araceae","Arisaema triphyllum subsp. triphyllum",2605,"","Arisaema","triphyllum","triphyllum","subsp.","","","Stetzer, Gerald W.","s.n.","1971-05-18",1971,5,18,138,"1971-05-18","","New tamarack area. [Labeled as Arisaema atrorubens]",NA,"Trempealeau","Centerville. 5 miles N of Centerville on Hwy. 93",44.14238,-91.45126,NA,1000,"44.142380 N"," 91.451260 W","Georeferencing Quick Reference Guide 2012-10-02","Geolocate","",NA,"","May","Lenser, Gregory J.; Stetzer, Gerald W.","Other Collectors"
"SUWS014198","Equisetopsida","Asterales","Asteraceae","Cirsium vulgare",3144,"(Savi) Ten.","Cirsium","vulgare","","","","","Romans","121a","1964-08-18",1964,8,18,231,"1964-08-18","","Dry, railroad embankment.",NA,"Douglas","Patzau. 3 miles W and 1 mile S of Patzau on Soo Line Railroad embankment",46.50065,-92.28624,NA,1880,"46.500650 N"," 92.286240 W","Georeferencing Quick Reference Guide 2012-10-02","Geolocate","",NA,"","August","Brashier; Romans","Romans"
"SUWS014226","Equisetopsida","Asterales","Asteraceae","Euthamia graminifolia var. graminifolia",13032,"(L.) Nutt.","Euthamia","graminifolia","graminifolia","var.","Salamun, Peter J.","1975","Romans","124a","1964-08-18",1964,8,18,231,"1964-08-18","","Damp area in roadside ditch.",NA,"Douglas","Patzau. 2 miles W of State Hwy. 35 on CTH BB [E of Patzau]",46.49133,-92.22075,NA,2762,"46.491330 N"," 92.220750 W","Georeferencing Quick Reference Guide 2012-10-02","Geolocate","",NA,"","August","Brashier; Romans","Romans"
"SUWS014235","Equisetopsida","Asterales","Asteraceae","Eupatorium perfoliatum var. perfoliatum",3595,"L.","Eupatorium","perfoliatum","perfoliatum","var.","","","Romans","118a","1964-08-18",1964,8,18,231,"1964-08-18","","Wet roadside.",NA,"Douglas","Patzau. 2 miles W of State Hwy 35 on CTH BB [E of Patzau]",46.48986,-92.18414,NA,1517,"46.489860 N"," 92.184140 W","Georeferencing Quick Reference Guide 2012-10-02","Geolocate","",NA,"","August","Brashier; Romans","Romans"
"SUWS014239","Equisetopsida","Asterales","Asteraceae","Eupatorium perfoliatum var. perfoliatum",3595,"L.","Eupatorium","perfoliatum","perfoliatum","var.","","","Valaskey","Pl-93","1964-07-23",1964,7,23,205,"1964-07-23","","",NA,"Bayfield","Drummond. N of Drummond on a side rd.",46.42098,-91.26037,NA,9192,"46.420980 N"," 91.260370 W","Georeferencing Quick Reference Guide 2012-10-02","Geolocate","",NA,"","July","Brashier; Valaskey","Other Collectors"
"SUWS014240","Equisetopsida","Asterales","Asteraceae","Eupatorium maculatum",12811,"L.","Eupatorium","maculatum","","","","","Romans","122b","1964-08-18",1964,8,18,231,"1964-08-18","","Wet roadside.",NA,"Douglas","Patzau. 2 miles W of State Hwy 35 on CTH BB [E of Patzau]",46.48986,-92.18414,NA,1517,"46.489860 N"," 92.184140 W","Georeferencing Quick Reference Guide 2012-10-02","Geolocate","",NA,"","August","Brashier; Romans","Romans"
"SUWS014246","Equisetopsida","Asterales","Asteraceae","Eupatorium maculatum",12811,"L.","Eupatorium","maculatum","","","","","Romans","271a","1964-08-04",1964,8,4,217,"1964-08-04","","Along roadside next to floating bog.",NA,"Burnett","Danbury. 5 miles S of Danbury on State Hwy. 35",45.93422,-92.36169,NA,750,"45.934220 N"," 92.361690 W","Georeferencing Quick Reference Guide 2012-10-02","Geolocate","",NA,"","August","Brashier; Romans","Romans"
"SUWS014252","Equisetopsida","Asterales","Asteraceae","Erigeron strigosus",3556,"Muhl. ex Willd.","Erigeron","strigosus","","","","","Brashier","s.n.","1966-07-03",1966,7,3,184,"1966-07-03","","Sandy, loose soil; cover of low grasses and herbs; surrounding area thick woods and underbrush.",NA,"Bayfield","2.8 miles from Pigeon Lake Camp on Hwy. 222; Long View Rd.",46.30007,-91.3224,NA,4271,"46.300070 N"," 91.322400 W","Georeferencing Quick Reference Guide 2012-10-02","Geolocate","",NA,"","July","Cornell; Brashier","Brashier"
"SUWS014253","Equisetopsida","Asterales","Asteraceae","Erigeron strigosus",3556,"Muhl. ex Willd.","Erigeron","strigosus","","","","","Brashier","s.n.","1966-07-02",1966,7,2,183,"1966-07-02","","Meadow with dry, rocky soil and many shrubs and grasses.",NA,"St. Croix","Hudson. 3 miles E of Hudson on Hwy. 12",44.97613,-92.68035,NA,1300,"44.976130 N"," 92.680350 W","Georeferencing Quick Reference Guide 2012-10-02","Geolocate","",NA,"","July","Holden; Brashier","Brashier"
"SUWS014256","Equisetopsida","Asterales","Asteraceae","Erigeron strigosus",3556,"Muhl. ex Willd.","Erigeron","strigosus","","","","","Brashier","s.n.","1966-07-20",1966,7,20,201,"1966-07-20","","Sandy roadside.",NA,"Bayfield","Drummond. 1 mile W of Drummond on CTH A",46.33452,-91.28477,NA,1312,"46.334520 N"," 91.284770 W","Georeferencing Quick Reference Guide 2012-10-02","Geolocate","",NA,"","July","Hjerleid; Brashier","Brashier"
"SUWS014257","Equisetopsida","Asterales","Asteraceae","Erigeron strigosus",3556,"Muhl. ex Willd.","Erigeron","strigosus","","","","","Brashier","s.n.","1966-07-29",1966,7,29,210,"1966-07-29","","Under Pinus strobus; quite acid soil.",NA,"Bayfield","1 mile in on Fire Trail [Probably near Pigeon Lake]",46.3418,-91.34766,NA,2037,"46.341800 N"," 91.347660 W","Georeferencing Quick Reference Guide 2012-10-02","Geolocate","",NA,"","July","Mackensen; Brashier","Brashier"
"SUWS014258","Equisetopsida","Asterales","Asteraceae","Erigeron strigosus",3556,"Muhl. ex Willd.","Erigeron","strigosus","","","","","Romans","245a","1964-06-27",1964,6,27,179,"1964-06-27","","Open field; clay soil.",NA,"Douglas","Superior. 3 miles S of Superior on State Hwy. 35 on the Ralph Law property",46.65497,-92.10442,NA,4161,"46.654970 N"," 92.104420 W","Georeferencing Quick Reference Guide 2012-10-02","Geolocate","",NA,"","June","Brashier; Romans","Romans"
"SUWS014283","Equisetopsida","Asterales","Asteraceae","Hieracium aurantiacum",3848,"L.","Hieracium","aurantiacum","","","","","Brashier","s.n.","1966-07-09",1966,7,9,190,"1966-07-09","","Low brushy to open meadow.",NA,"Bayfield","3 miles S of Pigeon Lake on Hwy 222",46.30782,-91.32289,NA,1634,"46.307820 N"," 91.322890 W","Georeferencing Quick Reference Guide 2012-10-02","Geolocate","",NA,"","July","Hjerleid; Brashier","Brashier"
"SUWS014284","Equisetopsida","Asterales","Asteraceae","Hieracium aurantiacum",3848,"L.","Hieracium","aurantiacum","","","","","Brashier","s.n.","1966-07-24",1966,7,24,205,"1966-07-24","","Open sandy clearing.",NA,"Bayfield","1 mile S of CTH A on Hwy 222 [Should be CTH N and FSR 222- SE of Pigeon Lake]",46.32318,-91.3224,NA,898,"46.323180 N"," 91.322400 W","Georeferencing Quick Reference Guide 2012-10-02","Geolocate","",NA,"","July","Hjerleid; Brashier","Brashier"
"SUWS014285","Equisetopsida","Asterales","Asteraceae","Hieracium aurantiacum",3848,"L.","Hieracium","aurantiacum","","","","","Brashier","s.n.","1966-07-02",1966,7,2,183,"1966-07-02","","Soil sandy and firm; cover dense grasses and herbs.",NA,"Bayfield","Drummond. NE of Drummond at jct. of Hwy. 402 and Hwy 63",46.34389,-91.21338,NA,691,"46.343890 N"," 91.213380 W","Georeferencing Quick Reference Guide 2012-10-02","Geolocate","",NA,"","July","Cornell; Brashier","Brashier"
"SUWS014288","Equisetopsida","Asterales","Asteraceae","Hieracium aurantiacum",3848,"L.","Hieracium","aurantiacum","","","","","Romans","230a","1964-06-24",1964,6,24,176,"1964-06-24","","In shade of Quercus sp. in sandy soil.",NA,"Bayfield","Drummond. On campus of Pigeon Lake Biology Field Station",46.34228,-91.34901,NA,2257,"46.342280 N"," 91.349010 W","Georeferencing Quick Reference Guide 2012-10-02","Geolocate","",NA,"","June","Brashier; Romans","Romans"
"SUWS014292","Equisetopsida","Asterales","Asteraceae","Hieracium aurantiacum",3848,"L.","Hieracium","aurantiacum","","","","","Romans","230b","1964-06-24",1964,6,24,176,"1964-06-24","","In shade of Quercus sp. In sandy soil.",NA,"Bayfield","Drummond. On campus of Pigeon Lake Biology Field Station",46.34228,-91.34901,NA,2257,"46.342280 N"," 91.349010 W","Georeferencing Quick Reference Guide 2012-10-02","Geolocate","",NA,"","June","Brashier; Romans","Romans"
"SUWS014296","Equisetopsida","Asterales","Asteraceae","Hieracium umbellatum",3857,"L.","Hieracium","umbellatum","","","","","Romans","96a","1964-06-02",1964,6,2,154,"1964-06-02","","Sandy, roadside area near entrance to park; open sunlight.",NA,"St. Croix","Somerset. Within city limits; in park along river [Apple River]",45.12547,-92.67195,NA,1500,"45.125470 N"," 92.671950 W","Georeferencing Quick Reference Guide 2012-10-02","Geolocate","",NA,"","June","Brashier; Romans","Romans"
"SUWS014309","Equisetopsida","Asterales","Asteraceae","Helianthus maximiliani",3817,"Schrad.","Helianthus","maximiliani","","","Koch, Rudy G.","21Jan1980","Romans","165a","1964-08-04",1964,8,4,217,"1964-08-04","","Along fence between road and field; clay soil.",NA,"Douglas","Superior. 0.5 mile S of Wienstein Packing House on CTH C [Superior]",46.63206,-92.06932,NA,2867,"46.632060 N"," 92.069320 W","Georeferencing Quick Reference Guide 2012-10-02","Geolocate","",NA,"","August","Brashier; Romans","Romans"
"SUWS014310","Equisetopsida","Asterales","Asteraceae","Helianthus maximiliani",3817,"Schrad.","Helianthus","maximiliani","","","Unknown-UWSUP","20Mar1979","Romans","159a","1964-08-26",1964,8,26,239,"1964-08-26","","Roadside; clay soil.",NA,"Douglas","Superior. 1 mile N of U.S. Hwy 2 on the road to Wisconsin Point [Moccasin Mike Rd.]",46.67311,-91.97214,NA,2431,"46.673110 N"," 91.972140 W","Georeferencing Quick Reference Guide 2012-10-02","Geolocate","",NA,"","August","Brashier; Romans","Romans"
"SUWS014328","Equisetopsida","Asterales","Asteraceae","Rudbeckia hirta var. pulcherrima",6844,"Farw.","Rudbeckia","hirta","pulcherrima","var.","Castle, R.","1994","Brashier","s.n.","1966-07-09",1966,7,9,190,"1966-07-09","","Sandy.",NA,"Bayfield","Cable",46.20801,-91.29213,NA,3036,"46.208010 N"," 91.292130 W","Georeferencing Quick Reference Guide 2012-10-02","Geolocate","",NA,"","July","Barnard; Brashier","Brashier"
"SUWS014329","Equisetopsida","Asterales","Asteraceae","Rudbeckia hirta var. pulcherrima",6844,"Farw.","Rudbeckia","hirta","pulcherrima","var.","Castle, R.","1994","Grage","PL-82","1964-07-01",1964,7,1,183,"1964-07-01","","Sandy loam on roadside, near lake.",NA,"Bayfield","Near Lake Drummond",46.34393,-91.26114,NA,1856,"46.343930 N"," 91.261140 W","Georeferencing Quick Reference Guide 2012-10-02","Geolocate","",NA,"","July","Brashier; Grage","Other Collectors"
"SUWS014330","Equisetopsida","Asterales","Asteraceae","Rudbeckia hirta var. pulcherrima",6844,"Farw.","Rudbeckia","hirta","pulcherrima","var.","Castle, R.","1994","Romans","216b","1964-06-26",1964,6,26,178,"1964-06-26","","Sandy soil; roadside.",NA,"Bayfield","Delta. Bridge over headwaters of White River",46.47814,-90.98825,NA,5401,"46.478140 N"," 90.988250 W","Georeferencing Quick Reference Guide 2012-10-02","Geolocate","",NA,"","June","Brashier; Romans","Romans"
"SUWS014334","Equisetopsida","Asterales","Asteraceae","Rudbeckia hirta var. pulcherrima",6844,"Farw.","Rudbeckia","hirta","pulcherrima","var.","Castle, R.","1994","Brashier","s.n.","1966-07-12",1966,7,12,193,"1966-07-12","","Near railroad track bed; quite sandy.",NA,"Eau Claire","Augusta. 1 mile N of railroad bridge on CTH M [Augusta]",44.67831,-91.10404,NA,522,"44.678310 N"," 91.104040 W","Georeferencing Quick Reference Guide 2012-10-02","Geolocate","",NA,"","July","Mackensen; Brashier","Brashier"
"SUWS014336","Equisetopsida","Asterales","Asteraceae","Rudbeckia hirta var. pulcherrima",6844,"Farw.","Rudbeckia","hirta","pulcherrima","var.","Castle, R.","1994","Brashier","s.n.","1966-07-04",1966,7,4,185,"1966-07-04","","Roadside.",NA,"Bayfield","Pigeon Lake Forest Trail",46.34228,-91.34901,NA,2257,"46.342280 N"," 91.349010 W","Georeferencing Quick Reference Guide 2012-10-02","Geolocate","",NA,"","July","Collins; Brashier","Brashier"
"SUWS014338","Equisetopsida","Asterales","Asteraceae","Rudbeckia hirta var. pulcherrima",6844,"Farw.","Rudbeckia","hirta","pulcherrima","var.","Castle, R.","1994","Brashier","s.n.","1966-07-02",1966,7,2,183,"1966-07-02","","Meadow with dry, rocky, soil and many shrubs and grasses.",NA,"St. Croix","Hudson. 3 miles E of Hudson on Hwy. 12",44.97613,-92.68035,NA,1300,"44.976130 N"," 92.680350 W","Georeferencing Quick Reference Guide 2012-10-02","Geolocate","",NA,"","July","Holden; Brashier","Brashier"
"SUWS014340","Equisetopsida","Asterales","Asteraceae","Rudbeckia hirta var. pulcherrima",6844,"Farw.","Rudbeckia","hirta","pulcherrima","var.","Castle, R.","1994","Brashier","s.n.","1966-07-17",1966,7,17,198,"1966-07-17","","Roadside.",NA,"Bayfield","1 mile W of Pigeon Lake camp on CTH A",46.34228,-91.36998,NA,1770,"46.342280 N"," 91.369980 W","Georeferencing Quick Reference Guide 2012-10-02","Geolocate","",NA,"","July","Hjerleid; Brashier","Brashier"
"SUWS014341","Equisetopsida","Asterales","Asteraceae","Rudbeckia hirta var. pulcherrima",6844,"Farw.","Rudbeckia","hirta","pulcherrima","var.","Castle, R.","1994","Brashier","s.n.","1966-07-03",1966,7,3,184,"1966-07-03","","Soil sandy and loose; surrounding area thick woods, much undergrowth.",NA,"Bayfield","1.5 miles from Pigeon Lake Camp on Rd. 222 - Long View Rd.",46.31668,-91.32291,NA,1029,"46.316680 N"," 91.322910 W","Georeferencing Quick Reference Guide 2012-10-02","Geolocate","",NA,"","July","Cornell; Brashier","Brashier"
"SUWS014348","Equisetopsida","Asterales","Asteraceae","Prenanthes alba",4669,"L.","Prenanthes","alba","","","","","Romans","152b","1964-08-07",1964,8,7,220,"1964-08-07","","Rich, shady woods.",NA,"Douglas","Superior. 3 miles S of Superior on State Hwy. 35 on the Ralph Law property",46.65497,-92.10442,NA,4161,"46.654970 N"," 92.104420 W","Georeferencing Quick Reference Guide 2012-10-02","Geolocate","",NA,"","August","Brashier; Romans","Romans"
"SUWS014349","Equisetopsida","Asterales","Asteraceae","Prenanthes alba",4669,"L.","Prenanthes","alba","","","","","Romans","160a","1964-08-26",1964,8,26,239,"1964-08-26","","Shady roadside.",NA,"Douglas","Superior. 1 mile N of U.S. Hwy. 2 on the road to Wisconsin Point Rd. [Moccasin Mike Rd.]",46.67311,-91.97214,NA,2431,"46.673110 N"," 91.972140 W","Georeferencing Quick Reference Guide 2012-10-02","Geolocate","",NA,"","August","Brashier; Romans","Romans"
"SUWS014362","Equisetopsida","Asterales","Asteraceae","Matricaria discoidea",4203,"DC.","Matricaria","discoidea","","","","","Grage","PL-77","1964-07-07",1964,7,7,189,"1964-07-07","","Roadside.",NA,"Bayfield","E shore of Lake Drummond, near dam",46.34393,-91.26114,NA,1856,"46.343930 N"," 91.261140 W","Georeferencing Quick Reference Guide 2012-10-02","Geolocate","",NA,"","July","Brashier; Grage","Other Collectors"
"SUWS014368","Equisetopsida","Asterales","Asteraceae","Liatris aspera",4058,"Michx.","Liatris","aspera","","","Alverson, William S.","5/1979","Romans","169b","1964-08-04",1964,8,4,217,"1964-08-04","","Sandy ditch next to jackpine forest; very dry.",NA,"Burnett","Danbury. 4 miles S of Danbury on State Hwy 35",45.9487,-92.37131,NA,750,"45.948700 N"," 92.371310 W","Georeferencing Quick Reference Guide 2012-10-02","Geolocate","",NA,"","August","Brashier; Romans","Romans"
"SUWS014393","Equisetopsida","Asterales","Asteraceae","Solidago nemoralis subsp. nemoralis",6880,"","Solidago","nemoralis","nemoralis","subsp.","Salamun, Peter J.","1976","Romans","158a","1964-08-18",1964,8,18,231,"1964-08-18","","Gravel pit.",NA,"Douglas","Patzau. 1 mile E of Patzau on CTH BB",46.49133,-92.19972,NA,979,"46.491330 N"," 92.199720 W","Georeferencing Quick Reference Guide 2012-10-02","Geolocate","",NA,"","August","Brashier; Romans","Romans"
"SUWS014402","Equisetopsida","Asterales","Asteraceae","Solidago juncea",5087,"Aiton","Solidago","juncea","","","Salamun, Peter J.","1976","Brashier","s.n.","1966-07-28",1966,7,28,209,"1966-07-28","","Sandy area.",NA,"Bayfield","Cable",46.20801,-91.29213,NA,3036,"46.208010 N"," 91.292130 W","Georeferencing Quick Reference Guide 2012-10-02","Geolocate","",NA,"","July","Barnard; Brashier","Brashier"
"SUWS014403","Equisetopsida","Asterales","Asteraceae","Solidago juncea",5087,"Aiton","Solidago","juncea","","","Salamun, Peter J.","1976","Smith, C. W.","5127","1942-07-18",1942,7,18,199,"1942-07-18","","Island in lake.",NA,"Douglas","Superior. Sand Island in Superior Bay",46.73216,-92.0663,NA,5466,"46.732160 N"," 92.066300 W","Georeferencing Quick Reference Guide 2012-10-02","Geolocate","",NA,"","July","Thomson, John W., Jr.; Smith, C. W.","Other Collectors"
"SUWS014429","Equisetopsida","Asterales","Asteraceae","Tragopogon dubius",5247,"Scop.","Tragopogon","dubius","","","Castle, R.","1994","Romans","28c","1964-06-02",1964,6,2,154,"1964-06-02","","Sandy area bordering roadside.",NA,"Polk","Osceola. 0.2 mile N of Osceola on State Hwy. 35",45.33458,-92.68725,NA,500,"45.334580 N"," 92.687250 W","Georeferencing Quick Reference Guide 2012-10-02","Geolocate","",NA,"","June","Brashier; Romans","Romans"
"SUWS014433","Equisetopsida","Asterales","Asteraceae","Taraxacum officinale",5202,"F.H.Wigg.","Taraxacum","officinale","","","","","Romans","132c","1964-08-19",1964,8,19,232,"1964-08-19","","Weed in lawn.",NA,"Douglas","Superior. UW-Superior campus",46.71784,-92.08786,NA,699,"46.717840 N"," 92.087860 W","Georeferencing Quick Reference Guide 2012-10-02","Geolocate","",NA,"","August","Brashier; Romans","Romans"
"SUWS014437","Equisetopsida","Asterales","Asteraceae","Tanacetum vulgare",5200,"L.","Tanacetum","vulgare","","","","","Romans","117a","1964-08-18",1964,8,18,231,"1964-08-18","","Open field bordering st.",NA,"Douglas","Superior. 1 mile S of downtown Superior on Tower Ave.",46.70936,-92.10399,NA,2948,"46.709360 N"," 92.103990 W","Georeferencing Quick Reference Guide 2012-10-02","Geolocate","",NA,"","August","Brashier; Romans","Romans"
"SUWS014452","Equisetopsida","Asterales","Asteraceae","Sonchus oleraceus",5106,"L.","Sonchus","oleraceus","","","","","Romans","161a","1964-08-26",1964,8,26,239,"1964-08-26","","Roadside.",NA,"Douglas","Superior. 1 mile N of Hwy. 2 on the road to Wisconsin Point [Moccasin Mike Rd.]",46.67311,-91.97214,NA,2431,"46.673110 N"," 91.972140 W","Georeferencing Quick Reference Guide 2012-10-02","Geolocate","",NA,"","August","Brashier; Romans","Romans"
"SUWS014456","Equisetopsida","Asterales","Asteraceae","Sonchus arvensis",5104,"L.","Sonchus","arvensis","","","","","Romans","177a","1964-08-04",1964,8,4,217,"1964-08-04","","Clay soil.",NA,"Douglas","Superior. 0.5 mile S of Weinstein Packing Company on CTH C [Superior]",46.63206,-92.06932,NA,2867,"46.632060 N"," 92.069320 W","Georeferencing Quick Reference Guide 2012-10-02","Geolocate","",NA,"","August","Brashier; Romans","Romans"
"SUWS015000","Equisetopsida","Lamiales","Lamiaceae","Prunella vulgaris",4685,"L.","Prunella","vulgaris","","","","","Romans","133a","1964-08-19",1964,8,19,232,"1964-08-19","","Moist ditch.",NA,"Douglas","Superior. On UW-Superior campus; ditch near student center",46.68122,-92.06631,NA,12939,"46.681220 N"," 92.066310 W","Georeferencing Quick Reference Guide 2012-10-02","Geolocate","",NA,"","August","Brashier; Romans","Romans"
"SUWS015001","Equisetopsida","Lamiales","Lamiaceae","Prunella vulgaris",4685,"L.","Prunella","vulgaris","","","","","Brashier","s.n.","1966-07-06",1966,7,6,187,"1966-07-06","","Roadside.",NA,"Bayfield","Drummond",46.33689,-91.25797,NA,6377,"46.336890 N"," 91.257970 W","Georeferencing Quick Reference Guide 2012-10-02","Geolocate","",NA,"","July","Barnard; Brashier","Brashier"
"SUWS015005","Equisetopsida","Lamiales","Lamiaceae","Prunella vulgaris",4685,"L.","Prunella","vulgaris","","","","","Brashier","s.n.","1966-07-03",1966,7,3,184,"1966-07-03","","Soil sandy and loose; cover low grasses and herbs.",NA,"Bayfield","1.8 miles from Pigeon Lake Camp on Rd. 222 (Long View Rd.)",46.31502,-91.32317,NA,2241,"46.315020 N"," 91.323170 W","Georeferencing Quick Reference Guide 2012-10-02","Geolocate","",NA,"","July","Cornell; Brashier","Brashier"
"SUWS015014","Equisetopsida","Lamiales","Lamiaceae","Scutellaria galericulata",5013,"L.","Scutellaria","galericulata","","","Castle, R.","1994","Brashier","s.n.","1966-07-10",1966,7,10,191,"1966-07-10","","Soil sandy and loose; cover low grasses and herbs.",NA,"Bayfield","6.3 miles S of Pigeon Lake Camp on Blue Moon Rd. [near Hammil Lake]",46.2618,-91.30337,NA,1126,"46.261800 N"," 91.303370 W","Georeferencing Quick Reference Guide 2012-10-02","Geolocate","",NA,"","July","Cornell; Brashier","Brashier"
"SUWS015016","Equisetopsida","Lamiales","Lamiaceae","Scutellaria galericulata",5013,"L.","Scutellaria","galericulata","","","Castle, R.","1994","Romans","239c","1964-07-11",1964,7,11,193,"1964-07-11","","Along water's edge of river.",NA,"Douglas","Bardon State Park on Amnicon River",46.60755,-91.89927,NA,795,"46.607550 N"," 91.899270 W","Georeferencing Quick Reference Guide 2012-10-02","Geolocate","",NA,"","July","Brashier; Romans","Romans"
"SUWS015017","Equisetopsida","Lamiales","Lamiaceae","Scutellaria galericulata",5013,"L.","Scutellaria","galericulata","","","Castle, R.","1994","Brashier","s.n.","1966-07-15",1966,7,15,196,"1966-07-15","","Open woody area.",NA,"Bayfield","Drummond. Near US Forest Service fire tower S of Drummond",46.3015,-91.34901,NA,5154,"46.301500 N"," 91.349010 W","Georeferencing Quick Reference Guide 2012-10-02","Geolocate","",NA,"","July","Hjerleid; Brashier","Brashier"
"SUWS015024","Equisetopsida","Lamiales","Lamiaceae","Stachys palustris",5147,"L.","Stachys","palustris","","","","","Brashier","s.n.","1966-07-10",1966,7,10,191,"1966-07-10","","Moist, sandy, and firm soil.",NA,"Bayfield","Jake's Lake [Cannot find this Lake on WI-DNR list of Lakes]",46.34248,-91.3257,NA,370,"46.342480 N"," 91.325700 W","Georeferencing Quick Reference Guide 2012-10-02","Geolocate","",NA,"","July","Cornell; Brashier","Brashier"
"SUWS015029","Equisetopsida","Lamiales","Lamiaceae","Stachys palustris",5147,"L.","Stachys","palustris","","","","","Brashier","s.n.","1966-07-17",1966,7,17,198,"1966-07-17","","Roadside.",NA,"Bayfield","1 mile S of CTH A on Hwy 222 [Should be CTH N and FSR 222- SE of Pigeon Lake]",46.32318,-91.3224,NA,898,"46.323180 N"," 91.322400 W","Georeferencing Quick Reference Guide 2012-10-02","Geolocate","",NA,"","July","Hjerleid; Brashier","Brashier"
"SUWS015035","Equisetopsida","Lamiales","Lamiaceae","Stachys palustris",5147,"L.","Stachys","palustris","","","","","Brashier","s.n.","1966-07-03",1966,7,3,184,"1966-07-03","","Sandy and loose soil; cover low grasses and herbs; surrounding area thick woods.",NA,"Bayfield","2.8 miles from Pigeon Lake Camp on Rd. 222 (Long View Rd.)",46.30007,-91.3224,NA,4271,"46.300070 N"," 91.322400 W","Georeferencing Quick Reference Guide 2012-10-02","Geolocate","",NA,"","July","Cornell; Brashier","Brashier"
"SUWS015185","Equisetopsida","Lamiales","Scrophulariaceae","Verbascum thapsus",5338,"L.","Verbascum","thapsus","","","","","Brashier","s.n.","2003-07-24",2003,7,24,205,"2003-07-24","","Roadside ditch.",NA,"Bayfield","Drummond. 0.5 mile W of Drummond on CTH A",46.33689,-91.27841,NA,2280,"46.336890 N"," 91.278410 W","Georeferencing Quick Reference Guide 2012-10-02","Geolocate","",NA,"","July","Hjerleid; Brashier","Brashier"
"SUWS015197","Equisetopsida","Lamiales","Plantaginaceae","Veronicastrum virginicum",5366,"(L.) Farw.","Veronicastrum","virginicum","","","","","Brashier","s.n.","1966-07-21",1966,7,21,202,"1966-07-21","","Grassy meadow at the edge of a woods.",NA,"Bayfield","3 miles N of Pigeon Lake on Hwy 228",46.38536,-91.3369,NA,1073,"46.385360 N"," 91.336900 W","Georeferencing Quick Reference Guide 2012-10-02","Geolocate","",NA,"","July","Holden; Brashier","Brashier"
"SUWS015199","Equisetopsida","Lamiales","Plantaginaceae","Veronicastrum virginicum",5366,"(L.) Farw.","Veronicastrum","virginicum","","","","","Brashier","s.n.","1966-07-16",1966,7,16,197,"1966-07-16","","Open meadow.",NA,"Bayfield","3 miles N of Pigeon Lake Camp on Hwy 228",46.38595,-91.33699,NA,1082,"46.385950 N"," 91.336990 W","Georeferencing Quick Reference Guide 2012-10-02","Geolocate","",NA,"","July","Cornell; Brashier","Brashier"
"SUWS015215","Equisetopsida","Lamiales","Lentibulariaceae","Utricularia intermedia",5308,"Hayne","Utricularia","intermedia","","","","","Romans","168a","1964-08-04",1964,8,4,217,"1964-08-04","","In floating bog. All but the flowers submerged in water.",NA,"Burnett","Danbury. 5 miles S of Danbury on State Hwy 35",45.93422,-92.36169,NA,NA,"45.934220 N"," 92.361690 W","Georeferencing Quick Reference Guide 2012-10-02","Geolocate","",NA,"","August","Brashier; Romans","Romans"
"SUWS015220","Equisetopsida","Asterales","Campanulaceae","Campanula rotundifolia",2860,"L.","Campanula","rotundifolia","","","","","Brashier","s.n.","1966-07-05",1966,7,5,186,"1966-07-05","","Rich soil, well packed.",NA,"Bayfield","Half Moon Park",46.56117,-91.39839,NA,1041,"46.561170 N"," 91.398390 W","Georeferencing Quick Reference Guide 2012-10-02","Geolocate","",NA,"","July","Mackensen; Brashier","Brashier"
"SUWS015234","Equisetopsida","Asterales","Campanulaceae","Campanula rotundifolia",2860,"L.","Campanula","rotundifolia","","","","","Romans","244c","1964-07-10",1964,7,10,192,"1964-07-10","","Sandy roadside adjacent to pine plantation.",NA,"Douglas","Approx. 6 miles S on Hwy. 27 from jct. of CTH B [Near Cedar Island airport]",46.44491,-91.61958,NA,2379,"46.444910 N"," 91.619580 W","Georeferencing Quick Reference Guide 2012-10-02","Geolocate","",NA,"","July","Brashier; Romans","Romans"
"SUWS015247","Equisetopsida","Gentianales","Rubiaceae","Galium trifidum subsp. trifidum",6678,"","Galium","trifidum","trifidum","subsp.","","","Romans","116a","1964-08-18",1964,8,18,231,"1964-08-18","","Wet, brushy ditch near roadside; shade.",NA,"Douglas","Patzau. 1 mile W of State Hwy 35 on CTH BB [E of Patzau]",46.49133,-92.22075,NA,2762,"46.491330 N"," 92.220750 W","Georeferencing Quick Reference Guide 2012-10-02","Geolocate","",NA,"","August","Brashier; Romans","Romans"
"SUWS015253","Equisetopsida","Gentianales","Rubiaceae","Galium aparine",3662,"L.","Galium","aparine","","","","","Brashier","s.n.","1966-07-31",1966,7,31,212,"1966-07-31","","Next to lake; sandy beach; sparsely grassy. [OUT OF RANGE?]",NA,"Bayfield","W side of Anderson Lake; 1 mile E of Rd. 228",46.4037,-91.31713,NA,331,"46.403700 N"," 91.317130 W","Georeferencing Quick Reference Guide 2012-10-02","Geolocate","",NA,"","July","Holden; Brashier","Brashier"
"SUWS015254","Equisetopsida","Gentianales","Rubiaceae","Galium aparine",3662,"L.","Galium","aparine","","","","","Romans","100a","1964-06-02",1964,6,2,154,"1964-06-02","","At base of hillside leading down to floodplain; very damp and shady.",NA,"St. Croix","Somerset. Riverside park within city limits on Hwy 35 on river [Probably the Apple River]",45.12547,-92.67195,NA,1500,"45.125470 N"," 92.671950 W","Georeferencing Quick Reference Guide 2012-10-02","Geolocate","",NA,"","June","Brashier; Romans","Romans"
"SUWS015255","Equisetopsida","Gentianales","Rubiaceae","Galium aparine",3662,"L.","Galium","aparine","","","","","Romans","100b","1964-06-02",1964,6,2,154,"1964-06-02","","At base of hillside leading down to floodplain; very damp and shady.",NA,"St. Croix","Somerset. Riverside park within city limits on Hwy 35 on river [Probably the Apple River]",45.12547,-92.67195,NA,1500,"45.125470 N"," 92.671950 W","Georeferencing Quick Reference Guide 2012-10-02","Geolocate","",NA,"","June","Brashier; Romans","Romans"
"SUWS015265","Equisetopsida","Gentianales","Rubiaceae","Galium concinnum",3666,"Torr. & A.Gray","Galium","concinnum","","","","","Brashier","s.n.","1966-07-28",1966,7,28,209,"1966-07-28","","Woods.",NA,"Bayfield","Road 293; near Pigeon Lake Field Station",46.3418,-91.34766,NA,2037,"46.341800 N"," 91.347660 W","Georeferencing Quick Reference Guide 2012-10-02","Geolocate","",NA,"","July","Barnard; Brashier","Brashier"
"SUWS015278","Equisetopsida","Gentianales","Rubiaceae","Houstonia longifolia",3879,"Gaertn.","Houstonia","longifolia","","","Iltis, Hugh H.","2/1979","Romans","183a","1964-08-04",1964,8,4,217,"1964-08-04","","Sandy area between road and jack-pine plantation. [Specimen annotated to Hedyotis longifolia in 1992; Houstonia longifolia by H. Iltis in 2/1979].",NA,"Burnett","Danbury. 4 miles N of Danbury on State Hwy 35",46.05167,-92.30264,NA,1000,"46.051670 N"," 92.302640 W","Georeferencing Quick Reference Guide 2012-10-02","Geolocate","",NA,"","August","Brashier; Romans","Romans"
"SUWS015279","Equisetopsida","Gentianales","Rubiaceae","Houstonia longifolia",3879,"Gaertn.","Houstonia","longifolia","","","","","Brashier","s.n.","1966-07-20",1966,7,20,201,"1966-07-20","","Sandy beach; sparsely grassy.",NA,"Bayfield","N side of Middle Eau Claire Lake; Hwy 27",46.29554,-91.52141,NA,2090,"46.295540 N"," 91.521410 W","Georeferencing Quick Reference Guide 2012-10-02","Geolocate","",NA,"","July","Holden; Brashier","Brashier"
"SUWS015281","Equisetopsida","Gentianales","Rubiaceae","Mitchella repens",4266,"L.","Mitchella","repens","","","","","Brashier","s.n.","1966-06-30",1966,6,30,181,"1966-06-30","","Woody.",NA,"Ashland","Mellen",46.32551,-90.66102,NA,1875,"46.325510 N"," 90.661020 W","Georeferencing Quick Reference Guide 2012-10-02","Geolocate","",NA,"","June","Barnard; Brashier","Brashier"
"SUWS015285","Equisetopsida","Gentianales","Rubiaceae","Mitchella repens",4266,"L.","Mitchella","repens","","","","","Brashier","s.n.","1966-07-02",1966,7,2,183,"1966-07-02","","Shady woods; rich soil.",NA,"Bayfield","Drummond. 2 miles SE of Drummond on Lake Owen Drive",46.31476,-91.23226,NA,1448,"46.314760 N"," 91.232260 W","Georeferencing Quick Reference Guide 2012-10-02","Geolocate","",NA,"","July","Holden; Brashier","Brashier"
"SUWS015290","Equisetopsida","Dipsacales","Caprifoliaceae","Diervilla lonicera",3400,"Mill.","Diervilla","lonicera","","","Salamun, Peter J.","1976","Brashier","s.n.","1966-07-04",1966,7,4,185,"1966-07-04","","Sandy, loose soil; cover of low grasses and herbs.",NA,"Bayfield","Cable. 7 miles S of Drummond on Hwy 63 [near Cable]",46.23555,-91.25797,NA,1791,"46.235550 N"," 91.257970 W","Georeferencing Quick Reference Guide 2012-10-02","Geolocate","",NA,"","July","Cornell; Brashier","Brashier"
"SUWS015293","Equisetopsida","Dipsacales","Caprifoliaceae","Diervilla lonicera",3400,"Mill.","Diervilla","lonicera","","","Salamun, Peter J.","1976","Brashier","s.n.","1966-07-24",1966,7,24,205,"1966-07-24","","Forest roadside.",NA,"Bayfield","U.S. Forest Service Fire Tower; S of Pigeon Lake",46.3015,-91.34901,NA,5154,"46.301500 N"," 91.349010 W","Georeferencing Quick Reference Guide 2012-10-02","Geolocate","",NA,"","July","Hjerleid; Brashier","Brashier"
"SUWS015302","Equisetopsida","Dipsacales","Caprifoliaceae","Linnaea borealis subsp. americana",13120,"(Forbes) Hultén ex R.T.Clausen","Linnaea","borealis","americana","subsp.","Salamun, Peter J.","1976","Romans","225c","1964-07-12",1964,7,12,194,"1964-07-12","","Shady woods near rotting confifer stump.",NA,"Douglas","Solon Springs. 3 miles N of Solon Springs on U.S. Hwy. 53",46.39671,-91.82241,NA,1799,"46.396710 N"," 91.822410 W","Georeferencing Quick Reference Guide 2012-10-02","Geolocate","",NA,"","July","Brashier; Romans","Romans"
"SUWS015314","Equisetopsida","Dipsacales","Caprifoliaceae","Lonicera X bella",13125,"Zabel","Lonicera","X bella","","","Salamun, Peter J.","1976","Romans","s.n.","1965-06-08",1965,6,8,159,"1965-06-08","","Along roadside.",NA,"Douglas","Gordon. 0.5 mile N of Gordon on U.S. Hwy 53",46.25413,-91.79852,NA,977,"46.254130 N"," 91.798520 W","Georeferencing Quick Reference Guide 2012-10-02","Geolocate","",NA,"","June","Brashier; Romans","Romans"
"SUWS015315","Equisetopsida","Dipsacales","Caprifoliaceae","Lonicera X bella",13125,"Zabel","Lonicera","X bella","","","Salamun, Peter J.","1976","Romans","25b","1964-06-02",1964,6,2,154,"1964-06-02","","Base of hillside in moist, shaded area in river bottom.",NA,"St. Croix","Somerset. Roadside park on State Hwy 35 in Somerset",45.12547,-92.67195,NA,1500,"45.125470 N"," 92.671950 W","Georeferencing Quick Reference Guide 2012-10-02","Geolocate","",NA,"","June","Brashier; Romans","Romans"
"SUWS015317","Equisetopsida","Dipsacales","Caprifoliaceae","Lonicera X bella",13125,"Zabel","Lonicera","X bella","","","Salamun, Peter J.","1976","Romans","s.n.","1965-06-08",1965,6,8,159,"1965-06-08","","Roadside.",NA,"Douglas","Gordon. 0.5 mile N of Gordon on U.S. Hwy. 53",46.25413,-91.79852,NA,977,"46.254130 N"," 91.798520 W","Georeferencing Quick Reference Guide 2012-10-02","Geolocate","",NA,"","June","Brashier; Romans","Romans"
"SUWS015322","Equisetopsida","Dipsacales","Adoxaceae","Sambucus racemosa subsp. pubens var. pubens",13297,"L.","Sambucus","racemosa","pubens var. pubens","subsp.","Castle, R.","1994","Romans","s.n.","1965-05-22",1965,5,22,142,"1965-05-22","","River bottom, clay soil; collected 1 month after area was flooded.",NA,"Douglas","Superior. 3 miles S of Superior on State Hwy. 35 on the Ralph Law property, Nemadji River.",46.65497,-92.10442,NA,4161,"46.654970 N"," 92.104420 W","Georeferencing Quick Reference Guide 2012-10-02","Geolocate","",NA,"","May","Brashier; Romans","Romans"
"SUWS015333","Equisetopsida","Dipsacales","Caprifoliaceae","Triosteum aurantiacum",5282,"E.P.Bicknell","Triosteum","aurantiacum","","","Salamun, Peter J.","1975","Romans","26a","1964-06-02",1964,6,2,154,"1964-06-02","","Shady area on side of railroad embankment.",NA,"Pierce","East Ellsworth. 2 miles N of East Ellsworth on State Hwy 35.",44.76115,-92.48741,NA,400,"44.761150 N"," 92.487410 W","Georeferencing Quick Reference Guide 2012-10-02","Geolocate","",NA,"","June","Brashier; Romans","Romans"
"SUWS015343","Equisetopsida","Dipsacales","Adoxaceae","Viburnum opulus subsp. trilobum",13468,"(Marshall) R.T.Clausen","Viburnum","opulus","trilobum","subsp.","Castle, R.","1993","Romans","252b","1964-07-18",1964,7,18,200,"1964-07-18","","Deep woods.",NA,"Douglas","Superior. 3 miles S of Superior on State Hwy. 35 on Ralph Law property",46.65497,-92.10442,NA,4161,"46.654970 N"," 92.104420 W","Georeferencing Quick Reference Guide 2012-10-02","Geolocate","",NA,"","July","Brashier; Romans","Romans"
"SUWS015367","Equisetopsida","Asterales","Asteraceae","Achillea millefolium",2428,"L.","Achillea","millefolium","","","","","Brashier","s.n.","1966-07-01",1966,7,1,182,"1966-07-01","","Sandy rocky soil; surrounding area woods.",NA,"Bayfield","2 miles SW of Pigeon Lake on the NW shore",46.3218,-91.37867,NA,1241,"46.321800 N"," 91.378670 W","Georeferencing Quick Reference Guide 2012-10-02","Geolocate","",NA,"","July","Cornell; Brashier","Brashier"
"SUWS015370","Equisetopsida","Asterales","Asteraceae","Achillea millefolium",2428,"L.","Achillea","millefolium","","","","","Romans","156b","1964-06-02",1964,6,2,154,"1964-06-02","","Sandy area bordering road.",NA,"Polk","Osceola. 0.2 mile N of Osceola on State Hwy. 35",45.33458,-92.68725,NA,500,"45.334580 N"," 92.687250 W","Georeferencing Quick Reference Guide 2012-10-02","Geolocate","",NA,"","June","Brashier; Romans","Romans"
"SUWS015376","Equisetopsida","Asterales","Asteraceae","Achillea millefolium",2428,"L.","Achillea","millefolium","","","","","Brashier","s.n.","1966-07-07",1966,7,7,188,"1966-07-07","","Sandy.",NA,"Bayfield","Cable",46.20801,-91.29213,NA,3036,"46.208010 N"," 91.292130 W","Georeferencing Quick Reference Guide 2012-10-02","Geolocate","",NA,"","July","Barnard; Brashier","Brashier"
"SUWS015382","Equisetopsida","Asterales","Asteraceae","Anaphalis margaritacea",2518,"(L.) Benth. & Hook.f.","Anaphalis","margaritacea","","","","","Romans","179b","1964-08-04",1964,8,4,217,"1964-08-04","","Along roadside in tall grass; sandy soil.",NA,"Douglas","Patzau. 0.5 mile W of State Hwy 35 on CTH BB on James Romans property [near Patzau]",46.48986,-92.18414,NA,1517,"46.489860 N"," 92.184140 W","Georeferencing Quick Reference Guide 2012-10-02","Geolocate","",NA,"","August","Brashier; Romans","Romans"
"SUWS015388","Equisetopsida","Asterales","Asteraceae","Anaphalis margaritacea",2518,"(L.) Benth. & Hook.f.","Anaphalis","margaritacea","","","","","Brashier","s.n.","1966-06-30",1966,6,30,181,"1966-06-30","","Sandy.",NA,"Bayfield","Cable",46.20801,-91.29213,NA,3036,"46.208010 N"," 91.292130 W","Georeferencing Quick Reference Guide 2012-10-02","Geolocate","",NA,"","June","Barnard; Brashier","Brashier"
"SUWS015397","Equisetopsida","Asterales","Asteraceae","Aster ericoides",13386,"L.","Aster","ericoides","","","","","Romans","191c","1964-08-27",1964,8,27,240,"1964-08-27","","At the edge of field near woods; in shade.",NA,"Douglas","Patzau. 0.5 mile W of State Hwy 35 on CTH BB on the James Romans Property [E of Patzau]",46.48986,-92.18414,NA,1517,"46.489860 N"," 92.184140 W","Georeferencing Quick Reference Guide 2012-10-02","Geolocate","",NA,"","August","Brashier; Romans","Romans"
"SUWS015411","Equisetopsida","Asterales","Asteraceae","Aster umbellatus",13002,"Mill.","Aster","umbellatus","","","","","Romans","162b","1964-08-26",1964,8,26,239,"1964-08-26","","Wet ditch near road.",NA,"Douglas","Superior. 1 mile N of U.S. Hwy 2 on the Wisconsin Point Rd. [Moccasin Mike Rd.]",46.67311,-91.97214,NA,2431,"46.673110 N"," 91.972140 W","Georeferencing Quick Reference Guide 2012-10-02","Geolocate","",NA,"","August","Brashier; Romans","Romans"
"SUWS015416","Equisetopsida","Asterales","Asteraceae","Aster umbellatus",13002,"Mill.","Aster","umbellatus","","","","","Romans","190a","1964-08-27",1964,8,27,240,"1964-08-27","","Brushy area in woods; moist conditions.",NA,"Douglas","Patzau. 0.5 mile W of State Hwy 35 on CTH BB on the James Romans Property [E of Patzau]",46.48986,-92.18414,NA,1517,"46.489860 N"," 92.184140 W","Georeferencing Quick Reference Guide 2012-10-02","Geolocate","",NA,"","August","Brashier; Romans","Romans"
"SUWS015417","Equisetopsida","Asterales","Asteraceae","Aster umbellatus",13002,"Mill.","Aster","umbellatus","","","","","Romans","164a","1964-08-04",1964,8,4,217,"1964-08-04","","Sedge-meadow along roadside.",NA,"Douglas","Moose Junction. 1.5 miles N of the jct. of CTH M and State Hwy. 35 [Moose Junction]",46.30916,-92.15492,NA,1819,"46.309160 N"," 92.154920 W","Georeferencing Quick Reference Guide 2012-10-02","Geolocate","",NA,"","August","Brashier; Romans","Romans"
"SUWS015422","Equisetopsida","Asterales","Asteraceae","Aster puniceus",13438,"L.","Aster","puniceus","","","","","Romans","114","1964-08-26",1964,8,26,239,"1964-08-26","","Wet roadside; clay.",NA,"Douglas","Superior. 1 mile N of U.S. Hwy. 2 on the road to Wisconsin Point [Moccasin Mike Rd.]",46.67311,-91.97214,NA,2431,"46.673110 N"," 91.972140 W","Georeferencing Quick Reference Guide 2012-10-02","Geolocate","",NA,"","August","Brashier; Romans","Romans"
"SUWS015426","Equisetopsida","Asterales","Asteraceae","Aster puniceus",13438,"L.","Aster","puniceus","","","","","Romans","189b","1964-08-27",1964,8,27,240,"1964-08-27","","Brushy area in woods; moist conditions.",NA,"Douglas","Patzau. 0.5 mile W of State Hwy 35 on CTH BB on the James Romans porperty [E of Patzau]",46.48986,-92.18414,NA,1517,"46.489860 N"," 92.184140 W","Georeferencing Quick Reference Guide 2012-10-02","Geolocate","",NA,"","August","Brashier; Romans","Romans"
"SUWS015438","Equisetopsida","Asterales","Asteraceae","Aster macrophyllus",13030,"L.","Aster","macrophyllus","","","","","Romans","150c","1964-08-16",1964,8,16,229,"1964-08-16","","Brushy pastureland; sandy soil.",NA,"Douglas","Patzau. 0.5 mile W of State Hwy. 35 on CTH BB on the James Romans farm [E of Patzau]",46.48986,-92.18414,NA,1517,"46.489860 N"," 92.184140 W","Georeferencing Quick Reference Guide 2012-10-02","Geolocate","",NA,"","August","Brashier; Romans","Romans"
"SUWS015467","Equisetopsida","Asterales","Asteraceae","Antennaria plantaginifolia",2548,"(L.) Hook.","Antennaria","plantaginifolia","","","","","Romans","144b","1964-06-01",1964,6,1,153,"1964-06-01","","Open, sandy ditchside area between road and adjacent woods.",NA,"Burnett","Danbury. 1 mile N of Danbury on State Hwy. 35",46.02157,-92.33938,NA,600,"46.021570 N"," 92.339380 W","Georeferencing Quick Reference Guide 2012-10-02","Geolocate","",NA,"","June","Brashier; Romans","Romans"
"SUWS015484","Equisetopsida","Asterales","Asteraceae","Ambrosia trifida var. trifida",2505,"L.","Ambrosia","trifida","trifida","var.","","","Romans","149a","1964-08-03",1964,8,3,216,"1964-08-03","","Cultivated field.",NA,"Douglas","Patzau. 0.5 mile W of State Hwy 35 on CTH BB on the James Romans farm [E of Patzau]",46.48986,-92.18414,NA,1517,"46.489860 N"," 92.184140 W","Georeferencing Quick Reference Guide 2012-10-02","Geolocate","",NA,"","August","Brashier; Romans","Romans"
"SUWS015487","Equisetopsida","Asterales","Asteraceae","Ambrosia artemisiifolia",2503,"L.","Ambrosia","artemisiifolia","","","","","Romans","119d","1964-08-18",1964,8,18,231,"1964-08-18","","Dry roadside.",NA,"Douglas","Patzau. 3 miles W of Patzau",46.49131,-92.28384,NA,932,"46.491310 N"," 92.283840 W","Georeferencing Quick Reference Guide 2012-10-02","Geolocate","",NA,"","August","Brashier; Romans","Romans"
"SUWS015501","Equisetopsida","Asterales","Asteraceae","Centaurea biebersteinii",12900,"DC.","Centaurea","biebersteinii","","","","","Romans","275b","1964-08-04",1964,8,4,217,"1964-08-04","","Near ditch next to jack-pine plantation. [Original as Centaurea maculosa [auct. non] Lam.]",NA,"Burnett","Danbury. 4 miles N of Danbury on State Hwy. 35",46.05167,-92.30264,NA,1000,"46.051670 N"," 92.302640 W","Georeferencing Quick Reference Guide 2012-10-02","Geolocate","",NA,"","August","Brashier; Romans","Romans"
"SUWS015502","Equisetopsida","Asterales","Asteraceae","Centaurea biebersteinii",12900,"DC.","Centaurea","biebersteinii","","","","","Romans","166a","1964-08-04",1964,8,4,217,"1964-08-04","","Sandy roadside adjacent to jack-pine planting. [Original as Centaurea maculosa [auct. non] Lam.]",NA,"Burnett","Danbury. 4 miles N of Danbury on State Hwy 35",46.05167,-92.30264,NA,1000,"46.051670 N"," 92.302640 W","Georeferencing Quick Reference Guide 2012-10-02","Geolocate","",NA,"","August","Brashier; Romans","Romans"
"SUWS015509","Equisetopsida","Asterales","Asteraceae","Leucanthemum vulgare",4055,"Lam.","Leucanthemum","vulgare","","","","","Romans","53a","1964-06-04",1964,6,4,156,"1964-06-04","","Open sandy area boardering road.",NA,"Manitowoc","Kashbuam Lake on State Hwy. 42 S of the jct. with U.S. Hwy. 151",44.05936,-87.73621,NA,200,"44.059360 N"," 87.736210 W","Georeferencing Quick Reference Guide 2012-10-02","Geolocate","",NA,"","June","Brashier; Romans","Romans"
"SUWS015512","Equisetopsida","Asterales","Asteraceae","Leucanthemum vulgare",4055,"Lam.","Leucanthemum","vulgare","","","","","Brashier","s.n.","1966-07-27",1966,7,27,208,"1966-07-27","","Roadside ditch.",NA,"Bayfield","Drummond. 1 mile S of Drummond on Hwy. 63",46.31862,-91.27925,NA,1953,"46.318620 N"," 91.279250 W","Georeferencing Quick Reference Guide 2012-10-02","Geolocate","",NA,"","July","Hjerleid; Brashier","Brashier"
"SUWS015513","Equisetopsida","Asterales","Asteraceae","Leucanthemum vulgare",4055,"Lam.","Leucanthemum","vulgare","","","","","Brashier","s.n.","1966-07-02",1966,7,2,183,"1966-07-02","","Meadow with dry, rocky soil and many shrubs and grasses.",NA,"St. Croix","Hudson. 3 miles E of Hudson on Hwy. 12",44.97613,-92.68035,NA,1300,"44.976130 N"," 92.680350 W","Georeferencing Quick Reference Guide 2012-10-02","Geolocate","",NA,"","July","Holden; Brashier","Brashier"
"SUWS015552","Equisetopsida","Asterales","Asteraceae","Packera paupercula",4398,"(Michx.) Á.Löve & D.Löve","Packera","paupercula","","","Kowal, Robert R.","26Jun2001","Smith, C. W.","5113","1942-07-18",1942,7,18,199,"1942-07-18","","",NA,"Douglas","Superior. Sand Island in Superior Bay",46.73216,-92.0663,NA,5466,"46.732160 N"," 92.066300 W","Georeferencing Quick Reference Guide 2012-10-02","Geolocate","",NA,"","July","Thomson, John W., Jr.; Smith, C. W., Fassett, Norman C.","Other Collectors"
"SUWS015739","Equisetopsida","Poales","Cyperaceae","Eriophorum viridicarinatum",3565,"(Engelm.) Fernald","Eriophorum","viridicarinatum","","","","","Brashier","s.n.","1964-06-27",1964,6,27,179,"1964-06-27","","In bog.",NA,"Bayfield","Drummond. near Pigeon Lake",46.34228,-91.34901,NA,2257,"46.342280 N"," 91.349010 W","Georeferencing Quick Reference Guide 2012-10-02","Geolocate","",NA,"","June","Wassgren; Brashier","Brashier"
"SUWS015746","Equisetopsida","Poales","Cyperaceae","Eriophorum vaginatum",3563,"L.","Eriophorum","vaginatum","","","","","Romans","s.n.","1965-06-20",1965,6,20,171,"1965-06-20","","In bog.",NA,"Douglas","Patzau. 0.5 miles W of State Highway 35 on CTH BB on the James Romans property [E of Patzau]",46.48986,-92.18414,NA,1517,"46.489860 N"," 92.184140 W","Georeferencing Quick Reference Guide 2012-10-02","Geolocate","",NA,"","June","Brashier; Romans","Romans"
"SUWS015751","Equisetopsida","Poales","Cyperaceae","Eriophorum vaginatum",3563,"L.","Eriophorum","vaginatum","","","Castle, R.","","Romans","s.n.","1965-06-20",1965,6,20,171,"1965-06-20","","In bog.",NA,"Douglas","Patzau. 0.5 miles W of State Highway 35 on CTH BB on the James Romans property [E of Patzau]",46.48986,-92.18414,NA,1517,"46.489860 N"," 92.184140 W","Georeferencing Quick Reference Guide 2012-10-02","Geolocate","",NA,"","June","Brashier; Romans","Romans"
"SUWS015760","Equisetopsida","Poales","Cyperaceae","Scirpus cyperinus",4999,"(L.) Kunth","Scirpus","cyperinus","","","Castle, R.","1994","Fassett, Norman C.","5283","1943-08-04",1943,8,4,216,"1943-08-04","","Low, wet; clay soil.",NA,"Douglas","Superior. S of 22nd St. and Weeks Ave., Superior",46.72459,-92.09196,NA,462,"46.724590 N"," 92.091960 W","Georeferencing Quick Reference Guide 2012-10-02","Geolocate","",NA,"","August","Thomson, John W., Jr.; Fassett, Norman C.","Other Collectors"
"SUWS015781","Equisetopsida","Poales","Poaceae","Agrostis hyemalis",2465,"(Walter) Britton, Sterns & Poggenb.","Agrostis","hyemalis","","","Castle, R.","1994","Catenhusen, John","2946","1940-08-22",1940,8,22,235,"1940-08-22","","Sandy roadway.",NA,"Adams","Adams. 2 miles NE of Adams; Minnie Rock",44.07036,-89.75834,NA,101,"44.070360 N"," 89.758340 W","Georeferencing Quick Reference Guide 2012-10-02","Geolocate","",NA,"","August","Shinners, L. H.; Catenhusen, John","Other Collectors"
"SUWS015955","Equisetopsida","Poales","Typhaceae","Sparganium",1300,"L.","Sparganium","","","","Harms, V. L.","May 1971","Jacobson, J. R.","5268","1943-08-07",1943,8,7,219,"1943-08-07","","On muck bottom.",NA,"Douglas","Just below Stone's Bridge",46.4353,-91.67262,NA,1162,"46.435300 N"," 91.672620 W","Georeferencing Quick Reference Guide 2012-10-02","Geolocate","",NA,"","August","Thomson, John W., Jr.; Jacobson, J. R.","Other Collectors"
"SUWS015988","Equisetopsida","Asparagales","Amaryllidaceae","Allium canadense var. canadense",6475,"","Allium","canadense","canadense","var.","","","Romans","38b","1964-06-03",1964,6,3,155,"1964-06-03","","Near roadside picinic area on bank of creek; soil moist.",NA,"Juneau","Wonewoc. 1 mile N of Wonewoc on Hwy. 82",43.66724,-90.22346,NA,1056,"43.667240 N"," 90.223460 W","Georeferencing Quick Reference Guide 2012-10-02","Geolocate","",NA,"","June","Brashier; Romans","Romans"
"SUWS016012","Equisetopsida","Liliales","Liliaceae","Clintonia borealis",8591,"(Aiton) Raf.","Clintonia","borealis","","","","","Romans","276","1964-06-01",1964,6,1,153,"1964-06-01","","Deep moist woods.",NA,"Douglas","Patzau. 0.5 mile W of State Hwy. 35 on CTH BB on the J. Romans property; [E of Patzau]",46.48986,-92.18414,NA,1517,"46.489860 N"," 92.184140 W","Georeferencing Quick Reference Guide 2012-10-02","Geolocate","",NA,"","June","Brashier; Romans","Romans"
"SUWS016022","Equisetopsida","Liliales","Liliaceae","Clintonia borealis",8591,"(Aiton) Raf.","Clintonia","borealis","","","","","Romans","42b","1964-06-04",1964,6,4,156,"1964-06-04","","Shady area in deep woods; rich soil.",NA,"Manitowoc","Near Kashbuam Lake on State Hwy. 42; S of jct. with U.S. Hwy. 151",44.05936,-87.73621,NA,200,"44.059360 N"," 87.736210 W","Georeferencing Quick Reference Guide 2012-10-02","Geolocate","",NA,"","June","Brashier; Romans","Romans"
"SUWS016040","Equisetopsida","Liliales","Liliaceae","Lilium philadelphicum",8631,"L.","Lilium","philadelphicum","","","Cochrane, Theodore S.","2/1973","Valaskey","PL-59","1964-07-12",1964,7,12,194,"1964-07-12","","",NA,"Bayfield","Pigeon Lake Field Station; along CTH N",46.34228,-91.34901,NA,2257,"46.342280 N"," 91.349010 W","Georeferencing Quick Reference Guide 2012-10-02","Geolocate","",NA,"","July","Brashier; Valaskey","Other Collectors"
"SUWS016048","Equisetopsida","Liliales","Liliaceae","Lilium michiganense",8630,"Farw.","Lilium","michiganense","","","Castle, R.","1994","Romans","223c","1964-07-26",1964,7,26,208,"1964-07-26","","Damp area near roadside.",NA,"Douglas","Superior. About 2 miles S of Superior on Old Hwy. 35; near Greenwood Cemetery",46.63466,-92.10741,NA,1349,"46.634660 N"," 92.107410 W","Georeferencing Quick Reference Guide 2012-10-02","Geolocate","",NA,"","July","Brashier; Romans","Romans"
"SUWS016079","Equisetopsida","Asparagales","Asparagaceae","Maianthemum trifolium",4182,"(L.) Sloboda","Maianthemum","trifolium","","","","","Romans","s.n.","1965-06-08",1965,6,8,159,"1965-06-08","","Bog.",NA,"Douglas","2 miles N of Amnicon Lake on CTH B",46.53257,-92.05985,NA,1609,"46.532570 N"," 92.059850 W","Georeferencing Quick Reference Guide 2012-10-02","Geolocate","",NA,"","June","Brashier; Romans","Romans"
"SUWS016081","Equisetopsida","Asparagales","Asparagaceae","Maianthemum trifolium",4182,"(L.) Sloboda","Maianthemum","trifolium","","","","","Brashier","s.n.","1964-07-15",1964,7,15,197,"1964-07-15","","Bog.",NA,"Bayfield","Pigeon Lake Field Station",46.34228,-91.34901,NA,2257,"46.342280 N"," 91.349010 W","Georeferencing Quick Reference Guide 2012-10-02","Geolocate","",NA,"","July","Cherf; Brashier","Brashier"
"SUWS016088","Equisetopsida","Asparagales","Asparagaceae","Maianthemum racemosum subsp. racemosum",6745,"","Maianthemum","racemosum","racemosum","subsp.","","","Romans","31c","1964-06-01",1964,6,1,153,"1964-06-01","","Sandy, open roadside area shaded by adjacent woods.",NA,"Burnett","Danbury. 1 mile N of Danbury on State Hwy. 35",46.02157,-92.33938,NA,600,"46.021570 N"," 92.339380 W","Georeferencing Quick Reference Guide 2012-10-02","Geolocate","",NA,"","June","Brashier; Romans","Romans"
"SUWS016098","Equisetopsida","Asparagales","Asparagaceae","Maianthemum stellatum",4181,"(L.) Link","Maianthemum","stellatum","","","","","Romans","73a","1964-06-01",1964,6,1,153,"1964-06-01","","Open sandy area bordering road.",NA,"Burnett","Danbury. 3 miles S of Danbury at jct. of Old 35 Rd. and State Hwy. 35",45.96741,-92.36349,NA,150,"45.967410 N"," 92.363490 W","Georeferencing Quick Reference Guide 2012-10-02","Geolocate","",NA,"","June","Brashier; Romans","Romans"
"SUWS016119","Equisetopsida","Liliales","Liliaceae","Streptopus lanceolatus var. longipes",8781,"(Fernald) Reveal","Streptopus","lanceolatus","longipes","var.","Cochrane, Theodore S.","2/1973","Romans","19a","1964-06-01",1964,6,1,153,"1964-06-01","","Low, wet wooded area.",NA,"Douglas","Patzau. 0.5 mile W of State Hwy 35 on CTH BB on James Romans propery [E of Patzau]",46.48986,-92.18414,NA,1517,"46.489860 N"," 92.184140 W","Georeferencing Quick Reference Guide 2012-10-02","Geolocate","",NA,"","June","Brashier; Romans","Romans"
"SUWS016131","Equisetopsida","Liliales","Melanthiaceae","Trillium grandiflorum",5278,"(Michx.) Salisb.","Trillium","grandiflorum","","","","","Romans","141c","1964-06-05",1964,6,5,157,"1964-06-05","","Sandy loam hillside; broken sunlight filtering to forest floor through trees.",NA,"Marinette","Niagara. Approx. 5 miles S of Niagara on U.S. Hwy. 141 at roadside picnic area",45.69895,-87.99485,NA,3201,"45.698950 N"," 87.994850 W","Georeferencing Quick Reference Guide 2012-10-02","Geolocate","",NA,"","June","Brashier; Romans","Romans"
"SUWS016136","Equisetopsida","Liliales","Melanthiaceae","Trillium grandiflorum",5278,"(Michx.) Salisb.","Trillium","grandiflorum","","","","","Romans","41c","1964-06-02",1964,6,2,154,"1964-06-02","","Shady, moist cool area in creek bottom; heavy woods.",NA,"Pierce","Ellsworth. 2 miles E of Ellsworth on State Hwy. 35 near railroad",44.73218,-92.44664,NA,500,"44.732180 N"," 92.446640 W","Georeferencing Quick Reference Guide 2012-10-02","Geolocate","",NA,"","June","Brashier; Romans","Romans"
"SUWS016144","Equisetopsida","Liliales","Colchicaceae","Uvularia sessilifolia",5315,"L.","Uvularia","sessilifolia","","","","","Romans","s.n.","1965-05-20",1965,5,20,140,"1965-05-20","","Rich mixed woods.",NA,"Douglas","Patzau. 0.5 mile W of State Hwy 35 on CTH BB on James Romans propery [E of Patzau]",46.48986,-92.18414,NA,1517,"46.489860 N"," 92.184140 W","Georeferencing Quick Reference Guide 2012-10-02","Geolocate","",NA,"","May","Brashier; Romans","Romans"
"SUWS016154","Equisetopsida","Liliales","Colchicaceae","Uvularia sessilifolia",5315,"L.","Uvularia","sessilifolia","","","Nee, M.","08Jan1970","Romans","19c","1964-06-01",1964,6,1,153,"1964-06-01","","Low, wet wooded area.",NA,"Douglas","Patzau. 0.5 mile W of State Hwy 35 on CTH BB on James Romans propery [E of Patzau]",46.48986,-92.18414,NA,1517,"46.489860 N"," 92.184140 W","Georeferencing Quick Reference Guide 2012-10-02","Geolocate","",NA,"","June","Brashier; Romans","Romans"
"SUWS016155","Equisetopsida","Liliales","Colchicaceae","Uvularia sessilifolia",5315,"L.","Uvularia","sessilifolia","","","Nee, M.","08Jan1971","Romans","19b","1964-06-01",1964,6,1,153,"1964-06-01","","Low, wet wooded area.",NA,"Douglas","Patzau. 0.5 mile W of State Hwy 35 on CTH BB on James Romans propery [E of Patzau]",46.48986,-92.18414,NA,1517,"46.489860 N"," 92.184140 W","Georeferencing Quick Reference Guide 2012-10-02","Geolocate","",NA,"","June","Brashier; Romans","Romans"
"SUWS016163","Equisetopsida","Liliales","Colchicaceae","Uvularia grandiflora",5314,"Sm.","Uvularia","grandiflora","","","","","Romans","s.n.","1965-05-22",1965,5,22,142,"1965-05-22","","River bottom; clay soil; collected 1 month after area was flooded.",NA,"Douglas","Superior. 3 miles S of Superior on State Hwy. 35. Nemadji River.",46.65497,-92.10442,NA,4161,"46.654970 N"," 92.104420 W","Georeferencing Quick Reference Guide 2012-10-02","Geolocate","",NA,"","May","Brashier; Romans","Romans"
"SUWS016165","Equisetopsida","Liliales","Colchicaceae","Uvularia grandiflora",5314,"Sm.","Uvularia","grandiflora","","","","","Romans","s.n.","1965-05-26",1965,5,26,146,"1965-05-26","","River bottom; clay soil; collected 1 month after area was flooded.",NA,"Douglas","Superior. 3 miles S of Superior on State Hwy. 35. Nemadji River.",46.65497,-92.10442,NA,4161,"46.654970 N"," 92.104420 W","Georeferencing Quick Reference Guide 2012-10-02","Geolocate","",NA,"","May","Brashier; Romans","Romans"
"SUWS016179","Equisetopsida","Asparagales","Iridaceae","Iris pseudacorus",3942,"L.","Iris","pseudacorus","","","","","Smith, C. W.","s.n.","1942-07-18",1942,7,18,199,"1942-07-18","","",NA,"Douglas","Superior. Sand Island in Superior Bay",46.73216,-92.0663,NA,5466,"46.732160 N"," 92.066300 W","Georeferencing Quick Reference Guide 2012-10-02","Geolocate","",NA,"","July","Thomson, John W., Jr.; Smith, C. W.","Other Collectors"
"SUWS016189","Equisetopsida","Asparagales","Iridaceae","Iris versicolor",3944,"L.","Iris","versicolor","","","","","Ruff","PL-153","1964-06-24",1964,6,24,176,"1964-06-24","","",NA,"Bayfield","Pigeon Lake Field Station",46.34228,-91.34901,NA,2257,"46.342280 N"," 91.349010 W","Georeferencing Quick Reference Guide 2012-10-02","Geolocate","",NA,"","June","Brashier; Ruff","Other Collectors"
"SUWS016191","Equisetopsida","Asparagales","Iridaceae","Iris versicolor",3944,"L.","Iris","versicolor","","","","","Smith","PL-152","1964-06-25",1964,6,25,177,"1964-06-25","","Roadside.",NA,"Bayfield","Pigeon Lake Field Station",46.34228,-91.34901,NA,2257,"46.342280 N"," 91.349010 W","Georeferencing Quick Reference Guide 2012-10-02","Geolocate","",NA,"","June","Brashier; Smith","Other Collectors"
"SUWS016193","Equisetopsida","Asparagales","Iridaceae","Iris versicolor",3944,"L.","Iris","versicolor","","","","","Valaskey","PL-151","1964-06-25",1964,6,25,177,"1964-06-25","","Next to swamp hole.",NA,"Bayfield","Pigeon Lake Field Station",46.34228,-91.34901,NA,2257,"46.342280 N"," 91.349010 W","Georeferencing Quick Reference Guide 2012-10-02","Geolocate","",NA,"","June","Brashier; Valaskey","Other Collectors"
"SUWS016214","Equisetopsida","Asparagales","Iridaceae","Sisyrinchium angustifolium",5067,"Mill.","Sisyrinchium","angustifolium","","","","","Brashier","s.n.","1964-07-20",1964,7,20,202,"1964-07-20","","Open field along the road. [OUT OF RANGE?]",NA,"Bayfield","Pigeon Lake Field Station",46.34228,-91.34901,NA,2257,"46.342280 N"," 91.349010 W","Georeferencing Quick Reference Guide 2012-10-02","Geolocate","",NA,"","July","Cherf; Brashier","Brashier"
"SUWS016221","Equisetopsida","Liliales","Smilacaceae","Smilax tamnoides",5080,"L.","Smilax","tamnoides","","","","","Romans","79b","1964-06-02",1964,6,2,154,"1964-06-02","","Deep shady oak forest in sandy loam soil.",NA,"Polk","Osceola. 0.2 mile N of Osceola on State Hwy. 35",45.33458,-92.68725,NA,500,"45.334580 N"," 92.687250 W","Georeferencing Quick Reference Guide 2012-10-02","Geolocate","",NA,"","June","Brashier; Romans","Romans"
"SUWS016239","Equisetopsida","Asparagales","Orchidaceae","Corallorhiza trifida",3204,"Châtel.","Corallorhiza","trifida","","","Cochrane, Theodore S.","1999","Romans","s.n.","1965-06-07",1965,6,7,158,"1965-06-07","","Rich woods in litter on forest floor.",NA,"Douglas","Foxboro. 3 miles N of CTH B on Pelkey Rd. near Foxboro",46.49696,-92.25905,NA,886,"46.496960 N"," 92.259050 W","Georeferencing Quick Reference Guide 2012-10-02","Geolocate","",NA,"","June","Brashier; Romans","Romans"
"SUWS016243","Equisetopsida","Asparagales","Orchidaceae","Corallorhiza maculata",3201,"(Raf.) Raf.","Corallorhiza","maculata","","","Cochrane, Theodore S.","1999","Romans","69a","1964-06-01",1964,6,1,153,"1964-06-01","","Beneath balsam and maple trees in damp leaf mold; shady.",NA,"Douglas","Patzau. 0.5 mile W of State Hwy 35 on CTH BB on James Romans propery [E of Patzau]",46.48986,-92.18414,NA,1517,"46.489860 N"," 92.184140 W","Georeferencing Quick Reference Guide 2012-10-02","Geolocate","",NA,"","June","Brashier; Romans","Romans"
"SUWS016256","Equisetopsida","Asparagales","Orchidaceae","Cypripedium acaule",3333,"Aiton","Cypripedium","acaule","","","","","Brashier","s.n.","1965-06-10",1965,6,10,161,"1965-06-10","","Jack-pine forest floor.",NA,"Douglas","6 miles N of CTH N on Hwy. 2 near Mosinee Paper Mill Sign [can't find CTH N in Douglas Co.]",46.46411,-91.8994,NA,45399,"46.464110 N"," 91.899400 W","Georeferencing Quick Reference Guide 2012-10-02","Geolocate","",NA,"","June","Romans; Brashier","Brashier"
"SUWS016257","Equisetopsida","Asparagales","Orchidaceae","Cypripedium parviflorum var. pubescens",6615,"(Willd.) O.W.Knight","Cypripedium","parviflorum","pubescens","var.","Cochrane, Theodore S.","1999","Romans","50b","1964-06-04",1964,6,4,156,"1964-06-04","","In deep shady woods; forest floor leaf covered and moist.",NA,"Door","Sturgeon Bay",44.81907,-87.3537,NA,5117,"44.819070 N"," 87.353700 W","Georeferencing Quick Reference Guide 2012-10-02","Geolocate","",NA,"","June","Brashier; Romans","Romans"
"SUWS016260","Equisetopsida","Asparagales","Orchidaceae","Cypripedium acaule",3333,"Aiton","Cypripedium","acaule","","","Cochrane, Theodore S.","1999","Raatz","PL-99","1964-06-25",1964,6,25,177,"1964-06-25","","In partially shaded bog.",NA,"Bayfield","Pigeon Lake Field Station",46.34228,-91.34901,NA,2257,"46.342280 N"," 91.349010 W","Georeferencing Quick Reference Guide 2012-10-02","Geolocate","",NA,"","June","Brashier; Raatz","Other Collectors"
"SUWS016263","Equisetopsida","Asparagales","Orchidaceae","Cypripedium acaule",3333,"Aiton","Cypripedium","acaule","","","Cochrane, Theodore S.","1999","Romans","s.n.","1965-06-07",1965,6,7,158,"1965-06-07","","Bog.",NA,"Douglas","Patzau. 0.5 mile W of State Hwy 35 on CTH BB on James Romans propery [E of Patzau]",46.48986,-92.18414,NA,1517,"46.489860 N"," 92.184140 W","Georeferencing Quick Reference Guide 2012-10-02","Geolocate","",NA,"","June","Brashier; Romans","Romans"
"SUWS016297","Equisetopsida","Asparagales","Orchidaceae","Pogonia ophioglossoides",4554,"(L.) Ker Gawl.","Pogonia","ophioglossoides","","","Cochrane, Theodore S.","1999","Paulsen","PL-41","1964-07-01",1964,7,1,183,"1964-07-01","","Closed bog.",NA,"Bayfield","Pigeon Lake Field Station",46.34228,-91.34901,NA,2257,"46.342280 N"," 91.349010 W","Georeferencing Quick Reference Guide 2012-10-02","Geolocate","",NA,"","July","Brashier; Paulsen","Other Collectors"
"SUWS016298","Equisetopsida","Asparagales","Orchidaceae","Pogonia ophioglossoides",4554,"(L.) Ker Gawl.","Pogonia","ophioglossoides","","","Cochrane, Theodore S.","1999","Romans","104a","1964-07-18",1964,7,18,200,"1964-07-18","","Floating bog.",NA,"Bayfield","W of Lake Drummond",46.34531,-91.29247,NA,2500,"46.345310 N"," 91.292470 W","Georeferencing Quick Reference Guide 2012-10-02","Geolocate","",NA,"","July","Brashier; Romans","Romans"
"SUWS016718","Equisetopsida","Lycopodiales","Lycopodiaceae","Lycopodium dendroideum",12974,"Michx.","Lycopodium","dendroideum","","","","","Heim, Mike","s.n.","1990-08-10",1990,8,10,222,"1990-08-10","","",NA,"Ashland","Stockton Island. Apostle Island National Lake Shore",46.93827,-90.65296,NA,27498,"46.938270 N"," 90.652960 W","Georeferencing Quick Reference Guide 2012-10-02","Geolocate","",NA,"","August","Davidson, Donald W.; Heim, Mike, Gitar, Richard D.","Other Collectors"
"SUWS016719","Equisetopsida","Lycopodiales","Lycopodiaceae","Diphasiastrum tristachyum",3415,"(Pursh) Holub","Diphasiastrum","tristachyum","","","","","Heim, Mike","s.n.","1990-08-10",1990,8,10,222,"1990-08-10","","",NA,"Bayfield","Bayfield",46.81077,-90.81824,NA,1741,"46.810770 N"," 90.818240 W","Georeferencing Quick Reference Guide 2012-10-02","Geolocate","",NA,"","August","Davidson, Donald W.; Heim, Mike, Gitar, Richard D.","Other Collectors"
"SUWS016720","Equisetopsida","Lycopodiales","Lycopodiaceae","Lycopodium clavatum",4148,"L.","Lycopodium","clavatum","","","","","Heim, Mike","s.n.","1990-08-10",1990,8,10,222,"1990-08-10","","",NA,"Ashland","Stockton Island. Apostle Island National Lake Shore",46.93827,-90.65296,NA,27498,"46.938270 N"," 90.652960 W","Georeferencing Quick Reference Guide 2012-10-02","Geolocate","",NA,"","August","Davidson, Donald W.; Heim, Mike, Gitar, Richard D.","Other Collectors"
"SUWS016721","Equisetopsida","Lycopodiales","Lycopodiaceae","Diphasiastrum complanatum",3413,"(L.) Holub","Diphasiastrum","complanatum","","","","","Heim, Mike","s.n.","1990-08-10",1990,8,10,222,"1990-08-10","","",NA,"Ashland","Stockton Island. Apostle Island National Lake Shore",46.93827,-90.65296,NA,27498,"46.938270 N"," 90.652960 W","Georeferencing Quick Reference Guide 2012-10-02","Geolocate","",NA,"","August","Davidson, Donald W.; Heim, Mike, Gitar, Richard D.","Other Collectors"
"SUWS016722","Equisetopsida","Lycopodiales","Lycopodiaceae","Lycopodium annotinum",13350,"L.","Lycopodium","annotinum","","","","","Heim, Mike","s.n.","1990-08-10",1990,8,10,222,"1990-08-10","","",NA,"Ashland","Devils Island. Apostle Island National Lake Shore",46.93827,-90.65296,NA,27498,"46.938270 N"," 90.652960 W","Georeferencing Quick Reference Guide 2012-10-02","Geolocate","",NA,"","August","Davidson, Donald W.; Heim, Mike, Gitar, Richard D.","Other Collectors"
"SUWS016723","Equisetopsida","Lycopodiales","Lycopodiaceae","Huperzia lucidula",3885,"(Michx.) Trevis.","Huperzia","lucidula","","","","","Heim, Mike","s.n.","1990-08-10",1990,8,10,222,"1990-08-10","","",NA,"Ashland","Stockton Island. Apostle Island National Lake Shore",46.93827,-90.65296,NA,27498,"46.938270 N"," 90.652960 W","Georeferencing Quick Reference Guide 2012-10-02","Geolocate","",NA,"","August","Davidson, Donald W.; Heim, Mike, Gitar, Richard D.","Other Collectors"
"SUWS016764","Equisetopsida","Asparagales","Orchidaceae","Epipactis helleborine",3529,"(L.) Crantz","Epipactis","helleborine","","","","","Judziewicz, Emmet J.","339","2003-07-19",2003,7,19,200,"2003-07-19","","Wooded area.",NA,"Manitowoc","Near Cherney Maribel Caves area",44.28591,-87.77298,NA,500,"44.285910 N"," 87.772980 W","Georeferencing Quick Reference Guide 2012-10-02","Geolocate","",NA,"","July","Anderson, Derek S.; Judziewicz, Emmet J.","Other Collectors"
"SUWS017085","Equisetopsida","Nymphaeales","Nymphaeaceae","Nuphar variegata",4340,"Durand","Nuphar","variegata","","","","","Branstad, David A.","423","2004-08-21",2004,8,21,234,"2004-08-21","","Rooted in 4 feet of water in bay.",NA,"Douglas","Superior. Kimballs Bay; St. Louis River",46.698,-92.15964,NA,1616,"46.698000 N"," 92.159640 W","Georeferencing Quick Reference Guide 2012-10-02","Geolocate","",NA,"","August","Anderson, Derek S.; Branstad, David A.","Other Collectors"
"SUWS017086","Equisetopsida","Poales","Poaceae","Calamagrostis canadensis",2822,"(Michx.) P.Beauv.","Calamagrostis","canadensis","","","","","Davidson, Donald W.","469","2004-09-08",2004,9,8,252,"2004-09-08","","Woods near lake.",NA,"Douglas","Superior. Pattison State Park; 13 miles S of Superior",46.52667,-92.12222,NA,1697,"46.526670 N"," 92.122220 W","Georeferencing Quick Reference Guide 2012-10-02","Geolocate","",NA,"","September","Anderson, Derek S.; Davidson, Donald W.","Davidson, Donald W."
"SUWS017091","Equisetopsida","Alismatales","Hydrocharitaceae","Vallisneria americana",5329,"Michx.","Vallisneria","americana","","","","","Branstad, David A.","422","2004-08-21",2004,8,21,234,"2004-08-21","","Rooted in shallow inlet of bay.",NA,"Douglas","Superior. Kimballs Bay; St. Louis River",46.698,-92.15964,NA,1616,"46.698000 N"," 92.159640 W","Georeferencing Quick Reference Guide 2012-10-02","Geolocate","",NA,"","August","Anderson, Derek S.; Branstad, David A.","Other Collectors"
"SUWS017092","Equisetopsida","Poales","Cyperaceae","Carex interior",2953,"L.H.Bailey","Carex","interior","","","","","Davidson, Donald W.","468","2004-09-08",2004,9,8,252,"2004-09-08","","Wet woods near lake.",NA,"Douglas","Superior. Pattison State Park; 13 miles S of Superior",46.52667,-92.12222,NA,1697,"46.526670 N"," 92.122220 W","Georeferencing Quick Reference Guide 2012-10-02","Geolocate","",NA,"","September","Anderson, Derek S.; Davidson, Donald W.","Davidson, Donald W."
"SUWS017096","Equisetopsida","Alismatales","Araceae","Spirodela polyrrhiza",5140,"(L.) Schleid.","Spirodela","polyrrhiza","","","","","Branstad, David A.","421","2004-08-21",2004,8,21,234,"2004-08-21","","Floating on surface in calm bay.",NA,"Douglas","Superior. Kimballs Bay; St. Louis River",46.698,-92.15964,NA,1616,"46.698000 N"," 92.159640 W","Georeferencing Quick Reference Guide 2012-10-02","Geolocate","",NA,"","August","Anderson, Derek S.; Branstad, David A.","Other Collectors"
"SUWS017097","Equisetopsida","Polypodiales","Dryopteridaceae","Athyrium filix-femina var. angustum",6516,"(Willd.) G.Lawson","Athyrium","filix-femina","angustum","var.","","","Davidson, Donald W.","471","2004-09-08",2004,9,8,252,"2004-09-08","","Woods near lake.",NA,"Douglas","Superior. Pattison State Park; 13 miles S of Superior",46.52667,-92.12222,NA,1697,"46.526670 N"," 92.122220 W","Georeferencing Quick Reference Guide 2012-10-02","Geolocate","",NA,"","September","Anderson, Derek S.; Davidson, Donald W.","Davidson, Donald W."
"SUWS017100","Equisetopsida","Poales","Poaceae","Bromus ciliatus",2789,"L.","Bromus","ciliatus","","","","","Davidson, Donald W.","472","2004-09-08",2004,9,8,252,"2004-09-08","","Woods near lake.",NA,"Douglas","Superior. Pattison State Park; 13 miles S of Superior",46.52667,-92.12222,NA,1697,"46.526670 N"," 92.122220 W","Georeferencing Quick Reference Guide 2012-10-02","Geolocate","",NA,"","September","Anderson, Derek S.; Davidson, Donald W.","Davidson, Donald W."
"SUWS017103","Equisetopsida","Saxifragales","Haloragaceae","Myriophyllum heterophyllum",4311,"Michx.","Myriophyllum","heterophyllum","","","","","Branstad, David A.","425","2004-08-21",2004,8,21,234,"2004-08-21","","In approx. 4 feet of water; in a bay inlet.",NA,"Douglas","Superior. Kimballs Bay; St. Louis River",46.698,-92.15964,NA,1616,"46.698000 N"," 92.159640 W","Georeferencing Quick Reference Guide 2012-10-02","Geolocate","",NA,"","August","Anderson, Derek S.; Branstad, David A.","Other Collectors"
"SUWS017104","Equisetopsida","Equisetales","Equisetaceae","Equisetum fluviatile",3531,"L.","Equisetum","fluviatile","","","","","Davidson, Donald W.","467","2004-09-08",2004,9,8,252,"2004-09-08","","In the lake.",NA,"Douglas","Superior. Pattison State Park: 13 miles S of Superior; Interstate Falls Lake",46.52667,-92.12222,NA,1697,"46.526670 N"," 92.122220 W","Georeferencing Quick Reference Guide 2012-10-02","Geolocate","",NA,"","September","Anderson, Derek S.; Davidson, Donald W.","Davidson, Donald W."
"SUWS010010","Equisetopsida","Lycopodiales","Lycopodiaceae","Lycopodium annotinum",13350,"L.","Lycopodium","annotinum","","","","","Johnson, Robbye","s.n.","1985-11-20",1985,11,20,324,"1985-11-20","","Aspen being replaced by mesic hardwoods, balsam fir, and paper birch.",NA,"Ashland","National Forest Rd. 187. Near Morgan Falls",46.34717,-90.9163,NA,429,"46.347170 N"," 90.916300 W","Georeferencing Quick Reference Guide 2012-10-02","Geolocate","",NA,"","November","Davidson, Donald W.; Heim, Mike, Johnson, Robbye","Other Collectors"
"SUWS010012","Equisetopsida","Lycopodiales","Lycopodiaceae","Lycopodium annotinum",13350,"L.","Lycopodium","annotinum","","","","","Heim, Michael","s.n.","1985-11-20",1985,11,20,324,"1985-11-20","","Aspen being replaced by mesic hardwoods, balsam fir, and paper birch.",NA,"Ashland","National Forest Rd 187. Near Morgan Falls",46.32062,-90.85862,NA,5298,"46.320620 N"," 90.858620 W","Georeferencing Quick Reference Guide 2012-10-02","Geolocate","",NA,"","November","Davidson, Donald W.; Johnson, Robbye, Heim, Michael","Other Collectors"
"SUWS010037","Equisetopsida","Lycopodiales","Lycopodiaceae","Lycopodium dendroideum",12974,"Michx.","Lycopodium","dendroideum","","","","","Johnson, Robbye","s.n.","1985-11-20",1985,11,20,324,"1985-11-20","","Aspen being replaced by mesic hardwoods. Balsam fir and paper birch.",NA,"Ashland","National Forest Rd. 187. Near Morgan Falls",46.34717,-90.9163,NA,429,"46.347170 N"," 90.916300 W","Georeferencing Quick Reference Guide 2012-10-02","Geolocate","",NA,"","November","Davidson, Donald W.; Heim, Mike, Johnson, Robbye","Other Collectors"
"SUWS010040","Equisetopsida","Lycopodiales","Lycopodiaceae","Lycopodium obscurum",12976,"L.","Lycopodium","obscurum","","","","","Johnson, Robbye","s.n.","1985-11-20",1985,11,20,324,"1985-11-20","","Near stream, mixed hard and softwood mature forest.",NA,"Ashland","Above Morgan Falls",46.34717,-90.9163,NA,429,"46.347170 N"," 90.916300 W","Georeferencing Quick Reference Guide 2012-10-02","Geolocate","",NA,"","November","Davidson, Donald W.; Heim, Mike, Johnson, Robbye","Other Collectors"
"SUWS010050","Equisetopsida","Lycopodiales","Lycopodiaceae","Diphasiastrum digitatum",3414,"(Dill. ex A.Braun) Holub","Diphasiastrum","digitatum","","","","","Heim, Michael","s.n.","1985-11-20",1985,11,20,324,"1985-11-20","","Aspen being replaced by mesic hardwoods Balsam fir and paper birch.",NA,"Ashland","Rd. 187 (National Forest Road). Near Morgan Falls.",46.34717,-90.9163,NA,429,"46.347170 N"," 90.916300 W","Georeferencing Quick Reference Guide 2012-10-02","Geolocate","",NA,"","November","Davidson, Donald W.; Johnson, Robbye, Heim, Michael","Other Collectors"
"SUWS013943","Equisetopsida","Asparagales","Orchidaceae","Platanthera psycodes",4535,"(L.) Lindl.","Platanthera","psycodes","","","","","Anderson, D.","94-27","1994-07-12",1994,7,12,193,"1994-07-12","","Roadside. Additional collector(s): Johnson, R.",NA,"Douglas","Superior",46.68122,-92.06631,NA,12939,"46.681220 N"," 92.066310 W","Georeferencing Quick Reference Guide 2012-10-02","Geolocate","",NA,"","July","Castle, R.; Davidson, Donald W., Anderson, D.","Other Collectors"
"SUWS013951","Equisetopsida","Poales","Cyperaceae","Carex scabrata",3000,"Schwein.","Carex","scabrata","","","","","Johnson, Robbye","94-370","1994-07-12",1994,7,12,193,"1994-07-12","","Growing in ditch with alder. Additional collector(s): Anderson, D.",NA,"Douglas","Superior. Moccasin Mike Rd. [Rd. to Wisconsin Point]",46.67311,-91.97214,NA,2431,"46.673110 N"," 91.972140 W","Georeferencing Quick Reference Guide 2012-10-02","Geolocate","",NA,"","July","Davidson, Donald W.; Castle, R., Johnson, Robbye","Other Collectors"
"SUWS015552","Equisetopsida","Asterales","Asteraceae","Packera paupercula",4398,"(Michx.) Á.Löve & D.Löve","Packera","paupercula","","","Kowal, Robert R.","26Jun2001","Fassett, Norman C.","5113","1942-07-18",1942,7,18,199,"1942-07-18","","",NA,"Douglas","Superior. Sand Island in Superior Bay",46.73216,-92.0663,NA,5466,"46.732160 N"," 92.066300 W","Georeferencing Quick Reference Guide 2012-10-02","Geolocate","",NA,"","July","Thomson, John W., Jr.; Smith, C. W., Fassett, Norman C.","Other Collectors"
"SUWS016718","Equisetopsida","Lycopodiales","Lycopodiaceae","Lycopodium dendroideum",12974,"Michx.","Lycopodium","dendroideum","","","","","Gitar, Richard D.","s.n.","1990-08-10",1990,8,10,222,"1990-08-10","","",NA,"Ashland","Stockton Island. Apostle Island National Lake Shore",46.93827,-90.65296,NA,27498,"46.938270 N"," 90.652960 W","Georeferencing Quick Reference Guide 2012-10-02","Geolocate","",NA,"","August","Davidson, Donald W.; Heim, Mike, Gitar, Richard D.","Other Collectors"
"SUWS016719","Equisetopsida","Lycopodiales","Lycopodiaceae","Diphasiastrum tristachyum",3415,"(Pursh) Holub","Diphasiastrum","tristachyum","","","","","Gitar, Richard D.","s.n.","1990-08-10",1990,8,10,222,"1990-08-10","","",NA,"Bayfield","Bayfield",46.81077,-90.81824,NA,1741,"46.810770 N"," 90.818240 W","Georeferencing Quick Reference Guide 2012-10-02","Geolocate","",NA,"","August","Davidson, Donald W.; Heim, Mike, Gitar, Richard D.","Other Collectors"
"SUWS016720","Equisetopsida","Lycopodiales","Lycopodiaceae","Lycopodium clavatum",4148,"L.","Lycopodium","clavatum","","","","","Gitar, Richard D.","s.n.","1990-08-10",1990,8,10,222,"1990-08-10","","",NA,"Ashland","Stockton Island. Apostle Island National Lake Shore",46.93827,-90.65296,NA,27498,"46.938270 N"," 90.652960 W","Georeferencing Quick Reference Guide 2012-10-02","Geolocate","",NA,"","August","Davidson, Donald W.; Heim, Mike, Gitar, Richard D.","Other Collectors"
"SUWS016721","Equisetopsida","Lycopodiales","Lycopodiaceae","Diphasiastrum complanatum",3413,"(L.) Holub","Diphasiastrum","complanatum","","","","","Gitar, Richard D.","s.n.","1990-08-10",1990,8,10,222,"1990-08-10","","",NA,"Ashland","Stockton Island. Apostle Island National Lake Shore",46.93827,-90.65296,NA,27498,"46.938270 N"," 90.652960 W","Georeferencing Quick Reference Guide 2012-10-02","Geolocate","",NA,"","August","Davidson, Donald W.; Heim, Mike, Gitar, Richard D.","Other Collectors"
"SUWS016722","Equisetopsida","Lycopodiales","Lycopodiaceae","Lycopodium annotinum",13350,"L.","Lycopodium","annotinum","","","","","Gitar, Richard D.","s.n.","1990-08-10",1990,8,10,222,"1990-08-10","","",NA,"Ashland","Devils Island. Apostle Island National Lake Shore",46.93827,-90.65296,NA,27498,"46.938270 N"," 90.652960 W","Georeferencing Quick Reference Guide 2012-10-02","Geolocate","",NA,"","August","Davidson, Donald W.; Heim, Mike, Gitar, Richard D.","Other Collectors"
"SUWS016723","Equisetopsida","Lycopodiales","Lycopodiaceae","Huperzia lucidula",3885,"(Michx.) Trevis.","Huperzia","lucidula","","","","","Gitar, Richard D.","s.n.","1990-08-10",1990,8,10,222,"1990-08-10","","",NA,"Ashland","Stockton Island. Apostle Island National Lake Shore",46.93827,-90.65296,NA,27498,"46.938270 N"," 90.652960 W","Georeferencing Quick Reference Guide 2012-10-02","Geolocate","",NA,"","August","Davidson, Donald W.; Heim, Mike, Gitar, Richard D.","Other Collectors"
