"column_name","csv_name","datatype"
"accessRights","DarwinCore_2026_06_21_212202_Consortium_MN_1946_1990","logical"
"accessRights","DarwinCore_2026_06_21_212202_Consortium_MN_post1990","logical"
"accessRights","DarwinCore_2026_06_21_212202_Consortium_MN_pre1946","logical"
"accessRights","DarwinCore_2026_06_21_212202_Consortium_MN_year_na","logical"
"accessRights","DarwinCore_2026_06_21_220149_Consortium_WIS_1940_1960","logical"
"accessRights","DarwinCore_2026_06_21_220149_Consortium_WIS_1961_1976","logical"
"accessRights","DarwinCore_2026_06_21_220149_Consortium_WIS_1977_2000","logical"
"accessRights","DarwinCore_2026_06_21_220149_Consortium_WIS_post2000","logical"
"accessRights","DarwinCore_2026_06_21_220149_Consortium_WIS_pre1940","logical"
"accessRights","DarwinCore_2026_06_21_220149_Consortium_WIS_year_na","logical"
"accessRights","DarwinCore_2026_06_22_230410_Bell_MN_1946_1985","character"
"accessRights","DarwinCore_2026_06_22_230410_Bell_MN_1986_2000","character"
"accessRights","DarwinCore_2026_06_22_230410_Bell_MN_post2000","character"
"accessRights","DarwinCore_2026_06_22_230410_Bell_MN_pre1946","character"
"accessRights","DarwinCore_2026_06_22_230410_Bell_MN_year_na","character"
"accessRights","occurrence_data_20260622140939_DarwinCore_WisFlora_MIN_UWGB","logical"
"accessRights","occurrence_data_20260622143552_DarwinCore_WisFlora_WIS_pre1958","logical"
"accessRights","occurrence_data_20260622144330_DarwinCore_WisFlora_WIS_1958_1976","logical"
"accessRights","occurrence_data_20260622144555_DarwinCore_WisFlora_WIS_post1976","logical"
"accessRights","occurrence_data_20260630112217_DarwinCore_WisFlora_except_MIN_WIS_UWGB","character"
"accessRights","occurrences_2026_06_20_233021_DarwinCore_Bell_Atlas_Execept_MIN","logical"
"accessRights","occurrences_2026_06_22_222501_Consortium_except_UWM_UWSP_WIS_MN","logical"
"accessRights","occurrences_2026_06_22_222928_DarwinCore_Consortium_UWM_UWSP","character"
"associatedOccurrences","DarwinCore_2026_06_21_212202_Consortium_MN_1946_1990",NA
"associatedOccurrences","DarwinCore_2026_06_21_212202_Consortium_MN_post1990",NA
"associatedOccurrences","DarwinCore_2026_06_21_212202_Consortium_MN_pre1946",NA
"associatedOccurrences","DarwinCore_2026_06_21_212202_Consortium_MN_year_na",NA
"associatedOccurrences","DarwinCore_2026_06_21_220149_Consortium_WIS_1940_1960",NA
"associatedOccurrences","DarwinCore_2026_06_21_220149_Consortium_WIS_1961_1976",NA
"associatedOccurrences","DarwinCore_2026_06_21_220149_Consortium_WIS_1977_2000",NA
"associatedOccurrences","DarwinCore_2026_06_21_220149_Consortium_WIS_post2000",NA
"associatedOccurrences","DarwinCore_2026_06_21_220149_Consortium_WIS_pre1940",NA
"associatedOccurrences","DarwinCore_2026_06_21_220149_Consortium_WIS_year_na",NA
"associatedOccurrences","DarwinCore_2026_06_22_230410_Bell_MN_1946_1985",NA
"associatedOccurrences","DarwinCore_2026_06_22_230410_Bell_MN_1986_2000",NA
"associatedOccurrences","DarwinCore_2026_06_22_230410_Bell_MN_post2000",NA
"associatedOccurrences","DarwinCore_2026_06_22_230410_Bell_MN_pre1946",NA
"associatedOccurrences","DarwinCore_2026_06_22_230410_Bell_MN_year_na",NA
"associatedOccurrences","occurrence_data_20260622140939_DarwinCore_WisFlora_MIN_UWGB","logical"
"associatedOccurrences","occurrence_data_20260622143552_DarwinCore_WisFlora_WIS_pre1958","logical"
"associatedOccurrences","occurrence_data_20260622144330_DarwinCore_WisFlora_WIS_1958_1976","logical"
"associatedOccurrences","occurrence_data_20260622144555_DarwinCore_WisFlora_WIS_post1976","logical"
"associatedOccurrences","occurrence_data_20260630112217_DarwinCore_WisFlora_except_MIN_WIS_UWGB","character"
"associatedOccurrences","occurrences_2026_06_20_233021_DarwinCore_Bell_Atlas_Execept_MIN",NA
"associatedOccurrences","occurrences_2026_06_22_222501_Consortium_except_UWM_UWSP_WIS_MN",NA
"associatedOccurrences","occurrences_2026_06_22_222928_DarwinCore_Consortium_UWM_UWSP",NA
"associatedSequences","DarwinCore_2026_06_21_212202_Consortium_MN_1946_1990","logical"
"associatedSequences","DarwinCore_2026_06_21_212202_Consortium_MN_post1990","logical"
"associatedSequences","DarwinCore_2026_06_21_212202_Consortium_MN_pre1946","logical"
"associatedSequences","DarwinCore_2026_06_21_212202_Consortium_MN_year_na","logical"
"associatedSequences","DarwinCore_2026_06_21_220149_Consortium_WIS_1940_1960","logical"
"associatedSequences","DarwinCore_2026_06_21_220149_Consortium_WIS_1961_1976","logical"
"associatedSequences","DarwinCore_2026_06_21_220149_Consortium_WIS_1977_2000","logical"
"associatedSequences","DarwinCore_2026_06_21_220149_Consortium_WIS_post2000","logical"
"associatedSequences","DarwinCore_2026_06_21_220149_Consortium_WIS_pre1940","logical"
"associatedSequences","DarwinCore_2026_06_21_220149_Consortium_WIS_year_na","logical"
"associatedSequences","DarwinCore_2026_06_22_230410_Bell_MN_1946_1985","logical"
"associatedSequences","DarwinCore_2026_06_22_230410_Bell_MN_1986_2000","logical"
"associatedSequences","DarwinCore_2026_06_22_230410_Bell_MN_post2000","logical"
"associatedSequences","DarwinCore_2026_06_22_230410_Bell_MN_pre1946","logical"
"associatedSequences","DarwinCore_2026_06_22_230410_Bell_MN_year_na","logical"
"associatedSequences","occurrence_data_20260622140939_DarwinCore_WisFlora_MIN_UWGB",NA
"associatedSequences","occurrence_data_20260622143552_DarwinCore_WisFlora_WIS_pre1958",NA
"associatedSequences","occurrence_data_20260622144330_DarwinCore_WisFlora_WIS_1958_1976",NA
"associatedSequences","occurrence_data_20260622144555_DarwinCore_WisFlora_WIS_post1976",NA
"associatedSequences","occurrence_data_20260630112217_DarwinCore_WisFlora_except_MIN_WIS_UWGB",NA
"associatedSequences","occurrences_2026_06_20_233021_DarwinCore_Bell_Atlas_Execept_MIN","logical"
"associatedSequences","occurrences_2026_06_22_222501_Consortium_except_UWM_UWSP_WIS_MN","logical"
"associatedSequences","occurrences_2026_06_22_222928_DarwinCore_Consortium_UWM_UWSP","character"
"associatedTaxa","DarwinCore_2026_06_21_212202_Consortium_MN_1946_1990","character"
"associatedTaxa","DarwinCore_2026_06_21_212202_Consortium_MN_post1990","character"
"associatedTaxa","DarwinCore_2026_06_21_212202_Consortium_MN_pre1946","character"
"associatedTaxa","DarwinCore_2026_06_21_212202_Consortium_MN_year_na","character"
"associatedTaxa","DarwinCore_2026_06_21_220149_Consortium_WIS_1940_1960","character"
"associatedTaxa","DarwinCore_2026_06_21_220149_Consortium_WIS_1961_1976","character"
"associatedTaxa","DarwinCore_2026_06_21_220149_Consortium_WIS_1977_2000","character"
"associatedTaxa","DarwinCore_2026_06_21_220149_Consortium_WIS_post2000","character"
"associatedTaxa","DarwinCore_2026_06_21_220149_Consortium_WIS_pre1940","character"
"associatedTaxa","DarwinCore_2026_06_21_220149_Consortium_WIS_year_na","character"
"associatedTaxa","DarwinCore_2026_06_22_230410_Bell_MN_1946_1985","character"
"associatedTaxa","DarwinCore_2026_06_22_230410_Bell_MN_1986_2000","character"
"associatedTaxa","DarwinCore_2026_06_22_230410_Bell_MN_post2000","character"
"associatedTaxa","DarwinCore_2026_06_22_230410_Bell_MN_pre1946","character"
"associatedTaxa","DarwinCore_2026_06_22_230410_Bell_MN_year_na","character"
"associatedTaxa","occurrence_data_20260622140939_DarwinCore_WisFlora_MIN_UWGB","character"
"associatedTaxa","occurrence_data_20260622143552_DarwinCore_WisFlora_WIS_pre1958","character"
"associatedTaxa","occurrence_data_20260622144330_DarwinCore_WisFlora_WIS_1958_1976","character"
"associatedTaxa","occurrence_data_20260622144555_DarwinCore_WisFlora_WIS_post1976","character"
"associatedTaxa","occurrence_data_20260630112217_DarwinCore_WisFlora_except_MIN_WIS_UWGB","character"
"associatedTaxa","occurrences_2026_06_20_233021_DarwinCore_Bell_Atlas_Execept_MIN","character"
"associatedTaxa","occurrences_2026_06_22_222501_Consortium_except_UWM_UWSP_WIS_MN","character"
"associatedTaxa","occurrences_2026_06_22_222928_DarwinCore_Consortium_UWM_UWSP","character"
"basisOfRecord","DarwinCore_2026_06_21_212202_Consortium_MN_1946_1990","character"
"basisOfRecord","DarwinCore_2026_06_21_212202_Consortium_MN_post1990","character"
"basisOfRecord","DarwinCore_2026_06_21_212202_Consortium_MN_pre1946","character"
"basisOfRecord","DarwinCore_2026_06_21_212202_Consortium_MN_year_na","character"
"basisOfRecord","DarwinCore_2026_06_21_220149_Consortium_WIS_1940_1960","character"
"basisOfRecord","DarwinCore_2026_06_21_220149_Consortium_WIS_1961_1976","character"
"basisOfRecord","DarwinCore_2026_06_21_220149_Consortium_WIS_1977_2000","character"
"basisOfRecord","DarwinCore_2026_06_21_220149_Consortium_WIS_post2000","character"
"basisOfRecord","DarwinCore_2026_06_21_220149_Consortium_WIS_pre1940","character"
"basisOfRecord","DarwinCore_2026_06_21_220149_Consortium_WIS_year_na","character"
"basisOfRecord","DarwinCore_2026_06_22_230410_Bell_MN_1946_1985","character"
"basisOfRecord","DarwinCore_2026_06_22_230410_Bell_MN_1986_2000","character"
"basisOfRecord","DarwinCore_2026_06_22_230410_Bell_MN_post2000","character"
"basisOfRecord","DarwinCore_2026_06_22_230410_Bell_MN_pre1946","character"
"basisOfRecord","DarwinCore_2026_06_22_230410_Bell_MN_year_na","character"
"basisOfRecord","occurrence_data_20260622140939_DarwinCore_WisFlora_MIN_UWGB","character"
"basisOfRecord","occurrence_data_20260622143552_DarwinCore_WisFlora_WIS_pre1958","character"
"basisOfRecord","occurrence_data_20260622144330_DarwinCore_WisFlora_WIS_1958_1976","character"
"basisOfRecord","occurrence_data_20260622144555_DarwinCore_WisFlora_WIS_post1976","character"
"basisOfRecord","occurrence_data_20260630112217_DarwinCore_WisFlora_except_MIN_WIS_UWGB","character"
"basisOfRecord","occurrences_2026_06_20_233021_DarwinCore_Bell_Atlas_Execept_MIN","character"
"basisOfRecord","occurrences_2026_06_22_222501_Consortium_except_UWM_UWSP_WIS_MN","character"
"basisOfRecord","occurrences_2026_06_22_222928_DarwinCore_Consortium_UWM_UWSP","character"
"behavior","DarwinCore_2026_06_21_212202_Consortium_MN_1946_1990","logical"
"behavior","DarwinCore_2026_06_21_212202_Consortium_MN_post1990","logical"
"behavior","DarwinCore_2026_06_21_212202_Consortium_MN_pre1946","logical"
"behavior","DarwinCore_2026_06_21_212202_Consortium_MN_year_na","logical"
"behavior","DarwinCore_2026_06_21_220149_Consortium_WIS_1940_1960","logical"
"behavior","DarwinCore_2026_06_21_220149_Consortium_WIS_1961_1976","logical"
"behavior","DarwinCore_2026_06_21_220149_Consortium_WIS_1977_2000","logical"
"behavior","DarwinCore_2026_06_21_220149_Consortium_WIS_post2000","logical"
"behavior","DarwinCore_2026_06_21_220149_Consortium_WIS_pre1940","logical"
"behavior","DarwinCore_2026_06_21_220149_Consortium_WIS_year_na","logical"
"behavior","DarwinCore_2026_06_22_230410_Bell_MN_1946_1985","logical"
"behavior","DarwinCore_2026_06_22_230410_Bell_MN_1986_2000","logical"
"behavior","DarwinCore_2026_06_22_230410_Bell_MN_post2000","logical"
"behavior","DarwinCore_2026_06_22_230410_Bell_MN_pre1946","logical"
"behavior","DarwinCore_2026_06_22_230410_Bell_MN_year_na","logical"
"behavior","occurrence_data_20260622140939_DarwinCore_WisFlora_MIN_UWGB","logical"
"behavior","occurrence_data_20260622143552_DarwinCore_WisFlora_WIS_pre1958","logical"
"behavior","occurrence_data_20260622144330_DarwinCore_WisFlora_WIS_1958_1976","logical"
"behavior","occurrence_data_20260622144555_DarwinCore_WisFlora_WIS_post1976","logical"
"behavior","occurrence_data_20260630112217_DarwinCore_WisFlora_except_MIN_WIS_UWGB","character"
"behavior","occurrences_2026_06_20_233021_DarwinCore_Bell_Atlas_Execept_MIN","logical"
"behavior","occurrences_2026_06_22_222501_Consortium_except_UWM_UWSP_WIS_MN","logical"
"behavior","occurrences_2026_06_22_222928_DarwinCore_Consortium_UWM_UWSP","character"
"catalogNumber","DarwinCore_2026_06_21_212202_Consortium_MN_1946_1990","integer"
"catalogNumber","DarwinCore_2026_06_21_212202_Consortium_MN_post1990","character"
"catalogNumber","DarwinCore_2026_06_21_212202_Consortium_MN_pre1946","character"
"catalogNumber","DarwinCore_2026_06_21_212202_Consortium_MN_year_na","character"
"catalogNumber","DarwinCore_2026_06_21_220149_Consortium_WIS_1940_1960","character"
"catalogNumber","DarwinCore_2026_06_21_220149_Consortium_WIS_1961_1976","character"
"catalogNumber","DarwinCore_2026_06_21_220149_Consortium_WIS_1977_2000","character"
"catalogNumber","DarwinCore_2026_06_21_220149_Consortium_WIS_post2000","character"
"catalogNumber","DarwinCore_2026_06_21_220149_Consortium_WIS_pre1940","character"
"catalogNumber","DarwinCore_2026_06_21_220149_Consortium_WIS_year_na","character"
"catalogNumber","DarwinCore_2026_06_22_230410_Bell_MN_1946_1985","integer"
"catalogNumber","DarwinCore_2026_06_22_230410_Bell_MN_1986_2000","integer"
"catalogNumber","DarwinCore_2026_06_22_230410_Bell_MN_post2000","character"
"catalogNumber","DarwinCore_2026_06_22_230410_Bell_MN_pre1946","character"
"catalogNumber","DarwinCore_2026_06_22_230410_Bell_MN_year_na","character"
"catalogNumber","occurrence_data_20260622140939_DarwinCore_WisFlora_MIN_UWGB","character"
"catalogNumber","occurrence_data_20260622143552_DarwinCore_WisFlora_WIS_pre1958","character"
"catalogNumber","occurrence_data_20260622144330_DarwinCore_WisFlora_WIS_1958_1976","character"
"catalogNumber","occurrence_data_20260622144555_DarwinCore_WisFlora_WIS_post1976","character"
"catalogNumber","occurrence_data_20260630112217_DarwinCore_WisFlora_except_MIN_WIS_UWGB","character"
"catalogNumber","occurrences_2026_06_20_233021_DarwinCore_Bell_Atlas_Execept_MIN","character"
"catalogNumber","occurrences_2026_06_22_222501_Consortium_except_UWM_UWSP_WIS_MN","character"
"catalogNumber","occurrences_2026_06_22_222928_DarwinCore_Consortium_UWM_UWSP","character"
"class","DarwinCore_2026_06_21_212202_Consortium_MN_1946_1990","character"
"class","DarwinCore_2026_06_21_212202_Consortium_MN_post1990","character"
"class","DarwinCore_2026_06_21_212202_Consortium_MN_pre1946","character"
"class","DarwinCore_2026_06_21_212202_Consortium_MN_year_na","character"
"class","DarwinCore_2026_06_21_220149_Consortium_WIS_1940_1960","character"
"class","DarwinCore_2026_06_21_220149_Consortium_WIS_1961_1976","character"
"class","DarwinCore_2026_06_21_220149_Consortium_WIS_1977_2000","character"
"class","DarwinCore_2026_06_21_220149_Consortium_WIS_post2000","character"
"class","DarwinCore_2026_06_21_220149_Consortium_WIS_pre1940","character"
"class","DarwinCore_2026_06_21_220149_Consortium_WIS_year_na","character"
"class","DarwinCore_2026_06_22_230410_Bell_MN_1946_1985","character"
"class","DarwinCore_2026_06_22_230410_Bell_MN_1986_2000","character"
"class","DarwinCore_2026_06_22_230410_Bell_MN_post2000","character"
"class","DarwinCore_2026_06_22_230410_Bell_MN_pre1946","character"
"class","DarwinCore_2026_06_22_230410_Bell_MN_year_na","character"
"class","occurrence_data_20260622140939_DarwinCore_WisFlora_MIN_UWGB","character"
"class","occurrence_data_20260622143552_DarwinCore_WisFlora_WIS_pre1958","character"
"class","occurrence_data_20260622144330_DarwinCore_WisFlora_WIS_1958_1976","character"
"class","occurrence_data_20260622144555_DarwinCore_WisFlora_WIS_post1976","character"
"class","occurrence_data_20260630112217_DarwinCore_WisFlora_except_MIN_WIS_UWGB","character"
"class","occurrences_2026_06_20_233021_DarwinCore_Bell_Atlas_Execept_MIN","character"
"class","occurrences_2026_06_22_222501_Consortium_except_UWM_UWSP_WIS_MN","character"
"class","occurrences_2026_06_22_222928_DarwinCore_Consortium_UWM_UWSP","character"
"collectionCode","DarwinCore_2026_06_21_212202_Consortium_MN_1946_1990","logical"
"collectionCode","DarwinCore_2026_06_21_212202_Consortium_MN_post1990","logical"
"collectionCode","DarwinCore_2026_06_21_212202_Consortium_MN_pre1946","logical"
"collectionCode","DarwinCore_2026_06_21_212202_Consortium_MN_year_na","logical"
"collectionCode","DarwinCore_2026_06_21_220149_Consortium_WIS_1940_1960","logical"
"collectionCode","DarwinCore_2026_06_21_220149_Consortium_WIS_1961_1976","logical"
"collectionCode","DarwinCore_2026_06_21_220149_Consortium_WIS_1977_2000","logical"
"collectionCode","DarwinCore_2026_06_21_220149_Consortium_WIS_post2000","logical"
"collectionCode","DarwinCore_2026_06_21_220149_Consortium_WIS_pre1940","logical"
"collectionCode","DarwinCore_2026_06_21_220149_Consortium_WIS_year_na","logical"
"collectionCode","DarwinCore_2026_06_22_230410_Bell_MN_1946_1985","character"
"collectionCode","DarwinCore_2026_06_22_230410_Bell_MN_1986_2000","character"
"collectionCode","DarwinCore_2026_06_22_230410_Bell_MN_post2000","character"
"collectionCode","DarwinCore_2026_06_22_230410_Bell_MN_pre1946","character"
"collectionCode","DarwinCore_2026_06_22_230410_Bell_MN_year_na","character"
"collectionCode","occurrence_data_20260622140939_DarwinCore_WisFlora_MIN_UWGB","character"
"collectionCode","occurrence_data_20260622143552_DarwinCore_WisFlora_WIS_pre1958","character"
"collectionCode","occurrence_data_20260622144330_DarwinCore_WisFlora_WIS_1958_1976","character"
"collectionCode","occurrence_data_20260622144555_DarwinCore_WisFlora_WIS_post1976","character"
"collectionCode","occurrence_data_20260630112217_DarwinCore_WisFlora_except_MIN_WIS_UWGB","character"
"collectionCode","occurrences_2026_06_20_233021_DarwinCore_Bell_Atlas_Execept_MIN","character"
"collectionCode","occurrences_2026_06_22_222501_Consortium_except_UWM_UWSP_WIS_MN","character"
"collectionCode","occurrences_2026_06_22_222928_DarwinCore_Consortium_UWM_UWSP","character"
"collectionID","DarwinCore_2026_06_21_212202_Consortium_MN_1946_1990","character"
"collectionID","DarwinCore_2026_06_21_212202_Consortium_MN_post1990","character"
"collectionID","DarwinCore_2026_06_21_212202_Consortium_MN_pre1946","character"
"collectionID","DarwinCore_2026_06_21_212202_Consortium_MN_year_na","character"
"collectionID","DarwinCore_2026_06_21_220149_Consortium_WIS_1940_1960","character"
"collectionID","DarwinCore_2026_06_21_220149_Consortium_WIS_1961_1976","character"
"collectionID","DarwinCore_2026_06_21_220149_Consortium_WIS_1977_2000","character"
"collectionID","DarwinCore_2026_06_21_220149_Consortium_WIS_post2000","character"
"collectionID","DarwinCore_2026_06_21_220149_Consortium_WIS_pre1940","character"
"collectionID","DarwinCore_2026_06_21_220149_Consortium_WIS_year_na","character"
"collectionID","DarwinCore_2026_06_22_230410_Bell_MN_1946_1985","character"
"collectionID","DarwinCore_2026_06_22_230410_Bell_MN_1986_2000","character"
"collectionID","DarwinCore_2026_06_22_230410_Bell_MN_post2000","character"
"collectionID","DarwinCore_2026_06_22_230410_Bell_MN_pre1946","character"
"collectionID","DarwinCore_2026_06_22_230410_Bell_MN_year_na","character"
"collectionID","occurrence_data_20260622140939_DarwinCore_WisFlora_MIN_UWGB","character"
"collectionID","occurrence_data_20260622143552_DarwinCore_WisFlora_WIS_pre1958","character"
"collectionID","occurrence_data_20260622144330_DarwinCore_WisFlora_WIS_1958_1976","character"
"collectionID","occurrence_data_20260622144555_DarwinCore_WisFlora_WIS_post1976","character"
"collectionID","occurrence_data_20260630112217_DarwinCore_WisFlora_except_MIN_WIS_UWGB","character"
"collectionID","occurrences_2026_06_20_233021_DarwinCore_Bell_Atlas_Execept_MIN","character"
"collectionID","occurrences_2026_06_22_222501_Consortium_except_UWM_UWSP_WIS_MN","character"
"collectionID","occurrences_2026_06_22_222928_DarwinCore_Consortium_UWM_UWSP","character"
"continent","DarwinCore_2026_06_21_212202_Consortium_MN_1946_1990","logical"
"continent","DarwinCore_2026_06_21_212202_Consortium_MN_post1990","logical"
"continent","DarwinCore_2026_06_21_212202_Consortium_MN_pre1946","logical"
"continent","DarwinCore_2026_06_21_212202_Consortium_MN_year_na","logical"
"continent","DarwinCore_2026_06_21_220149_Consortium_WIS_1940_1960","logical"
"continent","DarwinCore_2026_06_21_220149_Consortium_WIS_1961_1976","logical"
"continent","DarwinCore_2026_06_21_220149_Consortium_WIS_1977_2000","logical"
"continent","DarwinCore_2026_06_21_220149_Consortium_WIS_post2000","logical"
"continent","DarwinCore_2026_06_21_220149_Consortium_WIS_pre1940","logical"
"continent","DarwinCore_2026_06_21_220149_Consortium_WIS_year_na","logical"
"continent","DarwinCore_2026_06_22_230410_Bell_MN_1946_1985","logical"
"continent","DarwinCore_2026_06_22_230410_Bell_MN_1986_2000","logical"
"continent","DarwinCore_2026_06_22_230410_Bell_MN_post2000","logical"
"continent","DarwinCore_2026_06_22_230410_Bell_MN_pre1946","logical"
"continent","DarwinCore_2026_06_22_230410_Bell_MN_year_na","logical"
"continent","occurrence_data_20260622140939_DarwinCore_WisFlora_MIN_UWGB",NA
"continent","occurrence_data_20260622143552_DarwinCore_WisFlora_WIS_pre1958",NA
"continent","occurrence_data_20260622144330_DarwinCore_WisFlora_WIS_1958_1976",NA
"continent","occurrence_data_20260622144555_DarwinCore_WisFlora_WIS_post1976",NA
"continent","occurrence_data_20260630112217_DarwinCore_WisFlora_except_MIN_WIS_UWGB",NA
"continent","occurrences_2026_06_20_233021_DarwinCore_Bell_Atlas_Execept_MIN","logical"
"continent","occurrences_2026_06_22_222501_Consortium_except_UWM_UWSP_WIS_MN","logical"
"continent","occurrences_2026_06_22_222928_DarwinCore_Consortium_UWM_UWSP","character"
"coordinatePrecision","DarwinCore_2026_06_21_212202_Consortium_MN_1946_1990",NA
"coordinatePrecision","DarwinCore_2026_06_21_212202_Consortium_MN_post1990",NA
"coordinatePrecision","DarwinCore_2026_06_21_212202_Consortium_MN_pre1946",NA
"coordinatePrecision","DarwinCore_2026_06_21_212202_Consortium_MN_year_na",NA
"coordinatePrecision","DarwinCore_2026_06_21_220149_Consortium_WIS_1940_1960",NA
"coordinatePrecision","DarwinCore_2026_06_21_220149_Consortium_WIS_1961_1976",NA
"coordinatePrecision","DarwinCore_2026_06_21_220149_Consortium_WIS_1977_2000",NA
"coordinatePrecision","DarwinCore_2026_06_21_220149_Consortium_WIS_post2000",NA
"coordinatePrecision","DarwinCore_2026_06_21_220149_Consortium_WIS_pre1940",NA
"coordinatePrecision","DarwinCore_2026_06_21_220149_Consortium_WIS_year_na",NA
"coordinatePrecision","DarwinCore_2026_06_22_230410_Bell_MN_1946_1985",NA
"coordinatePrecision","DarwinCore_2026_06_22_230410_Bell_MN_1986_2000",NA
"coordinatePrecision","DarwinCore_2026_06_22_230410_Bell_MN_post2000",NA
"coordinatePrecision","DarwinCore_2026_06_22_230410_Bell_MN_pre1946",NA
"coordinatePrecision","DarwinCore_2026_06_22_230410_Bell_MN_year_na",NA
"coordinatePrecision","occurrence_data_20260622140939_DarwinCore_WisFlora_MIN_UWGB","logical"
"coordinatePrecision","occurrence_data_20260622143552_DarwinCore_WisFlora_WIS_pre1958","logical"
"coordinatePrecision","occurrence_data_20260622144330_DarwinCore_WisFlora_WIS_1958_1976","logical"
"coordinatePrecision","occurrence_data_20260622144555_DarwinCore_WisFlora_WIS_post1976","logical"
"coordinatePrecision","occurrence_data_20260630112217_DarwinCore_WisFlora_except_MIN_WIS_UWGB","character"
"coordinatePrecision","occurrences_2026_06_20_233021_DarwinCore_Bell_Atlas_Execept_MIN",NA
"coordinatePrecision","occurrences_2026_06_22_222501_Consortium_except_UWM_UWSP_WIS_MN",NA
"coordinatePrecision","occurrences_2026_06_22_222928_DarwinCore_Consortium_UWM_UWSP",NA
"coordinateUncertaintyInMeters","DarwinCore_2026_06_21_212202_Consortium_MN_1946_1990","integer"
"coordinateUncertaintyInMeters","DarwinCore_2026_06_21_212202_Consortium_MN_post1990","integer"
"coordinateUncertaintyInMeters","DarwinCore_2026_06_21_212202_Consortium_MN_pre1946","integer"
"coordinateUncertaintyInMeters","DarwinCore_2026_06_21_212202_Consortium_MN_year_na","integer"
"coordinateUncertaintyInMeters","DarwinCore_2026_06_21_220149_Consortium_WIS_1940_1960","integer"
"coordinateUncertaintyInMeters","DarwinCore_2026_06_21_220149_Consortium_WIS_1961_1976","integer"
"coordinateUncertaintyInMeters","DarwinCore_2026_06_21_220149_Consortium_WIS_1977_2000","integer"
"coordinateUncertaintyInMeters","DarwinCore_2026_06_21_220149_Consortium_WIS_post2000","integer"
"coordinateUncertaintyInMeters","DarwinCore_2026_06_21_220149_Consortium_WIS_pre1940","integer"
"coordinateUncertaintyInMeters","DarwinCore_2026_06_21_220149_Consortium_WIS_year_na","integer"
"coordinateUncertaintyInMeters","DarwinCore_2026_06_22_230410_Bell_MN_1946_1985","integer"
"coordinateUncertaintyInMeters","DarwinCore_2026_06_22_230410_Bell_MN_1986_2000","integer"
"coordinateUncertaintyInMeters","DarwinCore_2026_06_22_230410_Bell_MN_post2000","integer"
"coordinateUncertaintyInMeters","DarwinCore_2026_06_22_230410_Bell_MN_pre1946","integer"
"coordinateUncertaintyInMeters","DarwinCore_2026_06_22_230410_Bell_MN_year_na","integer"
"coordinateUncertaintyInMeters","occurrence_data_20260622140939_DarwinCore_WisFlora_MIN_UWGB","integer"
"coordinateUncertaintyInMeters","occurrence_data_20260622143552_DarwinCore_WisFlora_WIS_pre1958","integer"
"coordinateUncertaintyInMeters","occurrence_data_20260622144330_DarwinCore_WisFlora_WIS_1958_1976","integer"
"coordinateUncertaintyInMeters","occurrence_data_20260622144555_DarwinCore_WisFlora_WIS_post1976","integer"
"coordinateUncertaintyInMeters","occurrence_data_20260630112217_DarwinCore_WisFlora_except_MIN_WIS_UWGB","character"
"coordinateUncertaintyInMeters","occurrences_2026_06_20_233021_DarwinCore_Bell_Atlas_Execept_MIN","integer"
"coordinateUncertaintyInMeters","occurrences_2026_06_22_222501_Consortium_except_UWM_UWSP_WIS_MN","integer"
"coordinateUncertaintyInMeters","occurrences_2026_06_22_222928_DarwinCore_Consortium_UWM_UWSP","character"
"country","DarwinCore_2026_06_21_212202_Consortium_MN_1946_1990","character"
"country","DarwinCore_2026_06_21_212202_Consortium_MN_post1990","character"
"country","DarwinCore_2026_06_21_212202_Consortium_MN_pre1946","character"
"country","DarwinCore_2026_06_21_212202_Consortium_MN_year_na","character"
"country","DarwinCore_2026_06_21_220149_Consortium_WIS_1940_1960","character"
"country","DarwinCore_2026_06_21_220149_Consortium_WIS_1961_1976","character"
"country","DarwinCore_2026_06_21_220149_Consortium_WIS_1977_2000","character"
"country","DarwinCore_2026_06_21_220149_Consortium_WIS_post2000","character"
"country","DarwinCore_2026_06_21_220149_Consortium_WIS_pre1940","character"
"country","DarwinCore_2026_06_21_220149_Consortium_WIS_year_na","character"
"country","DarwinCore_2026_06_22_230410_Bell_MN_1946_1985","character"
"country","DarwinCore_2026_06_22_230410_Bell_MN_1986_2000","character"
"country","DarwinCore_2026_06_22_230410_Bell_MN_post2000","character"
"country","DarwinCore_2026_06_22_230410_Bell_MN_pre1946","character"
"country","DarwinCore_2026_06_22_230410_Bell_MN_year_na","character"
"country","occurrence_data_20260622140939_DarwinCore_WisFlora_MIN_UWGB","character"
"country","occurrence_data_20260622143552_DarwinCore_WisFlora_WIS_pre1958","character"
"country","occurrence_data_20260622144330_DarwinCore_WisFlora_WIS_1958_1976","character"
"country","occurrence_data_20260622144555_DarwinCore_WisFlora_WIS_post1976","character"
"country","occurrence_data_20260630112217_DarwinCore_WisFlora_except_MIN_WIS_UWGB","character"
"country","occurrences_2026_06_20_233021_DarwinCore_Bell_Atlas_Execept_MIN","character"
"country","occurrences_2026_06_22_222501_Consortium_except_UWM_UWSP_WIS_MN","character"
"country","occurrences_2026_06_22_222928_DarwinCore_Consortium_UWM_UWSP","character"
"countryCode","DarwinCore_2026_06_21_212202_Consortium_MN_1946_1990","character"
"countryCode","DarwinCore_2026_06_21_212202_Consortium_MN_post1990","character"
"countryCode","DarwinCore_2026_06_21_212202_Consortium_MN_pre1946","character"
"countryCode","DarwinCore_2026_06_21_212202_Consortium_MN_year_na","character"
"countryCode","DarwinCore_2026_06_21_220149_Consortium_WIS_1940_1960","character"
"countryCode","DarwinCore_2026_06_21_220149_Consortium_WIS_1961_1976","character"
"countryCode","DarwinCore_2026_06_21_220149_Consortium_WIS_1977_2000","character"
"countryCode","DarwinCore_2026_06_21_220149_Consortium_WIS_post2000","character"
"countryCode","DarwinCore_2026_06_21_220149_Consortium_WIS_pre1940","character"
"countryCode","DarwinCore_2026_06_21_220149_Consortium_WIS_year_na","character"
"countryCode","DarwinCore_2026_06_22_230410_Bell_MN_1946_1985","character"
"countryCode","DarwinCore_2026_06_22_230410_Bell_MN_1986_2000","character"
"countryCode","DarwinCore_2026_06_22_230410_Bell_MN_post2000","character"
"countryCode","DarwinCore_2026_06_22_230410_Bell_MN_pre1946","character"
"countryCode","DarwinCore_2026_06_22_230410_Bell_MN_year_na","character"
"countryCode","occurrence_data_20260622140939_DarwinCore_WisFlora_MIN_UWGB",NA
"countryCode","occurrence_data_20260622143552_DarwinCore_WisFlora_WIS_pre1958",NA
"countryCode","occurrence_data_20260622144330_DarwinCore_WisFlora_WIS_1958_1976",NA
"countryCode","occurrence_data_20260622144555_DarwinCore_WisFlora_WIS_post1976",NA
"countryCode","occurrence_data_20260630112217_DarwinCore_WisFlora_except_MIN_WIS_UWGB",NA
"countryCode","occurrences_2026_06_20_233021_DarwinCore_Bell_Atlas_Execept_MIN","character"
"countryCode","occurrences_2026_06_22_222501_Consortium_except_UWM_UWSP_WIS_MN","character"
"countryCode","occurrences_2026_06_22_222928_DarwinCore_Consortium_UWM_UWSP","character"
"county","DarwinCore_2026_06_21_212202_Consortium_MN_1946_1990","character"
"county","DarwinCore_2026_06_21_212202_Consortium_MN_post1990","character"
"county","DarwinCore_2026_06_21_212202_Consortium_MN_pre1946","character"
"county","DarwinCore_2026_06_21_212202_Consortium_MN_year_na","character"
"county","DarwinCore_2026_06_21_220149_Consortium_WIS_1940_1960","character"
"county","DarwinCore_2026_06_21_220149_Consortium_WIS_1961_1976","character"
"county","DarwinCore_2026_06_21_220149_Consortium_WIS_1977_2000","character"
"county","DarwinCore_2026_06_21_220149_Consortium_WIS_post2000","character"
"county","DarwinCore_2026_06_21_220149_Consortium_WIS_pre1940","character"
"county","DarwinCore_2026_06_21_220149_Consortium_WIS_year_na","character"
"county","DarwinCore_2026_06_22_230410_Bell_MN_1946_1985","character"
"county","DarwinCore_2026_06_22_230410_Bell_MN_1986_2000","character"
"county","DarwinCore_2026_06_22_230410_Bell_MN_post2000","character"
"county","DarwinCore_2026_06_22_230410_Bell_MN_pre1946","character"
"county","DarwinCore_2026_06_22_230410_Bell_MN_year_na","character"
"county","occurrence_data_20260622140939_DarwinCore_WisFlora_MIN_UWGB","character"
"county","occurrence_data_20260622143552_DarwinCore_WisFlora_WIS_pre1958","character"
"county","occurrence_data_20260622144330_DarwinCore_WisFlora_WIS_1958_1976","character"
"county","occurrence_data_20260622144555_DarwinCore_WisFlora_WIS_post1976","character"
"county","occurrence_data_20260630112217_DarwinCore_WisFlora_except_MIN_WIS_UWGB","character"
"county","occurrences_2026_06_20_233021_DarwinCore_Bell_Atlas_Execept_MIN","character"
"county","occurrences_2026_06_22_222501_Consortium_except_UWM_UWSP_WIS_MN","character"
"county","occurrences_2026_06_22_222928_DarwinCore_Consortium_UWM_UWSP","character"
"cultivarEpithet","DarwinCore_2026_06_21_212202_Consortium_MN_1946_1990","logical"
"cultivarEpithet","DarwinCore_2026_06_21_212202_Consortium_MN_post1990","logical"
"cultivarEpithet","DarwinCore_2026_06_21_212202_Consortium_MN_pre1946","logical"
"cultivarEpithet","DarwinCore_2026_06_21_212202_Consortium_MN_year_na","logical"
"cultivarEpithet","DarwinCore_2026_06_21_220149_Consortium_WIS_1940_1960","logical"
"cultivarEpithet","DarwinCore_2026_06_21_220149_Consortium_WIS_1961_1976","logical"
"cultivarEpithet","DarwinCore_2026_06_21_220149_Consortium_WIS_1977_2000","logical"
"cultivarEpithet","DarwinCore_2026_06_21_220149_Consortium_WIS_post2000","logical"
"cultivarEpithet","DarwinCore_2026_06_21_220149_Consortium_WIS_pre1940","logical"
"cultivarEpithet","DarwinCore_2026_06_21_220149_Consortium_WIS_year_na","logical"
"cultivarEpithet","DarwinCore_2026_06_22_230410_Bell_MN_1946_1985","logical"
"cultivarEpithet","DarwinCore_2026_06_22_230410_Bell_MN_1986_2000","logical"
"cultivarEpithet","DarwinCore_2026_06_22_230410_Bell_MN_post2000","logical"
"cultivarEpithet","DarwinCore_2026_06_22_230410_Bell_MN_pre1946","logical"
"cultivarEpithet","DarwinCore_2026_06_22_230410_Bell_MN_year_na","logical"
"cultivarEpithet","occurrence_data_20260622140939_DarwinCore_WisFlora_MIN_UWGB",NA
"cultivarEpithet","occurrence_data_20260622143552_DarwinCore_WisFlora_WIS_pre1958",NA
"cultivarEpithet","occurrence_data_20260622144330_DarwinCore_WisFlora_WIS_1958_1976",NA
"cultivarEpithet","occurrence_data_20260622144555_DarwinCore_WisFlora_WIS_post1976",NA
"cultivarEpithet","occurrence_data_20260630112217_DarwinCore_WisFlora_except_MIN_WIS_UWGB",NA
"cultivarEpithet","occurrences_2026_06_20_233021_DarwinCore_Bell_Atlas_Execept_MIN","logical"
"cultivarEpithet","occurrences_2026_06_22_222501_Consortium_except_UWM_UWSP_WIS_MN","logical"
"cultivarEpithet","occurrences_2026_06_22_222928_DarwinCore_Consortium_UWM_UWSP","character"
"dataGeneralizations","DarwinCore_2026_06_21_212202_Consortium_MN_1946_1990","logical"
"dataGeneralizations","DarwinCore_2026_06_21_212202_Consortium_MN_post1990","logical"
"dataGeneralizations","DarwinCore_2026_06_21_212202_Consortium_MN_pre1946","logical"
"dataGeneralizations","DarwinCore_2026_06_21_212202_Consortium_MN_year_na","logical"
"dataGeneralizations","DarwinCore_2026_06_21_220149_Consortium_WIS_1940_1960","logical"
"dataGeneralizations","DarwinCore_2026_06_21_220149_Consortium_WIS_1961_1976","logical"
"dataGeneralizations","DarwinCore_2026_06_21_220149_Consortium_WIS_1977_2000","logical"
"dataGeneralizations","DarwinCore_2026_06_21_220149_Consortium_WIS_post2000","logical"
"dataGeneralizations","DarwinCore_2026_06_21_220149_Consortium_WIS_pre1940","character"
"dataGeneralizations","DarwinCore_2026_06_21_220149_Consortium_WIS_year_na","character"
"dataGeneralizations","DarwinCore_2026_06_22_230410_Bell_MN_1946_1985","logical"
"dataGeneralizations","DarwinCore_2026_06_22_230410_Bell_MN_1986_2000","logical"
"dataGeneralizations","DarwinCore_2026_06_22_230410_Bell_MN_post2000","logical"
"dataGeneralizations","DarwinCore_2026_06_22_230410_Bell_MN_pre1946","logical"
"dataGeneralizations","DarwinCore_2026_06_22_230410_Bell_MN_year_na","logical"
"dataGeneralizations","occurrence_data_20260622140939_DarwinCore_WisFlora_MIN_UWGB","logical"
"dataGeneralizations","occurrence_data_20260622143552_DarwinCore_WisFlora_WIS_pre1958","logical"
"dataGeneralizations","occurrence_data_20260622144330_DarwinCore_WisFlora_WIS_1958_1976","logical"
"dataGeneralizations","occurrence_data_20260622144555_DarwinCore_WisFlora_WIS_post1976","logical"
"dataGeneralizations","occurrence_data_20260630112217_DarwinCore_WisFlora_except_MIN_WIS_UWGB","character"
"dataGeneralizations","occurrences_2026_06_20_233021_DarwinCore_Bell_Atlas_Execept_MIN","character"
"dataGeneralizations","occurrences_2026_06_22_222501_Consortium_except_UWM_UWSP_WIS_MN","character"
"dataGeneralizations","occurrences_2026_06_22_222928_DarwinCore_Consortium_UWM_UWSP","character"
"datasetID","DarwinCore_2026_06_21_212202_Consortium_MN_1946_1990",NA
"datasetID","DarwinCore_2026_06_21_212202_Consortium_MN_post1990",NA
"datasetID","DarwinCore_2026_06_21_212202_Consortium_MN_pre1946",NA
"datasetID","DarwinCore_2026_06_21_212202_Consortium_MN_year_na",NA
"datasetID","DarwinCore_2026_06_21_220149_Consortium_WIS_1940_1960",NA
"datasetID","DarwinCore_2026_06_21_220149_Consortium_WIS_1961_1976",NA
"datasetID","DarwinCore_2026_06_21_220149_Consortium_WIS_1977_2000",NA
"datasetID","DarwinCore_2026_06_21_220149_Consortium_WIS_post2000",NA
"datasetID","DarwinCore_2026_06_21_220149_Consortium_WIS_pre1940",NA
"datasetID","DarwinCore_2026_06_21_220149_Consortium_WIS_year_na",NA
"datasetID","DarwinCore_2026_06_22_230410_Bell_MN_1946_1985",NA
"datasetID","DarwinCore_2026_06_22_230410_Bell_MN_1986_2000",NA
"datasetID","DarwinCore_2026_06_22_230410_Bell_MN_post2000",NA
"datasetID","DarwinCore_2026_06_22_230410_Bell_MN_pre1946",NA
"datasetID","DarwinCore_2026_06_22_230410_Bell_MN_year_na",NA
"datasetID","occurrence_data_20260622140939_DarwinCore_WisFlora_MIN_UWGB","logical"
"datasetID","occurrence_data_20260622143552_DarwinCore_WisFlora_WIS_pre1958","logical"
"datasetID","occurrence_data_20260622144330_DarwinCore_WisFlora_WIS_1958_1976","logical"
"datasetID","occurrence_data_20260622144555_DarwinCore_WisFlora_WIS_post1976","logical"
"datasetID","occurrence_data_20260630112217_DarwinCore_WisFlora_except_MIN_WIS_UWGB","character"
"datasetID","occurrences_2026_06_20_233021_DarwinCore_Bell_Atlas_Execept_MIN",NA
"datasetID","occurrences_2026_06_22_222501_Consortium_except_UWM_UWSP_WIS_MN",NA
"datasetID","occurrences_2026_06_22_222928_DarwinCore_Consortium_UWM_UWSP",NA
"dateIdentified","DarwinCore_2026_06_21_212202_Consortium_MN_1946_1990","character"
"dateIdentified","DarwinCore_2026_06_21_212202_Consortium_MN_post1990","character"
"dateIdentified","DarwinCore_2026_06_21_212202_Consortium_MN_pre1946","character"
"dateIdentified","DarwinCore_2026_06_21_212202_Consortium_MN_year_na","character"
"dateIdentified","DarwinCore_2026_06_21_220149_Consortium_WIS_1940_1960","character"
"dateIdentified","DarwinCore_2026_06_21_220149_Consortium_WIS_1961_1976","character"
"dateIdentified","DarwinCore_2026_06_21_220149_Consortium_WIS_1977_2000","character"
"dateIdentified","DarwinCore_2026_06_21_220149_Consortium_WIS_post2000","character"
"dateIdentified","DarwinCore_2026_06_21_220149_Consortium_WIS_pre1940","character"
"dateIdentified","DarwinCore_2026_06_21_220149_Consortium_WIS_year_na","character"
"dateIdentified","DarwinCore_2026_06_22_230410_Bell_MN_1946_1985","character"
"dateIdentified","DarwinCore_2026_06_22_230410_Bell_MN_1986_2000","character"
"dateIdentified","DarwinCore_2026_06_22_230410_Bell_MN_post2000","character"
"dateIdentified","DarwinCore_2026_06_22_230410_Bell_MN_pre1946","character"
"dateIdentified","DarwinCore_2026_06_22_230410_Bell_MN_year_na","character"
"dateIdentified","occurrence_data_20260622140939_DarwinCore_WisFlora_MIN_UWGB","character"
"dateIdentified","occurrence_data_20260622143552_DarwinCore_WisFlora_WIS_pre1958","character"
"dateIdentified","occurrence_data_20260622144330_DarwinCore_WisFlora_WIS_1958_1976","character"
"dateIdentified","occurrence_data_20260622144555_DarwinCore_WisFlora_WIS_post1976","character"
"dateIdentified","occurrence_data_20260630112217_DarwinCore_WisFlora_except_MIN_WIS_UWGB","character"
"dateIdentified","occurrences_2026_06_20_233021_DarwinCore_Bell_Atlas_Execept_MIN","character"
"dateIdentified","occurrences_2026_06_22_222501_Consortium_except_UWM_UWSP_WIS_MN","character"
"dateIdentified","occurrences_2026_06_22_222928_DarwinCore_Consortium_UWM_UWSP","character"
"day","DarwinCore_2026_06_21_212202_Consortium_MN_1946_1990","integer"
"day","DarwinCore_2026_06_21_212202_Consortium_MN_post1990","integer"
"day","DarwinCore_2026_06_21_212202_Consortium_MN_pre1946","integer"
"day","DarwinCore_2026_06_21_212202_Consortium_MN_year_na","integer"
"day","DarwinCore_2026_06_21_220149_Consortium_WIS_1940_1960","integer"
"day","DarwinCore_2026_06_21_220149_Consortium_WIS_1961_1976","integer"
"day","DarwinCore_2026_06_21_220149_Consortium_WIS_1977_2000","integer"
"day","DarwinCore_2026_06_21_220149_Consortium_WIS_post2000","integer"
"day","DarwinCore_2026_06_21_220149_Consortium_WIS_pre1940","integer"
"day","DarwinCore_2026_06_21_220149_Consortium_WIS_year_na","logical"
"day","DarwinCore_2026_06_22_230410_Bell_MN_1946_1985","integer"
"day","DarwinCore_2026_06_22_230410_Bell_MN_1986_2000","integer"
"day","DarwinCore_2026_06_22_230410_Bell_MN_post2000","integer"
"day","DarwinCore_2026_06_22_230410_Bell_MN_pre1946","integer"
"day","DarwinCore_2026_06_22_230410_Bell_MN_year_na","integer"
"day","occurrence_data_20260622140939_DarwinCore_WisFlora_MIN_UWGB","integer"
"day","occurrence_data_20260622143552_DarwinCore_WisFlora_WIS_pre1958","integer"
"day","occurrence_data_20260622144330_DarwinCore_WisFlora_WIS_1958_1976","integer"
"day","occurrence_data_20260622144555_DarwinCore_WisFlora_WIS_post1976","integer"
"day","occurrence_data_20260630112217_DarwinCore_WisFlora_except_MIN_WIS_UWGB","character"
"day","occurrences_2026_06_20_233021_DarwinCore_Bell_Atlas_Execept_MIN","integer"
"day","occurrences_2026_06_22_222501_Consortium_except_UWM_UWSP_WIS_MN","integer"
"day","occurrences_2026_06_22_222928_DarwinCore_Consortium_UWM_UWSP","character"
"decimalLatitude","DarwinCore_2026_06_21_212202_Consortium_MN_1946_1990","numeric"
"decimalLatitude","DarwinCore_2026_06_21_212202_Consortium_MN_post1990","numeric"
"decimalLatitude","DarwinCore_2026_06_21_212202_Consortium_MN_pre1946","numeric"
"decimalLatitude","DarwinCore_2026_06_21_212202_Consortium_MN_year_na","numeric"
"decimalLatitude","DarwinCore_2026_06_21_220149_Consortium_WIS_1940_1960","numeric"
"decimalLatitude","DarwinCore_2026_06_21_220149_Consortium_WIS_1961_1976","numeric"
"decimalLatitude","DarwinCore_2026_06_21_220149_Consortium_WIS_1977_2000","numeric"
"decimalLatitude","DarwinCore_2026_06_21_220149_Consortium_WIS_post2000","numeric"
"decimalLatitude","DarwinCore_2026_06_21_220149_Consortium_WIS_pre1940","numeric"
"decimalLatitude","DarwinCore_2026_06_21_220149_Consortium_WIS_year_na","numeric"
"decimalLatitude","DarwinCore_2026_06_22_230410_Bell_MN_1946_1985","numeric"
"decimalLatitude","DarwinCore_2026_06_22_230410_Bell_MN_1986_2000","numeric"
"decimalLatitude","DarwinCore_2026_06_22_230410_Bell_MN_post2000","numeric"
"decimalLatitude","DarwinCore_2026_06_22_230410_Bell_MN_pre1946","numeric"
"decimalLatitude","DarwinCore_2026_06_22_230410_Bell_MN_year_na","numeric"
"decimalLatitude","occurrence_data_20260622140939_DarwinCore_WisFlora_MIN_UWGB","numeric"
"decimalLatitude","occurrence_data_20260622143552_DarwinCore_WisFlora_WIS_pre1958","numeric"
"decimalLatitude","occurrence_data_20260622144330_DarwinCore_WisFlora_WIS_1958_1976","numeric"
"decimalLatitude","occurrence_data_20260622144555_DarwinCore_WisFlora_WIS_post1976","numeric"
"decimalLatitude","occurrence_data_20260630112217_DarwinCore_WisFlora_except_MIN_WIS_UWGB","character"
"decimalLatitude","occurrences_2026_06_20_233021_DarwinCore_Bell_Atlas_Execept_MIN","numeric"
"decimalLatitude","occurrences_2026_06_22_222501_Consortium_except_UWM_UWSP_WIS_MN","numeric"
"decimalLatitude","occurrences_2026_06_22_222928_DarwinCore_Consortium_UWM_UWSP","character"
"decimalLongitude","DarwinCore_2026_06_21_212202_Consortium_MN_1946_1990","numeric"
"decimalLongitude","DarwinCore_2026_06_21_212202_Consortium_MN_post1990","numeric"
"decimalLongitude","DarwinCore_2026_06_21_212202_Consortium_MN_pre1946","numeric"
"decimalLongitude","DarwinCore_2026_06_21_212202_Consortium_MN_year_na","numeric"
"decimalLongitude","DarwinCore_2026_06_21_220149_Consortium_WIS_1940_1960","numeric"
"decimalLongitude","DarwinCore_2026_06_21_220149_Consortium_WIS_1961_1976","numeric"
"decimalLongitude","DarwinCore_2026_06_21_220149_Consortium_WIS_1977_2000","numeric"
"decimalLongitude","DarwinCore_2026_06_21_220149_Consortium_WIS_post2000","numeric"
"decimalLongitude","DarwinCore_2026_06_21_220149_Consortium_WIS_pre1940","numeric"
"decimalLongitude","DarwinCore_2026_06_21_220149_Consortium_WIS_year_na","numeric"
"decimalLongitude","DarwinCore_2026_06_22_230410_Bell_MN_1946_1985","numeric"
"decimalLongitude","DarwinCore_2026_06_22_230410_Bell_MN_1986_2000","numeric"
"decimalLongitude","DarwinCore_2026_06_22_230410_Bell_MN_post2000","numeric"
"decimalLongitude","DarwinCore_2026_06_22_230410_Bell_MN_pre1946","numeric"
"decimalLongitude","DarwinCore_2026_06_22_230410_Bell_MN_year_na","numeric"
"decimalLongitude","occurrence_data_20260622140939_DarwinCore_WisFlora_MIN_UWGB","numeric"
"decimalLongitude","occurrence_data_20260622143552_DarwinCore_WisFlora_WIS_pre1958","numeric"
"decimalLongitude","occurrence_data_20260622144330_DarwinCore_WisFlora_WIS_1958_1976","numeric"
"decimalLongitude","occurrence_data_20260622144555_DarwinCore_WisFlora_WIS_post1976","numeric"
"decimalLongitude","occurrence_data_20260630112217_DarwinCore_WisFlora_except_MIN_WIS_UWGB","character"
"decimalLongitude","occurrences_2026_06_20_233021_DarwinCore_Bell_Atlas_Execept_MIN","numeric"
"decimalLongitude","occurrences_2026_06_22_222501_Consortium_except_UWM_UWSP_WIS_MN","numeric"
"decimalLongitude","occurrences_2026_06_22_222928_DarwinCore_Consortium_UWM_UWSP","character"
"disposition","DarwinCore_2026_06_21_212202_Consortium_MN_1946_1990","logical"
"disposition","DarwinCore_2026_06_21_212202_Consortium_MN_post1990","logical"
"disposition","DarwinCore_2026_06_21_212202_Consortium_MN_pre1946","logical"
"disposition","DarwinCore_2026_06_21_212202_Consortium_MN_year_na","logical"
"disposition","DarwinCore_2026_06_21_220149_Consortium_WIS_1940_1960","logical"
"disposition","DarwinCore_2026_06_21_220149_Consortium_WIS_1961_1976","logical"
"disposition","DarwinCore_2026_06_21_220149_Consortium_WIS_1977_2000","logical"
"disposition","DarwinCore_2026_06_21_220149_Consortium_WIS_post2000","logical"
"disposition","DarwinCore_2026_06_21_220149_Consortium_WIS_pre1940","logical"
"disposition","DarwinCore_2026_06_21_220149_Consortium_WIS_year_na","logical"
"disposition","DarwinCore_2026_06_22_230410_Bell_MN_1946_1985","logical"
"disposition","DarwinCore_2026_06_22_230410_Bell_MN_1986_2000","logical"
"disposition","DarwinCore_2026_06_22_230410_Bell_MN_post2000","character"
"disposition","DarwinCore_2026_06_22_230410_Bell_MN_pre1946","logical"
"disposition","DarwinCore_2026_06_22_230410_Bell_MN_year_na","logical"
"disposition","occurrence_data_20260622140939_DarwinCore_WisFlora_MIN_UWGB","logical"
"disposition","occurrence_data_20260622143552_DarwinCore_WisFlora_WIS_pre1958","logical"
"disposition","occurrence_data_20260622144330_DarwinCore_WisFlora_WIS_1958_1976","logical"
"disposition","occurrence_data_20260622144555_DarwinCore_WisFlora_WIS_post1976","logical"
"disposition","occurrence_data_20260630112217_DarwinCore_WisFlora_except_MIN_WIS_UWGB","character"
"disposition","occurrences_2026_06_20_233021_DarwinCore_Bell_Atlas_Execept_MIN","character"
"disposition","occurrences_2026_06_22_222501_Consortium_except_UWM_UWSP_WIS_MN","character"
"disposition","occurrences_2026_06_22_222928_DarwinCore_Consortium_UWM_UWSP","character"
"dynamicProperties","DarwinCore_2026_06_21_212202_Consortium_MN_1946_1990","logical"
"dynamicProperties","DarwinCore_2026_06_21_212202_Consortium_MN_post1990","character"
"dynamicProperties","DarwinCore_2026_06_21_212202_Consortium_MN_pre1946","character"
"dynamicProperties","DarwinCore_2026_06_21_212202_Consortium_MN_year_na","character"
"dynamicProperties","DarwinCore_2026_06_21_220149_Consortium_WIS_1940_1960","character"
"dynamicProperties","DarwinCore_2026_06_21_220149_Consortium_WIS_1961_1976","character"
"dynamicProperties","DarwinCore_2026_06_21_220149_Consortium_WIS_1977_2000","character"
"dynamicProperties","DarwinCore_2026_06_21_220149_Consortium_WIS_post2000","character"
"dynamicProperties","DarwinCore_2026_06_21_220149_Consortium_WIS_pre1940","character"
"dynamicProperties","DarwinCore_2026_06_21_220149_Consortium_WIS_year_na","character"
"dynamicProperties","DarwinCore_2026_06_22_230410_Bell_MN_1946_1985","character"
"dynamicProperties","DarwinCore_2026_06_22_230410_Bell_MN_1986_2000","character"
"dynamicProperties","DarwinCore_2026_06_22_230410_Bell_MN_post2000","character"
"dynamicProperties","DarwinCore_2026_06_22_230410_Bell_MN_pre1946","character"
"dynamicProperties","DarwinCore_2026_06_22_230410_Bell_MN_year_na","character"
"dynamicProperties","occurrence_data_20260622140939_DarwinCore_WisFlora_MIN_UWGB","logical"
"dynamicProperties","occurrence_data_20260622143552_DarwinCore_WisFlora_WIS_pre1958","logical"
"dynamicProperties","occurrence_data_20260622144330_DarwinCore_WisFlora_WIS_1958_1976","logical"
"dynamicProperties","occurrence_data_20260622144555_DarwinCore_WisFlora_WIS_post1976","logical"
"dynamicProperties","occurrence_data_20260630112217_DarwinCore_WisFlora_except_MIN_WIS_UWGB","character"
"dynamicProperties","occurrences_2026_06_20_233021_DarwinCore_Bell_Atlas_Execept_MIN","character"
"dynamicProperties","occurrences_2026_06_22_222501_Consortium_except_UWM_UWSP_WIS_MN","character"
"dynamicProperties","occurrences_2026_06_22_222928_DarwinCore_Consortium_UWM_UWSP","character"
"endDayOfYear","DarwinCore_2026_06_21_212202_Consortium_MN_1946_1990","integer"
"endDayOfYear","DarwinCore_2026_06_21_212202_Consortium_MN_post1990","logical"
"endDayOfYear","DarwinCore_2026_06_21_212202_Consortium_MN_pre1946","integer"
"endDayOfYear","DarwinCore_2026_06_21_212202_Consortium_MN_year_na","integer"
"endDayOfYear","DarwinCore_2026_06_21_220149_Consortium_WIS_1940_1960","integer"
"endDayOfYear","DarwinCore_2026_06_21_220149_Consortium_WIS_1961_1976","integer"
"endDayOfYear","DarwinCore_2026_06_21_220149_Consortium_WIS_1977_2000","integer"
"endDayOfYear","DarwinCore_2026_06_21_220149_Consortium_WIS_post2000","integer"
"endDayOfYear","DarwinCore_2026_06_21_220149_Consortium_WIS_pre1940","integer"
"endDayOfYear","DarwinCore_2026_06_21_220149_Consortium_WIS_year_na","integer"
"endDayOfYear","DarwinCore_2026_06_22_230410_Bell_MN_1946_1985","integer"
"endDayOfYear","DarwinCore_2026_06_22_230410_Bell_MN_1986_2000","integer"
"endDayOfYear","DarwinCore_2026_06_22_230410_Bell_MN_post2000","integer"
"endDayOfYear","DarwinCore_2026_06_22_230410_Bell_MN_pre1946","integer"
"endDayOfYear","DarwinCore_2026_06_22_230410_Bell_MN_year_na","integer"
"endDayOfYear","occurrence_data_20260622140939_DarwinCore_WisFlora_MIN_UWGB","logical"
"endDayOfYear","occurrence_data_20260622143552_DarwinCore_WisFlora_WIS_pre1958","integer"
"endDayOfYear","occurrence_data_20260622144330_DarwinCore_WisFlora_WIS_1958_1976","integer"
"endDayOfYear","occurrence_data_20260622144555_DarwinCore_WisFlora_WIS_post1976","integer"
"endDayOfYear","occurrence_data_20260630112217_DarwinCore_WisFlora_except_MIN_WIS_UWGB","character"
"endDayOfYear","occurrences_2026_06_20_233021_DarwinCore_Bell_Atlas_Execept_MIN","integer"
"endDayOfYear","occurrences_2026_06_22_222501_Consortium_except_UWM_UWSP_WIS_MN","integer"
"endDayOfYear","occurrences_2026_06_22_222928_DarwinCore_Consortium_UWM_UWSP","character"
"establishmentMeans","DarwinCore_2026_06_21_212202_Consortium_MN_1946_1990","logical"
"establishmentMeans","DarwinCore_2026_06_21_212202_Consortium_MN_post1990","logical"
"establishmentMeans","DarwinCore_2026_06_21_212202_Consortium_MN_pre1946","logical"
"establishmentMeans","DarwinCore_2026_06_21_212202_Consortium_MN_year_na","logical"
"establishmentMeans","DarwinCore_2026_06_21_220149_Consortium_WIS_1940_1960","logical"
"establishmentMeans","DarwinCore_2026_06_21_220149_Consortium_WIS_1961_1976","logical"
"establishmentMeans","DarwinCore_2026_06_21_220149_Consortium_WIS_1977_2000","logical"
"establishmentMeans","DarwinCore_2026_06_21_220149_Consortium_WIS_post2000","logical"
"establishmentMeans","DarwinCore_2026_06_21_220149_Consortium_WIS_pre1940","character"
"establishmentMeans","DarwinCore_2026_06_21_220149_Consortium_WIS_year_na","logical"
"establishmentMeans","DarwinCore_2026_06_22_230410_Bell_MN_1946_1985","logical"
"establishmentMeans","DarwinCore_2026_06_22_230410_Bell_MN_1986_2000","logical"
"establishmentMeans","DarwinCore_2026_06_22_230410_Bell_MN_post2000","logical"
"establishmentMeans","DarwinCore_2026_06_22_230410_Bell_MN_pre1946","logical"
"establishmentMeans","DarwinCore_2026_06_22_230410_Bell_MN_year_na","logical"
"establishmentMeans","occurrence_data_20260622140939_DarwinCore_WisFlora_MIN_UWGB","logical"
"establishmentMeans","occurrence_data_20260622143552_DarwinCore_WisFlora_WIS_pre1958","logical"
"establishmentMeans","occurrence_data_20260622144330_DarwinCore_WisFlora_WIS_1958_1976","logical"
"establishmentMeans","occurrence_data_20260622144555_DarwinCore_WisFlora_WIS_post1976","logical"
"establishmentMeans","occurrence_data_20260630112217_DarwinCore_WisFlora_except_MIN_WIS_UWGB","character"
"establishmentMeans","occurrences_2026_06_20_233021_DarwinCore_Bell_Atlas_Execept_MIN","character"
"establishmentMeans","occurrences_2026_06_22_222501_Consortium_except_UWM_UWSP_WIS_MN","character"
"establishmentMeans","occurrences_2026_06_22_222928_DarwinCore_Consortium_UWM_UWSP","character"
"eventDate","DarwinCore_2026_06_21_212202_Consortium_MN_1946_1990","character"
"eventDate","DarwinCore_2026_06_21_212202_Consortium_MN_post1990","character"
"eventDate","DarwinCore_2026_06_21_212202_Consortium_MN_pre1946","character"
"eventDate","DarwinCore_2026_06_21_212202_Consortium_MN_year_na","logical"
"eventDate","DarwinCore_2026_06_21_220149_Consortium_WIS_1940_1960","character"
"eventDate","DarwinCore_2026_06_21_220149_Consortium_WIS_1961_1976","character"
"eventDate","DarwinCore_2026_06_21_220149_Consortium_WIS_1977_2000","character"
"eventDate","DarwinCore_2026_06_21_220149_Consortium_WIS_post2000","character"
"eventDate","DarwinCore_2026_06_21_220149_Consortium_WIS_pre1940","character"
"eventDate","DarwinCore_2026_06_21_220149_Consortium_WIS_year_na","logical"
"eventDate","DarwinCore_2026_06_22_230410_Bell_MN_1946_1985","character"
"eventDate","DarwinCore_2026_06_22_230410_Bell_MN_1986_2000","character"
"eventDate","DarwinCore_2026_06_22_230410_Bell_MN_post2000","character"
"eventDate","DarwinCore_2026_06_22_230410_Bell_MN_pre1946","character"
"eventDate","DarwinCore_2026_06_22_230410_Bell_MN_year_na","character"
"eventDate","occurrence_data_20260622140939_DarwinCore_WisFlora_MIN_UWGB","character"
"eventDate","occurrence_data_20260622143552_DarwinCore_WisFlora_WIS_pre1958","character"
"eventDate","occurrence_data_20260622144330_DarwinCore_WisFlora_WIS_1958_1976","character"
"eventDate","occurrence_data_20260622144555_DarwinCore_WisFlora_WIS_post1976","character"
"eventDate","occurrence_data_20260630112217_DarwinCore_WisFlora_except_MIN_WIS_UWGB","character"
"eventDate","occurrences_2026_06_20_233021_DarwinCore_Bell_Atlas_Execept_MIN","character"
"eventDate","occurrences_2026_06_22_222501_Consortium_except_UWM_UWSP_WIS_MN","character"
"eventDate","occurrences_2026_06_22_222928_DarwinCore_Consortium_UWM_UWSP","character"
"eventID","DarwinCore_2026_06_21_212202_Consortium_MN_1946_1990","logical"
"eventID","DarwinCore_2026_06_21_212202_Consortium_MN_post1990","logical"
"eventID","DarwinCore_2026_06_21_212202_Consortium_MN_pre1946","logical"
"eventID","DarwinCore_2026_06_21_212202_Consortium_MN_year_na","logical"
"eventID","DarwinCore_2026_06_21_220149_Consortium_WIS_1940_1960","logical"
"eventID","DarwinCore_2026_06_21_220149_Consortium_WIS_1961_1976","logical"
"eventID","DarwinCore_2026_06_21_220149_Consortium_WIS_1977_2000","logical"
"eventID","DarwinCore_2026_06_21_220149_Consortium_WIS_post2000","logical"
"eventID","DarwinCore_2026_06_21_220149_Consortium_WIS_pre1940","logical"
"eventID","DarwinCore_2026_06_21_220149_Consortium_WIS_year_na","logical"
"eventID","DarwinCore_2026_06_22_230410_Bell_MN_1946_1985","logical"
"eventID","DarwinCore_2026_06_22_230410_Bell_MN_1986_2000","logical"
"eventID","DarwinCore_2026_06_22_230410_Bell_MN_post2000","logical"
"eventID","DarwinCore_2026_06_22_230410_Bell_MN_pre1946","logical"
"eventID","DarwinCore_2026_06_22_230410_Bell_MN_year_na","logical"
"eventID","occurrence_data_20260622140939_DarwinCore_WisFlora_MIN_UWGB","logical"
"eventID","occurrence_data_20260622143552_DarwinCore_WisFlora_WIS_pre1958","logical"
"eventID","occurrence_data_20260622144330_DarwinCore_WisFlora_WIS_1958_1976","logical"
"eventID","occurrence_data_20260622144555_DarwinCore_WisFlora_WIS_post1976","logical"
"eventID","occurrence_data_20260630112217_DarwinCore_WisFlora_except_MIN_WIS_UWGB","character"
"eventID","occurrences_2026_06_20_233021_DarwinCore_Bell_Atlas_Execept_MIN","logical"
"eventID","occurrences_2026_06_22_222501_Consortium_except_UWM_UWSP_WIS_MN","logical"
"eventID","occurrences_2026_06_22_222928_DarwinCore_Consortium_UWM_UWSP","character"
"eventtime","DarwinCore_2026_06_21_212202_Consortium_MN_1946_1990","logical"
"eventtime","DarwinCore_2026_06_21_212202_Consortium_MN_post1990","logical"
"eventtime","DarwinCore_2026_06_21_212202_Consortium_MN_pre1946","logical"
"eventtime","DarwinCore_2026_06_21_212202_Consortium_MN_year_na","logical"
"eventtime","DarwinCore_2026_06_21_220149_Consortium_WIS_1940_1960","logical"
"eventtime","DarwinCore_2026_06_21_220149_Consortium_WIS_1961_1976","logical"
"eventtime","DarwinCore_2026_06_21_220149_Consortium_WIS_1977_2000","logical"
"eventtime","DarwinCore_2026_06_21_220149_Consortium_WIS_post2000","logical"
"eventtime","DarwinCore_2026_06_21_220149_Consortium_WIS_pre1940","logical"
"eventtime","DarwinCore_2026_06_21_220149_Consortium_WIS_year_na","logical"
"eventtime","DarwinCore_2026_06_22_230410_Bell_MN_1946_1985","logical"
"eventtime","DarwinCore_2026_06_22_230410_Bell_MN_1986_2000","logical"
"eventtime","DarwinCore_2026_06_22_230410_Bell_MN_post2000","logical"
"eventtime","DarwinCore_2026_06_22_230410_Bell_MN_pre1946","logical"
"eventtime","DarwinCore_2026_06_22_230410_Bell_MN_year_na","logical"
"eventtime","occurrence_data_20260622140939_DarwinCore_WisFlora_MIN_UWGB",NA
"eventtime","occurrence_data_20260622143552_DarwinCore_WisFlora_WIS_pre1958",NA
"eventtime","occurrence_data_20260622144330_DarwinCore_WisFlora_WIS_1958_1976",NA
"eventtime","occurrence_data_20260622144555_DarwinCore_WisFlora_WIS_post1976",NA
"eventtime","occurrence_data_20260630112217_DarwinCore_WisFlora_except_MIN_WIS_UWGB",NA
"eventtime","occurrences_2026_06_20_233021_DarwinCore_Bell_Atlas_Execept_MIN","logical"
"eventtime","occurrences_2026_06_22_222501_Consortium_except_UWM_UWSP_WIS_MN","logical"
"eventtime","occurrences_2026_06_22_222928_DarwinCore_Consortium_UWM_UWSP","character"
"family","DarwinCore_2026_06_21_212202_Consortium_MN_1946_1990","character"
"family","DarwinCore_2026_06_21_212202_Consortium_MN_post1990","character"
"family","DarwinCore_2026_06_21_212202_Consortium_MN_pre1946","character"
"family","DarwinCore_2026_06_21_212202_Consortium_MN_year_na","character"
"family","DarwinCore_2026_06_21_220149_Consortium_WIS_1940_1960","character"
"family","DarwinCore_2026_06_21_220149_Consortium_WIS_1961_1976","character"
"family","DarwinCore_2026_06_21_220149_Consortium_WIS_1977_2000","character"
"family","DarwinCore_2026_06_21_220149_Consortium_WIS_post2000","character"
"family","DarwinCore_2026_06_21_220149_Consortium_WIS_pre1940","character"
"family","DarwinCore_2026_06_21_220149_Consortium_WIS_year_na","character"
"family","DarwinCore_2026_06_22_230410_Bell_MN_1946_1985","character"
"family","DarwinCore_2026_06_22_230410_Bell_MN_1986_2000","character"
"family","DarwinCore_2026_06_22_230410_Bell_MN_post2000","character"
"family","DarwinCore_2026_06_22_230410_Bell_MN_pre1946","character"
"family","DarwinCore_2026_06_22_230410_Bell_MN_year_na","character"
"family","occurrence_data_20260622140939_DarwinCore_WisFlora_MIN_UWGB","character"
"family","occurrence_data_20260622143552_DarwinCore_WisFlora_WIS_pre1958","character"
"family","occurrence_data_20260622144330_DarwinCore_WisFlora_WIS_1958_1976","character"
"family","occurrence_data_20260622144555_DarwinCore_WisFlora_WIS_post1976","character"
"family","occurrence_data_20260630112217_DarwinCore_WisFlora_except_MIN_WIS_UWGB","character"
"family","occurrences_2026_06_20_233021_DarwinCore_Bell_Atlas_Execept_MIN","character"
"family","occurrences_2026_06_22_222501_Consortium_except_UWM_UWSP_WIS_MN","character"
"family","occurrences_2026_06_22_222928_DarwinCore_Consortium_UWM_UWSP","character"
"fieldNotes","DarwinCore_2026_06_21_212202_Consortium_MN_1946_1990",NA
"fieldNotes","DarwinCore_2026_06_21_212202_Consortium_MN_post1990",NA
"fieldNotes","DarwinCore_2026_06_21_212202_Consortium_MN_pre1946",NA
"fieldNotes","DarwinCore_2026_06_21_212202_Consortium_MN_year_na",NA
"fieldNotes","DarwinCore_2026_06_21_220149_Consortium_WIS_1940_1960",NA
"fieldNotes","DarwinCore_2026_06_21_220149_Consortium_WIS_1961_1976",NA
"fieldNotes","DarwinCore_2026_06_21_220149_Consortium_WIS_1977_2000",NA
"fieldNotes","DarwinCore_2026_06_21_220149_Consortium_WIS_post2000",NA
"fieldNotes","DarwinCore_2026_06_21_220149_Consortium_WIS_pre1940",NA
"fieldNotes","DarwinCore_2026_06_21_220149_Consortium_WIS_year_na",NA
"fieldNotes","DarwinCore_2026_06_22_230410_Bell_MN_1946_1985",NA
"fieldNotes","DarwinCore_2026_06_22_230410_Bell_MN_1986_2000",NA
"fieldNotes","DarwinCore_2026_06_22_230410_Bell_MN_post2000",NA
"fieldNotes","DarwinCore_2026_06_22_230410_Bell_MN_pre1946",NA
"fieldNotes","DarwinCore_2026_06_22_230410_Bell_MN_year_na",NA
"fieldNotes","occurrence_data_20260622140939_DarwinCore_WisFlora_MIN_UWGB","logical"
"fieldNotes","occurrence_data_20260622143552_DarwinCore_WisFlora_WIS_pre1958","character"
"fieldNotes","occurrence_data_20260622144330_DarwinCore_WisFlora_WIS_1958_1976","character"
"fieldNotes","occurrence_data_20260622144555_DarwinCore_WisFlora_WIS_post1976","character"
"fieldNotes","occurrence_data_20260630112217_DarwinCore_WisFlora_except_MIN_WIS_UWGB","character"
"fieldNotes","occurrences_2026_06_20_233021_DarwinCore_Bell_Atlas_Execept_MIN",NA
"fieldNotes","occurrences_2026_06_22_222501_Consortium_except_UWM_UWSP_WIS_MN",NA
"fieldNotes","occurrences_2026_06_22_222928_DarwinCore_Consortium_UWM_UWSP",NA
"fieldNumber","DarwinCore_2026_06_21_212202_Consortium_MN_1946_1990","logical"
"fieldNumber","DarwinCore_2026_06_21_212202_Consortium_MN_post1990","logical"
"fieldNumber","DarwinCore_2026_06_21_212202_Consortium_MN_pre1946","logical"
"fieldNumber","DarwinCore_2026_06_21_212202_Consortium_MN_year_na","logical"
"fieldNumber","DarwinCore_2026_06_21_220149_Consortium_WIS_1940_1960","logical"
"fieldNumber","DarwinCore_2026_06_21_220149_Consortium_WIS_1961_1976","logical"
"fieldNumber","DarwinCore_2026_06_21_220149_Consortium_WIS_1977_2000","logical"
"fieldNumber","DarwinCore_2026_06_21_220149_Consortium_WIS_post2000","logical"
"fieldNumber","DarwinCore_2026_06_21_220149_Consortium_WIS_pre1940","logical"
"fieldNumber","DarwinCore_2026_06_21_220149_Consortium_WIS_year_na","logical"
"fieldNumber","DarwinCore_2026_06_22_230410_Bell_MN_1946_1985","logical"
"fieldNumber","DarwinCore_2026_06_22_230410_Bell_MN_1986_2000","logical"
"fieldNumber","DarwinCore_2026_06_22_230410_Bell_MN_post2000","logical"
"fieldNumber","DarwinCore_2026_06_22_230410_Bell_MN_pre1946","logical"
"fieldNumber","DarwinCore_2026_06_22_230410_Bell_MN_year_na","logical"
"fieldNumber","occurrence_data_20260622140939_DarwinCore_WisFlora_MIN_UWGB","logical"
"fieldNumber","occurrence_data_20260622143552_DarwinCore_WisFlora_WIS_pre1958","logical"
"fieldNumber","occurrence_data_20260622144330_DarwinCore_WisFlora_WIS_1958_1976","logical"
"fieldNumber","occurrence_data_20260622144555_DarwinCore_WisFlora_WIS_post1976","logical"
"fieldNumber","occurrence_data_20260630112217_DarwinCore_WisFlora_except_MIN_WIS_UWGB","character"
"fieldNumber","occurrences_2026_06_20_233021_DarwinCore_Bell_Atlas_Execept_MIN","character"
"fieldNumber","occurrences_2026_06_22_222501_Consortium_except_UWM_UWSP_WIS_MN","integer"
"fieldNumber","occurrences_2026_06_22_222928_DarwinCore_Consortium_UWM_UWSP","character"
"footprintWKT","DarwinCore_2026_06_21_212202_Consortium_MN_1946_1990",NA
"footprintWKT","DarwinCore_2026_06_21_212202_Consortium_MN_post1990",NA
"footprintWKT","DarwinCore_2026_06_21_212202_Consortium_MN_pre1946",NA
"footprintWKT","DarwinCore_2026_06_21_212202_Consortium_MN_year_na",NA
"footprintWKT","DarwinCore_2026_06_21_220149_Consortium_WIS_1940_1960",NA
"footprintWKT","DarwinCore_2026_06_21_220149_Consortium_WIS_1961_1976",NA
"footprintWKT","DarwinCore_2026_06_21_220149_Consortium_WIS_1977_2000",NA
"footprintWKT","DarwinCore_2026_06_21_220149_Consortium_WIS_post2000",NA
"footprintWKT","DarwinCore_2026_06_21_220149_Consortium_WIS_pre1940",NA
"footprintWKT","DarwinCore_2026_06_21_220149_Consortium_WIS_year_na",NA
"footprintWKT","DarwinCore_2026_06_22_230410_Bell_MN_1946_1985",NA
"footprintWKT","DarwinCore_2026_06_22_230410_Bell_MN_1986_2000",NA
"footprintWKT","DarwinCore_2026_06_22_230410_Bell_MN_post2000",NA
"footprintWKT","DarwinCore_2026_06_22_230410_Bell_MN_pre1946",NA
"footprintWKT","DarwinCore_2026_06_22_230410_Bell_MN_year_na",NA
"footprintWKT","occurrence_data_20260622140939_DarwinCore_WisFlora_MIN_UWGB","logical"
"footprintWKT","occurrence_data_20260622143552_DarwinCore_WisFlora_WIS_pre1958","character"
"footprintWKT","occurrence_data_20260622144330_DarwinCore_WisFlora_WIS_1958_1976","character"
"footprintWKT","occurrence_data_20260622144555_DarwinCore_WisFlora_WIS_post1976","character"
"footprintWKT","occurrence_data_20260630112217_DarwinCore_WisFlora_except_MIN_WIS_UWGB","character"
"footprintWKT","occurrences_2026_06_20_233021_DarwinCore_Bell_Atlas_Execept_MIN",NA
"footprintWKT","occurrences_2026_06_22_222501_Consortium_except_UWM_UWSP_WIS_MN",NA
"footprintWKT","occurrences_2026_06_22_222928_DarwinCore_Consortium_UWM_UWSP",NA
"genus","DarwinCore_2026_06_21_212202_Consortium_MN_1946_1990","character"
"genus","DarwinCore_2026_06_21_212202_Consortium_MN_post1990","character"
"genus","DarwinCore_2026_06_21_212202_Consortium_MN_pre1946","character"
"genus","DarwinCore_2026_06_21_212202_Consortium_MN_year_na","character"
"genus","DarwinCore_2026_06_21_220149_Consortium_WIS_1940_1960","character"
"genus","DarwinCore_2026_06_21_220149_Consortium_WIS_1961_1976","character"
"genus","DarwinCore_2026_06_21_220149_Consortium_WIS_1977_2000","character"
"genus","DarwinCore_2026_06_21_220149_Consortium_WIS_post2000","character"
"genus","DarwinCore_2026_06_21_220149_Consortium_WIS_pre1940","character"
"genus","DarwinCore_2026_06_21_220149_Consortium_WIS_year_na","character"
"genus","DarwinCore_2026_06_22_230410_Bell_MN_1946_1985","character"
"genus","DarwinCore_2026_06_22_230410_Bell_MN_1986_2000","character"
"genus","DarwinCore_2026_06_22_230410_Bell_MN_post2000","character"
"genus","DarwinCore_2026_06_22_230410_Bell_MN_pre1946","character"
"genus","DarwinCore_2026_06_22_230410_Bell_MN_year_na","character"
"genus","occurrence_data_20260622140939_DarwinCore_WisFlora_MIN_UWGB","character"
"genus","occurrence_data_20260622143552_DarwinCore_WisFlora_WIS_pre1958","character"
"genus","occurrence_data_20260622144330_DarwinCore_WisFlora_WIS_1958_1976","character"
"genus","occurrence_data_20260622144555_DarwinCore_WisFlora_WIS_post1976","character"
"genus","occurrence_data_20260630112217_DarwinCore_WisFlora_except_MIN_WIS_UWGB","character"
"genus","occurrences_2026_06_20_233021_DarwinCore_Bell_Atlas_Execept_MIN","character"
"genus","occurrences_2026_06_22_222501_Consortium_except_UWM_UWSP_WIS_MN","character"
"genus","occurrences_2026_06_22_222928_DarwinCore_Consortium_UWM_UWSP","character"
"geodeticDatum","DarwinCore_2026_06_21_212202_Consortium_MN_1946_1990","character"
"geodeticDatum","DarwinCore_2026_06_21_212202_Consortium_MN_post1990","character"
"geodeticDatum","DarwinCore_2026_06_21_212202_Consortium_MN_pre1946","character"
"geodeticDatum","DarwinCore_2026_06_21_212202_Consortium_MN_year_na","character"
"geodeticDatum","DarwinCore_2026_06_21_220149_Consortium_WIS_1940_1960","character"
"geodeticDatum","DarwinCore_2026_06_21_220149_Consortium_WIS_1961_1976","character"
"geodeticDatum","DarwinCore_2026_06_21_220149_Consortium_WIS_1977_2000","character"
"geodeticDatum","DarwinCore_2026_06_21_220149_Consortium_WIS_post2000","character"
"geodeticDatum","DarwinCore_2026_06_21_220149_Consortium_WIS_pre1940","character"
"geodeticDatum","DarwinCore_2026_06_21_220149_Consortium_WIS_year_na","character"
"geodeticDatum","DarwinCore_2026_06_22_230410_Bell_MN_1946_1985","character"
"geodeticDatum","DarwinCore_2026_06_22_230410_Bell_MN_1986_2000","character"
"geodeticDatum","DarwinCore_2026_06_22_230410_Bell_MN_post2000","character"
"geodeticDatum","DarwinCore_2026_06_22_230410_Bell_MN_pre1946","character"
"geodeticDatum","DarwinCore_2026_06_22_230410_Bell_MN_year_na","character"
"geodeticDatum","occurrence_data_20260622140939_DarwinCore_WisFlora_MIN_UWGB","character"
"geodeticDatum","occurrence_data_20260622143552_DarwinCore_WisFlora_WIS_pre1958","character"
"geodeticDatum","occurrence_data_20260622144330_DarwinCore_WisFlora_WIS_1958_1976","character"
"geodeticDatum","occurrence_data_20260622144555_DarwinCore_WisFlora_WIS_post1976","character"
"geodeticDatum","occurrence_data_20260630112217_DarwinCore_WisFlora_except_MIN_WIS_UWGB","character"
"geodeticDatum","occurrences_2026_06_20_233021_DarwinCore_Bell_Atlas_Execept_MIN","character"
"geodeticDatum","occurrences_2026_06_22_222501_Consortium_except_UWM_UWSP_WIS_MN","character"
"geodeticDatum","occurrences_2026_06_22_222928_DarwinCore_Consortium_UWM_UWSP","character"
"georeferencedBy","DarwinCore_2026_06_21_212202_Consortium_MN_1946_1990","character"
"georeferencedBy","DarwinCore_2026_06_21_212202_Consortium_MN_post1990","character"
"georeferencedBy","DarwinCore_2026_06_21_212202_Consortium_MN_pre1946","character"
"georeferencedBy","DarwinCore_2026_06_21_212202_Consortium_MN_year_na","character"
"georeferencedBy","DarwinCore_2026_06_21_220149_Consortium_WIS_1940_1960","character"
"georeferencedBy","DarwinCore_2026_06_21_220149_Consortium_WIS_1961_1976","character"
"georeferencedBy","DarwinCore_2026_06_21_220149_Consortium_WIS_1977_2000","character"
"georeferencedBy","DarwinCore_2026_06_21_220149_Consortium_WIS_post2000","character"
"georeferencedBy","DarwinCore_2026_06_21_220149_Consortium_WIS_pre1940","character"
"georeferencedBy","DarwinCore_2026_06_21_220149_Consortium_WIS_year_na","character"
"georeferencedBy","DarwinCore_2026_06_22_230410_Bell_MN_1946_1985","character"
"georeferencedBy","DarwinCore_2026_06_22_230410_Bell_MN_1986_2000","character"
"georeferencedBy","DarwinCore_2026_06_22_230410_Bell_MN_post2000","character"
"georeferencedBy","DarwinCore_2026_06_22_230410_Bell_MN_pre1946","character"
"georeferencedBy","DarwinCore_2026_06_22_230410_Bell_MN_year_na","character"
"georeferencedBy","occurrence_data_20260622140939_DarwinCore_WisFlora_MIN_UWGB","character"
"georeferencedBy","occurrence_data_20260622143552_DarwinCore_WisFlora_WIS_pre1958","character"
"georeferencedBy","occurrence_data_20260622144330_DarwinCore_WisFlora_WIS_1958_1976","character"
"georeferencedBy","occurrence_data_20260622144555_DarwinCore_WisFlora_WIS_post1976","character"
"georeferencedBy","occurrence_data_20260630112217_DarwinCore_WisFlora_except_MIN_WIS_UWGB","character"
"georeferencedBy","occurrences_2026_06_20_233021_DarwinCore_Bell_Atlas_Execept_MIN","character"
"georeferencedBy","occurrences_2026_06_22_222501_Consortium_except_UWM_UWSP_WIS_MN","character"
"georeferencedBy","occurrences_2026_06_22_222928_DarwinCore_Consortium_UWM_UWSP","character"
"georeferenceProtocol","DarwinCore_2026_06_21_212202_Consortium_MN_1946_1990","logical"
"georeferenceProtocol","DarwinCore_2026_06_21_212202_Consortium_MN_post1990","character"
"georeferenceProtocol","DarwinCore_2026_06_21_212202_Consortium_MN_pre1946","logical"
"georeferenceProtocol","DarwinCore_2026_06_21_212202_Consortium_MN_year_na","logical"
"georeferenceProtocol","DarwinCore_2026_06_21_220149_Consortium_WIS_1940_1960","character"
"georeferenceProtocol","DarwinCore_2026_06_21_220149_Consortium_WIS_1961_1976","character"
"georeferenceProtocol","DarwinCore_2026_06_21_220149_Consortium_WIS_1977_2000","character"
"georeferenceProtocol","DarwinCore_2026_06_21_220149_Consortium_WIS_post2000","character"
"georeferenceProtocol","DarwinCore_2026_06_21_220149_Consortium_WIS_pre1940","character"
"georeferenceProtocol","DarwinCore_2026_06_21_220149_Consortium_WIS_year_na","character"
"georeferenceProtocol","DarwinCore_2026_06_22_230410_Bell_MN_1946_1985","character"
"georeferenceProtocol","DarwinCore_2026_06_22_230410_Bell_MN_1986_2000","character"
"georeferenceProtocol","DarwinCore_2026_06_22_230410_Bell_MN_post2000","character"
"georeferenceProtocol","DarwinCore_2026_06_22_230410_Bell_MN_pre1946","character"
"georeferenceProtocol","DarwinCore_2026_06_22_230410_Bell_MN_year_na","character"
"georeferenceProtocol","occurrence_data_20260622140939_DarwinCore_WisFlora_MIN_UWGB","logical"
"georeferenceProtocol","occurrence_data_20260622143552_DarwinCore_WisFlora_WIS_pre1958","character"
"georeferenceProtocol","occurrence_data_20260622144330_DarwinCore_WisFlora_WIS_1958_1976","character"
"georeferenceProtocol","occurrence_data_20260622144555_DarwinCore_WisFlora_WIS_post1976","character"
"georeferenceProtocol","occurrence_data_20260630112217_DarwinCore_WisFlora_except_MIN_WIS_UWGB","character"
"georeferenceProtocol","occurrences_2026_06_20_233021_DarwinCore_Bell_Atlas_Execept_MIN","character"
"georeferenceProtocol","occurrences_2026_06_22_222501_Consortium_except_UWM_UWSP_WIS_MN","character"
"georeferenceProtocol","occurrences_2026_06_22_222928_DarwinCore_Consortium_UWM_UWSP","character"
"georeferenceRemarks","DarwinCore_2026_06_21_212202_Consortium_MN_1946_1990","character"
"georeferenceRemarks","DarwinCore_2026_06_21_212202_Consortium_MN_post1990","character"
"georeferenceRemarks","DarwinCore_2026_06_21_212202_Consortium_MN_pre1946","character"
"georeferenceRemarks","DarwinCore_2026_06_21_212202_Consortium_MN_year_na","character"
"georeferenceRemarks","DarwinCore_2026_06_21_220149_Consortium_WIS_1940_1960","character"
"georeferenceRemarks","DarwinCore_2026_06_21_220149_Consortium_WIS_1961_1976","character"
"georeferenceRemarks","DarwinCore_2026_06_21_220149_Consortium_WIS_1977_2000","character"
"georeferenceRemarks","DarwinCore_2026_06_21_220149_Consortium_WIS_post2000","character"
"georeferenceRemarks","DarwinCore_2026_06_21_220149_Consortium_WIS_pre1940","character"
"georeferenceRemarks","DarwinCore_2026_06_21_220149_Consortium_WIS_year_na","character"
"georeferenceRemarks","DarwinCore_2026_06_22_230410_Bell_MN_1946_1985","character"
"georeferenceRemarks","DarwinCore_2026_06_22_230410_Bell_MN_1986_2000","character"
"georeferenceRemarks","DarwinCore_2026_06_22_230410_Bell_MN_post2000","character"
"georeferenceRemarks","DarwinCore_2026_06_22_230410_Bell_MN_pre1946","character"
"georeferenceRemarks","DarwinCore_2026_06_22_230410_Bell_MN_year_na","character"
"georeferenceRemarks","occurrence_data_20260622140939_DarwinCore_WisFlora_MIN_UWGB","logical"
"georeferenceRemarks","occurrence_data_20260622143552_DarwinCore_WisFlora_WIS_pre1958","character"
"georeferenceRemarks","occurrence_data_20260622144330_DarwinCore_WisFlora_WIS_1958_1976","character"
"georeferenceRemarks","occurrence_data_20260622144555_DarwinCore_WisFlora_WIS_post1976","character"
"georeferenceRemarks","occurrence_data_20260630112217_DarwinCore_WisFlora_except_MIN_WIS_UWGB","character"
"georeferenceRemarks","occurrences_2026_06_20_233021_DarwinCore_Bell_Atlas_Execept_MIN","character"
"georeferenceRemarks","occurrences_2026_06_22_222501_Consortium_except_UWM_UWSP_WIS_MN","character"
"georeferenceRemarks","occurrences_2026_06_22_222928_DarwinCore_Consortium_UWM_UWSP","character"
"georeferenceSources","DarwinCore_2026_06_21_212202_Consortium_MN_1946_1990","character"
"georeferenceSources","DarwinCore_2026_06_21_212202_Consortium_MN_post1990","character"
"georeferenceSources","DarwinCore_2026_06_21_212202_Consortium_MN_pre1946","character"
"georeferenceSources","DarwinCore_2026_06_21_212202_Consortium_MN_year_na","character"
"georeferenceSources","DarwinCore_2026_06_21_220149_Consortium_WIS_1940_1960","character"
"georeferenceSources","DarwinCore_2026_06_21_220149_Consortium_WIS_1961_1976","character"
"georeferenceSources","DarwinCore_2026_06_21_220149_Consortium_WIS_1977_2000","character"
"georeferenceSources","DarwinCore_2026_06_21_220149_Consortium_WIS_post2000","character"
"georeferenceSources","DarwinCore_2026_06_21_220149_Consortium_WIS_pre1940","character"
"georeferenceSources","DarwinCore_2026_06_21_220149_Consortium_WIS_year_na","character"
"georeferenceSources","DarwinCore_2026_06_22_230410_Bell_MN_1946_1985","character"
"georeferenceSources","DarwinCore_2026_06_22_230410_Bell_MN_1986_2000","character"
"georeferenceSources","DarwinCore_2026_06_22_230410_Bell_MN_post2000","character"
"georeferenceSources","DarwinCore_2026_06_22_230410_Bell_MN_pre1946","character"
"georeferenceSources","DarwinCore_2026_06_22_230410_Bell_MN_year_na","character"
"georeferenceSources","occurrence_data_20260622140939_DarwinCore_WisFlora_MIN_UWGB","character"
"georeferenceSources","occurrence_data_20260622143552_DarwinCore_WisFlora_WIS_pre1958","character"
"georeferenceSources","occurrence_data_20260622144330_DarwinCore_WisFlora_WIS_1958_1976","character"
"georeferenceSources","occurrence_data_20260622144555_DarwinCore_WisFlora_WIS_post1976","character"
"georeferenceSources","occurrence_data_20260630112217_DarwinCore_WisFlora_except_MIN_WIS_UWGB","character"
"georeferenceSources","occurrences_2026_06_20_233021_DarwinCore_Bell_Atlas_Execept_MIN","character"
"georeferenceSources","occurrences_2026_06_22_222501_Consortium_except_UWM_UWSP_WIS_MN","character"
"georeferenceSources","occurrences_2026_06_22_222928_DarwinCore_Consortium_UWM_UWSP","character"
"georeferenceVerificationStatus","DarwinCore_2026_06_21_212202_Consortium_MN_1946_1990","character"
"georeferenceVerificationStatus","DarwinCore_2026_06_21_212202_Consortium_MN_post1990","character"
"georeferenceVerificationStatus","DarwinCore_2026_06_21_212202_Consortium_MN_pre1946","character"
"georeferenceVerificationStatus","DarwinCore_2026_06_21_212202_Consortium_MN_year_na","character"
"georeferenceVerificationStatus","DarwinCore_2026_06_21_220149_Consortium_WIS_1940_1960","character"
"georeferenceVerificationStatus","DarwinCore_2026_06_21_220149_Consortium_WIS_1961_1976","character"
"georeferenceVerificationStatus","DarwinCore_2026_06_21_220149_Consortium_WIS_1977_2000","character"
"georeferenceVerificationStatus","DarwinCore_2026_06_21_220149_Consortium_WIS_post2000","character"
"georeferenceVerificationStatus","DarwinCore_2026_06_21_220149_Consortium_WIS_pre1940","character"
"georeferenceVerificationStatus","DarwinCore_2026_06_21_220149_Consortium_WIS_year_na","character"
"georeferenceVerificationStatus","DarwinCore_2026_06_22_230410_Bell_MN_1946_1985","character"
"georeferenceVerificationStatus","DarwinCore_2026_06_22_230410_Bell_MN_1986_2000","character"
"georeferenceVerificationStatus","DarwinCore_2026_06_22_230410_Bell_MN_post2000","character"
"georeferenceVerificationStatus","DarwinCore_2026_06_22_230410_Bell_MN_pre1946","character"
"georeferenceVerificationStatus","DarwinCore_2026_06_22_230410_Bell_MN_year_na","character"
"georeferenceVerificationStatus","occurrence_data_20260622140939_DarwinCore_WisFlora_MIN_UWGB","character"
"georeferenceVerificationStatus","occurrence_data_20260622143552_DarwinCore_WisFlora_WIS_pre1958","logical"
"georeferenceVerificationStatus","occurrence_data_20260622144330_DarwinCore_WisFlora_WIS_1958_1976","character"
"georeferenceVerificationStatus","occurrence_data_20260622144555_DarwinCore_WisFlora_WIS_post1976","character"
"georeferenceVerificationStatus","occurrence_data_20260630112217_DarwinCore_WisFlora_except_MIN_WIS_UWGB","character"
"georeferenceVerificationStatus","occurrences_2026_06_20_233021_DarwinCore_Bell_Atlas_Execept_MIN","character"
"georeferenceVerificationStatus","occurrences_2026_06_22_222501_Consortium_except_UWM_UWSP_WIS_MN","character"
"georeferenceVerificationStatus","occurrences_2026_06_22_222928_DarwinCore_Consortium_UWM_UWSP","character"
"habitat","DarwinCore_2026_06_21_212202_Consortium_MN_1946_1990","character"
"habitat","DarwinCore_2026_06_21_212202_Consortium_MN_post1990","character"
"habitat","DarwinCore_2026_06_21_212202_Consortium_MN_pre1946","character"
"habitat","DarwinCore_2026_06_21_212202_Consortium_MN_year_na","character"
"habitat","DarwinCore_2026_06_21_220149_Consortium_WIS_1940_1960","character"
"habitat","DarwinCore_2026_06_21_220149_Consortium_WIS_1961_1976","character"
"habitat","DarwinCore_2026_06_21_220149_Consortium_WIS_1977_2000","character"
"habitat","DarwinCore_2026_06_21_220149_Consortium_WIS_post2000","character"
"habitat","DarwinCore_2026_06_21_220149_Consortium_WIS_pre1940","character"
"habitat","DarwinCore_2026_06_21_220149_Consortium_WIS_year_na","character"
"habitat","DarwinCore_2026_06_22_230410_Bell_MN_1946_1985","character"
"habitat","DarwinCore_2026_06_22_230410_Bell_MN_1986_2000","character"
"habitat","DarwinCore_2026_06_22_230410_Bell_MN_post2000","character"
"habitat","DarwinCore_2026_06_22_230410_Bell_MN_pre1946","character"
"habitat","DarwinCore_2026_06_22_230410_Bell_MN_year_na","character"
"habitat","occurrence_data_20260622140939_DarwinCore_WisFlora_MIN_UWGB","character"
"habitat","occurrence_data_20260622143552_DarwinCore_WisFlora_WIS_pre1958","character"
"habitat","occurrence_data_20260622144330_DarwinCore_WisFlora_WIS_1958_1976","character"
"habitat","occurrence_data_20260622144555_DarwinCore_WisFlora_WIS_post1976","character"
"habitat","occurrence_data_20260630112217_DarwinCore_WisFlora_except_MIN_WIS_UWGB","character"
"habitat","occurrences_2026_06_20_233021_DarwinCore_Bell_Atlas_Execept_MIN","character"
"habitat","occurrences_2026_06_22_222501_Consortium_except_UWM_UWSP_WIS_MN","character"
"habitat","occurrences_2026_06_22_222928_DarwinCore_Consortium_UWM_UWSP","character"
"higherClassification","DarwinCore_2026_06_21_212202_Consortium_MN_1946_1990","logical"
"higherClassification","DarwinCore_2026_06_21_212202_Consortium_MN_post1990","logical"
"higherClassification","DarwinCore_2026_06_21_212202_Consortium_MN_pre1946","logical"
"higherClassification","DarwinCore_2026_06_21_212202_Consortium_MN_year_na","logical"
"higherClassification","DarwinCore_2026_06_21_220149_Consortium_WIS_1940_1960","logical"
"higherClassification","DarwinCore_2026_06_21_220149_Consortium_WIS_1961_1976","logical"
"higherClassification","DarwinCore_2026_06_21_220149_Consortium_WIS_1977_2000","logical"
"higherClassification","DarwinCore_2026_06_21_220149_Consortium_WIS_post2000","logical"
"higherClassification","DarwinCore_2026_06_21_220149_Consortium_WIS_pre1940","logical"
"higherClassification","DarwinCore_2026_06_21_220149_Consortium_WIS_year_na","logical"
"higherClassification","DarwinCore_2026_06_22_230410_Bell_MN_1946_1985","logical"
"higherClassification","DarwinCore_2026_06_22_230410_Bell_MN_1986_2000","logical"
"higherClassification","DarwinCore_2026_06_22_230410_Bell_MN_post2000","logical"
"higherClassification","DarwinCore_2026_06_22_230410_Bell_MN_pre1946","logical"
"higherClassification","DarwinCore_2026_06_22_230410_Bell_MN_year_na","logical"
"higherClassification","occurrence_data_20260622140939_DarwinCore_WisFlora_MIN_UWGB",NA
"higherClassification","occurrence_data_20260622143552_DarwinCore_WisFlora_WIS_pre1958",NA
"higherClassification","occurrence_data_20260622144330_DarwinCore_WisFlora_WIS_1958_1976",NA
"higherClassification","occurrence_data_20260622144555_DarwinCore_WisFlora_WIS_post1976",NA
"higherClassification","occurrence_data_20260630112217_DarwinCore_WisFlora_except_MIN_WIS_UWGB",NA
"higherClassification","occurrences_2026_06_20_233021_DarwinCore_Bell_Atlas_Execept_MIN","logical"
"higherClassification","occurrences_2026_06_22_222501_Consortium_except_UWM_UWSP_WIS_MN","logical"
"higherClassification","occurrences_2026_06_22_222928_DarwinCore_Consortium_UWM_UWSP","character"
"id","DarwinCore_2026_06_21_212202_Consortium_MN_1946_1990","integer"
"id","DarwinCore_2026_06_21_212202_Consortium_MN_post1990","integer"
"id","DarwinCore_2026_06_21_212202_Consortium_MN_pre1946","integer"
"id","DarwinCore_2026_06_21_212202_Consortium_MN_year_na","integer"
"id","DarwinCore_2026_06_21_220149_Consortium_WIS_1940_1960","integer"
"id","DarwinCore_2026_06_21_220149_Consortium_WIS_1961_1976","integer"
"id","DarwinCore_2026_06_21_220149_Consortium_WIS_1977_2000","integer"
"id","DarwinCore_2026_06_21_220149_Consortium_WIS_post2000","integer"
"id","DarwinCore_2026_06_21_220149_Consortium_WIS_pre1940","integer"
"id","DarwinCore_2026_06_21_220149_Consortium_WIS_year_na","integer"
"id","DarwinCore_2026_06_22_230410_Bell_MN_1946_1985","integer"
"id","DarwinCore_2026_06_22_230410_Bell_MN_1986_2000","integer"
"id","DarwinCore_2026_06_22_230410_Bell_MN_post2000","integer"
"id","DarwinCore_2026_06_22_230410_Bell_MN_pre1946","integer"
"id","DarwinCore_2026_06_22_230410_Bell_MN_year_na","integer"
"id","occurrence_data_20260622140939_DarwinCore_WisFlora_MIN_UWGB","integer"
"id","occurrence_data_20260622143552_DarwinCore_WisFlora_WIS_pre1958","integer"
"id","occurrence_data_20260622144330_DarwinCore_WisFlora_WIS_1958_1976","integer"
"id","occurrence_data_20260622144555_DarwinCore_WisFlora_WIS_post1976","integer"
"id","occurrence_data_20260630112217_DarwinCore_WisFlora_except_MIN_WIS_UWGB","character"
"id","occurrences_2026_06_20_233021_DarwinCore_Bell_Atlas_Execept_MIN","integer"
"id","occurrences_2026_06_22_222501_Consortium_except_UWM_UWSP_WIS_MN","integer"
"id","occurrences_2026_06_22_222928_DarwinCore_Consortium_UWM_UWSP","character"
"identificationQualifier","DarwinCore_2026_06_21_212202_Consortium_MN_1946_1990","character"
"identificationQualifier","DarwinCore_2026_06_21_212202_Consortium_MN_post1990","character"
"identificationQualifier","DarwinCore_2026_06_21_212202_Consortium_MN_pre1946","character"
"identificationQualifier","DarwinCore_2026_06_21_212202_Consortium_MN_year_na","character"
"identificationQualifier","DarwinCore_2026_06_21_220149_Consortium_WIS_1940_1960","character"
"identificationQualifier","DarwinCore_2026_06_21_220149_Consortium_WIS_1961_1976","character"
"identificationQualifier","DarwinCore_2026_06_21_220149_Consortium_WIS_1977_2000","character"
"identificationQualifier","DarwinCore_2026_06_21_220149_Consortium_WIS_post2000","character"
"identificationQualifier","DarwinCore_2026_06_21_220149_Consortium_WIS_pre1940","character"
"identificationQualifier","DarwinCore_2026_06_21_220149_Consortium_WIS_year_na","character"
"identificationQualifier","DarwinCore_2026_06_22_230410_Bell_MN_1946_1985","character"
"identificationQualifier","DarwinCore_2026_06_22_230410_Bell_MN_1986_2000","character"
"identificationQualifier","DarwinCore_2026_06_22_230410_Bell_MN_post2000","character"
"identificationQualifier","DarwinCore_2026_06_22_230410_Bell_MN_pre1946","character"
"identificationQualifier","DarwinCore_2026_06_22_230410_Bell_MN_year_na","character"
"identificationQualifier","occurrence_data_20260622140939_DarwinCore_WisFlora_MIN_UWGB","character"
"identificationQualifier","occurrence_data_20260622143552_DarwinCore_WisFlora_WIS_pre1958","character"
"identificationQualifier","occurrence_data_20260622144330_DarwinCore_WisFlora_WIS_1958_1976","character"
"identificationQualifier","occurrence_data_20260622144555_DarwinCore_WisFlora_WIS_post1976","character"
"identificationQualifier","occurrence_data_20260630112217_DarwinCore_WisFlora_except_MIN_WIS_UWGB","character"
"identificationQualifier","occurrences_2026_06_20_233021_DarwinCore_Bell_Atlas_Execept_MIN","character"
"identificationQualifier","occurrences_2026_06_22_222501_Consortium_except_UWM_UWSP_WIS_MN","character"
"identificationQualifier","occurrences_2026_06_22_222928_DarwinCore_Consortium_UWM_UWSP","character"
"identificationReferences","DarwinCore_2026_06_21_212202_Consortium_MN_1946_1990","character"
"identificationReferences","DarwinCore_2026_06_21_212202_Consortium_MN_post1990","character"
"identificationReferences","DarwinCore_2026_06_21_212202_Consortium_MN_pre1946","character"
"identificationReferences","DarwinCore_2026_06_21_212202_Consortium_MN_year_na","character"
"identificationReferences","DarwinCore_2026_06_21_220149_Consortium_WIS_1940_1960","character"
"identificationReferences","DarwinCore_2026_06_21_220149_Consortium_WIS_1961_1976","character"
"identificationReferences","DarwinCore_2026_06_21_220149_Consortium_WIS_1977_2000","character"
"identificationReferences","DarwinCore_2026_06_21_220149_Consortium_WIS_post2000","character"
"identificationReferences","DarwinCore_2026_06_21_220149_Consortium_WIS_pre1940","character"
"identificationReferences","DarwinCore_2026_06_21_220149_Consortium_WIS_year_na","character"
"identificationReferences","DarwinCore_2026_06_22_230410_Bell_MN_1946_1985","character"
"identificationReferences","DarwinCore_2026_06_22_230410_Bell_MN_1986_2000","character"
"identificationReferences","DarwinCore_2026_06_22_230410_Bell_MN_post2000","character"
"identificationReferences","DarwinCore_2026_06_22_230410_Bell_MN_pre1946","character"
"identificationReferences","DarwinCore_2026_06_22_230410_Bell_MN_year_na","character"
"identificationReferences","occurrence_data_20260622140939_DarwinCore_WisFlora_MIN_UWGB","logical"
"identificationReferences","occurrence_data_20260622143552_DarwinCore_WisFlora_WIS_pre1958","character"
"identificationReferences","occurrence_data_20260622144330_DarwinCore_WisFlora_WIS_1958_1976","character"
"identificationReferences","occurrence_data_20260622144555_DarwinCore_WisFlora_WIS_post1976","character"
"identificationReferences","occurrence_data_20260630112217_DarwinCore_WisFlora_except_MIN_WIS_UWGB","character"
"identificationReferences","occurrences_2026_06_20_233021_DarwinCore_Bell_Atlas_Execept_MIN","logical"
"identificationReferences","occurrences_2026_06_22_222501_Consortium_except_UWM_UWSP_WIS_MN","character"
"identificationReferences","occurrences_2026_06_22_222928_DarwinCore_Consortium_UWM_UWSP","character"
"identificationRemarks","DarwinCore_2026_06_21_212202_Consortium_MN_1946_1990","character"
"identificationRemarks","DarwinCore_2026_06_21_212202_Consortium_MN_post1990","character"
"identificationRemarks","DarwinCore_2026_06_21_212202_Consortium_MN_pre1946","character"
"identificationRemarks","DarwinCore_2026_06_21_212202_Consortium_MN_year_na","character"
"identificationRemarks","DarwinCore_2026_06_21_220149_Consortium_WIS_1940_1960","character"
"identificationRemarks","DarwinCore_2026_06_21_220149_Consortium_WIS_1961_1976","character"
"identificationRemarks","DarwinCore_2026_06_21_220149_Consortium_WIS_1977_2000","character"
"identificationRemarks","DarwinCore_2026_06_21_220149_Consortium_WIS_post2000","character"
"identificationRemarks","DarwinCore_2026_06_21_220149_Consortium_WIS_pre1940","character"
"identificationRemarks","DarwinCore_2026_06_21_220149_Consortium_WIS_year_na","character"
"identificationRemarks","DarwinCore_2026_06_22_230410_Bell_MN_1946_1985","character"
"identificationRemarks","DarwinCore_2026_06_22_230410_Bell_MN_1986_2000","character"
"identificationRemarks","DarwinCore_2026_06_22_230410_Bell_MN_post2000","character"
"identificationRemarks","DarwinCore_2026_06_22_230410_Bell_MN_pre1946","character"
"identificationRemarks","DarwinCore_2026_06_22_230410_Bell_MN_year_na","character"
"identificationRemarks","occurrence_data_20260622140939_DarwinCore_WisFlora_MIN_UWGB","character"
"identificationRemarks","occurrence_data_20260622143552_DarwinCore_WisFlora_WIS_pre1958","character"
"identificationRemarks","occurrence_data_20260622144330_DarwinCore_WisFlora_WIS_1958_1976","character"
"identificationRemarks","occurrence_data_20260622144555_DarwinCore_WisFlora_WIS_post1976","character"
"identificationRemarks","occurrence_data_20260630112217_DarwinCore_WisFlora_except_MIN_WIS_UWGB","character"
"identificationRemarks","occurrences_2026_06_20_233021_DarwinCore_Bell_Atlas_Execept_MIN","character"
"identificationRemarks","occurrences_2026_06_22_222501_Consortium_except_UWM_UWSP_WIS_MN","character"
"identificationRemarks","occurrences_2026_06_22_222928_DarwinCore_Consortium_UWM_UWSP","character"
"identifiedBy","DarwinCore_2026_06_21_212202_Consortium_MN_1946_1990","character"
"identifiedBy","DarwinCore_2026_06_21_212202_Consortium_MN_post1990","character"
"identifiedBy","DarwinCore_2026_06_21_212202_Consortium_MN_pre1946","character"
"identifiedBy","DarwinCore_2026_06_21_212202_Consortium_MN_year_na","character"
"identifiedBy","DarwinCore_2026_06_21_220149_Consortium_WIS_1940_1960","character"
"identifiedBy","DarwinCore_2026_06_21_220149_Consortium_WIS_1961_1976","character"
"identifiedBy","DarwinCore_2026_06_21_220149_Consortium_WIS_1977_2000","character"
"identifiedBy","DarwinCore_2026_06_21_220149_Consortium_WIS_post2000","character"
"identifiedBy","DarwinCore_2026_06_21_220149_Consortium_WIS_pre1940","character"
"identifiedBy","DarwinCore_2026_06_21_220149_Consortium_WIS_year_na","character"
"identifiedBy","DarwinCore_2026_06_22_230410_Bell_MN_1946_1985","character"
"identifiedBy","DarwinCore_2026_06_22_230410_Bell_MN_1986_2000","character"
"identifiedBy","DarwinCore_2026_06_22_230410_Bell_MN_post2000","character"
"identifiedBy","DarwinCore_2026_06_22_230410_Bell_MN_pre1946","character"
"identifiedBy","DarwinCore_2026_06_22_230410_Bell_MN_year_na","character"
"identifiedBy","occurrence_data_20260622140939_DarwinCore_WisFlora_MIN_UWGB","character"
"identifiedBy","occurrence_data_20260622143552_DarwinCore_WisFlora_WIS_pre1958","character"
"identifiedBy","occurrence_data_20260622144330_DarwinCore_WisFlora_WIS_1958_1976","character"
"identifiedBy","occurrence_data_20260622144555_DarwinCore_WisFlora_WIS_post1976","character"
"identifiedBy","occurrence_data_20260630112217_DarwinCore_WisFlora_except_MIN_WIS_UWGB","character"
"identifiedBy","occurrences_2026_06_20_233021_DarwinCore_Bell_Atlas_Execept_MIN","character"
"identifiedBy","occurrences_2026_06_22_222501_Consortium_except_UWM_UWSP_WIS_MN","character"
"identifiedBy","occurrences_2026_06_22_222928_DarwinCore_Consortium_UWM_UWSP","character"
"individualCount","DarwinCore_2026_06_21_212202_Consortium_MN_1946_1990","integer"
"individualCount","DarwinCore_2026_06_21_212202_Consortium_MN_post1990","integer"
"individualCount","DarwinCore_2026_06_21_212202_Consortium_MN_pre1946","logical"
"individualCount","DarwinCore_2026_06_21_212202_Consortium_MN_year_na","logical"
"individualCount","DarwinCore_2026_06_21_220149_Consortium_WIS_1940_1960","logical"
"individualCount","DarwinCore_2026_06_21_220149_Consortium_WIS_1961_1976","logical"
"individualCount","DarwinCore_2026_06_21_220149_Consortium_WIS_1977_2000","logical"
"individualCount","DarwinCore_2026_06_21_220149_Consortium_WIS_post2000","logical"
"individualCount","DarwinCore_2026_06_21_220149_Consortium_WIS_pre1940","logical"
"individualCount","DarwinCore_2026_06_21_220149_Consortium_WIS_year_na","logical"
"individualCount","DarwinCore_2026_06_22_230410_Bell_MN_1946_1985","integer"
"individualCount","DarwinCore_2026_06_22_230410_Bell_MN_1986_2000","integer"
"individualCount","DarwinCore_2026_06_22_230410_Bell_MN_post2000","integer"
"individualCount","DarwinCore_2026_06_22_230410_Bell_MN_pre1946","logical"
"individualCount","DarwinCore_2026_06_22_230410_Bell_MN_year_na","logical"
"individualCount","occurrence_data_20260622140939_DarwinCore_WisFlora_MIN_UWGB","logical"
"individualCount","occurrence_data_20260622143552_DarwinCore_WisFlora_WIS_pre1958","logical"
"individualCount","occurrence_data_20260622144330_DarwinCore_WisFlora_WIS_1958_1976","logical"
"individualCount","occurrence_data_20260622144555_DarwinCore_WisFlora_WIS_post1976","logical"
"individualCount","occurrence_data_20260630112217_DarwinCore_WisFlora_except_MIN_WIS_UWGB","character"
"individualCount","occurrences_2026_06_20_233021_DarwinCore_Bell_Atlas_Execept_MIN","integer"
"individualCount","occurrences_2026_06_22_222501_Consortium_except_UWM_UWSP_WIS_MN","integer"
"individualCount","occurrences_2026_06_22_222928_DarwinCore_Consortium_UWM_UWSP","character"
"informationWithheld","DarwinCore_2026_06_21_212202_Consortium_MN_1946_1990","character"
"informationWithheld","DarwinCore_2026_06_21_212202_Consortium_MN_post1990","character"
"informationWithheld","DarwinCore_2026_06_21_212202_Consortium_MN_pre1946","character"
"informationWithheld","DarwinCore_2026_06_21_212202_Consortium_MN_year_na","character"
"informationWithheld","DarwinCore_2026_06_21_220149_Consortium_WIS_1940_1960","character"
"informationWithheld","DarwinCore_2026_06_21_220149_Consortium_WIS_1961_1976","character"
"informationWithheld","DarwinCore_2026_06_21_220149_Consortium_WIS_1977_2000","character"
"informationWithheld","DarwinCore_2026_06_21_220149_Consortium_WIS_post2000","character"
"informationWithheld","DarwinCore_2026_06_21_220149_Consortium_WIS_pre1940","character"
"informationWithheld","DarwinCore_2026_06_21_220149_Consortium_WIS_year_na","character"
"informationWithheld","DarwinCore_2026_06_22_230410_Bell_MN_1946_1985","character"
"informationWithheld","DarwinCore_2026_06_22_230410_Bell_MN_1986_2000","character"
"informationWithheld","DarwinCore_2026_06_22_230410_Bell_MN_post2000","character"
"informationWithheld","DarwinCore_2026_06_22_230410_Bell_MN_pre1946","character"
"informationWithheld","DarwinCore_2026_06_22_230410_Bell_MN_year_na","character"
"informationWithheld","occurrence_data_20260622140939_DarwinCore_WisFlora_MIN_UWGB","character"
"informationWithheld","occurrence_data_20260622143552_DarwinCore_WisFlora_WIS_pre1958","character"
"informationWithheld","occurrence_data_20260622144330_DarwinCore_WisFlora_WIS_1958_1976","character"
"informationWithheld","occurrence_data_20260622144555_DarwinCore_WisFlora_WIS_post1976","character"
"informationWithheld","occurrence_data_20260630112217_DarwinCore_WisFlora_except_MIN_WIS_UWGB","character"
"informationWithheld","occurrences_2026_06_20_233021_DarwinCore_Bell_Atlas_Execept_MIN","character"
"informationWithheld","occurrences_2026_06_22_222501_Consortium_except_UWM_UWSP_WIS_MN","character"
"informationWithheld","occurrences_2026_06_22_222928_DarwinCore_Consortium_UWM_UWSP","character"
"infraspecificEpithet","DarwinCore_2026_06_21_212202_Consortium_MN_1946_1990","character"
"infraspecificEpithet","DarwinCore_2026_06_21_212202_Consortium_MN_post1990","character"
"infraspecificEpithet","DarwinCore_2026_06_21_212202_Consortium_MN_pre1946","character"
"infraspecificEpithet","DarwinCore_2026_06_21_212202_Consortium_MN_year_na","character"
"infraspecificEpithet","DarwinCore_2026_06_21_220149_Consortium_WIS_1940_1960","character"
"infraspecificEpithet","DarwinCore_2026_06_21_220149_Consortium_WIS_1961_1976","character"
"infraspecificEpithet","DarwinCore_2026_06_21_220149_Consortium_WIS_1977_2000","character"
"infraspecificEpithet","DarwinCore_2026_06_21_220149_Consortium_WIS_post2000","character"
"infraspecificEpithet","DarwinCore_2026_06_21_220149_Consortium_WIS_pre1940","character"
"infraspecificEpithet","DarwinCore_2026_06_21_220149_Consortium_WIS_year_na","character"
"infraspecificEpithet","DarwinCore_2026_06_22_230410_Bell_MN_1946_1985","character"
"infraspecificEpithet","DarwinCore_2026_06_22_230410_Bell_MN_1986_2000","character"
"infraspecificEpithet","DarwinCore_2026_06_22_230410_Bell_MN_post2000","character"
"infraspecificEpithet","DarwinCore_2026_06_22_230410_Bell_MN_pre1946","character"
"infraspecificEpithet","DarwinCore_2026_06_22_230410_Bell_MN_year_na","character"
"infraspecificEpithet","occurrence_data_20260622140939_DarwinCore_WisFlora_MIN_UWGB","character"
"infraspecificEpithet","occurrence_data_20260622143552_DarwinCore_WisFlora_WIS_pre1958","character"
"infraspecificEpithet","occurrence_data_20260622144330_DarwinCore_WisFlora_WIS_1958_1976","character"
"infraspecificEpithet","occurrence_data_20260622144555_DarwinCore_WisFlora_WIS_post1976","character"
"infraspecificEpithet","occurrence_data_20260630112217_DarwinCore_WisFlora_except_MIN_WIS_UWGB","character"
"infraspecificEpithet","occurrences_2026_06_20_233021_DarwinCore_Bell_Atlas_Execept_MIN","character"
"infraspecificEpithet","occurrences_2026_06_22_222501_Consortium_except_UWM_UWSP_WIS_MN","character"
"infraspecificEpithet","occurrences_2026_06_22_222928_DarwinCore_Consortium_UWM_UWSP","character"
"institutionCode","DarwinCore_2026_06_21_212202_Consortium_MN_1946_1990","character"
"institutionCode","DarwinCore_2026_06_21_212202_Consortium_MN_post1990","character"
"institutionCode","DarwinCore_2026_06_21_212202_Consortium_MN_pre1946","character"
"institutionCode","DarwinCore_2026_06_21_212202_Consortium_MN_year_na","character"
"institutionCode","DarwinCore_2026_06_21_220149_Consortium_WIS_1940_1960","character"
"institutionCode","DarwinCore_2026_06_21_220149_Consortium_WIS_1961_1976","character"
"institutionCode","DarwinCore_2026_06_21_220149_Consortium_WIS_1977_2000","character"
"institutionCode","DarwinCore_2026_06_21_220149_Consortium_WIS_post2000","character"
"institutionCode","DarwinCore_2026_06_21_220149_Consortium_WIS_pre1940","character"
"institutionCode","DarwinCore_2026_06_21_220149_Consortium_WIS_year_na","character"
"institutionCode","DarwinCore_2026_06_22_230410_Bell_MN_1946_1985","character"
"institutionCode","DarwinCore_2026_06_22_230410_Bell_MN_1986_2000","character"
"institutionCode","DarwinCore_2026_06_22_230410_Bell_MN_post2000","character"
"institutionCode","DarwinCore_2026_06_22_230410_Bell_MN_pre1946","character"
"institutionCode","DarwinCore_2026_06_22_230410_Bell_MN_year_na","character"
"institutionCode","occurrence_data_20260622140939_DarwinCore_WisFlora_MIN_UWGB","character"
"institutionCode","occurrence_data_20260622143552_DarwinCore_WisFlora_WIS_pre1958","character"
"institutionCode","occurrence_data_20260622144330_DarwinCore_WisFlora_WIS_1958_1976","character"
"institutionCode","occurrence_data_20260622144555_DarwinCore_WisFlora_WIS_post1976","character"
"institutionCode","occurrence_data_20260630112217_DarwinCore_WisFlora_except_MIN_WIS_UWGB","character"
"institutionCode","occurrences_2026_06_20_233021_DarwinCore_Bell_Atlas_Execept_MIN","character"
"institutionCode","occurrences_2026_06_22_222501_Consortium_except_UWM_UWSP_WIS_MN","character"
"institutionCode","occurrences_2026_06_22_222928_DarwinCore_Consortium_UWM_UWSP","character"
"institutionID","DarwinCore_2026_06_21_212202_Consortium_MN_1946_1990",NA
"institutionID","DarwinCore_2026_06_21_212202_Consortium_MN_post1990",NA
"institutionID","DarwinCore_2026_06_21_212202_Consortium_MN_pre1946",NA
"institutionID","DarwinCore_2026_06_21_212202_Consortium_MN_year_na",NA
"institutionID","DarwinCore_2026_06_21_220149_Consortium_WIS_1940_1960",NA
"institutionID","DarwinCore_2026_06_21_220149_Consortium_WIS_1961_1976",NA
"institutionID","DarwinCore_2026_06_21_220149_Consortium_WIS_1977_2000",NA
"institutionID","DarwinCore_2026_06_21_220149_Consortium_WIS_post2000",NA
"institutionID","DarwinCore_2026_06_21_220149_Consortium_WIS_pre1940",NA
"institutionID","DarwinCore_2026_06_21_220149_Consortium_WIS_year_na",NA
"institutionID","DarwinCore_2026_06_22_230410_Bell_MN_1946_1985",NA
"institutionID","DarwinCore_2026_06_22_230410_Bell_MN_1986_2000",NA
"institutionID","DarwinCore_2026_06_22_230410_Bell_MN_post2000",NA
"institutionID","DarwinCore_2026_06_22_230410_Bell_MN_pre1946",NA
"institutionID","DarwinCore_2026_06_22_230410_Bell_MN_year_na",NA
"institutionID","occurrence_data_20260622140939_DarwinCore_WisFlora_MIN_UWGB","logical"
"institutionID","occurrence_data_20260622143552_DarwinCore_WisFlora_WIS_pre1958","logical"
"institutionID","occurrence_data_20260622144330_DarwinCore_WisFlora_WIS_1958_1976","logical"
"institutionID","occurrence_data_20260622144555_DarwinCore_WisFlora_WIS_post1976","logical"
"institutionID","occurrence_data_20260630112217_DarwinCore_WisFlora_except_MIN_WIS_UWGB","character"
"institutionID","occurrences_2026_06_20_233021_DarwinCore_Bell_Atlas_Execept_MIN",NA
"institutionID","occurrences_2026_06_22_222501_Consortium_except_UWM_UWSP_WIS_MN",NA
"institutionID","occurrences_2026_06_22_222928_DarwinCore_Consortium_UWM_UWSP",NA
"island","DarwinCore_2026_06_21_212202_Consortium_MN_1946_1990","logical"
"island","DarwinCore_2026_06_21_212202_Consortium_MN_post1990","logical"
"island","DarwinCore_2026_06_21_212202_Consortium_MN_pre1946","logical"
"island","DarwinCore_2026_06_21_212202_Consortium_MN_year_na","logical"
"island","DarwinCore_2026_06_21_220149_Consortium_WIS_1940_1960","logical"
"island","DarwinCore_2026_06_21_220149_Consortium_WIS_1961_1976","logical"
"island","DarwinCore_2026_06_21_220149_Consortium_WIS_1977_2000","logical"
"island","DarwinCore_2026_06_21_220149_Consortium_WIS_post2000","logical"
"island","DarwinCore_2026_06_21_220149_Consortium_WIS_pre1940","logical"
"island","DarwinCore_2026_06_21_220149_Consortium_WIS_year_na","logical"
"island","DarwinCore_2026_06_22_230410_Bell_MN_1946_1985","logical"
"island","DarwinCore_2026_06_22_230410_Bell_MN_1986_2000","logical"
"island","DarwinCore_2026_06_22_230410_Bell_MN_post2000","logical"
"island","DarwinCore_2026_06_22_230410_Bell_MN_pre1946","logical"
"island","DarwinCore_2026_06_22_230410_Bell_MN_year_na","logical"
"island","occurrence_data_20260622140939_DarwinCore_WisFlora_MIN_UWGB",NA
"island","occurrence_data_20260622143552_DarwinCore_WisFlora_WIS_pre1958",NA
"island","occurrence_data_20260622144330_DarwinCore_WisFlora_WIS_1958_1976",NA
"island","occurrence_data_20260622144555_DarwinCore_WisFlora_WIS_post1976",NA
"island","occurrence_data_20260630112217_DarwinCore_WisFlora_except_MIN_WIS_UWGB",NA
"island","occurrences_2026_06_20_233021_DarwinCore_Bell_Atlas_Execept_MIN","logical"
"island","occurrences_2026_06_22_222501_Consortium_except_UWM_UWSP_WIS_MN","logical"
"island","occurrences_2026_06_22_222928_DarwinCore_Consortium_UWM_UWSP","character"
"islandGroup","DarwinCore_2026_06_21_212202_Consortium_MN_1946_1990","logical"
"islandGroup","DarwinCore_2026_06_21_212202_Consortium_MN_post1990","logical"
"islandGroup","DarwinCore_2026_06_21_212202_Consortium_MN_pre1946","logical"
"islandGroup","DarwinCore_2026_06_21_212202_Consortium_MN_year_na","logical"
"islandGroup","DarwinCore_2026_06_21_220149_Consortium_WIS_1940_1960","logical"
"islandGroup","DarwinCore_2026_06_21_220149_Consortium_WIS_1961_1976","logical"
"islandGroup","DarwinCore_2026_06_21_220149_Consortium_WIS_1977_2000","logical"
"islandGroup","DarwinCore_2026_06_21_220149_Consortium_WIS_post2000","logical"
"islandGroup","DarwinCore_2026_06_21_220149_Consortium_WIS_pre1940","logical"
"islandGroup","DarwinCore_2026_06_21_220149_Consortium_WIS_year_na","logical"
"islandGroup","DarwinCore_2026_06_22_230410_Bell_MN_1946_1985","logical"
"islandGroup","DarwinCore_2026_06_22_230410_Bell_MN_1986_2000","logical"
"islandGroup","DarwinCore_2026_06_22_230410_Bell_MN_post2000","logical"
"islandGroup","DarwinCore_2026_06_22_230410_Bell_MN_pre1946","logical"
"islandGroup","DarwinCore_2026_06_22_230410_Bell_MN_year_na","logical"
"islandGroup","occurrence_data_20260622140939_DarwinCore_WisFlora_MIN_UWGB",NA
"islandGroup","occurrence_data_20260622143552_DarwinCore_WisFlora_WIS_pre1958",NA
"islandGroup","occurrence_data_20260622144330_DarwinCore_WisFlora_WIS_1958_1976",NA
"islandGroup","occurrence_data_20260622144555_DarwinCore_WisFlora_WIS_post1976",NA
"islandGroup","occurrence_data_20260630112217_DarwinCore_WisFlora_except_MIN_WIS_UWGB",NA
"islandGroup","occurrences_2026_06_20_233021_DarwinCore_Bell_Atlas_Execept_MIN","logical"
"islandGroup","occurrences_2026_06_22_222501_Consortium_except_UWM_UWSP_WIS_MN","logical"
"islandGroup","occurrences_2026_06_22_222928_DarwinCore_Consortium_UWM_UWSP","character"
"kingdom","DarwinCore_2026_06_21_212202_Consortium_MN_1946_1990","character"
"kingdom","DarwinCore_2026_06_21_212202_Consortium_MN_post1990","character"
"kingdom","DarwinCore_2026_06_21_212202_Consortium_MN_pre1946","character"
"kingdom","DarwinCore_2026_06_21_212202_Consortium_MN_year_na","character"
"kingdom","DarwinCore_2026_06_21_220149_Consortium_WIS_1940_1960","character"
"kingdom","DarwinCore_2026_06_21_220149_Consortium_WIS_1961_1976","character"
"kingdom","DarwinCore_2026_06_21_220149_Consortium_WIS_1977_2000","character"
"kingdom","DarwinCore_2026_06_21_220149_Consortium_WIS_post2000","character"
"kingdom","DarwinCore_2026_06_21_220149_Consortium_WIS_pre1940","character"
"kingdom","DarwinCore_2026_06_21_220149_Consortium_WIS_year_na","character"
"kingdom","DarwinCore_2026_06_22_230410_Bell_MN_1946_1985","character"
"kingdom","DarwinCore_2026_06_22_230410_Bell_MN_1986_2000","character"
"kingdom","DarwinCore_2026_06_22_230410_Bell_MN_post2000","character"
"kingdom","DarwinCore_2026_06_22_230410_Bell_MN_pre1946","character"
"kingdom","DarwinCore_2026_06_22_230410_Bell_MN_year_na","character"
"kingdom","occurrence_data_20260622140939_DarwinCore_WisFlora_MIN_UWGB","character"
"kingdom","occurrence_data_20260622143552_DarwinCore_WisFlora_WIS_pre1958","logical"
"kingdom","occurrence_data_20260622144330_DarwinCore_WisFlora_WIS_1958_1976","logical"
"kingdom","occurrence_data_20260622144555_DarwinCore_WisFlora_WIS_post1976","character"
"kingdom","occurrence_data_20260630112217_DarwinCore_WisFlora_except_MIN_WIS_UWGB","character"
"kingdom","occurrences_2026_06_20_233021_DarwinCore_Bell_Atlas_Execept_MIN","character"
"kingdom","occurrences_2026_06_22_222501_Consortium_except_UWM_UWSP_WIS_MN","character"
"kingdom","occurrences_2026_06_22_222928_DarwinCore_Consortium_UWM_UWSP","character"
"language","DarwinCore_2026_06_21_212202_Consortium_MN_1946_1990","character"
"language","DarwinCore_2026_06_21_212202_Consortium_MN_post1990","character"
"language","DarwinCore_2026_06_21_212202_Consortium_MN_pre1946","character"
"language","DarwinCore_2026_06_21_212202_Consortium_MN_year_na","character"
"language","DarwinCore_2026_06_21_220149_Consortium_WIS_1940_1960","character"
"language","DarwinCore_2026_06_21_220149_Consortium_WIS_1961_1976","character"
"language","DarwinCore_2026_06_21_220149_Consortium_WIS_1977_2000","character"
"language","DarwinCore_2026_06_21_220149_Consortium_WIS_post2000","character"
"language","DarwinCore_2026_06_21_220149_Consortium_WIS_pre1940","character"
"language","DarwinCore_2026_06_21_220149_Consortium_WIS_year_na","character"
"language","DarwinCore_2026_06_22_230410_Bell_MN_1946_1985","character"
"language","DarwinCore_2026_06_22_230410_Bell_MN_1986_2000","character"
"language","DarwinCore_2026_06_22_230410_Bell_MN_post2000","character"
"language","DarwinCore_2026_06_22_230410_Bell_MN_pre1946","character"
"language","DarwinCore_2026_06_22_230410_Bell_MN_year_na","character"
"language","occurrence_data_20260622140939_DarwinCore_WisFlora_MIN_UWGB","character"
"language","occurrence_data_20260622143552_DarwinCore_WisFlora_WIS_pre1958","character"
"language","occurrence_data_20260622144330_DarwinCore_WisFlora_WIS_1958_1976","character"
"language","occurrence_data_20260622144555_DarwinCore_WisFlora_WIS_post1976","character"
"language","occurrence_data_20260630112217_DarwinCore_WisFlora_except_MIN_WIS_UWGB","character"
"language","occurrences_2026_06_20_233021_DarwinCore_Bell_Atlas_Execept_MIN","character"
"language","occurrences_2026_06_22_222501_Consortium_except_UWM_UWSP_WIS_MN","character"
"language","occurrences_2026_06_22_222928_DarwinCore_Consortium_UWM_UWSP","character"
"lifeStage","DarwinCore_2026_06_21_212202_Consortium_MN_1946_1990","logical"
"lifeStage","DarwinCore_2026_06_21_212202_Consortium_MN_post1990","character"
"lifeStage","DarwinCore_2026_06_21_212202_Consortium_MN_pre1946","logical"
"lifeStage","DarwinCore_2026_06_21_212202_Consortium_MN_year_na","logical"
"lifeStage","DarwinCore_2026_06_21_220149_Consortium_WIS_1940_1960","character"
"lifeStage","DarwinCore_2026_06_21_220149_Consortium_WIS_1961_1976","character"
"lifeStage","DarwinCore_2026_06_21_220149_Consortium_WIS_1977_2000","character"
"lifeStage","DarwinCore_2026_06_21_220149_Consortium_WIS_post2000","logical"
"lifeStage","DarwinCore_2026_06_21_220149_Consortium_WIS_pre1940","character"
"lifeStage","DarwinCore_2026_06_21_220149_Consortium_WIS_year_na","character"
"lifeStage","DarwinCore_2026_06_22_230410_Bell_MN_1946_1985","logical"
"lifeStage","DarwinCore_2026_06_22_230410_Bell_MN_1986_2000","logical"
"lifeStage","DarwinCore_2026_06_22_230410_Bell_MN_post2000","character"
"lifeStage","DarwinCore_2026_06_22_230410_Bell_MN_pre1946","logical"
"lifeStage","DarwinCore_2026_06_22_230410_Bell_MN_year_na","logical"
"lifeStage","occurrence_data_20260622140939_DarwinCore_WisFlora_MIN_UWGB","logical"
"lifeStage","occurrence_data_20260622143552_DarwinCore_WisFlora_WIS_pre1958","character"
"lifeStage","occurrence_data_20260622144330_DarwinCore_WisFlora_WIS_1958_1976","logical"
"lifeStage","occurrence_data_20260622144555_DarwinCore_WisFlora_WIS_post1976","logical"
"lifeStage","occurrence_data_20260630112217_DarwinCore_WisFlora_except_MIN_WIS_UWGB","character"
"lifeStage","occurrences_2026_06_20_233021_DarwinCore_Bell_Atlas_Execept_MIN","character"
"lifeStage","occurrences_2026_06_22_222501_Consortium_except_UWM_UWSP_WIS_MN","character"
"lifeStage","occurrences_2026_06_22_222928_DarwinCore_Consortium_UWM_UWSP","character"
"locality","DarwinCore_2026_06_21_212202_Consortium_MN_1946_1990","character"
"locality","DarwinCore_2026_06_21_212202_Consortium_MN_post1990","character"
"locality","DarwinCore_2026_06_21_212202_Consortium_MN_pre1946","character"
"locality","DarwinCore_2026_06_21_212202_Consortium_MN_year_na","character"
"locality","DarwinCore_2026_06_21_220149_Consortium_WIS_1940_1960","character"
"locality","DarwinCore_2026_06_21_220149_Consortium_WIS_1961_1976","character"
"locality","DarwinCore_2026_06_21_220149_Consortium_WIS_1977_2000","character"
"locality","DarwinCore_2026_06_21_220149_Consortium_WIS_post2000","character"
"locality","DarwinCore_2026_06_21_220149_Consortium_WIS_pre1940","character"
"locality","DarwinCore_2026_06_21_220149_Consortium_WIS_year_na","character"
"locality","DarwinCore_2026_06_22_230410_Bell_MN_1946_1985","character"
"locality","DarwinCore_2026_06_22_230410_Bell_MN_1986_2000","character"
"locality","DarwinCore_2026_06_22_230410_Bell_MN_post2000","character"
"locality","DarwinCore_2026_06_22_230410_Bell_MN_pre1946","character"
"locality","DarwinCore_2026_06_22_230410_Bell_MN_year_na","character"
"locality","occurrence_data_20260622140939_DarwinCore_WisFlora_MIN_UWGB","character"
"locality","occurrence_data_20260622143552_DarwinCore_WisFlora_WIS_pre1958","character"
"locality","occurrence_data_20260622144330_DarwinCore_WisFlora_WIS_1958_1976","character"
"locality","occurrence_data_20260622144555_DarwinCore_WisFlora_WIS_post1976","character"
"locality","occurrence_data_20260630112217_DarwinCore_WisFlora_except_MIN_WIS_UWGB","character"
"locality","occurrences_2026_06_20_233021_DarwinCore_Bell_Atlas_Execept_MIN","character"
"locality","occurrences_2026_06_22_222501_Consortium_except_UWM_UWSP_WIS_MN","character"
"locality","occurrences_2026_06_22_222928_DarwinCore_Consortium_UWM_UWSP","character"
"locationID","DarwinCore_2026_06_21_212202_Consortium_MN_1946_1990","logical"
"locationID","DarwinCore_2026_06_21_212202_Consortium_MN_post1990","logical"
"locationID","DarwinCore_2026_06_21_212202_Consortium_MN_pre1946","logical"
"locationID","DarwinCore_2026_06_21_212202_Consortium_MN_year_na","logical"
"locationID","DarwinCore_2026_06_21_220149_Consortium_WIS_1940_1960","logical"
"locationID","DarwinCore_2026_06_21_220149_Consortium_WIS_1961_1976","logical"
"locationID","DarwinCore_2026_06_21_220149_Consortium_WIS_1977_2000","character"
"locationID","DarwinCore_2026_06_21_220149_Consortium_WIS_post2000","logical"
"locationID","DarwinCore_2026_06_21_220149_Consortium_WIS_pre1940","logical"
"locationID","DarwinCore_2026_06_21_220149_Consortium_WIS_year_na","logical"
"locationID","DarwinCore_2026_06_22_230410_Bell_MN_1946_1985","logical"
"locationID","DarwinCore_2026_06_22_230410_Bell_MN_1986_2000","character"
"locationID","DarwinCore_2026_06_22_230410_Bell_MN_post2000","logical"
"locationID","DarwinCore_2026_06_22_230410_Bell_MN_pre1946","logical"
"locationID","DarwinCore_2026_06_22_230410_Bell_MN_year_na","logical"
"locationID","occurrence_data_20260622140939_DarwinCore_WisFlora_MIN_UWGB","logical"
"locationID","occurrence_data_20260622143552_DarwinCore_WisFlora_WIS_pre1958","logical"
"locationID","occurrence_data_20260622144330_DarwinCore_WisFlora_WIS_1958_1976","logical"
"locationID","occurrence_data_20260622144555_DarwinCore_WisFlora_WIS_post1976","logical"
"locationID","occurrence_data_20260630112217_DarwinCore_WisFlora_except_MIN_WIS_UWGB","character"
"locationID","occurrences_2026_06_20_233021_DarwinCore_Bell_Atlas_Execept_MIN","logical"
"locationID","occurrences_2026_06_22_222501_Consortium_except_UWM_UWSP_WIS_MN","character"
"locationID","occurrences_2026_06_22_222928_DarwinCore_Consortium_UWM_UWSP","character"
"locationRemarks","DarwinCore_2026_06_21_212202_Consortium_MN_1946_1990","character"
"locationRemarks","DarwinCore_2026_06_21_212202_Consortium_MN_post1990","logical"
"locationRemarks","DarwinCore_2026_06_21_212202_Consortium_MN_pre1946","character"
"locationRemarks","DarwinCore_2026_06_21_212202_Consortium_MN_year_na","character"
"locationRemarks","DarwinCore_2026_06_21_220149_Consortium_WIS_1940_1960","logical"
"locationRemarks","DarwinCore_2026_06_21_220149_Consortium_WIS_1961_1976","character"
"locationRemarks","DarwinCore_2026_06_21_220149_Consortium_WIS_1977_2000","character"
"locationRemarks","DarwinCore_2026_06_21_220149_Consortium_WIS_post2000","character"
"locationRemarks","DarwinCore_2026_06_21_220149_Consortium_WIS_pre1940","character"
"locationRemarks","DarwinCore_2026_06_21_220149_Consortium_WIS_year_na","logical"
"locationRemarks","DarwinCore_2026_06_22_230410_Bell_MN_1946_1985","character"
"locationRemarks","DarwinCore_2026_06_22_230410_Bell_MN_1986_2000","logical"
"locationRemarks","DarwinCore_2026_06_22_230410_Bell_MN_post2000","logical"
"locationRemarks","DarwinCore_2026_06_22_230410_Bell_MN_pre1946","character"
"locationRemarks","DarwinCore_2026_06_22_230410_Bell_MN_year_na","character"
"locationRemarks","occurrence_data_20260622140939_DarwinCore_WisFlora_MIN_UWGB","character"
"locationRemarks","occurrence_data_20260622143552_DarwinCore_WisFlora_WIS_pre1958","character"
"locationRemarks","occurrence_data_20260622144330_DarwinCore_WisFlora_WIS_1958_1976","character"
"locationRemarks","occurrence_data_20260622144555_DarwinCore_WisFlora_WIS_post1976","character"
"locationRemarks","occurrence_data_20260630112217_DarwinCore_WisFlora_except_MIN_WIS_UWGB","character"
"locationRemarks","occurrences_2026_06_20_233021_DarwinCore_Bell_Atlas_Execept_MIN","character"
"locationRemarks","occurrences_2026_06_22_222501_Consortium_except_UWM_UWSP_WIS_MN","character"
"locationRemarks","occurrences_2026_06_22_222928_DarwinCore_Consortium_UWM_UWSP","character"
"maximumDepthInMeters","DarwinCore_2026_06_21_212202_Consortium_MN_1946_1990","logical"
"maximumDepthInMeters","DarwinCore_2026_06_21_212202_Consortium_MN_post1990","logical"
"maximumDepthInMeters","DarwinCore_2026_06_21_212202_Consortium_MN_pre1946","integer"
"maximumDepthInMeters","DarwinCore_2026_06_21_212202_Consortium_MN_year_na","logical"
"maximumDepthInMeters","DarwinCore_2026_06_21_220149_Consortium_WIS_1940_1960","logical"
"maximumDepthInMeters","DarwinCore_2026_06_21_220149_Consortium_WIS_1961_1976","logical"
"maximumDepthInMeters","DarwinCore_2026_06_21_220149_Consortium_WIS_1977_2000","logical"
"maximumDepthInMeters","DarwinCore_2026_06_21_220149_Consortium_WIS_post2000","logical"
"maximumDepthInMeters","DarwinCore_2026_06_21_220149_Consortium_WIS_pre1940","logical"
"maximumDepthInMeters","DarwinCore_2026_06_21_220149_Consortium_WIS_year_na","logical"
"maximumDepthInMeters","DarwinCore_2026_06_22_230410_Bell_MN_1946_1985","logical"
"maximumDepthInMeters","DarwinCore_2026_06_22_230410_Bell_MN_1986_2000","integer"
"maximumDepthInMeters","DarwinCore_2026_06_22_230410_Bell_MN_post2000","logical"
"maximumDepthInMeters","DarwinCore_2026_06_22_230410_Bell_MN_pre1946","integer"
"maximumDepthInMeters","DarwinCore_2026_06_22_230410_Bell_MN_year_na","logical"
"maximumDepthInMeters","occurrence_data_20260622140939_DarwinCore_WisFlora_MIN_UWGB","logical"
"maximumDepthInMeters","occurrence_data_20260622143552_DarwinCore_WisFlora_WIS_pre1958","logical"
"maximumDepthInMeters","occurrence_data_20260622144330_DarwinCore_WisFlora_WIS_1958_1976","logical"
"maximumDepthInMeters","occurrence_data_20260622144555_DarwinCore_WisFlora_WIS_post1976","logical"
"maximumDepthInMeters","occurrence_data_20260630112217_DarwinCore_WisFlora_except_MIN_WIS_UWGB","character"
"maximumDepthInMeters","occurrences_2026_06_20_233021_DarwinCore_Bell_Atlas_Execept_MIN","logical"
"maximumDepthInMeters","occurrences_2026_06_22_222501_Consortium_except_UWM_UWSP_WIS_MN","integer"
"maximumDepthInMeters","occurrences_2026_06_22_222928_DarwinCore_Consortium_UWM_UWSP","character"
"maximumElevationInMeters","DarwinCore_2026_06_21_212202_Consortium_MN_1946_1990","integer"
"maximumElevationInMeters","DarwinCore_2026_06_21_212202_Consortium_MN_post1990","integer"
"maximumElevationInMeters","DarwinCore_2026_06_21_212202_Consortium_MN_pre1946","integer"
"maximumElevationInMeters","DarwinCore_2026_06_21_212202_Consortium_MN_year_na","integer"
"maximumElevationInMeters","DarwinCore_2026_06_21_220149_Consortium_WIS_1940_1960","integer"
"maximumElevationInMeters","DarwinCore_2026_06_21_220149_Consortium_WIS_1961_1976","integer"
"maximumElevationInMeters","DarwinCore_2026_06_21_220149_Consortium_WIS_1977_2000","integer"
"maximumElevationInMeters","DarwinCore_2026_06_21_220149_Consortium_WIS_post2000","integer"
"maximumElevationInMeters","DarwinCore_2026_06_21_220149_Consortium_WIS_pre1940","integer"
"maximumElevationInMeters","DarwinCore_2026_06_21_220149_Consortium_WIS_year_na","integer"
"maximumElevationInMeters","DarwinCore_2026_06_22_230410_Bell_MN_1946_1985","integer"
"maximumElevationInMeters","DarwinCore_2026_06_22_230410_Bell_MN_1986_2000","integer"
"maximumElevationInMeters","DarwinCore_2026_06_22_230410_Bell_MN_post2000","integer"
"maximumElevationInMeters","DarwinCore_2026_06_22_230410_Bell_MN_pre1946","integer"
"maximumElevationInMeters","DarwinCore_2026_06_22_230410_Bell_MN_year_na","integer"
"maximumElevationInMeters","occurrence_data_20260622140939_DarwinCore_WisFlora_MIN_UWGB","logical"
"maximumElevationInMeters","occurrence_data_20260622143552_DarwinCore_WisFlora_WIS_pre1958","logical"
"maximumElevationInMeters","occurrence_data_20260622144330_DarwinCore_WisFlora_WIS_1958_1976","logical"
"maximumElevationInMeters","occurrence_data_20260622144555_DarwinCore_WisFlora_WIS_post1976","integer"
"maximumElevationInMeters","occurrence_data_20260630112217_DarwinCore_WisFlora_except_MIN_WIS_UWGB","character"
"maximumElevationInMeters","occurrences_2026_06_20_233021_DarwinCore_Bell_Atlas_Execept_MIN","integer"
"maximumElevationInMeters","occurrences_2026_06_22_222501_Consortium_except_UWM_UWSP_WIS_MN","integer"
"maximumElevationInMeters","occurrences_2026_06_22_222928_DarwinCore_Consortium_UWM_UWSP","character"
"minimumDepthInMeters","DarwinCore_2026_06_21_212202_Consortium_MN_1946_1990","integer"
"minimumDepthInMeters","DarwinCore_2026_06_21_212202_Consortium_MN_post1990","logical"
"minimumDepthInMeters","DarwinCore_2026_06_21_212202_Consortium_MN_pre1946","integer"
"minimumDepthInMeters","DarwinCore_2026_06_21_212202_Consortium_MN_year_na","logical"
"minimumDepthInMeters","DarwinCore_2026_06_21_220149_Consortium_WIS_1940_1960","logical"
"minimumDepthInMeters","DarwinCore_2026_06_21_220149_Consortium_WIS_1961_1976","logical"
"minimumDepthInMeters","DarwinCore_2026_06_21_220149_Consortium_WIS_1977_2000","integer"
"minimumDepthInMeters","DarwinCore_2026_06_21_220149_Consortium_WIS_post2000","logical"
"minimumDepthInMeters","DarwinCore_2026_06_21_220149_Consortium_WIS_pre1940","logical"
"minimumDepthInMeters","DarwinCore_2026_06_21_220149_Consortium_WIS_year_na","logical"
"minimumDepthInMeters","DarwinCore_2026_06_22_230410_Bell_MN_1946_1985","integer"
"minimumDepthInMeters","DarwinCore_2026_06_22_230410_Bell_MN_1986_2000","integer"
"minimumDepthInMeters","DarwinCore_2026_06_22_230410_Bell_MN_post2000","integer"
"minimumDepthInMeters","DarwinCore_2026_06_22_230410_Bell_MN_pre1946","integer"
"minimumDepthInMeters","DarwinCore_2026_06_22_230410_Bell_MN_year_na","logical"
"minimumDepthInMeters","occurrence_data_20260622140939_DarwinCore_WisFlora_MIN_UWGB","logical"
"minimumDepthInMeters","occurrence_data_20260622143552_DarwinCore_WisFlora_WIS_pre1958","logical"
"minimumDepthInMeters","occurrence_data_20260622144330_DarwinCore_WisFlora_WIS_1958_1976","logical"
"minimumDepthInMeters","occurrence_data_20260622144555_DarwinCore_WisFlora_WIS_post1976","logical"
"minimumDepthInMeters","occurrence_data_20260630112217_DarwinCore_WisFlora_except_MIN_WIS_UWGB","character"
"minimumDepthInMeters","occurrences_2026_06_20_233021_DarwinCore_Bell_Atlas_Execept_MIN","logical"
"minimumDepthInMeters","occurrences_2026_06_22_222501_Consortium_except_UWM_UWSP_WIS_MN","integer"
"minimumDepthInMeters","occurrences_2026_06_22_222928_DarwinCore_Consortium_UWM_UWSP","character"
"minimumElevationInMeters","DarwinCore_2026_06_21_212202_Consortium_MN_1946_1990","integer"
"minimumElevationInMeters","DarwinCore_2026_06_21_212202_Consortium_MN_post1990","integer"
"minimumElevationInMeters","DarwinCore_2026_06_21_212202_Consortium_MN_pre1946","integer"
"minimumElevationInMeters","DarwinCore_2026_06_21_212202_Consortium_MN_year_na","integer"
"minimumElevationInMeters","DarwinCore_2026_06_21_220149_Consortium_WIS_1940_1960","integer"
"minimumElevationInMeters","DarwinCore_2026_06_21_220149_Consortium_WIS_1961_1976","integer"
"minimumElevationInMeters","DarwinCore_2026_06_21_220149_Consortium_WIS_1977_2000","integer"
"minimumElevationInMeters","DarwinCore_2026_06_21_220149_Consortium_WIS_post2000","integer"
"minimumElevationInMeters","DarwinCore_2026_06_21_220149_Consortium_WIS_pre1940","integer"
"minimumElevationInMeters","DarwinCore_2026_06_21_220149_Consortium_WIS_year_na","integer"
"minimumElevationInMeters","DarwinCore_2026_06_22_230410_Bell_MN_1946_1985","integer"
"minimumElevationInMeters","DarwinCore_2026_06_22_230410_Bell_MN_1986_2000","integer"
"minimumElevationInMeters","DarwinCore_2026_06_22_230410_Bell_MN_post2000","integer"
"minimumElevationInMeters","DarwinCore_2026_06_22_230410_Bell_MN_pre1946","integer"
"minimumElevationInMeters","DarwinCore_2026_06_22_230410_Bell_MN_year_na","integer"
"minimumElevationInMeters","occurrence_data_20260622140939_DarwinCore_WisFlora_MIN_UWGB","integer"
"minimumElevationInMeters","occurrence_data_20260622143552_DarwinCore_WisFlora_WIS_pre1958","integer"
"minimumElevationInMeters","occurrence_data_20260622144330_DarwinCore_WisFlora_WIS_1958_1976","integer"
"minimumElevationInMeters","occurrence_data_20260622144555_DarwinCore_WisFlora_WIS_post1976","integer"
"minimumElevationInMeters","occurrence_data_20260630112217_DarwinCore_WisFlora_except_MIN_WIS_UWGB","character"
"minimumElevationInMeters","occurrences_2026_06_20_233021_DarwinCore_Bell_Atlas_Execept_MIN","integer"
"minimumElevationInMeters","occurrences_2026_06_22_222501_Consortium_except_UWM_UWSP_WIS_MN","integer"
"minimumElevationInMeters","occurrences_2026_06_22_222928_DarwinCore_Consortium_UWM_UWSP","character"
"modified","DarwinCore_2026_06_21_212202_Consortium_MN_1946_1990","character"
"modified","DarwinCore_2026_06_21_212202_Consortium_MN_post1990","character"
"modified","DarwinCore_2026_06_21_212202_Consortium_MN_pre1946","character"
"modified","DarwinCore_2026_06_21_212202_Consortium_MN_year_na","character"
"modified","DarwinCore_2026_06_21_220149_Consortium_WIS_1940_1960","character"
"modified","DarwinCore_2026_06_21_220149_Consortium_WIS_1961_1976","character"
"modified","DarwinCore_2026_06_21_220149_Consortium_WIS_1977_2000","character"
"modified","DarwinCore_2026_06_21_220149_Consortium_WIS_post2000","character"
"modified","DarwinCore_2026_06_21_220149_Consortium_WIS_pre1940","character"
"modified","DarwinCore_2026_06_21_220149_Consortium_WIS_year_na","character"
"modified","DarwinCore_2026_06_22_230410_Bell_MN_1946_1985","character"
"modified","DarwinCore_2026_06_22_230410_Bell_MN_1986_2000","character"
"modified","DarwinCore_2026_06_22_230410_Bell_MN_post2000","character"
"modified","DarwinCore_2026_06_22_230410_Bell_MN_pre1946","character"
"modified","DarwinCore_2026_06_22_230410_Bell_MN_year_na","character"
"modified","occurrence_data_20260622140939_DarwinCore_WisFlora_MIN_UWGB","character"
"modified","occurrence_data_20260622143552_DarwinCore_WisFlora_WIS_pre1958","character"
"modified","occurrence_data_20260622144330_DarwinCore_WisFlora_WIS_1958_1976","character"
"modified","occurrence_data_20260622144555_DarwinCore_WisFlora_WIS_post1976","character"
"modified","occurrence_data_20260630112217_DarwinCore_WisFlora_except_MIN_WIS_UWGB","character"
"modified","occurrences_2026_06_20_233021_DarwinCore_Bell_Atlas_Execept_MIN","character"
"modified","occurrences_2026_06_22_222501_Consortium_except_UWM_UWSP_WIS_MN","character"
"modified","occurrences_2026_06_22_222928_DarwinCore_Consortium_UWM_UWSP","character"
"month","DarwinCore_2026_06_21_212202_Consortium_MN_1946_1990","integer"
"month","DarwinCore_2026_06_21_212202_Consortium_MN_post1990","integer"
"month","DarwinCore_2026_06_21_212202_Consortium_MN_pre1946","integer"
"month","DarwinCore_2026_06_21_212202_Consortium_MN_year_na","integer"
"month","DarwinCore_2026_06_21_220149_Consortium_WIS_1940_1960","integer"
"month","DarwinCore_2026_06_21_220149_Consortium_WIS_1961_1976","integer"
"month","DarwinCore_2026_06_21_220149_Consortium_WIS_1977_2000","integer"
"month","DarwinCore_2026_06_21_220149_Consortium_WIS_post2000","integer"
"month","DarwinCore_2026_06_21_220149_Consortium_WIS_pre1940","integer"
"month","DarwinCore_2026_06_21_220149_Consortium_WIS_year_na","logical"
"month","DarwinCore_2026_06_22_230410_Bell_MN_1946_1985","integer"
"month","DarwinCore_2026_06_22_230410_Bell_MN_1986_2000","integer"
"month","DarwinCore_2026_06_22_230410_Bell_MN_post2000","integer"
"month","DarwinCore_2026_06_22_230410_Bell_MN_pre1946","integer"
"month","DarwinCore_2026_06_22_230410_Bell_MN_year_na","integer"
"month","occurrence_data_20260622140939_DarwinCore_WisFlora_MIN_UWGB","integer"
"month","occurrence_data_20260622143552_DarwinCore_WisFlora_WIS_pre1958","integer"
"month","occurrence_data_20260622144330_DarwinCore_WisFlora_WIS_1958_1976","integer"
"month","occurrence_data_20260622144555_DarwinCore_WisFlora_WIS_post1976","integer"
"month","occurrence_data_20260630112217_DarwinCore_WisFlora_except_MIN_WIS_UWGB","character"
"month","occurrences_2026_06_20_233021_DarwinCore_Bell_Atlas_Execept_MIN","integer"
"month","occurrences_2026_06_22_222501_Consortium_except_UWM_UWSP_WIS_MN","integer"
"month","occurrences_2026_06_22_222928_DarwinCore_Consortium_UWM_UWSP","character"
"municipality","DarwinCore_2026_06_21_212202_Consortium_MN_1946_1990","character"
"municipality","DarwinCore_2026_06_21_212202_Consortium_MN_post1990","character"
"municipality","DarwinCore_2026_06_21_212202_Consortium_MN_pre1946","character"
"municipality","DarwinCore_2026_06_21_212202_Consortium_MN_year_na","character"
"municipality","DarwinCore_2026_06_21_220149_Consortium_WIS_1940_1960","character"
"municipality","DarwinCore_2026_06_21_220149_Consortium_WIS_1961_1976","character"
"municipality","DarwinCore_2026_06_21_220149_Consortium_WIS_1977_2000","character"
"municipality","DarwinCore_2026_06_21_220149_Consortium_WIS_post2000","character"
"municipality","DarwinCore_2026_06_21_220149_Consortium_WIS_pre1940","character"
"municipality","DarwinCore_2026_06_21_220149_Consortium_WIS_year_na","character"
"municipality","DarwinCore_2026_06_22_230410_Bell_MN_1946_1985","character"
"municipality","DarwinCore_2026_06_22_230410_Bell_MN_1986_2000","character"
"municipality","DarwinCore_2026_06_22_230410_Bell_MN_post2000","character"
"municipality","DarwinCore_2026_06_22_230410_Bell_MN_pre1946","character"
"municipality","DarwinCore_2026_06_22_230410_Bell_MN_year_na","character"
"municipality","occurrence_data_20260622140939_DarwinCore_WisFlora_MIN_UWGB","character"
"municipality","occurrence_data_20260622143552_DarwinCore_WisFlora_WIS_pre1958","character"
"municipality","occurrence_data_20260622144330_DarwinCore_WisFlora_WIS_1958_1976","character"
"municipality","occurrence_data_20260622144555_DarwinCore_WisFlora_WIS_post1976","character"
"municipality","occurrence_data_20260630112217_DarwinCore_WisFlora_except_MIN_WIS_UWGB","character"
"municipality","occurrences_2026_06_20_233021_DarwinCore_Bell_Atlas_Execept_MIN","character"
"municipality","occurrences_2026_06_22_222501_Consortium_except_UWM_UWSP_WIS_MN","character"
"municipality","occurrences_2026_06_22_222928_DarwinCore_Consortium_UWM_UWSP","character"
"occurrenceID","DarwinCore_2026_06_21_212202_Consortium_MN_1946_1990","character"
"occurrenceID","DarwinCore_2026_06_21_212202_Consortium_MN_post1990","character"
"occurrenceID","DarwinCore_2026_06_21_212202_Consortium_MN_pre1946","character"
"occurrenceID","DarwinCore_2026_06_21_212202_Consortium_MN_year_na","character"
"occurrenceID","DarwinCore_2026_06_21_220149_Consortium_WIS_1940_1960","character"
"occurrenceID","DarwinCore_2026_06_21_220149_Consortium_WIS_1961_1976","character"
"occurrenceID","DarwinCore_2026_06_21_220149_Consortium_WIS_1977_2000","character"
"occurrenceID","DarwinCore_2026_06_21_220149_Consortium_WIS_post2000","character"
"occurrenceID","DarwinCore_2026_06_21_220149_Consortium_WIS_pre1940","character"
"occurrenceID","DarwinCore_2026_06_21_220149_Consortium_WIS_year_na","character"
"occurrenceID","DarwinCore_2026_06_22_230410_Bell_MN_1946_1985","character"
"occurrenceID","DarwinCore_2026_06_22_230410_Bell_MN_1986_2000","character"
"occurrenceID","DarwinCore_2026_06_22_230410_Bell_MN_post2000","character"
"occurrenceID","DarwinCore_2026_06_22_230410_Bell_MN_pre1946","character"
"occurrenceID","DarwinCore_2026_06_22_230410_Bell_MN_year_na","character"
"occurrenceID","occurrence_data_20260622140939_DarwinCore_WisFlora_MIN_UWGB","character"
"occurrenceID","occurrence_data_20260622143552_DarwinCore_WisFlora_WIS_pre1958","character"
"occurrenceID","occurrence_data_20260622144330_DarwinCore_WisFlora_WIS_1958_1976","character"
"occurrenceID","occurrence_data_20260622144555_DarwinCore_WisFlora_WIS_post1976","character"
"occurrenceID","occurrence_data_20260630112217_DarwinCore_WisFlora_except_MIN_WIS_UWGB","character"
"occurrenceID","occurrences_2026_06_20_233021_DarwinCore_Bell_Atlas_Execept_MIN","character"
"occurrenceID","occurrences_2026_06_22_222501_Consortium_except_UWM_UWSP_WIS_MN","character"
"occurrenceID","occurrences_2026_06_22_222928_DarwinCore_Consortium_UWM_UWSP","character"
"occurrenceRemarks","DarwinCore_2026_06_21_212202_Consortium_MN_1946_1990","character"
"occurrenceRemarks","DarwinCore_2026_06_21_212202_Consortium_MN_post1990","character"
"occurrenceRemarks","DarwinCore_2026_06_21_212202_Consortium_MN_pre1946","character"
"occurrenceRemarks","DarwinCore_2026_06_21_212202_Consortium_MN_year_na","character"
"occurrenceRemarks","DarwinCore_2026_06_21_220149_Consortium_WIS_1940_1960","character"
"occurrenceRemarks","DarwinCore_2026_06_21_220149_Consortium_WIS_1961_1976","character"
"occurrenceRemarks","DarwinCore_2026_06_21_220149_Consortium_WIS_1977_2000","character"
"occurrenceRemarks","DarwinCore_2026_06_21_220149_Consortium_WIS_post2000","character"
"occurrenceRemarks","DarwinCore_2026_06_21_220149_Consortium_WIS_pre1940","character"
"occurrenceRemarks","DarwinCore_2026_06_21_220149_Consortium_WIS_year_na","character"
"occurrenceRemarks","DarwinCore_2026_06_22_230410_Bell_MN_1946_1985","character"
"occurrenceRemarks","DarwinCore_2026_06_22_230410_Bell_MN_1986_2000","character"
"occurrenceRemarks","DarwinCore_2026_06_22_230410_Bell_MN_post2000","character"
"occurrenceRemarks","DarwinCore_2026_06_22_230410_Bell_MN_pre1946","character"
"occurrenceRemarks","DarwinCore_2026_06_22_230410_Bell_MN_year_na","character"
"occurrenceRemarks","occurrence_data_20260622140939_DarwinCore_WisFlora_MIN_UWGB","character"
"occurrenceRemarks","occurrence_data_20260622143552_DarwinCore_WisFlora_WIS_pre1958","character"
"occurrenceRemarks","occurrence_data_20260622144330_DarwinCore_WisFlora_WIS_1958_1976","character"
"occurrenceRemarks","occurrence_data_20260622144555_DarwinCore_WisFlora_WIS_post1976","character"
"occurrenceRemarks","occurrence_data_20260630112217_DarwinCore_WisFlora_except_MIN_WIS_UWGB","character"
"occurrenceRemarks","occurrences_2026_06_20_233021_DarwinCore_Bell_Atlas_Execept_MIN","character"
"occurrenceRemarks","occurrences_2026_06_22_222501_Consortium_except_UWM_UWSP_WIS_MN","character"
"occurrenceRemarks","occurrences_2026_06_22_222928_DarwinCore_Consortium_UWM_UWSP","character"
"order","DarwinCore_2026_06_21_212202_Consortium_MN_1946_1990","character"
"order","DarwinCore_2026_06_21_212202_Consortium_MN_post1990","character"
"order","DarwinCore_2026_06_21_212202_Consortium_MN_pre1946","character"
"order","DarwinCore_2026_06_21_212202_Consortium_MN_year_na","character"
"order","DarwinCore_2026_06_21_220149_Consortium_WIS_1940_1960","character"
"order","DarwinCore_2026_06_21_220149_Consortium_WIS_1961_1976","character"
"order","DarwinCore_2026_06_21_220149_Consortium_WIS_1977_2000","character"
"order","DarwinCore_2026_06_21_220149_Consortium_WIS_post2000","character"
"order","DarwinCore_2026_06_21_220149_Consortium_WIS_pre1940","character"
"order","DarwinCore_2026_06_21_220149_Consortium_WIS_year_na","character"
"order","DarwinCore_2026_06_22_230410_Bell_MN_1946_1985","character"
"order","DarwinCore_2026_06_22_230410_Bell_MN_1986_2000","character"
"order","DarwinCore_2026_06_22_230410_Bell_MN_post2000","character"
"order","DarwinCore_2026_06_22_230410_Bell_MN_pre1946","character"
"order","DarwinCore_2026_06_22_230410_Bell_MN_year_na","character"
"order","occurrence_data_20260622140939_DarwinCore_WisFlora_MIN_UWGB","character"
"order","occurrence_data_20260622143552_DarwinCore_WisFlora_WIS_pre1958","character"
"order","occurrence_data_20260622144330_DarwinCore_WisFlora_WIS_1958_1976","character"
"order","occurrence_data_20260622144555_DarwinCore_WisFlora_WIS_post1976","character"
"order","occurrence_data_20260630112217_DarwinCore_WisFlora_except_MIN_WIS_UWGB","character"
"order","occurrences_2026_06_20_233021_DarwinCore_Bell_Atlas_Execept_MIN","character"
"order","occurrences_2026_06_22_222501_Consortium_except_UWM_UWSP_WIS_MN","character"
"order","occurrences_2026_06_22_222928_DarwinCore_Consortium_UWM_UWSP","character"
"otherCatalogNumbers","DarwinCore_2026_06_21_212202_Consortium_MN_1946_1990","character"
"otherCatalogNumbers","DarwinCore_2026_06_21_212202_Consortium_MN_post1990","character"
"otherCatalogNumbers","DarwinCore_2026_06_21_212202_Consortium_MN_pre1946","character"
"otherCatalogNumbers","DarwinCore_2026_06_21_212202_Consortium_MN_year_na","character"
"otherCatalogNumbers","DarwinCore_2026_06_21_220149_Consortium_WIS_1940_1960","character"
"otherCatalogNumbers","DarwinCore_2026_06_21_220149_Consortium_WIS_1961_1976","character"
"otherCatalogNumbers","DarwinCore_2026_06_21_220149_Consortium_WIS_1977_2000","character"
"otherCatalogNumbers","DarwinCore_2026_06_21_220149_Consortium_WIS_post2000","character"
"otherCatalogNumbers","DarwinCore_2026_06_21_220149_Consortium_WIS_pre1940","character"
"otherCatalogNumbers","DarwinCore_2026_06_21_220149_Consortium_WIS_year_na","character"
"otherCatalogNumbers","DarwinCore_2026_06_22_230410_Bell_MN_1946_1985","character"
"otherCatalogNumbers","DarwinCore_2026_06_22_230410_Bell_MN_1986_2000","character"
"otherCatalogNumbers","DarwinCore_2026_06_22_230410_Bell_MN_post2000","character"
"otherCatalogNumbers","DarwinCore_2026_06_22_230410_Bell_MN_pre1946","character"
"otherCatalogNumbers","DarwinCore_2026_06_22_230410_Bell_MN_year_na","character"
"otherCatalogNumbers","occurrence_data_20260622140939_DarwinCore_WisFlora_MIN_UWGB","character"
"otherCatalogNumbers","occurrence_data_20260622143552_DarwinCore_WisFlora_WIS_pre1958","character"
"otherCatalogNumbers","occurrence_data_20260622144330_DarwinCore_WisFlora_WIS_1958_1976","character"
"otherCatalogNumbers","occurrence_data_20260622144555_DarwinCore_WisFlora_WIS_post1976","character"
"otherCatalogNumbers","occurrence_data_20260630112217_DarwinCore_WisFlora_except_MIN_WIS_UWGB","character"
"otherCatalogNumbers","occurrences_2026_06_20_233021_DarwinCore_Bell_Atlas_Execept_MIN","character"
"otherCatalogNumbers","occurrences_2026_06_22_222501_Consortium_except_UWM_UWSP_WIS_MN","character"
"otherCatalogNumbers","occurrences_2026_06_22_222928_DarwinCore_Consortium_UWM_UWSP","character"
"ownerInstitutionCode","DarwinCore_2026_06_21_212202_Consortium_MN_1946_1990","logical"
"ownerInstitutionCode","DarwinCore_2026_06_21_212202_Consortium_MN_post1990","logical"
"ownerInstitutionCode","DarwinCore_2026_06_21_212202_Consortium_MN_pre1946","logical"
"ownerInstitutionCode","DarwinCore_2026_06_21_212202_Consortium_MN_year_na","logical"
"ownerInstitutionCode","DarwinCore_2026_06_21_220149_Consortium_WIS_1940_1960","logical"
"ownerInstitutionCode","DarwinCore_2026_06_21_220149_Consortium_WIS_1961_1976","logical"
"ownerInstitutionCode","DarwinCore_2026_06_21_220149_Consortium_WIS_1977_2000","logical"
"ownerInstitutionCode","DarwinCore_2026_06_21_220149_Consortium_WIS_post2000","character"
"ownerInstitutionCode","DarwinCore_2026_06_21_220149_Consortium_WIS_pre1940","logical"
"ownerInstitutionCode","DarwinCore_2026_06_21_220149_Consortium_WIS_year_na","logical"
"ownerInstitutionCode","DarwinCore_2026_06_22_230410_Bell_MN_1946_1985","logical"
"ownerInstitutionCode","DarwinCore_2026_06_22_230410_Bell_MN_1986_2000","logical"
"ownerInstitutionCode","DarwinCore_2026_06_22_230410_Bell_MN_post2000","logical"
"ownerInstitutionCode","DarwinCore_2026_06_22_230410_Bell_MN_pre1946","logical"
"ownerInstitutionCode","DarwinCore_2026_06_22_230410_Bell_MN_year_na","logical"
"ownerInstitutionCode","occurrence_data_20260622140939_DarwinCore_WisFlora_MIN_UWGB","logical"
"ownerInstitutionCode","occurrence_data_20260622143552_DarwinCore_WisFlora_WIS_pre1958","logical"
"ownerInstitutionCode","occurrence_data_20260622144330_DarwinCore_WisFlora_WIS_1958_1976","logical"
"ownerInstitutionCode","occurrence_data_20260622144555_DarwinCore_WisFlora_WIS_post1976","character"
"ownerInstitutionCode","occurrence_data_20260630112217_DarwinCore_WisFlora_except_MIN_WIS_UWGB","character"
"ownerInstitutionCode","occurrences_2026_06_20_233021_DarwinCore_Bell_Atlas_Execept_MIN","logical"
"ownerInstitutionCode","occurrences_2026_06_22_222501_Consortium_except_UWM_UWSP_WIS_MN","character"
"ownerInstitutionCode","occurrences_2026_06_22_222928_DarwinCore_Consortium_UWM_UWSP","character"
"phylum","DarwinCore_2026_06_21_212202_Consortium_MN_1946_1990","character"
"phylum","DarwinCore_2026_06_21_212202_Consortium_MN_post1990","character"
"phylum","DarwinCore_2026_06_21_212202_Consortium_MN_pre1946","character"
"phylum","DarwinCore_2026_06_21_212202_Consortium_MN_year_na","character"
"phylum","DarwinCore_2026_06_21_220149_Consortium_WIS_1940_1960","character"
"phylum","DarwinCore_2026_06_21_220149_Consortium_WIS_1961_1976","character"
"phylum","DarwinCore_2026_06_21_220149_Consortium_WIS_1977_2000","character"
"phylum","DarwinCore_2026_06_21_220149_Consortium_WIS_post2000","character"
"phylum","DarwinCore_2026_06_21_220149_Consortium_WIS_pre1940","character"
"phylum","DarwinCore_2026_06_21_220149_Consortium_WIS_year_na","character"
"phylum","DarwinCore_2026_06_22_230410_Bell_MN_1946_1985","character"
"phylum","DarwinCore_2026_06_22_230410_Bell_MN_1986_2000","character"
"phylum","DarwinCore_2026_06_22_230410_Bell_MN_post2000","character"
"phylum","DarwinCore_2026_06_22_230410_Bell_MN_pre1946","character"
"phylum","DarwinCore_2026_06_22_230410_Bell_MN_year_na","character"
"phylum","occurrence_data_20260622140939_DarwinCore_WisFlora_MIN_UWGB","character"
"phylum","occurrence_data_20260622143552_DarwinCore_WisFlora_WIS_pre1958","logical"
"phylum","occurrence_data_20260622144330_DarwinCore_WisFlora_WIS_1958_1976","logical"
"phylum","occurrence_data_20260622144555_DarwinCore_WisFlora_WIS_post1976","character"
"phylum","occurrence_data_20260630112217_DarwinCore_WisFlora_except_MIN_WIS_UWGB","character"
"phylum","occurrences_2026_06_20_233021_DarwinCore_Bell_Atlas_Execept_MIN","character"
"phylum","occurrences_2026_06_22_222501_Consortium_except_UWM_UWSP_WIS_MN","character"
"phylum","occurrences_2026_06_22_222928_DarwinCore_Consortium_UWM_UWSP","character"
"preparations","DarwinCore_2026_06_21_212202_Consortium_MN_1946_1990","character"
"preparations","DarwinCore_2026_06_21_212202_Consortium_MN_post1990","character"
"preparations","DarwinCore_2026_06_21_212202_Consortium_MN_pre1946","character"
"preparations","DarwinCore_2026_06_21_212202_Consortium_MN_year_na","character"
"preparations","DarwinCore_2026_06_21_220149_Consortium_WIS_1940_1960","character"
"preparations","DarwinCore_2026_06_21_220149_Consortium_WIS_1961_1976","character"
"preparations","DarwinCore_2026_06_21_220149_Consortium_WIS_1977_2000","character"
"preparations","DarwinCore_2026_06_21_220149_Consortium_WIS_post2000","character"
"preparations","DarwinCore_2026_06_21_220149_Consortium_WIS_pre1940","logical"
"preparations","DarwinCore_2026_06_21_220149_Consortium_WIS_year_na","character"
"preparations","DarwinCore_2026_06_22_230410_Bell_MN_1946_1985","character"
"preparations","DarwinCore_2026_06_22_230410_Bell_MN_1986_2000","character"
"preparations","DarwinCore_2026_06_22_230410_Bell_MN_post2000","character"
"preparations","DarwinCore_2026_06_22_230410_Bell_MN_pre1946","character"
"preparations","DarwinCore_2026_06_22_230410_Bell_MN_year_na","character"
"preparations","occurrence_data_20260622140939_DarwinCore_WisFlora_MIN_UWGB","character"
"preparations","occurrence_data_20260622143552_DarwinCore_WisFlora_WIS_pre1958","logical"
"preparations","occurrence_data_20260622144330_DarwinCore_WisFlora_WIS_1958_1976","logical"
"preparations","occurrence_data_20260622144555_DarwinCore_WisFlora_WIS_post1976","logical"
"preparations","occurrence_data_20260630112217_DarwinCore_WisFlora_except_MIN_WIS_UWGB","character"
"preparations","occurrences_2026_06_20_233021_DarwinCore_Bell_Atlas_Execept_MIN","character"
"preparations","occurrences_2026_06_22_222501_Consortium_except_UWM_UWSP_WIS_MN","character"
"preparations","occurrences_2026_06_22_222928_DarwinCore_Consortium_UWM_UWSP","character"
"recordedBy","DarwinCore_2026_06_21_212202_Consortium_MN_1946_1990","character"
"recordedBy","DarwinCore_2026_06_21_212202_Consortium_MN_post1990","character"
"recordedBy","DarwinCore_2026_06_21_212202_Consortium_MN_pre1946","character"
"recordedBy","DarwinCore_2026_06_21_212202_Consortium_MN_year_na","character"
"recordedBy","DarwinCore_2026_06_21_220149_Consortium_WIS_1940_1960","character"
"recordedBy","DarwinCore_2026_06_21_220149_Consortium_WIS_1961_1976","character"
"recordedBy","DarwinCore_2026_06_21_220149_Consortium_WIS_1977_2000","character"
"recordedBy","DarwinCore_2026_06_21_220149_Consortium_WIS_post2000","character"
"recordedBy","DarwinCore_2026_06_21_220149_Consortium_WIS_pre1940","character"
"recordedBy","DarwinCore_2026_06_21_220149_Consortium_WIS_year_na","character"
"recordedBy","DarwinCore_2026_06_22_230410_Bell_MN_1946_1985","character"
"recordedBy","DarwinCore_2026_06_22_230410_Bell_MN_1986_2000","character"
"recordedBy","DarwinCore_2026_06_22_230410_Bell_MN_post2000","character"
"recordedBy","DarwinCore_2026_06_22_230410_Bell_MN_pre1946","character"
"recordedBy","DarwinCore_2026_06_22_230410_Bell_MN_year_na","character"
"recordedBy","occurrence_data_20260622140939_DarwinCore_WisFlora_MIN_UWGB","character"
"recordedBy","occurrence_data_20260622143552_DarwinCore_WisFlora_WIS_pre1958","character"
"recordedBy","occurrence_data_20260622144330_DarwinCore_WisFlora_WIS_1958_1976","character"
"recordedBy","occurrence_data_20260622144555_DarwinCore_WisFlora_WIS_post1976","character"
"recordedBy","occurrence_data_20260630112217_DarwinCore_WisFlora_except_MIN_WIS_UWGB","character"
"recordedBy","occurrences_2026_06_20_233021_DarwinCore_Bell_Atlas_Execept_MIN","character"
"recordedBy","occurrences_2026_06_22_222501_Consortium_except_UWM_UWSP_WIS_MN","character"
"recordedBy","occurrences_2026_06_22_222928_DarwinCore_Consortium_UWM_UWSP","character"
"recordEnteredBy","DarwinCore_2026_06_21_212202_Consortium_MN_1946_1990","character"
"recordEnteredBy","DarwinCore_2026_06_21_212202_Consortium_MN_post1990","character"
"recordEnteredBy","DarwinCore_2026_06_21_212202_Consortium_MN_pre1946","character"
"recordEnteredBy","DarwinCore_2026_06_21_212202_Consortium_MN_year_na","character"
"recordEnteredBy","DarwinCore_2026_06_21_220149_Consortium_WIS_1940_1960","logical"
"recordEnteredBy","DarwinCore_2026_06_21_220149_Consortium_WIS_1961_1976","logical"
"recordEnteredBy","DarwinCore_2026_06_21_220149_Consortium_WIS_1977_2000","logical"
"recordEnteredBy","DarwinCore_2026_06_21_220149_Consortium_WIS_post2000","logical"
"recordEnteredBy","DarwinCore_2026_06_21_220149_Consortium_WIS_pre1940","character"
"recordEnteredBy","DarwinCore_2026_06_21_220149_Consortium_WIS_year_na","logical"
"recordEnteredBy","DarwinCore_2026_06_22_230410_Bell_MN_1946_1985","character"
"recordEnteredBy","DarwinCore_2026_06_22_230410_Bell_MN_1986_2000","character"
"recordEnteredBy","DarwinCore_2026_06_22_230410_Bell_MN_post2000","character"
"recordEnteredBy","DarwinCore_2026_06_22_230410_Bell_MN_pre1946","character"
"recordEnteredBy","DarwinCore_2026_06_22_230410_Bell_MN_year_na","character"
"recordEnteredBy","occurrence_data_20260622140939_DarwinCore_WisFlora_MIN_UWGB",NA
"recordEnteredBy","occurrence_data_20260622143552_DarwinCore_WisFlora_WIS_pre1958",NA
"recordEnteredBy","occurrence_data_20260622144330_DarwinCore_WisFlora_WIS_1958_1976",NA
"recordEnteredBy","occurrence_data_20260622144555_DarwinCore_WisFlora_WIS_post1976",NA
"recordEnteredBy","occurrence_data_20260630112217_DarwinCore_WisFlora_except_MIN_WIS_UWGB",NA
"recordEnteredBy","occurrences_2026_06_20_233021_DarwinCore_Bell_Atlas_Execept_MIN","character"
"recordEnteredBy","occurrences_2026_06_22_222501_Consortium_except_UWM_UWSP_WIS_MN","character"
"recordEnteredBy","occurrences_2026_06_22_222928_DarwinCore_Consortium_UWM_UWSP","character"
"recordId","DarwinCore_2026_06_21_212202_Consortium_MN_1946_1990",NA
"recordId","DarwinCore_2026_06_21_212202_Consortium_MN_post1990",NA
"recordId","DarwinCore_2026_06_21_212202_Consortium_MN_pre1946",NA
"recordId","DarwinCore_2026_06_21_212202_Consortium_MN_year_na",NA
"recordId","DarwinCore_2026_06_21_220149_Consortium_WIS_1940_1960",NA
"recordId","DarwinCore_2026_06_21_220149_Consortium_WIS_1961_1976",NA
"recordId","DarwinCore_2026_06_21_220149_Consortium_WIS_1977_2000",NA
"recordId","DarwinCore_2026_06_21_220149_Consortium_WIS_post2000",NA
"recordId","DarwinCore_2026_06_21_220149_Consortium_WIS_pre1940",NA
"recordId","DarwinCore_2026_06_21_220149_Consortium_WIS_year_na",NA
"recordId","DarwinCore_2026_06_22_230410_Bell_MN_1946_1985",NA
"recordId","DarwinCore_2026_06_22_230410_Bell_MN_1986_2000",NA
"recordId","DarwinCore_2026_06_22_230410_Bell_MN_post2000",NA
"recordId","DarwinCore_2026_06_22_230410_Bell_MN_pre1946",NA
"recordId","DarwinCore_2026_06_22_230410_Bell_MN_year_na",NA
"recordId","occurrence_data_20260622140939_DarwinCore_WisFlora_MIN_UWGB","character"
"recordId","occurrence_data_20260622143552_DarwinCore_WisFlora_WIS_pre1958","character"
"recordId","occurrence_data_20260622144330_DarwinCore_WisFlora_WIS_1958_1976","character"
"recordId","occurrence_data_20260622144555_DarwinCore_WisFlora_WIS_post1976","character"
"recordId","occurrence_data_20260630112217_DarwinCore_WisFlora_except_MIN_WIS_UWGB","character"
"recordId","occurrences_2026_06_20_233021_DarwinCore_Bell_Atlas_Execept_MIN",NA
"recordId","occurrences_2026_06_22_222501_Consortium_except_UWM_UWSP_WIS_MN",NA
"recordId","occurrences_2026_06_22_222928_DarwinCore_Consortium_UWM_UWSP",NA
"recordID","DarwinCore_2026_06_21_212202_Consortium_MN_1946_1990","character"
"recordID","DarwinCore_2026_06_21_212202_Consortium_MN_post1990","character"
"recordID","DarwinCore_2026_06_21_212202_Consortium_MN_pre1946","character"
"recordID","DarwinCore_2026_06_21_212202_Consortium_MN_year_na","character"
"recordID","DarwinCore_2026_06_21_220149_Consortium_WIS_1940_1960","character"
"recordID","DarwinCore_2026_06_21_220149_Consortium_WIS_1961_1976","character"
"recordID","DarwinCore_2026_06_21_220149_Consortium_WIS_1977_2000","character"
"recordID","DarwinCore_2026_06_21_220149_Consortium_WIS_post2000","character"
"recordID","DarwinCore_2026_06_21_220149_Consortium_WIS_pre1940","character"
"recordID","DarwinCore_2026_06_21_220149_Consortium_WIS_year_na","character"
"recordID","DarwinCore_2026_06_22_230410_Bell_MN_1946_1985","character"
"recordID","DarwinCore_2026_06_22_230410_Bell_MN_1986_2000","character"
"recordID","DarwinCore_2026_06_22_230410_Bell_MN_post2000","character"
"recordID","DarwinCore_2026_06_22_230410_Bell_MN_pre1946","character"
"recordID","DarwinCore_2026_06_22_230410_Bell_MN_year_na","character"
"recordID","occurrence_data_20260622140939_DarwinCore_WisFlora_MIN_UWGB",NA
"recordID","occurrence_data_20260622143552_DarwinCore_WisFlora_WIS_pre1958",NA
"recordID","occurrence_data_20260622144330_DarwinCore_WisFlora_WIS_1958_1976",NA
"recordID","occurrence_data_20260622144555_DarwinCore_WisFlora_WIS_post1976",NA
"recordID","occurrence_data_20260630112217_DarwinCore_WisFlora_except_MIN_WIS_UWGB",NA
"recordID","occurrences_2026_06_20_233021_DarwinCore_Bell_Atlas_Execept_MIN","character"
"recordID","occurrences_2026_06_22_222501_Consortium_except_UWM_UWSP_WIS_MN","character"
"recordID","occurrences_2026_06_22_222928_DarwinCore_Consortium_UWM_UWSP","character"
"recordNumber","DarwinCore_2026_06_21_212202_Consortium_MN_1946_1990","character"
"recordNumber","DarwinCore_2026_06_21_212202_Consortium_MN_post1990","character"
"recordNumber","DarwinCore_2026_06_21_212202_Consortium_MN_pre1946","character"
"recordNumber","DarwinCore_2026_06_21_212202_Consortium_MN_year_na","character"
"recordNumber","DarwinCore_2026_06_21_220149_Consortium_WIS_1940_1960","character"
"recordNumber","DarwinCore_2026_06_21_220149_Consortium_WIS_1961_1976","character"
"recordNumber","DarwinCore_2026_06_21_220149_Consortium_WIS_1977_2000","character"
"recordNumber","DarwinCore_2026_06_21_220149_Consortium_WIS_post2000","character"
"recordNumber","DarwinCore_2026_06_21_220149_Consortium_WIS_pre1940","character"
"recordNumber","DarwinCore_2026_06_21_220149_Consortium_WIS_year_na","character"
"recordNumber","DarwinCore_2026_06_22_230410_Bell_MN_1946_1985","character"
"recordNumber","DarwinCore_2026_06_22_230410_Bell_MN_1986_2000","character"
"recordNumber","DarwinCore_2026_06_22_230410_Bell_MN_post2000","character"
"recordNumber","DarwinCore_2026_06_22_230410_Bell_MN_pre1946","character"
"recordNumber","DarwinCore_2026_06_22_230410_Bell_MN_year_na","character"
"recordNumber","occurrence_data_20260622140939_DarwinCore_WisFlora_MIN_UWGB","character"
"recordNumber","occurrence_data_20260622143552_DarwinCore_WisFlora_WIS_pre1958","character"
"recordNumber","occurrence_data_20260622144330_DarwinCore_WisFlora_WIS_1958_1976","character"
"recordNumber","occurrence_data_20260622144555_DarwinCore_WisFlora_WIS_post1976","character"
"recordNumber","occurrence_data_20260630112217_DarwinCore_WisFlora_except_MIN_WIS_UWGB","character"
"recordNumber","occurrences_2026_06_20_233021_DarwinCore_Bell_Atlas_Execept_MIN","character"
"recordNumber","occurrences_2026_06_22_222501_Consortium_except_UWM_UWSP_WIS_MN","character"
"recordNumber","occurrences_2026_06_22_222928_DarwinCore_Consortium_UWM_UWSP","character"
"references","DarwinCore_2026_06_21_212202_Consortium_MN_1946_1990","character"
"references","DarwinCore_2026_06_21_212202_Consortium_MN_post1990","character"
"references","DarwinCore_2026_06_21_212202_Consortium_MN_pre1946","character"
"references","DarwinCore_2026_06_21_212202_Consortium_MN_year_na","character"
"references","DarwinCore_2026_06_21_220149_Consortium_WIS_1940_1960","character"
"references","DarwinCore_2026_06_21_220149_Consortium_WIS_1961_1976","character"
"references","DarwinCore_2026_06_21_220149_Consortium_WIS_1977_2000","character"
"references","DarwinCore_2026_06_21_220149_Consortium_WIS_post2000","character"
"references","DarwinCore_2026_06_21_220149_Consortium_WIS_pre1940","character"
"references","DarwinCore_2026_06_21_220149_Consortium_WIS_year_na","character"
"references","DarwinCore_2026_06_22_230410_Bell_MN_1946_1985","character"
"references","DarwinCore_2026_06_22_230410_Bell_MN_1986_2000","character"
"references","DarwinCore_2026_06_22_230410_Bell_MN_post2000","character"
"references","DarwinCore_2026_06_22_230410_Bell_MN_pre1946","character"
"references","DarwinCore_2026_06_22_230410_Bell_MN_year_na","character"
"references","occurrence_data_20260622140939_DarwinCore_WisFlora_MIN_UWGB","character"
"references","occurrence_data_20260622143552_DarwinCore_WisFlora_WIS_pre1958","character"
"references","occurrence_data_20260622144330_DarwinCore_WisFlora_WIS_1958_1976","character"
"references","occurrence_data_20260622144555_DarwinCore_WisFlora_WIS_post1976","character"
"references","occurrence_data_20260630112217_DarwinCore_WisFlora_except_MIN_WIS_UWGB","character"
"references","occurrences_2026_06_20_233021_DarwinCore_Bell_Atlas_Execept_MIN","character"
"references","occurrences_2026_06_22_222501_Consortium_except_UWM_UWSP_WIS_MN","character"
"references","occurrences_2026_06_22_222928_DarwinCore_Consortium_UWM_UWSP","character"
"reproductiveCondition","DarwinCore_2026_06_21_212202_Consortium_MN_1946_1990","character"
"reproductiveCondition","DarwinCore_2026_06_21_212202_Consortium_MN_post1990","character"
"reproductiveCondition","DarwinCore_2026_06_21_212202_Consortium_MN_pre1946","character"
"reproductiveCondition","DarwinCore_2026_06_21_212202_Consortium_MN_year_na","logical"
"reproductiveCondition","DarwinCore_2026_06_21_220149_Consortium_WIS_1940_1960","character"
"reproductiveCondition","DarwinCore_2026_06_21_220149_Consortium_WIS_1961_1976","character"
"reproductiveCondition","DarwinCore_2026_06_21_220149_Consortium_WIS_1977_2000","character"
"reproductiveCondition","DarwinCore_2026_06_21_220149_Consortium_WIS_post2000","character"
"reproductiveCondition","DarwinCore_2026_06_21_220149_Consortium_WIS_pre1940","character"
"reproductiveCondition","DarwinCore_2026_06_21_220149_Consortium_WIS_year_na","logical"
"reproductiveCondition","DarwinCore_2026_06_22_230410_Bell_MN_1946_1985","character"
"reproductiveCondition","DarwinCore_2026_06_22_230410_Bell_MN_1986_2000","character"
"reproductiveCondition","DarwinCore_2026_06_22_230410_Bell_MN_post2000","character"
"reproductiveCondition","DarwinCore_2026_06_22_230410_Bell_MN_pre1946","character"
"reproductiveCondition","DarwinCore_2026_06_22_230410_Bell_MN_year_na","logical"
"reproductiveCondition","occurrence_data_20260622140939_DarwinCore_WisFlora_MIN_UWGB","character"
"reproductiveCondition","occurrence_data_20260622143552_DarwinCore_WisFlora_WIS_pre1958","logical"
"reproductiveCondition","occurrence_data_20260622144330_DarwinCore_WisFlora_WIS_1958_1976","logical"
"reproductiveCondition","occurrence_data_20260622144555_DarwinCore_WisFlora_WIS_post1976","character"
"reproductiveCondition","occurrence_data_20260630112217_DarwinCore_WisFlora_except_MIN_WIS_UWGB","character"
"reproductiveCondition","occurrences_2026_06_20_233021_DarwinCore_Bell_Atlas_Execept_MIN","character"
"reproductiveCondition","occurrences_2026_06_22_222501_Consortium_except_UWM_UWSP_WIS_MN","character"
"reproductiveCondition","occurrences_2026_06_22_222928_DarwinCore_Consortium_UWM_UWSP","character"
"rights","DarwinCore_2026_06_21_212202_Consortium_MN_1946_1990","character"
"rights","DarwinCore_2026_06_21_212202_Consortium_MN_post1990","character"
"rights","DarwinCore_2026_06_21_212202_Consortium_MN_pre1946","character"
"rights","DarwinCore_2026_06_21_212202_Consortium_MN_year_na","character"
"rights","DarwinCore_2026_06_21_220149_Consortium_WIS_1940_1960","character"
"rights","DarwinCore_2026_06_21_220149_Consortium_WIS_1961_1976","character"
"rights","DarwinCore_2026_06_21_220149_Consortium_WIS_1977_2000","character"
"rights","DarwinCore_2026_06_21_220149_Consortium_WIS_post2000","character"
"rights","DarwinCore_2026_06_21_220149_Consortium_WIS_pre1940","character"
"rights","DarwinCore_2026_06_21_220149_Consortium_WIS_year_na","character"
"rights","DarwinCore_2026_06_22_230410_Bell_MN_1946_1985","character"
"rights","DarwinCore_2026_06_22_230410_Bell_MN_1986_2000","character"
"rights","DarwinCore_2026_06_22_230410_Bell_MN_post2000","character"
"rights","DarwinCore_2026_06_22_230410_Bell_MN_pre1946","character"
"rights","DarwinCore_2026_06_22_230410_Bell_MN_year_na","character"
"rights","occurrence_data_20260622140939_DarwinCore_WisFlora_MIN_UWGB","character"
"rights","occurrence_data_20260622143552_DarwinCore_WisFlora_WIS_pre1958","character"
"rights","occurrence_data_20260622144330_DarwinCore_WisFlora_WIS_1958_1976","character"
"rights","occurrence_data_20260622144555_DarwinCore_WisFlora_WIS_post1976","character"
"rights","occurrence_data_20260630112217_DarwinCore_WisFlora_except_MIN_WIS_UWGB","character"
"rights","occurrences_2026_06_20_233021_DarwinCore_Bell_Atlas_Execept_MIN","character"
"rights","occurrences_2026_06_22_222501_Consortium_except_UWM_UWSP_WIS_MN","character"
"rights","occurrences_2026_06_22_222928_DarwinCore_Consortium_UWM_UWSP","character"
"rightsHolder","DarwinCore_2026_06_21_212202_Consortium_MN_1946_1990","logical"
"rightsHolder","DarwinCore_2026_06_21_212202_Consortium_MN_post1990","logical"
"rightsHolder","DarwinCore_2026_06_21_212202_Consortium_MN_pre1946","logical"
"rightsHolder","DarwinCore_2026_06_21_212202_Consortium_MN_year_na","logical"
"rightsHolder","DarwinCore_2026_06_21_220149_Consortium_WIS_1940_1960","logical"
"rightsHolder","DarwinCore_2026_06_21_220149_Consortium_WIS_1961_1976","logical"
"rightsHolder","DarwinCore_2026_06_21_220149_Consortium_WIS_1977_2000","logical"
"rightsHolder","DarwinCore_2026_06_21_220149_Consortium_WIS_post2000","logical"
"rightsHolder","DarwinCore_2026_06_21_220149_Consortium_WIS_pre1940","logical"
"rightsHolder","DarwinCore_2026_06_21_220149_Consortium_WIS_year_na","logical"
"rightsHolder","DarwinCore_2026_06_22_230410_Bell_MN_1946_1985","character"
"rightsHolder","DarwinCore_2026_06_22_230410_Bell_MN_1986_2000","character"
"rightsHolder","DarwinCore_2026_06_22_230410_Bell_MN_post2000","character"
"rightsHolder","DarwinCore_2026_06_22_230410_Bell_MN_pre1946","character"
"rightsHolder","DarwinCore_2026_06_22_230410_Bell_MN_year_na","character"
"rightsHolder","occurrence_data_20260622140939_DarwinCore_WisFlora_MIN_UWGB","logical"
"rightsHolder","occurrence_data_20260622143552_DarwinCore_WisFlora_WIS_pre1958","logical"
"rightsHolder","occurrence_data_20260622144330_DarwinCore_WisFlora_WIS_1958_1976","logical"
"rightsHolder","occurrence_data_20260622144555_DarwinCore_WisFlora_WIS_post1976","logical"
"rightsHolder","occurrence_data_20260630112217_DarwinCore_WisFlora_except_MIN_WIS_UWGB","character"
"rightsHolder","occurrences_2026_06_20_233021_DarwinCore_Bell_Atlas_Execept_MIN","character"
"rightsHolder","occurrences_2026_06_22_222501_Consortium_except_UWM_UWSP_WIS_MN","logical"
"rightsHolder","occurrences_2026_06_22_222928_DarwinCore_Consortium_UWM_UWSP","character"
"samplingEffort","DarwinCore_2026_06_21_212202_Consortium_MN_1946_1990",NA
"samplingEffort","DarwinCore_2026_06_21_212202_Consortium_MN_post1990",NA
"samplingEffort","DarwinCore_2026_06_21_212202_Consortium_MN_pre1946",NA
"samplingEffort","DarwinCore_2026_06_21_212202_Consortium_MN_year_na",NA
"samplingEffort","DarwinCore_2026_06_21_220149_Consortium_WIS_1940_1960",NA
"samplingEffort","DarwinCore_2026_06_21_220149_Consortium_WIS_1961_1976",NA
"samplingEffort","DarwinCore_2026_06_21_220149_Consortium_WIS_1977_2000",NA
"samplingEffort","DarwinCore_2026_06_21_220149_Consortium_WIS_post2000",NA
"samplingEffort","DarwinCore_2026_06_21_220149_Consortium_WIS_pre1940",NA
"samplingEffort","DarwinCore_2026_06_21_220149_Consortium_WIS_year_na",NA
"samplingEffort","DarwinCore_2026_06_22_230410_Bell_MN_1946_1985",NA
"samplingEffort","DarwinCore_2026_06_22_230410_Bell_MN_1986_2000",NA
"samplingEffort","DarwinCore_2026_06_22_230410_Bell_MN_post2000",NA
"samplingEffort","DarwinCore_2026_06_22_230410_Bell_MN_pre1946",NA
"samplingEffort","DarwinCore_2026_06_22_230410_Bell_MN_year_na",NA
"samplingEffort","occurrence_data_20260622140939_DarwinCore_WisFlora_MIN_UWGB","logical"
"samplingEffort","occurrence_data_20260622143552_DarwinCore_WisFlora_WIS_pre1958","logical"
"samplingEffort","occurrence_data_20260622144330_DarwinCore_WisFlora_WIS_1958_1976","logical"
"samplingEffort","occurrence_data_20260622144555_DarwinCore_WisFlora_WIS_post1976","logical"
"samplingEffort","occurrence_data_20260630112217_DarwinCore_WisFlora_except_MIN_WIS_UWGB","character"
"samplingEffort","occurrences_2026_06_20_233021_DarwinCore_Bell_Atlas_Execept_MIN",NA
"samplingEffort","occurrences_2026_06_22_222501_Consortium_except_UWM_UWSP_WIS_MN",NA
"samplingEffort","occurrences_2026_06_22_222928_DarwinCore_Consortium_UWM_UWSP",NA
"samplingProtocol","DarwinCore_2026_06_21_212202_Consortium_MN_1946_1990","logical"
"samplingProtocol","DarwinCore_2026_06_21_212202_Consortium_MN_post1990","logical"
"samplingProtocol","DarwinCore_2026_06_21_212202_Consortium_MN_pre1946","logical"
"samplingProtocol","DarwinCore_2026_06_21_212202_Consortium_MN_year_na","logical"
"samplingProtocol","DarwinCore_2026_06_21_220149_Consortium_WIS_1940_1960","logical"
"samplingProtocol","DarwinCore_2026_06_21_220149_Consortium_WIS_1961_1976","logical"
"samplingProtocol","DarwinCore_2026_06_21_220149_Consortium_WIS_1977_2000","logical"
"samplingProtocol","DarwinCore_2026_06_21_220149_Consortium_WIS_post2000","logical"
"samplingProtocol","DarwinCore_2026_06_21_220149_Consortium_WIS_pre1940","logical"
"samplingProtocol","DarwinCore_2026_06_21_220149_Consortium_WIS_year_na","logical"
"samplingProtocol","DarwinCore_2026_06_22_230410_Bell_MN_1946_1985","logical"
"samplingProtocol","DarwinCore_2026_06_22_230410_Bell_MN_1986_2000","logical"
"samplingProtocol","DarwinCore_2026_06_22_230410_Bell_MN_post2000","logical"
"samplingProtocol","DarwinCore_2026_06_22_230410_Bell_MN_pre1946","logical"
"samplingProtocol","DarwinCore_2026_06_22_230410_Bell_MN_year_na","character"
"samplingProtocol","occurrence_data_20260622140939_DarwinCore_WisFlora_MIN_UWGB","logical"
"samplingProtocol","occurrence_data_20260622143552_DarwinCore_WisFlora_WIS_pre1958","logical"
"samplingProtocol","occurrence_data_20260622144330_DarwinCore_WisFlora_WIS_1958_1976","logical"
"samplingProtocol","occurrence_data_20260622144555_DarwinCore_WisFlora_WIS_post1976","logical"
"samplingProtocol","occurrence_data_20260630112217_DarwinCore_WisFlora_except_MIN_WIS_UWGB","character"
"samplingProtocol","occurrences_2026_06_20_233021_DarwinCore_Bell_Atlas_Execept_MIN","character"
"samplingProtocol","occurrences_2026_06_22_222501_Consortium_except_UWM_UWSP_WIS_MN","character"
"samplingProtocol","occurrences_2026_06_22_222928_DarwinCore_Consortium_UWM_UWSP","character"
"scientificName","DarwinCore_2026_06_21_212202_Consortium_MN_1946_1990","character"
"scientificName","DarwinCore_2026_06_21_212202_Consortium_MN_post1990","character"
"scientificName","DarwinCore_2026_06_21_212202_Consortium_MN_pre1946","character"
"scientificName","DarwinCore_2026_06_21_212202_Consortium_MN_year_na","character"
"scientificName","DarwinCore_2026_06_21_220149_Consortium_WIS_1940_1960","character"
"scientificName","DarwinCore_2026_06_21_220149_Consortium_WIS_1961_1976","character"
"scientificName","DarwinCore_2026_06_21_220149_Consortium_WIS_1977_2000","character"
"scientificName","DarwinCore_2026_06_21_220149_Consortium_WIS_post2000","character"
"scientificName","DarwinCore_2026_06_21_220149_Consortium_WIS_pre1940","character"
"scientificName","DarwinCore_2026_06_21_220149_Consortium_WIS_year_na","character"
"scientificName","DarwinCore_2026_06_22_230410_Bell_MN_1946_1985","character"
"scientificName","DarwinCore_2026_06_22_230410_Bell_MN_1986_2000","character"
"scientificName","DarwinCore_2026_06_22_230410_Bell_MN_post2000","character"
"scientificName","DarwinCore_2026_06_22_230410_Bell_MN_pre1946","character"
"scientificName","DarwinCore_2026_06_22_230410_Bell_MN_year_na","character"
"scientificName","occurrence_data_20260622140939_DarwinCore_WisFlora_MIN_UWGB","character"
"scientificName","occurrence_data_20260622143552_DarwinCore_WisFlora_WIS_pre1958","character"
"scientificName","occurrence_data_20260622144330_DarwinCore_WisFlora_WIS_1958_1976","character"
"scientificName","occurrence_data_20260622144555_DarwinCore_WisFlora_WIS_post1976","character"
"scientificName","occurrence_data_20260630112217_DarwinCore_WisFlora_except_MIN_WIS_UWGB","character"
"scientificName","occurrences_2026_06_20_233021_DarwinCore_Bell_Atlas_Execept_MIN","character"
"scientificName","occurrences_2026_06_22_222501_Consortium_except_UWM_UWSP_WIS_MN","character"
"scientificName","occurrences_2026_06_22_222928_DarwinCore_Consortium_UWM_UWSP","character"
"scientificNameAuthorship","DarwinCore_2026_06_21_212202_Consortium_MN_1946_1990","character"
"scientificNameAuthorship","DarwinCore_2026_06_21_212202_Consortium_MN_post1990","character"
"scientificNameAuthorship","DarwinCore_2026_06_21_212202_Consortium_MN_pre1946","character"
"scientificNameAuthorship","DarwinCore_2026_06_21_212202_Consortium_MN_year_na","character"
"scientificNameAuthorship","DarwinCore_2026_06_21_220149_Consortium_WIS_1940_1960","character"
"scientificNameAuthorship","DarwinCore_2026_06_21_220149_Consortium_WIS_1961_1976","character"
"scientificNameAuthorship","DarwinCore_2026_06_21_220149_Consortium_WIS_1977_2000","character"
"scientificNameAuthorship","DarwinCore_2026_06_21_220149_Consortium_WIS_post2000","character"
"scientificNameAuthorship","DarwinCore_2026_06_21_220149_Consortium_WIS_pre1940","character"
"scientificNameAuthorship","DarwinCore_2026_06_21_220149_Consortium_WIS_year_na","character"
"scientificNameAuthorship","DarwinCore_2026_06_22_230410_Bell_MN_1946_1985","character"
"scientificNameAuthorship","DarwinCore_2026_06_22_230410_Bell_MN_1986_2000","character"
"scientificNameAuthorship","DarwinCore_2026_06_22_230410_Bell_MN_post2000","character"
"scientificNameAuthorship","DarwinCore_2026_06_22_230410_Bell_MN_pre1946","character"
"scientificNameAuthorship","DarwinCore_2026_06_22_230410_Bell_MN_year_na","character"
"scientificNameAuthorship","occurrence_data_20260622140939_DarwinCore_WisFlora_MIN_UWGB","character"
"scientificNameAuthorship","occurrence_data_20260622143552_DarwinCore_WisFlora_WIS_pre1958","character"
"scientificNameAuthorship","occurrence_data_20260622144330_DarwinCore_WisFlora_WIS_1958_1976","character"
"scientificNameAuthorship","occurrence_data_20260622144555_DarwinCore_WisFlora_WIS_post1976","character"
"scientificNameAuthorship","occurrence_data_20260630112217_DarwinCore_WisFlora_except_MIN_WIS_UWGB","character"
"scientificNameAuthorship","occurrences_2026_06_20_233021_DarwinCore_Bell_Atlas_Execept_MIN","character"
"scientificNameAuthorship","occurrences_2026_06_22_222501_Consortium_except_UWM_UWSP_WIS_MN","character"
"scientificNameAuthorship","occurrences_2026_06_22_222928_DarwinCore_Consortium_UWM_UWSP","character"
"sex","DarwinCore_2026_06_21_212202_Consortium_MN_1946_1990","character"
"sex","DarwinCore_2026_06_21_212202_Consortium_MN_post1990","character"
"sex","DarwinCore_2026_06_21_212202_Consortium_MN_pre1946","character"
"sex","DarwinCore_2026_06_21_212202_Consortium_MN_year_na","logical"
"sex","DarwinCore_2026_06_21_220149_Consortium_WIS_1940_1960","character"
"sex","DarwinCore_2026_06_21_220149_Consortium_WIS_1961_1976","character"
"sex","DarwinCore_2026_06_21_220149_Consortium_WIS_1977_2000","character"
"sex","DarwinCore_2026_06_21_220149_Consortium_WIS_post2000","logical"
"sex","DarwinCore_2026_06_21_220149_Consortium_WIS_pre1940","character"
"sex","DarwinCore_2026_06_21_220149_Consortium_WIS_year_na","character"
"sex","DarwinCore_2026_06_22_230410_Bell_MN_1946_1985","character"
"sex","DarwinCore_2026_06_22_230410_Bell_MN_1986_2000","character"
"sex","DarwinCore_2026_06_22_230410_Bell_MN_post2000","character"
"sex","DarwinCore_2026_06_22_230410_Bell_MN_pre1946","character"
"sex","DarwinCore_2026_06_22_230410_Bell_MN_year_na","logical"
"sex","occurrence_data_20260622140939_DarwinCore_WisFlora_MIN_UWGB","character"
"sex","occurrence_data_20260622143552_DarwinCore_WisFlora_WIS_pre1958","logical"
"sex","occurrence_data_20260622144330_DarwinCore_WisFlora_WIS_1958_1976","logical"
"sex","occurrence_data_20260622144555_DarwinCore_WisFlora_WIS_post1976","logical"
"sex","occurrence_data_20260630112217_DarwinCore_WisFlora_except_MIN_WIS_UWGB","character"
"sex","occurrences_2026_06_20_233021_DarwinCore_Bell_Atlas_Execept_MIN","character"
"sex","occurrences_2026_06_22_222501_Consortium_except_UWM_UWSP_WIS_MN","character"
"sex","occurrences_2026_06_22_222928_DarwinCore_Consortium_UWM_UWSP","character"
"specificEpithet","DarwinCore_2026_06_21_212202_Consortium_MN_1946_1990","character"
"specificEpithet","DarwinCore_2026_06_21_212202_Consortium_MN_post1990","character"
"specificEpithet","DarwinCore_2026_06_21_212202_Consortium_MN_pre1946","character"
"specificEpithet","DarwinCore_2026_06_21_212202_Consortium_MN_year_na","character"
"specificEpithet","DarwinCore_2026_06_21_220149_Consortium_WIS_1940_1960","character"
"specificEpithet","DarwinCore_2026_06_21_220149_Consortium_WIS_1961_1976","character"
"specificEpithet","DarwinCore_2026_06_21_220149_Consortium_WIS_1977_2000","character"
"specificEpithet","DarwinCore_2026_06_21_220149_Consortium_WIS_post2000","character"
"specificEpithet","DarwinCore_2026_06_21_220149_Consortium_WIS_pre1940","character"
"specificEpithet","DarwinCore_2026_06_21_220149_Consortium_WIS_year_na","character"
"specificEpithet","DarwinCore_2026_06_22_230410_Bell_MN_1946_1985","character"
"specificEpithet","DarwinCore_2026_06_22_230410_Bell_MN_1986_2000","character"
"specificEpithet","DarwinCore_2026_06_22_230410_Bell_MN_post2000","character"
"specificEpithet","DarwinCore_2026_06_22_230410_Bell_MN_pre1946","character"
"specificEpithet","DarwinCore_2026_06_22_230410_Bell_MN_year_na","character"
"specificEpithet","occurrence_data_20260622140939_DarwinCore_WisFlora_MIN_UWGB","character"
"specificEpithet","occurrence_data_20260622143552_DarwinCore_WisFlora_WIS_pre1958","character"
"specificEpithet","occurrence_data_20260622144330_DarwinCore_WisFlora_WIS_1958_1976","character"
"specificEpithet","occurrence_data_20260622144555_DarwinCore_WisFlora_WIS_post1976","character"
"specificEpithet","occurrence_data_20260630112217_DarwinCore_WisFlora_except_MIN_WIS_UWGB","character"
"specificEpithet","occurrences_2026_06_20_233021_DarwinCore_Bell_Atlas_Execept_MIN","character"
"specificEpithet","occurrences_2026_06_22_222501_Consortium_except_UWM_UWSP_WIS_MN","character"
"specificEpithet","occurrences_2026_06_22_222928_DarwinCore_Consortium_UWM_UWSP","character"
"startDayOfYear","DarwinCore_2026_06_21_212202_Consortium_MN_1946_1990","integer"
"startDayOfYear","DarwinCore_2026_06_21_212202_Consortium_MN_post1990","integer"
"startDayOfYear","DarwinCore_2026_06_21_212202_Consortium_MN_pre1946","integer"
"startDayOfYear","DarwinCore_2026_06_21_212202_Consortium_MN_year_na","logical"
"startDayOfYear","DarwinCore_2026_06_21_220149_Consortium_WIS_1940_1960","integer"
"startDayOfYear","DarwinCore_2026_06_21_220149_Consortium_WIS_1961_1976","integer"
"startDayOfYear","DarwinCore_2026_06_21_220149_Consortium_WIS_1977_2000","integer"
"startDayOfYear","DarwinCore_2026_06_21_220149_Consortium_WIS_post2000","integer"
"startDayOfYear","DarwinCore_2026_06_21_220149_Consortium_WIS_pre1940","integer"
"startDayOfYear","DarwinCore_2026_06_21_220149_Consortium_WIS_year_na","logical"
"startDayOfYear","DarwinCore_2026_06_22_230410_Bell_MN_1946_1985","integer"
"startDayOfYear","DarwinCore_2026_06_22_230410_Bell_MN_1986_2000","integer"
"startDayOfYear","DarwinCore_2026_06_22_230410_Bell_MN_post2000","integer"
"startDayOfYear","DarwinCore_2026_06_22_230410_Bell_MN_pre1946","integer"
"startDayOfYear","DarwinCore_2026_06_22_230410_Bell_MN_year_na","integer"
"startDayOfYear","occurrence_data_20260622140939_DarwinCore_WisFlora_MIN_UWGB","integer"
"startDayOfYear","occurrence_data_20260622143552_DarwinCore_WisFlora_WIS_pre1958","integer"
"startDayOfYear","occurrence_data_20260622144330_DarwinCore_WisFlora_WIS_1958_1976","integer"
"startDayOfYear","occurrence_data_20260622144555_DarwinCore_WisFlora_WIS_post1976","integer"
"startDayOfYear","occurrence_data_20260630112217_DarwinCore_WisFlora_except_MIN_WIS_UWGB","character"
"startDayOfYear","occurrences_2026_06_20_233021_DarwinCore_Bell_Atlas_Execept_MIN","integer"
"startDayOfYear","occurrences_2026_06_22_222501_Consortium_except_UWM_UWSP_WIS_MN","integer"
"startDayOfYear","occurrences_2026_06_22_222928_DarwinCore_Consortium_UWM_UWSP","character"
"stateProvince","DarwinCore_2026_06_21_212202_Consortium_MN_1946_1990","character"
"stateProvince","DarwinCore_2026_06_21_212202_Consortium_MN_post1990","character"
"stateProvince","DarwinCore_2026_06_21_212202_Consortium_MN_pre1946","character"
"stateProvince","DarwinCore_2026_06_21_212202_Consortium_MN_year_na","character"
"stateProvince","DarwinCore_2026_06_21_220149_Consortium_WIS_1940_1960","character"
"stateProvince","DarwinCore_2026_06_21_220149_Consortium_WIS_1961_1976","character"
"stateProvince","DarwinCore_2026_06_21_220149_Consortium_WIS_1977_2000","character"
"stateProvince","DarwinCore_2026_06_21_220149_Consortium_WIS_post2000","character"
"stateProvince","DarwinCore_2026_06_21_220149_Consortium_WIS_pre1940","character"
"stateProvince","DarwinCore_2026_06_21_220149_Consortium_WIS_year_na","character"
"stateProvince","DarwinCore_2026_06_22_230410_Bell_MN_1946_1985","character"
"stateProvince","DarwinCore_2026_06_22_230410_Bell_MN_1986_2000","character"
"stateProvince","DarwinCore_2026_06_22_230410_Bell_MN_post2000","character"
"stateProvince","DarwinCore_2026_06_22_230410_Bell_MN_pre1946","character"
"stateProvince","DarwinCore_2026_06_22_230410_Bell_MN_year_na","character"
"stateProvince","occurrence_data_20260622140939_DarwinCore_WisFlora_MIN_UWGB","character"
"stateProvince","occurrence_data_20260622143552_DarwinCore_WisFlora_WIS_pre1958","character"
"stateProvince","occurrence_data_20260622144330_DarwinCore_WisFlora_WIS_1958_1976","character"
"stateProvince","occurrence_data_20260622144555_DarwinCore_WisFlora_WIS_post1976","character"
"stateProvince","occurrence_data_20260630112217_DarwinCore_WisFlora_except_MIN_WIS_UWGB","character"
"stateProvince","occurrences_2026_06_20_233021_DarwinCore_Bell_Atlas_Execept_MIN","character"
"stateProvince","occurrences_2026_06_22_222501_Consortium_except_UWM_UWSP_WIS_MN","character"
"stateProvince","occurrences_2026_06_22_222928_DarwinCore_Consortium_UWM_UWSP","character"
"subgenus","DarwinCore_2026_06_21_212202_Consortium_MN_1946_1990","logical"
"subgenus","DarwinCore_2026_06_21_212202_Consortium_MN_post1990","logical"
"subgenus","DarwinCore_2026_06_21_212202_Consortium_MN_pre1946","logical"
"subgenus","DarwinCore_2026_06_21_212202_Consortium_MN_year_na","logical"
"subgenus","DarwinCore_2026_06_21_220149_Consortium_WIS_1940_1960","logical"
"subgenus","DarwinCore_2026_06_21_220149_Consortium_WIS_1961_1976","logical"
"subgenus","DarwinCore_2026_06_21_220149_Consortium_WIS_1977_2000","logical"
"subgenus","DarwinCore_2026_06_21_220149_Consortium_WIS_post2000","logical"
"subgenus","DarwinCore_2026_06_21_220149_Consortium_WIS_pre1940","logical"
"subgenus","DarwinCore_2026_06_21_220149_Consortium_WIS_year_na","logical"
"subgenus","DarwinCore_2026_06_22_230410_Bell_MN_1946_1985","logical"
"subgenus","DarwinCore_2026_06_22_230410_Bell_MN_1986_2000","logical"
"subgenus","DarwinCore_2026_06_22_230410_Bell_MN_post2000","logical"
"subgenus","DarwinCore_2026_06_22_230410_Bell_MN_pre1946","logical"
"subgenus","DarwinCore_2026_06_22_230410_Bell_MN_year_na","logical"
"subgenus","occurrence_data_20260622140939_DarwinCore_WisFlora_MIN_UWGB",NA
"subgenus","occurrence_data_20260622143552_DarwinCore_WisFlora_WIS_pre1958",NA
"subgenus","occurrence_data_20260622144330_DarwinCore_WisFlora_WIS_1958_1976",NA
"subgenus","occurrence_data_20260622144555_DarwinCore_WisFlora_WIS_post1976",NA
"subgenus","occurrence_data_20260630112217_DarwinCore_WisFlora_except_MIN_WIS_UWGB",NA
"subgenus","occurrences_2026_06_20_233021_DarwinCore_Bell_Atlas_Execept_MIN","logical"
"subgenus","occurrences_2026_06_22_222501_Consortium_except_UWM_UWSP_WIS_MN","logical"
"subgenus","occurrences_2026_06_22_222928_DarwinCore_Consortium_UWM_UWSP","character"
"taxonID","DarwinCore_2026_06_21_212202_Consortium_MN_1946_1990","integer"
"taxonID","DarwinCore_2026_06_21_212202_Consortium_MN_post1990","integer"
"taxonID","DarwinCore_2026_06_21_212202_Consortium_MN_pre1946","integer"
"taxonID","DarwinCore_2026_06_21_212202_Consortium_MN_year_na","integer"
"taxonID","DarwinCore_2026_06_21_220149_Consortium_WIS_1940_1960","integer"
"taxonID","DarwinCore_2026_06_21_220149_Consortium_WIS_1961_1976","integer"
"taxonID","DarwinCore_2026_06_21_220149_Consortium_WIS_1977_2000","integer"
"taxonID","DarwinCore_2026_06_21_220149_Consortium_WIS_post2000","integer"
"taxonID","DarwinCore_2026_06_21_220149_Consortium_WIS_pre1940","integer"
"taxonID","DarwinCore_2026_06_21_220149_Consortium_WIS_year_na","integer"
"taxonID","DarwinCore_2026_06_22_230410_Bell_MN_1946_1985","integer"
"taxonID","DarwinCore_2026_06_22_230410_Bell_MN_1986_2000","integer"
"taxonID","DarwinCore_2026_06_22_230410_Bell_MN_post2000","integer"
"taxonID","DarwinCore_2026_06_22_230410_Bell_MN_pre1946","integer"
"taxonID","DarwinCore_2026_06_22_230410_Bell_MN_year_na","integer"
"taxonID","occurrence_data_20260622140939_DarwinCore_WisFlora_MIN_UWGB","integer"
"taxonID","occurrence_data_20260622143552_DarwinCore_WisFlora_WIS_pre1958","integer"
"taxonID","occurrence_data_20260622144330_DarwinCore_WisFlora_WIS_1958_1976","integer"
"taxonID","occurrence_data_20260622144555_DarwinCore_WisFlora_WIS_post1976","integer"
"taxonID","occurrence_data_20260630112217_DarwinCore_WisFlora_except_MIN_WIS_UWGB","character"
"taxonID","occurrences_2026_06_20_233021_DarwinCore_Bell_Atlas_Execept_MIN","integer"
"taxonID","occurrences_2026_06_22_222501_Consortium_except_UWM_UWSP_WIS_MN","integer"
"taxonID","occurrences_2026_06_22_222928_DarwinCore_Consortium_UWM_UWSP","character"
"taxonRank","DarwinCore_2026_06_21_212202_Consortium_MN_1946_1990","character"
"taxonRank","DarwinCore_2026_06_21_212202_Consortium_MN_post1990","character"
"taxonRank","DarwinCore_2026_06_21_212202_Consortium_MN_pre1946","character"
"taxonRank","DarwinCore_2026_06_21_212202_Consortium_MN_year_na","character"
"taxonRank","DarwinCore_2026_06_21_220149_Consortium_WIS_1940_1960","character"
"taxonRank","DarwinCore_2026_06_21_220149_Consortium_WIS_1961_1976","character"
"taxonRank","DarwinCore_2026_06_21_220149_Consortium_WIS_1977_2000","character"
"taxonRank","DarwinCore_2026_06_21_220149_Consortium_WIS_post2000","character"
"taxonRank","DarwinCore_2026_06_21_220149_Consortium_WIS_pre1940","character"
"taxonRank","DarwinCore_2026_06_21_220149_Consortium_WIS_year_na","character"
"taxonRank","DarwinCore_2026_06_22_230410_Bell_MN_1946_1985","character"
"taxonRank","DarwinCore_2026_06_22_230410_Bell_MN_1986_2000","character"
"taxonRank","DarwinCore_2026_06_22_230410_Bell_MN_post2000","character"
"taxonRank","DarwinCore_2026_06_22_230410_Bell_MN_pre1946","character"
"taxonRank","DarwinCore_2026_06_22_230410_Bell_MN_year_na","character"
"taxonRank","occurrence_data_20260622140939_DarwinCore_WisFlora_MIN_UWGB","character"
"taxonRank","occurrence_data_20260622143552_DarwinCore_WisFlora_WIS_pre1958","character"
"taxonRank","occurrence_data_20260622144330_DarwinCore_WisFlora_WIS_1958_1976","character"
"taxonRank","occurrence_data_20260622144555_DarwinCore_WisFlora_WIS_post1976","character"
"taxonRank","occurrence_data_20260630112217_DarwinCore_WisFlora_except_MIN_WIS_UWGB","character"
"taxonRank","occurrences_2026_06_20_233021_DarwinCore_Bell_Atlas_Execept_MIN","character"
"taxonRank","occurrences_2026_06_22_222501_Consortium_except_UWM_UWSP_WIS_MN","character"
"taxonRank","occurrences_2026_06_22_222928_DarwinCore_Consortium_UWM_UWSP","character"
"taxonRemarks","DarwinCore_2026_06_21_212202_Consortium_MN_1946_1990","logical"
"taxonRemarks","DarwinCore_2026_06_21_212202_Consortium_MN_post1990","character"
"taxonRemarks","DarwinCore_2026_06_21_212202_Consortium_MN_pre1946","logical"
"taxonRemarks","DarwinCore_2026_06_21_212202_Consortium_MN_year_na","logical"
"taxonRemarks","DarwinCore_2026_06_21_220149_Consortium_WIS_1940_1960","character"
"taxonRemarks","DarwinCore_2026_06_21_220149_Consortium_WIS_1961_1976","character"
"taxonRemarks","DarwinCore_2026_06_21_220149_Consortium_WIS_1977_2000","character"
"taxonRemarks","DarwinCore_2026_06_21_220149_Consortium_WIS_post2000","character"
"taxonRemarks","DarwinCore_2026_06_21_220149_Consortium_WIS_pre1940","character"
"taxonRemarks","DarwinCore_2026_06_21_220149_Consortium_WIS_year_na","character"
"taxonRemarks","DarwinCore_2026_06_22_230410_Bell_MN_1946_1985","character"
"taxonRemarks","DarwinCore_2026_06_22_230410_Bell_MN_1986_2000","character"
"taxonRemarks","DarwinCore_2026_06_22_230410_Bell_MN_post2000","character"
"taxonRemarks","DarwinCore_2026_06_22_230410_Bell_MN_pre1946","character"
"taxonRemarks","DarwinCore_2026_06_22_230410_Bell_MN_year_na","logical"
"taxonRemarks","occurrence_data_20260622140939_DarwinCore_WisFlora_MIN_UWGB","logical"
"taxonRemarks","occurrence_data_20260622143552_DarwinCore_WisFlora_WIS_pre1958","character"
"taxonRemarks","occurrence_data_20260622144330_DarwinCore_WisFlora_WIS_1958_1976","character"
"taxonRemarks","occurrence_data_20260622144555_DarwinCore_WisFlora_WIS_post1976","character"
"taxonRemarks","occurrence_data_20260630112217_DarwinCore_WisFlora_except_MIN_WIS_UWGB","character"
"taxonRemarks","occurrences_2026_06_20_233021_DarwinCore_Bell_Atlas_Execept_MIN","character"
"taxonRemarks","occurrences_2026_06_22_222501_Consortium_except_UWM_UWSP_WIS_MN","character"
"taxonRemarks","occurrences_2026_06_22_222928_DarwinCore_Consortium_UWM_UWSP","character"
"tradeName","DarwinCore_2026_06_21_212202_Consortium_MN_1946_1990","logical"
"tradeName","DarwinCore_2026_06_21_212202_Consortium_MN_post1990","logical"
"tradeName","DarwinCore_2026_06_21_212202_Consortium_MN_pre1946","logical"
"tradeName","DarwinCore_2026_06_21_212202_Consortium_MN_year_na","logical"
"tradeName","DarwinCore_2026_06_21_220149_Consortium_WIS_1940_1960","logical"
"tradeName","DarwinCore_2026_06_21_220149_Consortium_WIS_1961_1976","logical"
"tradeName","DarwinCore_2026_06_21_220149_Consortium_WIS_1977_2000","logical"
"tradeName","DarwinCore_2026_06_21_220149_Consortium_WIS_post2000","logical"
"tradeName","DarwinCore_2026_06_21_220149_Consortium_WIS_pre1940","logical"
"tradeName","DarwinCore_2026_06_21_220149_Consortium_WIS_year_na","logical"
"tradeName","DarwinCore_2026_06_22_230410_Bell_MN_1946_1985","logical"
"tradeName","DarwinCore_2026_06_22_230410_Bell_MN_1986_2000","logical"
"tradeName","DarwinCore_2026_06_22_230410_Bell_MN_post2000","logical"
"tradeName","DarwinCore_2026_06_22_230410_Bell_MN_pre1946","logical"
"tradeName","DarwinCore_2026_06_22_230410_Bell_MN_year_na","logical"
"tradeName","occurrence_data_20260622140939_DarwinCore_WisFlora_MIN_UWGB",NA
"tradeName","occurrence_data_20260622143552_DarwinCore_WisFlora_WIS_pre1958",NA
"tradeName","occurrence_data_20260622144330_DarwinCore_WisFlora_WIS_1958_1976",NA
"tradeName","occurrence_data_20260622144555_DarwinCore_WisFlora_WIS_post1976",NA
"tradeName","occurrence_data_20260630112217_DarwinCore_WisFlora_except_MIN_WIS_UWGB",NA
"tradeName","occurrences_2026_06_20_233021_DarwinCore_Bell_Atlas_Execept_MIN","logical"
"tradeName","occurrences_2026_06_22_222501_Consortium_except_UWM_UWSP_WIS_MN","logical"
"tradeName","occurrences_2026_06_22_222928_DarwinCore_Consortium_UWM_UWSP","character"
"typeStatus","DarwinCore_2026_06_21_212202_Consortium_MN_1946_1990","character"
"typeStatus","DarwinCore_2026_06_21_212202_Consortium_MN_post1990","character"
"typeStatus","DarwinCore_2026_06_21_212202_Consortium_MN_pre1946","character"
"typeStatus","DarwinCore_2026_06_21_212202_Consortium_MN_year_na","character"
"typeStatus","DarwinCore_2026_06_21_220149_Consortium_WIS_1940_1960","character"
"typeStatus","DarwinCore_2026_06_21_220149_Consortium_WIS_1961_1976","character"
"typeStatus","DarwinCore_2026_06_21_220149_Consortium_WIS_1977_2000","character"
"typeStatus","DarwinCore_2026_06_21_220149_Consortium_WIS_post2000","character"
"typeStatus","DarwinCore_2026_06_21_220149_Consortium_WIS_pre1940","character"
"typeStatus","DarwinCore_2026_06_21_220149_Consortium_WIS_year_na","character"
"typeStatus","DarwinCore_2026_06_22_230410_Bell_MN_1946_1985","character"
"typeStatus","DarwinCore_2026_06_22_230410_Bell_MN_1986_2000","character"
"typeStatus","DarwinCore_2026_06_22_230410_Bell_MN_post2000","character"
"typeStatus","DarwinCore_2026_06_22_230410_Bell_MN_pre1946","character"
"typeStatus","DarwinCore_2026_06_22_230410_Bell_MN_year_na","character"
"typeStatus","occurrence_data_20260622140939_DarwinCore_WisFlora_MIN_UWGB","character"
"typeStatus","occurrence_data_20260622143552_DarwinCore_WisFlora_WIS_pre1958","character"
"typeStatus","occurrence_data_20260622144330_DarwinCore_WisFlora_WIS_1958_1976","character"
"typeStatus","occurrence_data_20260622144555_DarwinCore_WisFlora_WIS_post1976","character"
"typeStatus","occurrence_data_20260630112217_DarwinCore_WisFlora_except_MIN_WIS_UWGB","character"
"typeStatus","occurrences_2026_06_20_233021_DarwinCore_Bell_Atlas_Execept_MIN","character"
"typeStatus","occurrences_2026_06_22_222501_Consortium_except_UWM_UWSP_WIS_MN","character"
"typeStatus","occurrences_2026_06_22_222928_DarwinCore_Consortium_UWM_UWSP","character"
"verbatimCoordinates","DarwinCore_2026_06_21_212202_Consortium_MN_1946_1990","character"
"verbatimCoordinates","DarwinCore_2026_06_21_212202_Consortium_MN_post1990","character"
"verbatimCoordinates","DarwinCore_2026_06_21_212202_Consortium_MN_pre1946","character"
"verbatimCoordinates","DarwinCore_2026_06_21_212202_Consortium_MN_year_na","character"
"verbatimCoordinates","DarwinCore_2026_06_21_220149_Consortium_WIS_1940_1960","character"
"verbatimCoordinates","DarwinCore_2026_06_21_220149_Consortium_WIS_1961_1976","character"
"verbatimCoordinates","DarwinCore_2026_06_21_220149_Consortium_WIS_1977_2000","character"
"verbatimCoordinates","DarwinCore_2026_06_21_220149_Consortium_WIS_post2000","character"
"verbatimCoordinates","DarwinCore_2026_06_21_220149_Consortium_WIS_pre1940","character"
"verbatimCoordinates","DarwinCore_2026_06_21_220149_Consortium_WIS_year_na","character"
"verbatimCoordinates","DarwinCore_2026_06_22_230410_Bell_MN_1946_1985","character"
"verbatimCoordinates","DarwinCore_2026_06_22_230410_Bell_MN_1986_2000","character"
"verbatimCoordinates","DarwinCore_2026_06_22_230410_Bell_MN_post2000","character"
"verbatimCoordinates","DarwinCore_2026_06_22_230410_Bell_MN_pre1946","character"
"verbatimCoordinates","DarwinCore_2026_06_22_230410_Bell_MN_year_na","character"
"verbatimCoordinates","occurrence_data_20260622140939_DarwinCore_WisFlora_MIN_UWGB","character"
"verbatimCoordinates","occurrence_data_20260622143552_DarwinCore_WisFlora_WIS_pre1958","character"
"verbatimCoordinates","occurrence_data_20260622144330_DarwinCore_WisFlora_WIS_1958_1976","character"
"verbatimCoordinates","occurrence_data_20260622144555_DarwinCore_WisFlora_WIS_post1976","character"
"verbatimCoordinates","occurrence_data_20260630112217_DarwinCore_WisFlora_except_MIN_WIS_UWGB","character"
"verbatimCoordinates","occurrences_2026_06_20_233021_DarwinCore_Bell_Atlas_Execept_MIN","character"
"verbatimCoordinates","occurrences_2026_06_22_222501_Consortium_except_UWM_UWSP_WIS_MN","character"
"verbatimCoordinates","occurrences_2026_06_22_222928_DarwinCore_Consortium_UWM_UWSP","character"
"verbatimCoordinateSystem","DarwinCore_2026_06_21_212202_Consortium_MN_1946_1990",NA
"verbatimCoordinateSystem","DarwinCore_2026_06_21_212202_Consortium_MN_post1990",NA
"verbatimCoordinateSystem","DarwinCore_2026_06_21_212202_Consortium_MN_pre1946",NA
"verbatimCoordinateSystem","DarwinCore_2026_06_21_212202_Consortium_MN_year_na",NA
"verbatimCoordinateSystem","DarwinCore_2026_06_21_220149_Consortium_WIS_1940_1960",NA
"verbatimCoordinateSystem","DarwinCore_2026_06_21_220149_Consortium_WIS_1961_1976",NA
"verbatimCoordinateSystem","DarwinCore_2026_06_21_220149_Consortium_WIS_1977_2000",NA
"verbatimCoordinateSystem","DarwinCore_2026_06_21_220149_Consortium_WIS_post2000",NA
"verbatimCoordinateSystem","DarwinCore_2026_06_21_220149_Consortium_WIS_pre1940",NA
"verbatimCoordinateSystem","DarwinCore_2026_06_21_220149_Consortium_WIS_year_na",NA
"verbatimCoordinateSystem","DarwinCore_2026_06_22_230410_Bell_MN_1946_1985",NA
"verbatimCoordinateSystem","DarwinCore_2026_06_22_230410_Bell_MN_1986_2000",NA
"verbatimCoordinateSystem","DarwinCore_2026_06_22_230410_Bell_MN_post2000",NA
"verbatimCoordinateSystem","DarwinCore_2026_06_22_230410_Bell_MN_pre1946",NA
"verbatimCoordinateSystem","DarwinCore_2026_06_22_230410_Bell_MN_year_na",NA
"verbatimCoordinateSystem","occurrence_data_20260622140939_DarwinCore_WisFlora_MIN_UWGB","logical"
"verbatimCoordinateSystem","occurrence_data_20260622143552_DarwinCore_WisFlora_WIS_pre1958","logical"
"verbatimCoordinateSystem","occurrence_data_20260622144330_DarwinCore_WisFlora_WIS_1958_1976","logical"
"verbatimCoordinateSystem","occurrence_data_20260622144555_DarwinCore_WisFlora_WIS_post1976","logical"
"verbatimCoordinateSystem","occurrence_data_20260630112217_DarwinCore_WisFlora_except_MIN_WIS_UWGB","character"
"verbatimCoordinateSystem","occurrences_2026_06_20_233021_DarwinCore_Bell_Atlas_Execept_MIN",NA
"verbatimCoordinateSystem","occurrences_2026_06_22_222501_Consortium_except_UWM_UWSP_WIS_MN",NA
"verbatimCoordinateSystem","occurrences_2026_06_22_222928_DarwinCore_Consortium_UWM_UWSP",NA
"verbatimDepth","DarwinCore_2026_06_21_212202_Consortium_MN_1946_1990","character"
"verbatimDepth","DarwinCore_2026_06_21_212202_Consortium_MN_post1990","character"
"verbatimDepth","DarwinCore_2026_06_21_212202_Consortium_MN_pre1946","character"
"verbatimDepth","DarwinCore_2026_06_21_212202_Consortium_MN_year_na","character"
"verbatimDepth","DarwinCore_2026_06_21_220149_Consortium_WIS_1940_1960","character"
"verbatimDepth","DarwinCore_2026_06_21_220149_Consortium_WIS_1961_1976","character"
"verbatimDepth","DarwinCore_2026_06_21_220149_Consortium_WIS_1977_2000","character"
"verbatimDepth","DarwinCore_2026_06_21_220149_Consortium_WIS_post2000","logical"
"verbatimDepth","DarwinCore_2026_06_21_220149_Consortium_WIS_pre1940","character"
"verbatimDepth","DarwinCore_2026_06_21_220149_Consortium_WIS_year_na","logical"
"verbatimDepth","DarwinCore_2026_06_22_230410_Bell_MN_1946_1985","character"
"verbatimDepth","DarwinCore_2026_06_22_230410_Bell_MN_1986_2000","character"
"verbatimDepth","DarwinCore_2026_06_22_230410_Bell_MN_post2000","character"
"verbatimDepth","DarwinCore_2026_06_22_230410_Bell_MN_pre1946","character"
"verbatimDepth","DarwinCore_2026_06_22_230410_Bell_MN_year_na","character"
"verbatimDepth","occurrence_data_20260622140939_DarwinCore_WisFlora_MIN_UWGB","logical"
"verbatimDepth","occurrence_data_20260622143552_DarwinCore_WisFlora_WIS_pre1958","logical"
"verbatimDepth","occurrence_data_20260622144330_DarwinCore_WisFlora_WIS_1958_1976","logical"
"verbatimDepth","occurrence_data_20260622144555_DarwinCore_WisFlora_WIS_post1976","logical"
"verbatimDepth","occurrence_data_20260630112217_DarwinCore_WisFlora_except_MIN_WIS_UWGB","character"
"verbatimDepth","occurrences_2026_06_20_233021_DarwinCore_Bell_Atlas_Execept_MIN","character"
"verbatimDepth","occurrences_2026_06_22_222501_Consortium_except_UWM_UWSP_WIS_MN","character"
"verbatimDepth","occurrences_2026_06_22_222928_DarwinCore_Consortium_UWM_UWSP","character"
"verbatimElevation","DarwinCore_2026_06_21_212202_Consortium_MN_1946_1990","character"
"verbatimElevation","DarwinCore_2026_06_21_212202_Consortium_MN_post1990","character"
"verbatimElevation","DarwinCore_2026_06_21_212202_Consortium_MN_pre1946","character"
"verbatimElevation","DarwinCore_2026_06_21_212202_Consortium_MN_year_na","character"
"verbatimElevation","DarwinCore_2026_06_21_220149_Consortium_WIS_1940_1960","character"
"verbatimElevation","DarwinCore_2026_06_21_220149_Consortium_WIS_1961_1976","character"
"verbatimElevation","DarwinCore_2026_06_21_220149_Consortium_WIS_1977_2000","character"
"verbatimElevation","DarwinCore_2026_06_21_220149_Consortium_WIS_post2000","character"
"verbatimElevation","DarwinCore_2026_06_21_220149_Consortium_WIS_pre1940","character"
"verbatimElevation","DarwinCore_2026_06_21_220149_Consortium_WIS_year_na","character"
"verbatimElevation","DarwinCore_2026_06_22_230410_Bell_MN_1946_1985","character"
"verbatimElevation","DarwinCore_2026_06_22_230410_Bell_MN_1986_2000","character"
"verbatimElevation","DarwinCore_2026_06_22_230410_Bell_MN_post2000","character"
"verbatimElevation","DarwinCore_2026_06_22_230410_Bell_MN_pre1946","character"
"verbatimElevation","DarwinCore_2026_06_22_230410_Bell_MN_year_na","character"
"verbatimElevation","occurrence_data_20260622140939_DarwinCore_WisFlora_MIN_UWGB","character"
"verbatimElevation","occurrence_data_20260622143552_DarwinCore_WisFlora_WIS_pre1958","character"
"verbatimElevation","occurrence_data_20260622144330_DarwinCore_WisFlora_WIS_1958_1976","character"
"verbatimElevation","occurrence_data_20260622144555_DarwinCore_WisFlora_WIS_post1976","character"
"verbatimElevation","occurrence_data_20260630112217_DarwinCore_WisFlora_except_MIN_WIS_UWGB","character"
"verbatimElevation","occurrences_2026_06_20_233021_DarwinCore_Bell_Atlas_Execept_MIN","character"
"verbatimElevation","occurrences_2026_06_22_222501_Consortium_except_UWM_UWSP_WIS_MN","character"
"verbatimElevation","occurrences_2026_06_22_222928_DarwinCore_Consortium_UWM_UWSP","character"
"verbatimEventDate","DarwinCore_2026_06_21_212202_Consortium_MN_1946_1990","character"
"verbatimEventDate","DarwinCore_2026_06_21_212202_Consortium_MN_post1990","character"
"verbatimEventDate","DarwinCore_2026_06_21_212202_Consortium_MN_pre1946","character"
"verbatimEventDate","DarwinCore_2026_06_21_212202_Consortium_MN_year_na","character"
"verbatimEventDate","DarwinCore_2026_06_21_220149_Consortium_WIS_1940_1960","character"
"verbatimEventDate","DarwinCore_2026_06_21_220149_Consortium_WIS_1961_1976","character"
"verbatimEventDate","DarwinCore_2026_06_21_220149_Consortium_WIS_1977_2000","character"
"verbatimEventDate","DarwinCore_2026_06_21_220149_Consortium_WIS_post2000","character"
"verbatimEventDate","DarwinCore_2026_06_21_220149_Consortium_WIS_pre1940","character"
"verbatimEventDate","DarwinCore_2026_06_21_220149_Consortium_WIS_year_na","character"
"verbatimEventDate","DarwinCore_2026_06_22_230410_Bell_MN_1946_1985","character"
"verbatimEventDate","DarwinCore_2026_06_22_230410_Bell_MN_1986_2000","character"
"verbatimEventDate","DarwinCore_2026_06_22_230410_Bell_MN_post2000","character"
"verbatimEventDate","DarwinCore_2026_06_22_230410_Bell_MN_pre1946","character"
"verbatimEventDate","DarwinCore_2026_06_22_230410_Bell_MN_year_na","character"
"verbatimEventDate","occurrence_data_20260622140939_DarwinCore_WisFlora_MIN_UWGB","character"
"verbatimEventDate","occurrence_data_20260622143552_DarwinCore_WisFlora_WIS_pre1958","character"
"verbatimEventDate","occurrence_data_20260622144330_DarwinCore_WisFlora_WIS_1958_1976","character"
"verbatimEventDate","occurrence_data_20260622144555_DarwinCore_WisFlora_WIS_post1976","character"
"verbatimEventDate","occurrence_data_20260630112217_DarwinCore_WisFlora_except_MIN_WIS_UWGB","character"
"verbatimEventDate","occurrences_2026_06_20_233021_DarwinCore_Bell_Atlas_Execept_MIN","character"
"verbatimEventDate","occurrences_2026_06_22_222501_Consortium_except_UWM_UWSP_WIS_MN","character"
"verbatimEventDate","occurrences_2026_06_22_222928_DarwinCore_Consortium_UWM_UWSP","character"
"verbatimTaxonRank","DarwinCore_2026_06_21_212202_Consortium_MN_1946_1990","character"
"verbatimTaxonRank","DarwinCore_2026_06_21_212202_Consortium_MN_post1990","character"
"verbatimTaxonRank","DarwinCore_2026_06_21_212202_Consortium_MN_pre1946","character"
"verbatimTaxonRank","DarwinCore_2026_06_21_212202_Consortium_MN_year_na","character"
"verbatimTaxonRank","DarwinCore_2026_06_21_220149_Consortium_WIS_1940_1960","character"
"verbatimTaxonRank","DarwinCore_2026_06_21_220149_Consortium_WIS_1961_1976","character"
"verbatimTaxonRank","DarwinCore_2026_06_21_220149_Consortium_WIS_1977_2000","character"
"verbatimTaxonRank","DarwinCore_2026_06_21_220149_Consortium_WIS_post2000","character"
"verbatimTaxonRank","DarwinCore_2026_06_21_220149_Consortium_WIS_pre1940","character"
"verbatimTaxonRank","DarwinCore_2026_06_21_220149_Consortium_WIS_year_na","character"
"verbatimTaxonRank","DarwinCore_2026_06_22_230410_Bell_MN_1946_1985","character"
"verbatimTaxonRank","DarwinCore_2026_06_22_230410_Bell_MN_1986_2000","character"
"verbatimTaxonRank","DarwinCore_2026_06_22_230410_Bell_MN_post2000","character"
"verbatimTaxonRank","DarwinCore_2026_06_22_230410_Bell_MN_pre1946","character"
"verbatimTaxonRank","DarwinCore_2026_06_22_230410_Bell_MN_year_na","character"
"verbatimTaxonRank","occurrence_data_20260622140939_DarwinCore_WisFlora_MIN_UWGB",NA
"verbatimTaxonRank","occurrence_data_20260622143552_DarwinCore_WisFlora_WIS_pre1958",NA
"verbatimTaxonRank","occurrence_data_20260622144330_DarwinCore_WisFlora_WIS_1958_1976",NA
"verbatimTaxonRank","occurrence_data_20260622144555_DarwinCore_WisFlora_WIS_post1976",NA
"verbatimTaxonRank","occurrence_data_20260630112217_DarwinCore_WisFlora_except_MIN_WIS_UWGB",NA
"verbatimTaxonRank","occurrences_2026_06_20_233021_DarwinCore_Bell_Atlas_Execept_MIN","character"
"verbatimTaxonRank","occurrences_2026_06_22_222501_Consortium_except_UWM_UWSP_WIS_MN","character"
"verbatimTaxonRank","occurrences_2026_06_22_222928_DarwinCore_Consortium_UWM_UWSP","character"
"vitality","DarwinCore_2026_06_21_212202_Consortium_MN_1946_1990","logical"
"vitality","DarwinCore_2026_06_21_212202_Consortium_MN_post1990","logical"
"vitality","DarwinCore_2026_06_21_212202_Consortium_MN_pre1946","logical"
"vitality","DarwinCore_2026_06_21_212202_Consortium_MN_year_na","logical"
"vitality","DarwinCore_2026_06_21_220149_Consortium_WIS_1940_1960","logical"
"vitality","DarwinCore_2026_06_21_220149_Consortium_WIS_1961_1976","logical"
"vitality","DarwinCore_2026_06_21_220149_Consortium_WIS_1977_2000","logical"
"vitality","DarwinCore_2026_06_21_220149_Consortium_WIS_post2000","logical"
"vitality","DarwinCore_2026_06_21_220149_Consortium_WIS_pre1940","logical"
"vitality","DarwinCore_2026_06_21_220149_Consortium_WIS_year_na","logical"
"vitality","DarwinCore_2026_06_22_230410_Bell_MN_1946_1985","logical"
"vitality","DarwinCore_2026_06_22_230410_Bell_MN_1986_2000","logical"
"vitality","DarwinCore_2026_06_22_230410_Bell_MN_post2000","logical"
"vitality","DarwinCore_2026_06_22_230410_Bell_MN_pre1946","logical"
"vitality","DarwinCore_2026_06_22_230410_Bell_MN_year_na","logical"
"vitality","occurrence_data_20260622140939_DarwinCore_WisFlora_MIN_UWGB",NA
"vitality","occurrence_data_20260622143552_DarwinCore_WisFlora_WIS_pre1958",NA
"vitality","occurrence_data_20260622144330_DarwinCore_WisFlora_WIS_1958_1976",NA
"vitality","occurrence_data_20260622144555_DarwinCore_WisFlora_WIS_post1976",NA
"vitality","occurrence_data_20260630112217_DarwinCore_WisFlora_except_MIN_WIS_UWGB",NA
"vitality","occurrences_2026_06_20_233021_DarwinCore_Bell_Atlas_Execept_MIN","logical"
"vitality","occurrences_2026_06_22_222501_Consortium_except_UWM_UWSP_WIS_MN","logical"
"vitality","occurrences_2026_06_22_222928_DarwinCore_Consortium_UWM_UWSP","character"
"waterBody","DarwinCore_2026_06_21_212202_Consortium_MN_1946_1990","logical"
"waterBody","DarwinCore_2026_06_21_212202_Consortium_MN_post1990","logical"
"waterBody","DarwinCore_2026_06_21_212202_Consortium_MN_pre1946","logical"
"waterBody","DarwinCore_2026_06_21_212202_Consortium_MN_year_na","logical"
"waterBody","DarwinCore_2026_06_21_220149_Consortium_WIS_1940_1960","logical"
"waterBody","DarwinCore_2026_06_21_220149_Consortium_WIS_1961_1976","logical"
"waterBody","DarwinCore_2026_06_21_220149_Consortium_WIS_1977_2000","logical"
"waterBody","DarwinCore_2026_06_21_220149_Consortium_WIS_post2000","logical"
"waterBody","DarwinCore_2026_06_21_220149_Consortium_WIS_pre1940","logical"
"waterBody","DarwinCore_2026_06_21_220149_Consortium_WIS_year_na","logical"
"waterBody","DarwinCore_2026_06_22_230410_Bell_MN_1946_1985","logical"
"waterBody","DarwinCore_2026_06_22_230410_Bell_MN_1986_2000","logical"
"waterBody","DarwinCore_2026_06_22_230410_Bell_MN_post2000","logical"
"waterBody","DarwinCore_2026_06_22_230410_Bell_MN_pre1946","logical"
"waterBody","DarwinCore_2026_06_22_230410_Bell_MN_year_na","logical"
"waterBody","occurrence_data_20260622140939_DarwinCore_WisFlora_MIN_UWGB","logical"
"waterBody","occurrence_data_20260622143552_DarwinCore_WisFlora_WIS_pre1958","logical"
"waterBody","occurrence_data_20260622144330_DarwinCore_WisFlora_WIS_1958_1976","logical"
"waterBody","occurrence_data_20260622144555_DarwinCore_WisFlora_WIS_post1976","logical"
"waterBody","occurrence_data_20260630112217_DarwinCore_WisFlora_except_MIN_WIS_UWGB","character"
"waterBody","occurrences_2026_06_20_233021_DarwinCore_Bell_Atlas_Execept_MIN","logical"
"waterBody","occurrences_2026_06_22_222501_Consortium_except_UWM_UWSP_WIS_MN","character"
"waterBody","occurrences_2026_06_22_222928_DarwinCore_Consortium_UWM_UWSP","character"
"year","DarwinCore_2026_06_21_212202_Consortium_MN_1946_1990","integer"
"year","DarwinCore_2026_06_21_212202_Consortium_MN_post1990","integer"
"year","DarwinCore_2026_06_21_212202_Consortium_MN_pre1946","integer"
"year","DarwinCore_2026_06_21_212202_Consortium_MN_year_na","logical"
"year","DarwinCore_2026_06_21_220149_Consortium_WIS_1940_1960","integer"
"year","DarwinCore_2026_06_21_220149_Consortium_WIS_1961_1976","integer"
"year","DarwinCore_2026_06_21_220149_Consortium_WIS_1977_2000","integer"
"year","DarwinCore_2026_06_21_220149_Consortium_WIS_post2000","integer"
"year","DarwinCore_2026_06_21_220149_Consortium_WIS_pre1940","integer"
"year","DarwinCore_2026_06_21_220149_Consortium_WIS_year_na","logical"
"year","DarwinCore_2026_06_22_230410_Bell_MN_1946_1985","integer"
"year","DarwinCore_2026_06_22_230410_Bell_MN_1986_2000","integer"
"year","DarwinCore_2026_06_22_230410_Bell_MN_post2000","integer"
"year","DarwinCore_2026_06_22_230410_Bell_MN_pre1946","integer"
"year","DarwinCore_2026_06_22_230410_Bell_MN_year_na","logical"
"year","occurrence_data_20260622140939_DarwinCore_WisFlora_MIN_UWGB","integer"
"year","occurrence_data_20260622143552_DarwinCore_WisFlora_WIS_pre1958","integer"
"year","occurrence_data_20260622144330_DarwinCore_WisFlora_WIS_1958_1976","integer"
"year","occurrence_data_20260622144555_DarwinCore_WisFlora_WIS_post1976","integer"
"year","occurrence_data_20260630112217_DarwinCore_WisFlora_except_MIN_WIS_UWGB","character"
"year","occurrences_2026_06_20_233021_DarwinCore_Bell_Atlas_Execept_MIN","integer"
"year","occurrences_2026_06_22_222501_Consortium_except_UWM_UWSP_WIS_MN","integer"
"year","occurrences_2026_06_22_222928_DarwinCore_Consortium_UWM_UWSP","character"
