OID,catalogNumber,N_latitude,W_longitude,N_latitude_D,W_longitude_D,DDLat,DDLon,TWP,RNG,DIR_ALPHA
1,SUWS010001,46.306170 N, 91.213480 W,46.30617,-91.21348,46.30617,-91.21348,44,7,W
2,SUWS010007,46.699660 N, 92.001580 W,46.69966,-92.00158,46.69966,-92.00158,49,13,W
3,SUWS010010,46.347170 N, 90.916300 W,46.34717,-90.9163,46.34717,-90.9163,45,4,W
4,SUWS010011,46.699660 N, 92.001580 W,46.69966,-92.00158,46.69966,-92.00158,49,13,W
5,SUWS010012,46.320620 N, 90.858620 W,46.32062,-90.85862,46.32062,-90.85862,44,4,W
6,SUWS010014,46.371730 N, 91.216080 W,46.37173,-91.21608,46.37173,-91.21608,45,7,W
7,SUWS010015,46.347170 N, 90.916300 W,46.34717,-90.9163,46.34717,-90.9163,45,4,W
8,SUWS010023,46.342280 N, 91.349010 W,46.34228,-91.34901,46.34228,-91.34901,45,8,W
9,SUWS010024,46.371730 N, 91.216080 W,46.37173,-91.21608,46.37173,-91.21608,45,7,W
10,SUWS010025,46.277800 N, 91.278910 W,46.2778,-91.27891,46.2778,-91.27891,44,7,W
11,SUWS010026,46.497910 N, 91.374860 W,46.49791,-91.37486,46.49791,-91.37486,46,8,W
12,SUWS010027,46.342280 N, 91.349010 W,46.34228,-91.34901,46.34228,-91.34901,45,8,W
13,SUWS010030,46.371730 N, 91.216080 W,46.37173,-91.21608,46.37173,-91.21608,45,7,W
14,SUWS010031,46.342280 N, 91.349010 W,46.34228,-91.34901,46.34228,-91.34901,45,8,W
15,SUWS010033,46.342280 N, 91.349010 W,46.34228,-91.34901,46.34228,-91.34901,45,8,W
16,SUWS010037,46.347170 N, 90.916300 W,46.34717,-90.9163,46.34717,-90.9163,45,4,W
17,SUWS010039,46.371730 N, 91.216080 W,46.37173,-91.21608,46.37173,-91.21608,45,7,W
18,SUWS010040,46.347170 N, 90.916300 W,46.34717,-90.9163,46.34717,-90.9163,45,4,W
19,SUWS010042,46.699660 N, 92.001580 W,46.69966,-92.00158,46.69966,-92.00158,49,13,W
20,SUWS010048,46.432150 N, 92.062230 W,46.43215,-92.06223,46.43215,-92.06223,46,14,W
21,SUWS010049,46.432150 N, 92.062230 W,46.43215,-92.06223,46.43215,-92.06223,46,14,W
22,SUWS010050,46.347170 N, 90.916300 W,46.34717,-90.9163,46.34717,-90.9163,45,4,W
23,SUWS010051,46.342280 N, 91.349010 W,46.34228,-91.34901,46.34228,-91.34901,45,8,W
24,SUWS010052,46.506260 N, 91.367040 W,46.50626,-91.36704,46.50626,-91.36704,47,8,W
25,SUWS010053,46.371730 N, 91.216080 W,46.37173,-91.21608,46.37173,-91.21608,45,7,W
26,SUWS010054,46.342280 N, 91.349010 W,46.34228,-91.34901,46.34228,-91.34901,45,8,W
27,SUWS010056,46.506260 N, 91.367040 W,46.50626,-91.36704,46.50626,-91.36704,47,8,W
28,SUWS010070,46.339910 N, 91.364460 W,46.33991,-91.36446,46.33991,-91.36446,45,8,W
29,SUWS010072,45.826940 N, 90.400430 W,45.82694,-90.40043,45.82694,-90.40043,39,1,E
30,SUWS010073,46.400730 N, 91.417150 W,46.40073,-91.41715,46.40073,-91.41715,45,8,W
31,SUWS010075,46.628870 N, 91.318530 W,46.62887,-91.31853,46.62887,-91.31853,48,8,W
32,SUWS010076,46.186610 N, 91.988150 W,46.18661,-91.98815,46.18661,-91.98815,43,13,W
33,SUWS010078,46.732160 N, 92.066300 W,46.73216,-92.0663,46.73216,-92.0663,49,14,W
34,SUWS010090,46.342280 N, 91.349010 W,46.34228,-91.34901,46.34228,-91.34901,45,8,W
35,SUWS010091,46.342280 N, 91.349010 W,46.34228,-91.34901,46.34228,-91.34901,45,8,W
36,SUWS010095,46.342280 N, 91.349010 W,46.34228,-91.34901,46.34228,-91.34901,45,8,W
37,SUWS010097,46.342280 N, 91.349010 W,46.34228,-91.34901,46.34228,-91.34901,45,8,W
38,SUWS010098,46.342280 N, 91.349010 W,46.34228,-91.34901,46.34228,-91.34901,45,8,W
39,SUWS010103,46.694720 N, 91.992650 W,46.69472,-91.99265,46.69472,-91.99265,49,13,W
40,SUWS010119,46.130350 N, 90.668670 W,46.13035,-90.66867,46.13035,-90.66867,42,2,W
41,SUWS010121,46.336850 N, 91.362820 W,46.33685,-91.36282,46.33685,-91.36282,45,8,W
42,SUWS010126,46.478830 N, 91.602970 W,46.47883,-91.60297,46.47883,-91.60297,46,10,W
43,SUWS010131,46.434130 N, 91.675130 W,46.43413,-91.67513,46.43413,-91.67513,46,10,W
44,SUWS010136,46.554390 N, 92.240190 W,46.55439,-92.24019,46.55439,-92.24019,47,15,W
45,SUWS010138,46.342280 N, 91.349010 W,46.34228,-91.34901,46.34228,-91.34901,45,8,W
46,SUWS010148,46.937990 N, 90.578520 W,46.93799,-90.57852,46.93799,-90.57852,52,2,W
47,SUWS010150,46.342280 N, 91.349010 W,46.34228,-91.34901,46.34228,-91.34901,45,8,W
48,SUWS010152,46.388560 N, 91.269360 W,46.38856,-91.26936,46.38856,-91.26936,45,7,W
49,SUWS010159,46.342280 N, 91.349010 W,46.34228,-91.34901,46.34228,-91.34901,45,8,W
50,SUWS010160,46.130350 N, 90.668670 W,46.13035,-90.66867,46.13035,-90.66867,42,2,W
51,SUWS010164,46.342280 N, 91.349010 W,46.34228,-91.34901,46.34228,-91.34901,45,8,W
52,SUWS010169,46.553000 N, 91.576580 W,46.553,-91.57658,46.553,-91.57658,47,10,W
53,SUWS010200,46.456690 N, 91.983970 W,46.45669,-91.98397,46.45669,-91.98397,46,13,W
54,SUWS010216,43.634580 N, 91.225660 W,43.63458,-91.22566,43.63458,-91.22566,13,7,W
55,SUWS010225,46.686710 N, 91.986380 W,46.68671,-91.98638,46.68671,-91.98638,49,13,W
56,SUWS010318,44.059360 N, 87.736210 W,44.05936,-87.73621,44.05936,-87.73621,18,23,E
57,SUWS010320,43.402490 N, 90.556600 W,43.40249,-90.5566,43.40249,-90.5566,11,2,W
58,SUWS010326,46.342280 N, 91.349010 W,46.34228,-91.34901,46.34228,-91.34901,45,8,W
59,SUWS010334,43.893420 N, 91.269510 W,43.89342,-91.26951,43.89342,-91.26951,16,7,W
60,SUWS010351,43.667240 N, 90.223460 W,43.66724,-90.22346,43.66724,-90.22346,14,2,E
61,SUWS010355,46.130350 N, 90.668670 W,46.13035,-90.66867,46.13035,-90.66867,42,2,W
62,SUWS010364,46.732160 N, 92.066300 W,46.73216,-92.0663,46.73216,-92.0663,49,14,W
63,SUWS010366,46.336850 N, 91.362820 W,46.33685,-91.36282,46.33685,-91.36282,45,8,W
64,SUWS010367,46.130350 N, 90.668670 W,46.13035,-90.66867,46.13035,-90.66867,42,2,W
65,SUWS010368,46.717840 N, 92.087860 W,46.71784,-92.08786,46.71784,-92.08786,49,14,W
66,SUWS010369,43.975910 N, 90.752070 W,43.97591,-90.75207,43.97591,-90.75207,17,3,W
67,SUWS010371,46.681220 N, 92.066310 W,46.68122,-92.06631,46.68122,-92.06631,49,14,W
68,SUWS010372,46.681220 N, 92.066310 W,46.68122,-92.06631,46.68122,-92.06631,49,14,W
69,SUWS010373,46.681220 N, 92.066310 W,46.68122,-92.06631,46.68122,-92.06631,49,14,W
70,SUWS010374,46.691110 N, 91.917310 W,46.69111,-91.91731,46.69111,-91.91731,49,12,W
71,SUWS010375,46.681220 N, 92.066310 W,46.68122,-92.06631,46.68122,-92.06631,49,14,W
72,SUWS010376,46.691110 N, 91.917310 W,46.69111,-91.91731,46.69111,-91.91731,49,12,W
73,SUWS010385,46.681220 N, 92.066310 W,46.68122,-92.06631,46.68122,-92.06631,49,14,W
74,SUWS010389,46.681220 N, 92.066310 W,46.68122,-92.06631,46.68122,-92.06631,49,14,W
75,SUWS010427,46.636770 N, 91.408250 W,46.63677,-91.40825,46.63677,-91.40825,48,8,W
76,SUWS010429,46.636770 N, 91.408250 W,46.63677,-91.40825,46.63677,-91.40825,48,8,W
77,SUWS010430,46.636770 N, 91.408250 W,46.63677,-91.40825,46.63677,-91.40825,48,8,W
78,SUWS010438,46.682110 N, 92.150820 W,46.68211,-92.15082,46.68211,-92.15082,49,14,W
79,SUWS010441,46.694530 N, 92.149910 W,46.69453,-92.14991,46.69453,-92.14991,49,14,W
80,SUWS010444,46.694530 N, 92.149910 W,46.69453,-92.14991,46.69453,-92.14991,49,14,W
81,SUWS010445,46.636770 N, 91.408250 W,46.63677,-91.40825,46.63677,-91.40825,48,8,W
82,SUWS010447,46.694530 N, 92.149910 W,46.69453,-92.14991,46.69453,-92.14991,49,14,W
83,SUWS010448,46.694530 N, 92.149910 W,46.69453,-92.14991,46.69453,-92.14991,49,14,W
84,SUWS010449,46.694530 N, 92.149910 W,46.69453,-92.14991,46.69453,-92.14991,49,14,W
85,SUWS010451,46.694530 N, 92.149910 W,46.69453,-92.14991,46.69453,-92.14991,49,14,W
86,SUWS010489,46.681220 N, 92.066310 W,46.68122,-92.06631,46.68122,-92.06631,49,14,W
87,SUWS010490,46.691110 N, 91.917310 W,46.69111,-91.91731,46.69111,-91.91731,49,12,W
88,SUWS010491,46.694720 N, 91.992650 W,46.69472,-91.99265,46.69472,-91.99265,49,13,W
89,SUWS010492,46.374260 N, 92.071050 W,46.37426,-92.07105,46.37426,-92.07105,45,14,W
90,SUWS010495,46.694720 N, 91.992650 W,46.69472,-91.99265,46.69472,-91.99265,49,13,W
91,SUWS010496,46.535290 N, 91.582110 W,46.53529,-91.58211,46.53529,-91.58211,47,10,W
92,SUWS010497,45.945570 N, 89.655260 W,45.94557,-89.65526,45.94557,-89.65526,40,7,E
93,SUWS010498,46.374260 N, 92.071050 W,46.37426,-92.07105,46.37426,-92.07105,45,14,W
94,SUWS010499,46.681220 N, 92.066310 W,46.68122,-92.06631,46.68122,-92.06631,49,14,W
95,SUWS010500,46.681220 N, 92.066310 W,46.68122,-92.06631,46.68122,-92.06631,49,14,W
96,SUWS010501,46.691110 N, 91.917310 W,46.69111,-91.91731,46.69111,-91.91731,49,12,W
97,SUWS010502,46.374260 N, 92.071050 W,46.37426,-92.07105,46.37426,-92.07105,45,14,W
98,SUWS010505,46.681220 N, 92.066310 W,46.68122,-92.06631,46.68122,-92.06631,49,14,W
99,SUWS010507,46.681220 N, 92.066310 W,46.68122,-92.06631,46.68122,-92.06631,49,14,W
100,SUWS010508,46.711890 N, 92.143250 W,46.71189,-92.14325,46.71189,-92.14325,49,14,W
101,SUWS010510,46.694720 N, 91.992650 W,46.69472,-91.99265,46.69472,-91.99265,49,13,W
102,SUWS010513,46.648020 N, 91.981300 W,46.64802,-91.9813,46.64802,-91.9813,48,13,W
103,SUWS010514,46.681220 N, 92.066310 W,46.68122,-92.06631,46.68122,-92.06631,49,14,W
104,SUWS010523,46.694720 N, 91.992650 W,46.69472,-91.99265,46.69472,-91.99265,49,13,W
105,SUWS010525,46.681220 N, 92.066310 W,46.68122,-92.06631,46.68122,-92.06631,49,14,W
106,SUWS010526,46.691110 N, 91.917310 W,46.69111,-91.91731,46.69111,-91.91731,49,12,W
107,SUWS010529,46.374260 N, 92.071050 W,46.37426,-92.07105,46.37426,-92.07105,45,14,W
108,SUWS010530,46.694530 N, 92.149910 W,46.69453,-92.14991,46.69453,-92.14991,49,14,W
109,SUWS010531,46.681220 N, 92.066310 W,46.68122,-92.06631,46.68122,-92.06631,49,14,W
110,SUWS010539,45.945570 N, 89.655260 W,45.94557,-89.65526,45.94557,-89.65526,40,7,E
111,SUWS010540,46.675450 N, 92.148710 W,46.67545,-92.14871,46.67545,-92.14871,48,14,W
112,SUWS010552,46.691110 N, 91.917310 W,46.69111,-91.91731,46.69111,-91.91731,49,12,W
113,SUWS010556,46.374540 N, 92.043020 W,46.37454,-92.04302,46.37454,-92.04302,45,13,W
114,SUWS010557,46.580220 N, 91.668800 W,46.58022,-91.6688,46.58022,-91.6688,47,10,W
115,SUWS010559,46.691110 N, 91.917310 W,46.69111,-91.91731,46.69111,-91.91731,49,12,W
116,SUWS010573,46.353270 N, 91.822410 W,46.35327,-91.82241,46.35327,-91.82241,45,12,W
117,SUWS010574,46.553000 N, 91.576580 W,46.553,-91.57658,46.553,-91.57658,47,10,W
118,SUWS010576,46.342280 N, 91.349010 W,46.34228,-91.34901,46.34228,-91.34901,45,8,W
119,SUWS010578,46.180850 N, 91.699300 W,46.18085,-91.6993,46.18085,-91.6993,43,11,W
120,SUWS010581,46.180850 N, 91.699300 W,46.18085,-91.6993,46.18085,-91.6993,43,11,W
121,SUWS010583,46.545640 N, 92.046570 W,46.54564,-92.04657,46.54564,-92.04657,47,13,W
122,SUWS010585b,46.578690 N, 91.282260 W,46.57869,-91.28226,46.57869,-91.28226,47,7,W
123,SUWS010587,46.545640 N, 92.046570 W,46.54564,-92.04657,46.54564,-92.04657,47,13,W
124,SUWS010593,46.675450 N, 92.148710 W,46.67545,-92.14871,46.67545,-92.14871,48,14,W
125,SUWS010603,46.545640 N, 92.046570 W,46.54564,-92.04657,46.54564,-92.04657,47,13,W
126,SUWS010611,46.545640 N, 92.046570 W,46.54564,-92.04657,46.54564,-92.04657,47,13,W
127,SUWS010614,46.675450 N, 92.148710 W,46.67545,-92.14871,46.67545,-92.14871,48,14,W
128,SUWS010626,46.681220 N, 92.066310 W,46.68122,-92.06631,46.68122,-92.06631,49,14,W
129,SUWS010630,46.691110 N, 91.917310 W,46.69111,-91.91731,46.69111,-91.91731,49,12,W
130,SUWS010632,46.681220 N, 92.066310 W,46.68122,-92.06631,46.68122,-92.06631,49,14,W
131,SUWS010633,46.691110 N, 91.917310 W,46.69111,-91.91731,46.69111,-91.91731,49,12,W
132,SUWS010634,46.629640 N, 91.657810 W,46.62964,-91.65781,46.62964,-91.65781,48,10,W
133,SUWS010642,45.921070 N, 89.673670 W,45.92107,-89.67367,45.92107,-89.67367,40,7,E
134,SUWS010644,46.684480 N, 92.149590 W,46.68448,-92.14959,46.68448,-92.14959,49,14,W
135,SUWS010648,46.675450 N, 92.148710 W,46.67545,-92.14871,46.67545,-92.14871,48,14,W
136,SUWS010652,46.545640 N, 92.046570 W,46.54564,-92.04657,46.54564,-92.04657,47,13,W
137,SUWS010658,46.180850 N, 91.699300 W,46.18085,-91.6993,46.18085,-91.6993,43,11,W
138,SUWS010669,46.681220 N, 92.066310 W,46.68122,-92.06631,46.68122,-92.06631,49,14,W
139,SUWS010670,45.921070 N, 89.673670 W,45.92107,-89.67367,45.92107,-89.67367,40,7,E
140,SUWS010671,46.681220 N, 92.066310 W,46.68122,-92.06631,46.68122,-92.06631,49,14,W
141,SUWS010674,46.681220 N, 92.066310 W,46.68122,-92.06631,46.68122,-92.06631,49,14,W
142,SUWS010684,46.681220 N, 92.066310 W,46.68122,-92.06631,46.68122,-92.06631,49,14,W
143,SUWS010685,46.681220 N, 92.066310 W,46.68122,-92.06631,46.68122,-92.06631,49,14,W
144,SUWS010688,46.681220 N, 92.066310 W,46.68122,-92.06631,46.68122,-92.06631,49,14,W
145,SUWS010689,46.694720 N, 91.992650 W,46.69472,-91.99265,46.69472,-91.99265,49,13,W
146,SUWS010690,46.633090 N, 91.720740 W,46.63309,-91.72074,46.63309,-91.72074,48,11,W
147,SUWS010708,46.496960 N, 92.259050 W,46.49696,-92.25905,46.49696,-92.25905,46,15,W
148,SUWS010709,46.496960 N, 92.259050 W,46.49696,-92.25905,46.49696,-92.25905,46,15,W
149,SUWS010714,46.496960 N, 92.259050 W,46.49696,-92.25905,46.49696,-92.25905,46,15,W
150,SUWS010715,46.496960 N, 92.259050 W,46.49696,-92.25905,46.49696,-92.25905,46,15,W
151,SUWS010719,46.353270 N, 91.822410 W,46.35327,-91.82241,46.35327,-91.82241,45,12,W
152,SUWS010720,46.342280 N, 91.349010 W,46.34228,-91.34901,46.34228,-91.34901,45,8,W
153,SUWS010721,46.342280 N, 91.349010 W,46.34228,-91.34901,46.34228,-91.34901,45,8,W
154,SUWS010723,46.342280 N, 91.349010 W,46.34228,-91.34901,46.34228,-91.34901,45,8,W
155,SUWS010725,46.392200 N, 91.286490 W,46.3922,-91.28649,46.3922,-91.28649,45,7,W
156,SUWS010726,45.934220 N, 92.361690 W,45.93422,-92.36169,45.93422,-92.36169,40,16,W
157,SUWS010736,46.553000 N, 91.576580 W,46.553,-91.57658,46.553,-91.57658,47,10,W
158,SUWS010737,46.654970 N, 92.104420 W,46.65497,-92.10442,46.65497,-92.10442,48,14,W
159,SUWS010740,46.654970 N, 92.104420 W,46.65497,-92.10442,46.65497,-92.10442,48,14,W
160,SUWS010744,46.654970 N, 92.104420 W,46.65497,-92.10442,46.65497,-92.10442,48,14,W
161,SUWS010749,46.342280 N, 91.349010 W,46.34228,-91.34901,46.34228,-91.34901,45,8,W
162,SUWS010751,46.342280 N, 91.349010 W,46.34228,-91.34901,46.34228,-91.34901,45,8,W
163,SUWS010753,46.681220 N, 92.066310 W,46.68122,-92.06631,46.68122,-92.06631,49,14,W
164,SUWS010754,46.342280 N, 91.364740 W,46.34228,-91.36474,46.34228,-91.36474,45,8,W
165,SUWS010755,46.342280 N, 91.349010 W,46.34228,-91.34901,46.34228,-91.34901,45,8,W
166,SUWS010756,46.330380 N, 91.265010 W,46.33038,-91.26501,46.33038,-91.26501,45,7,W
167,SUWS010758,46.342280 N, 91.349010 W,46.34228,-91.34901,46.34228,-91.34901,45,8,W
168,SUWS010759,46.342280 N, 91.328030 W,46.34228,-91.32803,46.34228,-91.32803,45,8,W
169,SUWS010760,46.342280 N, 91.349010 W,46.34228,-91.34901,46.34228,-91.34901,45,8,W
170,SUWS010761,46.342280 N, 91.349010 W,46.34228,-91.34901,46.34228,-91.34901,45,8,W
171,SUWS010762,46.342280 N, 91.349010 W,46.34228,-91.34901,46.34228,-91.34901,45,8,W
172,SUWS010763,43.667240 N, 90.223460 W,43.66724,-90.22346,43.66724,-90.22346,14,2,E
173,SUWS010764,46.342280 N, 91.349010 W,46.34228,-91.34901,46.34228,-91.34901,45,8,W
174,SUWS010767,46.489860 N, 92.184140 W,46.48986,-92.18414,46.48986,-92.18414,46,15,W
175,SUWS010773,46.674920 N, 91.834060 W,46.67492,-91.83406,46.67492,-91.83406,48,12,W
176,SUWS010779,46.343830 N, 91.214670 W,46.34383,-91.21467,46.34383,-91.21467,45,7,W
177,SUWS010780,46.342280 N, 91.349010 W,46.34228,-91.34901,46.34228,-91.34901,45,8,W
178,SUWS010781,46.342280 N, 91.349010 W,46.34228,-91.34901,46.34228,-91.34901,45,8,W
179,SUWS010782,46.336890 N, 91.257970 W,46.33689,-91.25797,46.33689,-91.25797,45,7,W
180,SUWS010784,45.967410 N, 92.363490 W,45.96741,-92.36349,45.96741,-92.36349,40,16,W
181,SUWS010785,46.342280 N, 91.349010 W,46.34228,-91.34901,46.34228,-91.34901,45,8,W
182,SUWS010786,46.342280 N, 91.349010 W,46.34228,-91.34901,46.34228,-91.34901,45,8,W
183,SUWS010789,46.342280 N, 91.349010 W,46.34228,-91.34901,46.34228,-91.34901,45,8,W
184,SUWS010790,46.414670 N, 91.349010 W,46.41467,-91.34901,46.41467,-91.34901,45,8,W
185,SUWS010792,46.342280 N, 91.349010 W,46.34228,-91.34901,46.34228,-91.34901,45,8,W
186,SUWS010793,46.283480 N, 91.322480 W,46.28348,-91.32248,46.28348,-91.32248,44,8,W
187,SUWS010795,46.654970 N, 92.104420 W,46.65497,-92.10442,46.65497,-92.10442,48,14,W
188,SUWS010796,44.506920 N, 92.174390 W,44.50692,-92.17439,44.50692,-92.17439,23,15,W
189,SUWS010797,43.667240 N, 90.223460 W,43.66724,-90.22346,43.66724,-90.22346,14,2,E
190,SUWS010798,44.506920 N, 92.174390 W,44.50692,-92.17439,44.50692,-92.17439,23,15,W
191,SUWS010800,46.478830 N, 91.602970 W,46.47883,-91.60297,46.47883,-91.60297,46,10,W
192,SUWS010801,46.732160 N, 92.066300 W,46.73216,-92.0663,46.73216,-92.0663,49,14,W
193,SUWS010805,44.835250 N, 88.046770 W,44.83525,-88.04677,44.83525,-88.04677,27,20,E
194,SUWS010809,46.580220 N, 91.668800 W,46.58022,-91.6688,46.58022,-91.6688,47,10,W
195,SUWS010817,46.363170 N, 91.374240 W,46.36317,-91.37424,46.36317,-91.37424,45,8,W
196,SUWS010824,44.976130 N, 92.680350 W,44.97613,-92.68035,44.97613,-92.68035,29,19,W
197,SUWS010829,45.944470 N, 89.653240 W,45.94447,-89.65324,45.94447,-89.65324,40,7,E
198,SUWS010830,46.342280 N, 91.349010 W,46.34228,-91.34901,46.34228,-91.34901,45,8,W
199,SUWS010832,46.342280 N, 91.349010 W,46.34228,-91.34901,46.34228,-91.34901,45,8,W
200,SUWS010833,46.342280 N, 91.349010 W,46.34228,-91.34901,46.34228,-91.34901,45,8,W
201,SUWS010838,46.478140 N, 90.988250 W,46.47814,-90.98825,46.47814,-90.98825,46,5,W
202,SUWS010843,46.724590 N, 92.091960 W,46.72459,-92.09196,46.72459,-92.09196,49,14,W
203,SUWS010844,46.307820 N, 91.322890 W,46.30782,-91.32289,46.30782,-91.32289,44,8,W
204,SUWS010847,46.307820 N, 91.322890 W,46.30782,-91.32289,46.30782,-91.32289,44,8,W
205,SUWS010849,46.717840 N, 92.087860 W,46.71784,-92.08786,46.71784,-92.08786,49,14,W
206,SUWS010855,46.675450 N, 92.148710 W,46.67545,-92.14871,46.67545,-92.14871,48,14,W
207,SUWS010856,46.342280 N, 91.349010 W,46.34228,-91.34901,46.34228,-91.34901,45,8,W
208,SUWS010859,46.478140 N, 90.988250 W,46.47814,-90.98825,46.47814,-90.98825,46,5,W
209,SUWS010860,46.478140 N, 90.988250 W,46.47814,-90.98825,46.47814,-90.98825,46,5,W
210,SUWS010862,46.654970 N, 92.104420 W,46.65497,-92.10442,46.65497,-92.10442,48,14,W
211,SUWS010863,46.342280 N, 91.349010 W,46.34228,-91.34901,46.34228,-91.34901,45,8,W
212,SUWS010864,46.478140 N, 90.988250 W,46.47814,-90.98825,46.47814,-90.98825,46,5,W
213,SUWS010868,44.835250 N, 88.046770 W,44.83525,-88.04677,44.83525,-88.04677,27,20,E
214,SUWS010869,46.365850 N, 91.257970 W,46.36585,-91.25797,46.36585,-91.25797,45,7,W
215,SUWS010873,46.496960 N, 92.259050 W,46.49696,-92.25905,46.49696,-92.25905,46,15,W
216,SUWS010875,46.553000 N, 91.576580 W,46.553,-91.57658,46.553,-91.57658,47,10,W
217,SUWS010876,46.342280 N, 91.349010 W,46.34228,-91.34901,46.34228,-91.34901,45,8,W
218,SUWS010878,46.435300 N, 91.672620 W,46.4353,-91.67262,46.4353,-91.67262,46,10,W
219,SUWS010887,46.553000 N, 91.576580 W,46.553,-91.57658,46.553,-91.57658,47,10,W
220,SUWS010889,46.588200 N, 92.125770 W,46.5882,-92.12577,46.5882,-92.12577,47,14,W
221,SUWS010900,43.402490 N, 90.556600 W,43.40249,-90.5566,43.40249,-90.5566,11,2,W
222,SUWS010910,46.681220 N, 92.066310 W,46.68122,-92.06631,46.68122,-92.06631,49,14,W
223,SUWS010913,46.681220 N, 92.066310 W,46.68122,-92.06631,46.68122,-92.06631,49,14,W
224,SUWS010914,43.812790 N, 91.231810 W,43.81279,-91.23181,43.81279,-91.23181,16,7,W
225,SUWS010915,46.342280 N, 91.349010 W,46.34228,-91.34901,46.34228,-91.34901,45,8,W
226,SUWS010916,46.342280 N, 91.349010 W,46.34228,-91.34901,46.34228,-91.34901,45,8,W
227,SUWS010919,46.681220 N, 92.066310 W,46.68122,-92.06631,46.68122,-92.06631,49,14,W
228,SUWS010920,46.681220 N, 92.066310 W,46.68122,-92.06631,46.68122,-92.06631,49,14,W
229,SUWS010924,43.774910 N, 91.158310 W,43.77491,-91.15831,43.77491,-91.15831,15,7,W
230,SUWS010926,46.716990 N, 92.099490 W,46.71699,-92.09949,46.71699,-92.09949,49,14,W
231,SUWS010927,46.580220 N, 91.668800 W,46.58022,-91.6688,46.58022,-91.6688,47,10,W
232,SUWS010929,43.693450 N, 91.241800 W,43.69345,-91.2418,43.69345,-91.2418,14,7,W
233,SUWS010938,46.853820 N, 91.101850 W,46.85382,-91.10185,46.85382,-91.10185,51,6,W
234,SUWS010939,42.828900 N, 89.021500 W,42.8289,-89.0215,42.8289,-89.0215,4,12,E
235,SUWS010944,42.831010 N, 89.009230 W,42.83101,-89.00923,42.83101,-89.00923,4,13,E
236,SUWS010945,42.831010 N, 89.009230 W,42.83101,-89.00923,42.83101,-89.00923,4,13,E
237,SUWS010946,46.681220 N, 92.066310 W,46.68122,-92.06631,46.68122,-92.06631,49,14,W
238,SUWS010948,46.180850 N, 91.699300 W,46.18085,-91.6993,46.18085,-91.6993,43,11,W
239,SUWS010952,46.337840 N, 91.290930 W,46.33784,-91.29093,46.33784,-91.29093,45,7,W
240,SUWS010955,46.732160 N, 92.066300 W,46.73216,-92.0663,46.73216,-92.0663,49,14,W
241,SUWS010957,46.681220 N, 92.066310 W,46.68122,-92.06631,46.68122,-92.06631,49,14,W
242,SUWS010962,46.681220 N, 92.066310 W,46.68122,-92.06631,46.68122,-92.06631,49,14,W
243,SUWS010963,46.681220 N, 92.066310 W,46.68122,-92.06631,46.68122,-92.06631,49,14,W
244,SUWS010965,46.589660 N, 91.720740 W,46.58966,-91.72074,46.58966,-91.72074,47,11,W
245,SUWS010968,46.593950 N, 92.085380 W,46.59395,-92.08538,46.59395,-92.08538,48,14,W
246,SUWS010971,46.681220 N, 92.066310 W,46.68122,-92.06631,46.68122,-92.06631,49,14,W
247,SUWS010972,46.342280 N, 91.349010 W,46.34228,-91.34901,46.34228,-91.34901,45,8,W
248,SUWS010973,46.342280 N, 91.349010 W,46.34228,-91.34901,46.34228,-91.34901,45,8,W
249,SUWS010977,46.342280 N, 91.349010 W,46.34228,-91.34901,46.34228,-91.34901,45,8,W
250,SUWS010978,45.314130 N, 91.651000 W,45.31413,-91.651,45.31413,-91.651,33,10,W
251,SUWS010979,46.711890 N, 92.143250 W,46.71189,-92.14325,46.71189,-92.14325,49,14,W
252,SUWS010980,45.766880 N, 92.384590 W,45.76688,-92.38459,45.76688,-92.38459,38,16,W
253,SUWS010981,46.681220 N, 92.066310 W,46.68122,-92.06631,46.68122,-92.06631,49,14,W
254,SUWS010994,46.342280 N, 91.349010 W,46.34228,-91.34901,46.34228,-91.34901,45,8,W
255,SUWS010995,46.589660 N, 91.720740 W,46.58966,-91.72074,46.58966,-91.72074,47,11,W
256,SUWS010997,46.681220 N, 92.066310 W,46.68122,-92.06631,46.68122,-92.06631,49,14,W
257,SUWS010998,46.681220 N, 92.066310 W,46.68122,-92.06631,46.68122,-92.06631,49,14,W
258,SUWS010999,46.342280 N, 91.349010 W,46.34228,-91.34901,46.34228,-91.34901,45,8,W
259,SUWS011000,46.342280 N, 91.349010 W,46.34228,-91.34901,46.34228,-91.34901,45,8,W
260,SUWS011001,46.589660 N, 91.720740 W,46.58966,-91.72074,46.58966,-91.72074,47,11,W
261,SUWS011005,46.681220 N, 92.066310 W,46.68122,-92.06631,46.68122,-92.06631,49,14,W
262,SUWS011008,46.681220 N, 92.066310 W,46.68122,-92.06631,46.68122,-92.06631,49,14,W
263,SUWS011021,46.580500 N, 90.874350 W,46.5805,-90.87435,46.5805,-90.87435,47,4,W
264,SUWS011023,46.684480 N, 92.149590 W,46.68448,-92.14959,46.68448,-92.14959,49,14,W
265,SUWS011024,46.674920 N, 91.834060 W,46.67492,-91.83406,46.67492,-91.83406,48,12,W
266,SUWS011026,46.681220 N, 92.066310 W,46.68122,-92.06631,46.68122,-92.06631,49,14,W
267,SUWS011031,46.580500 N, 90.874350 W,46.5805,-90.87435,46.5805,-90.87435,47,4,W
268,SUWS011032,46.580500 N, 90.874350 W,46.5805,-90.87435,46.5805,-90.87435,47,4,W
269,SUWS011033,46.694720 N, 91.992650 W,46.69472,-91.99265,46.69472,-91.99265,49,13,W
270,SUWS011034,46.732160 N, 92.066300 W,46.73216,-92.0663,46.73216,-92.0663,49,14,W
271,SUWS011041,46.681220 N, 92.066310 W,46.68122,-92.06631,46.68122,-92.06631,49,14,W
272,SUWS011047,46.342280 N, 91.349010 W,46.34228,-91.34901,46.34228,-91.34901,45,8,W
273,SUWS011048,46.342280 N, 91.349010 W,46.34228,-91.34901,46.34228,-91.34901,45,8,W
274,SUWS011061,46.681220 N, 92.066310 W,46.68122,-92.06631,46.68122,-92.06631,49,14,W
275,SUWS011062,46.681220 N, 92.066310 W,46.68122,-92.06631,46.68122,-92.06631,49,14,W
276,SUWS011069,46.572850 N, 91.699910 W,46.57285,-91.69991,46.57285,-91.69991,47,11,W
277,SUWS011070,46.342280 N, 91.349010 W,46.34228,-91.34901,46.34228,-91.34901,45,8,W
278,SUWS011071,46.342280 N, 91.349010 W,46.34228,-91.34901,46.34228,-91.34901,45,8,W
279,SUWS011072,46.342280 N, 91.349010 W,46.34228,-91.34901,46.34228,-91.34901,45,8,W
280,SUWS011076,46.342280 N, 91.349010 W,46.34228,-91.34901,46.34228,-91.34901,45,8,W
281,SUWS011078,46.342280 N, 91.349010 W,46.34228,-91.34901,46.34228,-91.34901,45,8,W
282,SUWS011083,46.342280 N, 91.349010 W,46.34228,-91.34901,46.34228,-91.34901,45,8,W
283,SUWS011084,46.342280 N, 91.349010 W,46.34228,-91.34901,46.34228,-91.34901,45,8,W
284,SUWS011090,46.342280 N, 91.349010 W,46.34228,-91.34901,46.34228,-91.34901,45,8,W
285,SUWS011091,46.342280 N, 91.349010 W,46.34228,-91.34901,46.34228,-91.34901,45,8,W
286,SUWS011092,46.342280 N, 91.349010 W,46.34228,-91.34901,46.34228,-91.34901,45,8,W
287,SUWS011104,44.761150 N, 92.487410 W,44.76115,-92.48741,44.76115,-92.48741,26,17,W
288,SUWS011105,43.667240 N, 90.223460 W,43.66724,-90.22346,43.66724,-90.22346,14,2,E
289,SUWS011112,46.712310 N, 92.091360 W,46.71231,-92.09136,46.71231,-92.09136,49,14,W
290,SUWS011113,46.342280 N, 91.349010 W,46.34228,-91.34901,46.34228,-91.34901,45,8,W
291,SUWS011115,46.342280 N, 91.349010 W,46.34228,-91.34901,46.34228,-91.34901,45,8,W
292,SUWS011117,46.712310 N, 92.091360 W,46.71231,-92.09136,46.71231,-92.09136,49,14,W
293,SUWS011118,46.489860 N, 92.184140 W,46.48986,-92.18414,46.48986,-92.18414,46,15,W
294,SUWS011120,46.353270 N, 91.822410 W,46.35327,-91.82241,46.35327,-91.82241,45,12,W
295,SUWS011121,46.718100 N, 92.114680 W,46.7181,-92.11468,46.7181,-92.11468,49,14,W
296,SUWS011122,46.716880 N, 92.074360 W,46.71688,-92.07436,46.71688,-92.07436,49,14,W
297,SUWS011123,46.342280 N, 91.349010 W,46.34228,-91.34901,46.34228,-91.34901,45,8,W
298,SUWS011124,46.342280 N, 91.349010 W,46.34228,-91.34901,46.34228,-91.34901,45,8,W
299,SUWS011125,46.342280 N, 91.349010 W,46.34228,-91.34901,46.34228,-91.34901,45,8,W
300,SUWS011126,46.342280 N, 91.349010 W,46.34228,-91.34901,46.34228,-91.34901,45,8,W
301,SUWS011128,46.363170 N, 91.374240 W,46.36317,-91.37424,46.36317,-91.37424,45,8,W
302,SUWS011130,46.035700 N, 92.271740 W,46.0357,-92.27174,46.0357,-92.27174,41,15,W
303,SUWS011132,46.681220 N, 92.066310 W,46.68122,-92.06631,46.68122,-92.06631,49,14,W
304,SUWS011138,42.835280 N, 89.067610 W,42.83528,-89.06761,42.83528,-89.06761,4,12,E
305,SUWS011148,46.681220 N, 92.066310 W,46.68122,-92.06631,46.68122,-92.06631,49,14,W
306,SUWS011151,46.712310 N, 92.091360 W,46.71231,-92.09136,46.71231,-92.09136,49,14,W
307,SUWS011152,42.835280 N, 89.067610 W,42.83528,-89.06761,42.83528,-89.06761,4,12,E
308,SUWS011154,46.489860 N, 92.184140 W,46.48986,-92.18414,46.48986,-92.18414,46,15,W
309,SUWS011161,46.717840 N, 92.087860 W,46.71784,-92.08786,46.71784,-92.08786,49,14,W
310,SUWS011162,46.712530 N, 92.104440 W,46.71253,-92.10444,46.71253,-92.10444,49,14,W
311,SUWS011173,46.362590 N, 91.399820 W,46.36259,-91.39982,46.36259,-91.39982,45,8,W
312,SUWS011177,46.342280 N, 91.349010 W,46.34228,-91.34901,46.34228,-91.34901,45,8,W
313,SUWS011181,46.342280 N, 91.349010 W,46.34228,-91.34901,46.34228,-91.34901,45,8,W
314,SUWS011183,46.336860 N, 91.174090 W,46.33686,-91.17409,46.33686,-91.17409,45,6,W
315,SUWS011187,46.295540 N, 91.521410 W,46.29554,-91.52141,46.29554,-91.52141,44,9,W
316,SUWS011195,45.766880 N, 92.384590 W,45.76688,-92.38459,45.76688,-92.38459,38,16,W
317,SUWS011198,46.208010 N, 91.292130 W,46.20801,-91.29213,46.20801,-91.29213,43,7,W
318,SUWS011199,46.349520 N, 91.349010 W,46.34952,-91.34901,46.34952,-91.34901,45,8,W
319,SUWS011201,46.342280 N, 91.349010 W,46.34228,-91.34901,46.34228,-91.34901,45,8,W
320,SUWS011202,46.342280 N, 91.349010 W,46.34228,-91.34901,46.34228,-91.34901,45,8,W
321,SUWS011214,46.828150 N, 90.666940 W,46.82815,-90.66694,46.82815,-90.66694,50,2,W
322,SUWS011218,43.879880 N, 90.159230 W,43.87988,-90.15923,43.87988,-90.15923,16,3,E
323,SUWS011221,46.713450 N, 92.112320 W,46.71345,-92.11232,46.71345,-92.11232,49,14,W
324,SUWS011224,46.681220 N, 92.066310 W,46.68122,-92.06631,46.68122,-92.06631,49,14,W
325,SUWS011225,45.696630 N, 90.400430 W,45.69663,-90.40043,45.69663,-90.40043,37,1,E
326,SUWS011229,46.235550 N, 91.257970 W,46.23555,-91.25797,46.23555,-91.25797,43,7,W
327,SUWS011238,46.732160 N, 92.066300 W,46.73216,-92.0663,46.73216,-92.0663,49,14,W
328,SUWS011239,46.342280 N, 91.349010 W,46.34228,-91.34901,46.34228,-91.34901,45,8,W
329,SUWS011241,46.654970 N, 92.104420 W,46.65497,-92.10442,46.65497,-92.10442,48,14,W
330,SUWS011242,46.362590 N, 91.399820 W,46.36259,-91.39982,46.36259,-91.39982,45,8,W
331,SUWS011243,46.385120 N, 91.336900 W,46.38512,-91.3369,46.38512,-91.3369,45,8,W
332,SUWS011245,46.535290 N, 91.582110 W,46.53529,-91.58211,46.53529,-91.58211,47,10,W
333,SUWS011247,46.717840 N, 92.087860 W,46.71784,-92.08786,46.71784,-92.08786,49,14,W
334,SUWS011248,46.712310 N, 92.091360 W,46.71231,-92.09136,46.71231,-92.09136,49,14,W
335,SUWS011255,46.681220 N, 92.066310 W,46.68122,-92.06631,46.68122,-92.06631,49,14,W
336,SUWS011257,46.489170 N, 91.554950 W,46.48917,-91.55495,46.48917,-91.55495,46,10,W
337,SUWS011259,46.522770 N, 91.567310 W,46.52277,-91.56731,46.52277,-91.56731,47,10,W
338,SUWS011263,46.342280 N, 91.349010 W,46.34228,-91.34901,46.34228,-91.34901,45,8,W
339,SUWS011264,46.342280 N, 91.349010 W,46.34228,-91.34901,46.34228,-91.34901,45,8,W
340,SUWS011265,46.342280 N, 91.349010 W,46.34228,-91.34901,46.34228,-91.34901,45,8,W
341,SUWS011266,46.342280 N, 91.349010 W,46.34228,-91.34901,46.34228,-91.34901,45,8,W
342,SUWS011267,46.342280 N, 91.349010 W,46.34228,-91.34901,46.34228,-91.34901,45,8,W
343,SUWS011269,46.342280 N, 91.349010 W,46.34228,-91.34901,46.34228,-91.34901,45,8,W
344,SUWS011271,46.342280 N, 91.349010 W,46.34228,-91.34901,46.34228,-91.34901,45,8,W
345,SUWS011273,46.342280 N, 91.349010 W,46.34228,-91.34901,46.34228,-91.34901,45,8,W
346,SUWS011277,46.717010 N, 92.093500 W,46.71701,-92.0935,46.71701,-92.0935,49,14,W
347,SUWS011281,46.681220 N, 92.066310 W,46.68122,-92.06631,46.68122,-92.06631,49,14,W
348,SUWS011283,43.820450 N, 91.232200 W,43.82045,-91.2322,43.82045,-91.2322,16,7,W
349,SUWS011291,46.342280 N, 91.349010 W,46.34228,-91.34901,46.34228,-91.34901,45,8,W
350,SUWS011292,46.302450 N, 91.221020 W,46.30245,-91.22102,46.30245,-91.22102,44,7,W
351,SUWS011294,46.342280 N, 91.349010 W,46.34228,-91.34901,46.34228,-91.34901,45,8,W
352,SUWS011296,46.342280 N, 91.349010 W,46.34228,-91.34901,46.34228,-91.34901,45,8,W
353,SUWS011297,46.724590 N, 92.091960 W,46.72459,-92.09196,46.72459,-92.09196,49,14,W
354,SUWS011300,46.681220 N, 92.066310 W,46.68122,-92.06631,46.68122,-92.06631,49,14,W
355,SUWS011301,46.705450 N, 92.104040 W,46.70545,-92.10404,46.70545,-92.10404,49,14,W
356,SUWS011302,46.489860 N, 92.184140 W,46.48986,-92.18414,46.48986,-92.18414,46,15,W
357,SUWS011304,46.489860 N, 92.184140 W,46.48986,-92.18414,46.48986,-92.18414,46,15,W
358,SUWS011307,46.712310 N, 92.091360 W,46.71231,-92.09136,46.71231,-92.09136,49,14,W
359,SUWS011316,46.342280 N, 91.349010 W,46.34228,-91.34901,46.34228,-91.34901,45,8,W
360,SUWS011317,46.342280 N, 91.349010 W,46.34228,-91.34901,46.34228,-91.34901,45,8,W
361,SUWS011319,46.489860 N, 92.184140 W,46.48986,-92.18414,46.48986,-92.18414,46,15,W
362,SUWS011323,46.586040 N, 91.720740 W,46.58604,-91.72074,46.58604,-91.72074,47,11,W
363,SUWS011324,46.342280 N, 91.349010 W,46.34228,-91.34901,46.34228,-91.34901,45,8,W
364,SUWS011325,46.342280 N, 91.349010 W,46.34228,-91.34901,46.34228,-91.34901,45,8,W
365,SUWS011328,46.489860 N, 92.184140 W,46.48986,-92.18414,46.48986,-92.18414,46,15,W
366,SUWS011332,46.336890 N, 91.257970 W,46.33689,-91.25797,46.33689,-91.25797,45,7,W
367,SUWS011333,46.336890 N, 91.257970 W,46.33689,-91.25797,46.33689,-91.25797,45,7,W
368,SUWS011335,46.681220 N, 92.066310 W,46.68122,-92.06631,46.68122,-92.06631,49,14,W
369,SUWS011336,46.367450 N, 91.108250 W,46.36745,-91.10825,46.36745,-91.10825,45,6,W
370,SUWS011337,46.717840 N, 92.087860 W,46.71784,-92.08786,46.71784,-92.08786,49,14,W
371,SUWS011342,46.724590 N, 92.091960 W,46.72459,-92.09196,46.72459,-92.09196,49,14,W
372,SUWS011349,46.342280 N, 91.349010 W,46.34228,-91.34901,46.34228,-91.34901,45,8,W
373,SUWS011351,46.342280 N, 91.349010 W,46.34228,-91.34901,46.34228,-91.34901,45,8,W
374,SUWS011352,46.676820 N, 91.678960 W,46.67682,-91.67896,46.67682,-91.67896,49,11,W
375,SUWS011361,46.712310 N, 92.091360 W,46.71231,-92.09136,46.71231,-92.09136,49,14,W
376,SUWS011363,46.449670 N, 90.186560 W,46.44967,-90.18656,46.44967,-90.18656,46,2,E
377,SUWS011364,46.553000 N, 91.576580 W,46.553,-91.57658,46.553,-91.57658,47,10,W
378,SUWS011366,46.342280 N, 91.349010 W,46.34228,-91.34901,46.34228,-91.34901,45,8,W
379,SUWS011367,46.342280 N, 91.349010 W,46.34228,-91.34901,46.34228,-91.34901,45,8,W
380,SUWS011368,46.342280 N, 91.349010 W,46.34228,-91.34901,46.34228,-91.34901,45,8,W
381,SUWS011380,46.732160 N, 92.066300 W,46.73216,-92.0663,46.73216,-92.0663,49,14,W
382,SUWS011385,46.496960 N, 92.259050 W,46.49696,-92.25905,46.49696,-92.25905,46,15,W
383,SUWS011386,46.654970 N, 92.104420 W,46.65497,-92.10442,46.65497,-92.10442,48,14,W
384,SUWS011387,46.654970 N, 92.104420 W,46.65497,-92.10442,46.65497,-92.10442,48,14,W
385,SUWS011388,46.489860 N, 92.184140 W,46.48986,-92.18414,46.48986,-92.18414,46,15,W
386,SUWS011389,46.489860 N, 92.184140 W,46.48986,-92.18414,46.48986,-92.18414,46,15,W
387,SUWS011391,46.353270 N, 91.822410 W,46.35327,-91.82241,46.35327,-91.82241,45,12,W
388,SUWS011393,46.654970 N, 92.104420 W,46.65497,-92.10442,46.65497,-92.10442,48,14,W
389,SUWS011400,46.553000 N, 91.576580 W,46.553,-91.57658,46.553,-91.57658,47,10,W
390,SUWS011401,46.654970 N, 92.104420 W,46.65497,-92.10442,46.65497,-92.10442,48,14,W
391,SUWS011410,45.967410 N, 92.363490 W,45.96741,-92.36349,45.96741,-92.36349,40,16,W
392,SUWS011411,45.967410 N, 92.363490 W,45.96741,-92.36349,45.96741,-92.36349,40,16,W
393,SUWS011414,46.489170 N, 91.554950 W,46.48917,-91.55495,46.48917,-91.55495,46,10,W
394,SUWS011415,46.489860 N, 92.184140 W,46.48986,-92.18414,46.48986,-92.18414,46,15,W
395,SUWS011420,46.724590 N, 92.091960 W,46.72459,-92.09196,46.72459,-92.09196,49,14,W
396,SUWS011420b,46.711630 N, 92.090630 W,46.71163,-92.09063,46.71163,-92.09063,49,14,W
397,SUWS011421,46.489860 N, 92.184140 W,46.48986,-92.18414,46.48986,-92.18414,46,15,W
398,SUWS011423,46.489860 N, 92.184140 W,46.48986,-92.18414,46.48986,-92.18414,46,15,W
399,SUWS011424,46.345600 N, 91.199260 W,46.3456,-91.19926,46.3456,-91.19926,45,7,W
400,SUWS011425,46.082870 N, 92.111270 W,46.08287,-92.11127,46.08287,-92.11127,42,14,W
401,SUWS011426,46.636370 N, 92.103740 W,46.63637,-92.10374,46.63637,-92.10374,48,14,W
402,SUWS011428,46.636370 N, 92.103740 W,46.63637,-92.10374,46.63637,-92.10374,48,14,W
403,SUWS011429,46.654970 N, 92.104420 W,46.65497,-92.10442,46.65497,-92.10442,48,14,W
404,SUWS011430,46.464110 N, 91.899400 W,46.46411,-91.8994,46.46411,-91.8994,46,12,W
405,SUWS011431,46.489860 N, 92.184140 W,46.48986,-92.18414,46.48986,-92.18414,46,15,W
406,SUWS011435,46.586040 N, 91.720740 W,46.58604,-91.72074,46.58604,-91.72074,47,11,W
407,SUWS011437,46.536450 N, 91.153400 W,46.53645,-91.1534,46.53645,-91.1534,47,6,W
408,SUWS011442,46.342280 N, 91.349010 W,46.34228,-91.34901,46.34228,-91.34901,45,8,W
409,SUWS011443,46.342280 N, 91.349010 W,46.34228,-91.34901,46.34228,-91.34901,45,8,W
410,SUWS011448,46.514920 N, 91.636800 W,46.51492,-91.6368,46.51492,-91.6368,47,10,W
411,SUWS011449,44.019720 N, 91.486810 W,44.01972,-91.48681,44.01972,-91.48681,18,9,W
412,SUWS011457,46.681220 N, 92.066310 W,46.68122,-92.06631,46.68122,-92.06631,49,14,W
413,SUWS011458,46.696630 N, 92.034950 W,46.69663,-92.03495,46.69663,-92.03495,49,13,W
414,SUWS011461,46.717840 N, 92.087860 W,46.71784,-92.08786,46.71784,-92.08786,49,14,W
415,SUWS011462,46.717840 N, 92.087860 W,46.71784,-92.08786,46.71784,-92.08786,49,14,W
416,SUWS011463,45.314130 N, 91.651000 W,45.31413,-91.651,45.31413,-91.651,33,10,W
417,SUWS011468,46.342280 N, 91.349010 W,46.34228,-91.34901,46.34228,-91.34901,45,8,W
418,SUWS011469,46.342280 N, 91.349010 W,46.34228,-91.34901,46.34228,-91.34901,45,8,W
419,SUWS011470,46.342280 N, 91.349010 W,46.34228,-91.34901,46.34228,-91.34901,45,8,W
420,SUWS011477,46.681220 N, 92.066310 W,46.68122,-92.06631,46.68122,-92.06631,49,14,W
421,SUWS011478,46.681220 N, 92.066310 W,46.68122,-92.06631,46.68122,-92.06631,49,14,W
422,SUWS011482,46.342280 N, 91.349010 W,46.34228,-91.34901,46.34228,-91.34901,45,8,W
423,SUWS011483,46.717840 N, 92.087860 W,46.71784,-92.08786,46.71784,-92.08786,49,14,W
424,SUWS011485,46.681220 N, 92.066310 W,46.68122,-92.06631,46.68122,-92.06631,49,14,W
425,SUWS011486,46.681220 N, 92.066310 W,46.68122,-92.06631,46.68122,-92.06631,49,14,W
426,SUWS011493,46.681220 N, 92.066310 W,46.68122,-92.06631,46.68122,-92.06631,49,14,W
427,SUWS011495,46.681220 N, 92.066310 W,46.68122,-92.06631,46.68122,-92.06631,49,14,W
428,SUWS011497,46.717840 N, 92.087860 W,46.71784,-92.08786,46.71784,-92.08786,49,14,W
429,SUWS011498,46.717840 N, 92.087860 W,46.71784,-92.08786,46.71784,-92.08786,49,14,W
430,SUWS011501,46.510200 N, 91.703720 W,46.5102,-91.70372,46.5102,-91.70372,47,11,W
431,SUWS011502,46.456690 N, 91.983970 W,46.45669,-91.98397,46.45669,-91.98397,46,13,W
432,SUWS011505,46.691110 N, 91.917310 W,46.69111,-91.91731,46.69111,-91.91731,49,12,W
433,SUWS011506,46.682110 N, 92.150820 W,46.68211,-92.15082,46.68211,-92.15082,49,14,W
434,SUWS011509,46.681220 N, 92.066310 W,46.68122,-92.06631,46.68122,-92.06631,49,14,W
435,SUWS011512,46.681220 N, 92.066310 W,46.68122,-92.06631,46.68122,-92.06631,49,14,W
436,SUWS011513,46.681220 N, 92.066310 W,46.68122,-92.06631,46.68122,-92.06631,49,14,W
437,SUWS011514,46.681220 N, 92.066310 W,46.68122,-92.06631,46.68122,-92.06631,49,14,W
438,SUWS011519,46.681220 N, 92.066310 W,46.68122,-92.06631,46.68122,-92.06631,49,14,W
439,SUWS011520,46.681220 N, 92.066310 W,46.68122,-92.06631,46.68122,-92.06631,49,14,W
440,SUWS011521,46.681220 N, 92.066310 W,46.68122,-92.06631,46.68122,-92.06631,49,14,W
441,SUWS011526,46.681220 N, 92.066310 W,46.68122,-92.06631,46.68122,-92.06631,49,14,W
442,SUWS011527,46.681220 N, 92.066310 W,46.68122,-92.06631,46.68122,-92.06631,49,14,W
443,SUWS011528,46.681220 N, 92.066310 W,46.68122,-92.06631,46.68122,-92.06631,49,14,W
444,SUWS011529,46.681220 N, 92.066310 W,46.68122,-92.06631,46.68122,-92.06631,49,14,W
445,SUWS011531,46.681220 N, 92.066310 W,46.68122,-92.06631,46.68122,-92.06631,49,14,W
446,SUWS011533,46.681220 N, 92.066310 W,46.68122,-92.06631,46.68122,-92.06631,49,14,W
447,SUWS011537,46.847250 N, 91.127600 W,46.84725,-91.1276,46.84725,-91.1276,51,6,W
448,SUWS011546,46.254130 N, 91.798520 W,46.25413,-91.79852,46.25413,-91.79852,44,11,W
449,SUWS011550,46.712310 N, 92.091360 W,46.71231,-92.09136,46.71231,-92.09136,49,14,W
450,SUWS011553,46.489860 N, 92.184140 W,46.48986,-92.18414,46.48986,-92.18414,46,15,W
451,SUWS011554,46.489860 N, 92.184140 W,46.48986,-92.18414,46.48986,-92.18414,46,15,W
452,SUWS011557,46.342260 N, 91.411920 W,46.34226,-91.41192,46.34226,-91.41192,45,8,W
453,SUWS011558,46.681220 N, 92.066310 W,46.68122,-92.06631,46.68122,-92.06631,49,14,W
454,SUWS011559,46.718000 N, 92.055750 W,46.718,-92.05575,46.718,-92.05575,49,13,W
455,SUWS011560,46.491330 N, 92.199720 W,46.49133,-92.19972,46.49133,-92.19972,46,15,W
456,SUWS011563,45.125470 N, 92.671950 W,45.12547,-92.67195,45.12547,-92.67195,31,19,W
457,SUWS011564,46.342280 N, 91.349010 W,46.34228,-91.34901,46.34228,-91.34901,45,8,W
458,SUWS011565,46.235550 N, 91.257970 W,46.23555,-91.25797,46.23555,-91.25797,43,7,W
459,SUWS011566,46.235550 N, 91.257970 W,46.23555,-91.25797,46.23555,-91.25797,43,7,W
460,SUWS011572,46.385360 N, 91.336900 W,46.38536,-91.3369,46.38536,-91.3369,45,8,W
461,SUWS011573,46.718130 N, 92.114680 W,46.71813,-92.11468,46.71813,-92.11468,49,14,W
462,SUWS011574,46.374500 N, 91.349350 W,46.3745,-91.34935,46.3745,-91.34935,45,8,W
463,SUWS011575,46.712310 N, 92.091360 W,46.71231,-92.09136,46.71231,-92.09136,49,14,W
464,SUWS011576,46.489860 N, 92.184140 W,46.48986,-92.18414,46.48986,-92.18414,46,15,W
465,SUWS011577,46.342280 N, 91.349010 W,46.34228,-91.34901,46.34228,-91.34901,45,8,W
466,SUWS011578,46.341800 N, 91.347660 W,46.3418,-91.34766,46.3418,-91.34766,45,8,W
467,SUWS011579,46.489860 N, 92.184140 W,46.48986,-92.18414,46.48986,-92.18414,46,15,W
468,SUWS011580,46.339030 N, 91.302260 W,46.33903,-91.30226,46.33903,-91.30226,45,8,W
469,SUWS011584,46.724590 N, 92.091960 W,46.72459,-92.09196,46.72459,-92.09196,49,14,W
470,SUWS011587,46.724590 N, 92.091960 W,46.72459,-92.09196,46.72459,-92.09196,49,14,W
471,SUWS011588,46.716880 N, 92.074360 W,46.71688,-92.07436,46.71688,-92.07436,49,14,W
472,SUWS011590,46.478140 N, 90.988250 W,46.47814,-90.98825,46.47814,-90.98825,46,5,W
473,SUWS011591,46.340850 N, 91.426630 W,46.34085,-91.42663,46.34085,-91.42663,45,8,W
474,SUWS011593,46.717010 N, 92.093500 W,46.71701,-92.0935,46.71701,-92.0935,49,14,W
475,SUWS011602,46.681220 N, 92.066310 W,46.68122,-92.06631,46.68122,-92.06631,49,14,W
476,SUWS011605,46.342280 N, 91.349010 W,46.34228,-91.34901,46.34228,-91.34901,45,8,W
477,SUWS011607,46.277800 N, 91.278910 W,46.2778,-91.27891,46.2778,-91.27891,44,7,W
478,SUWS011610,46.342280 N, 91.349010 W,46.34228,-91.34901,46.34228,-91.34901,45,8,W
479,SUWS011611,46.517160 N, 91.593770 W,46.51716,-91.59377,46.51716,-91.59377,47,10,W
480,SUWS011614,46.681220 N, 92.066310 W,46.68122,-92.06631,46.68122,-92.06631,49,14,W
481,SUWS011617,46.336890 N, 91.216030 W,46.33689,-91.21603,46.33689,-91.21603,45,7,W
482,SUWS011618,46.342280 N, 91.349010 W,46.34228,-91.34901,46.34228,-91.34901,45,8,W
483,SUWS011619,46.435210 N, 90.996890 W,46.43521,-90.99689,46.43521,-90.99689,46,5,W
484,SUWS011621,46.277800 N, 91.278910 W,46.2778,-91.27891,46.2778,-91.27891,44,7,W
485,SUWS011622,46.342260 N, 91.286090 W,46.34226,-91.28609,46.34226,-91.28609,45,7,W
486,SUWS011623,46.385360 N, 91.336900 W,46.38536,-91.3369,46.38536,-91.3369,45,8,W
487,SUWS011624,46.342280 N, 91.349010 W,46.34228,-91.34901,46.34228,-91.34901,45,8,W
488,SUWS011625,46.342280 N, 91.349010 W,46.34228,-91.34901,46.34228,-91.34901,45,8,W
489,SUWS011628,46.374500 N, 91.349350 W,46.3745,-91.34935,46.3745,-91.34935,45,8,W
490,SUWS011630,46.668030 N, 92.103740 W,46.66803,-92.10374,46.66803,-92.10374,48,14,W
491,SUWS011631,46.694720 N, 91.992650 W,46.69472,-91.99265,46.69472,-91.99265,49,13,W
492,SUWS011632,45.125470 N, 92.671950 W,45.12547,-92.67195,45.12547,-92.67195,31,19,W
493,SUWS011639,46.691110 N, 91.917310 W,46.69111,-91.91731,46.69111,-91.91731,49,12,W
494,SUWS011640,46.681220 N, 92.066310 W,46.68122,-92.06631,46.68122,-92.06631,49,14,W
495,SUWS011642,46.689460 N, 92.019620 W,46.68946,-92.01962,46.68946,-92.01962,49,13,W
496,SUWS011643,46.717010 N, 92.093500 W,46.71701,-92.0935,46.71701,-92.0935,49,14,W
497,SUWS011650,46.434230 N, 92.061740 W,46.43423,-92.06174,46.43423,-92.06174,46,14,W
498,SUWS011652,46.681220 N, 92.066310 W,46.68122,-92.06631,46.68122,-92.06631,49,14,W
499,SUWS011655,46.681220 N, 92.066310 W,46.68122,-92.06631,46.68122,-92.06631,49,14,W
500,SUWS011657,46.691110 N, 91.917310 W,46.69111,-91.91731,46.69111,-91.91731,49,12,W
501,SUWS011663,46.489860 N, 92.184140 W,46.48986,-92.18414,46.48986,-92.18414,46,15,W
502,SUWS011664,46.551430 N, 91.700010 W,46.55143,-91.70001,46.55143,-91.70001,47,11,W
503,SUWS011667,46.477750 N, 92.061050 W,46.47775,-92.06105,46.47775,-92.06105,46,14,W
504,SUWS011673,45.944470 N, 89.653240 W,45.94447,-89.65324,45.94447,-89.65324,40,7,E
505,SUWS011675,46.325510 N, 90.661020 W,46.32551,-90.66102,46.32551,-90.66102,44,2,W
506,SUWS011676,46.342280 N, 91.349010 W,46.34228,-91.34901,46.34228,-91.34901,45,8,W
507,SUWS011679,46.552950 N, 91.681840 W,46.55295,-91.68184,46.55295,-91.68184,47,11,W
508,SUWS011689,46.342280 N, 91.349010 W,46.34228,-91.34901,46.34228,-91.34901,45,8,W
509,SUWS011690,46.489860 N, 92.184140 W,46.48986,-92.18414,46.48986,-92.18414,46,15,W
510,SUWS011697,46.180850 N, 91.699300 W,46.18085,-91.6993,46.18085,-91.6993,43,11,W
511,SUWS011706,46.342280 N, 91.349010 W,46.34228,-91.34901,46.34228,-91.34901,45,8,W
512,SUWS011714,46.517380 N, 91.604200 W,46.51738,-91.6042,46.51738,-91.6042,47,10,W
513,SUWS011715,46.636370 N, 92.103740 W,46.63637,-92.10374,46.63637,-92.10374,48,14,W
514,SUWS011718,46.434230 N, 92.061740 W,46.43423,-92.06174,46.43423,-92.06174,46,14,W
515,SUWS011720,46.489860 N, 92.184140 W,46.48986,-92.18414,46.48986,-92.18414,46,15,W
516,SUWS011722,46.342280 N, 91.349010 W,46.34228,-91.34901,46.34228,-91.34901,45,8,W
517,SUWS011723,46.342280 N, 91.349010 W,46.34228,-91.34901,46.34228,-91.34901,45,8,W
518,SUWS011727,46.374500 N, 91.349350 W,46.3745,-91.34935,46.3745,-91.34935,45,8,W
519,SUWS011731,46.347130 N, 91.272800 W,46.34713,-91.2728,46.34713,-91.2728,45,7,W
520,SUWS011733,46.342280 N, 91.349010 W,46.34228,-91.34901,46.34228,-91.34901,45,8,W
521,SUWS011734,46.342280 N, 91.349010 W,46.34228,-91.34901,46.34228,-91.34901,45,8,W
522,SUWS011736,46.385250 N, 91.246980 W,46.38525,-91.24698,46.38525,-91.24698,45,7,W
523,SUWS011738,46.342280 N, 91.349010 W,46.34228,-91.34901,46.34228,-91.34901,45,8,W
524,SUWS011740,46.489860 N, 92.184140 W,46.48986,-92.18414,46.48986,-92.18414,46,15,W
525,SUWS011741,46.342280 N, 91.349010 W,46.34228,-91.34901,46.34228,-91.34901,45,8,W
526,SUWS011749,46.681220 N, 92.066310 W,46.68122,-92.06631,46.68122,-92.06631,49,14,W
527,SUWS011754,46.654970 N, 92.104420 W,46.65497,-92.10442,46.65497,-92.10442,48,14,W
528,SUWS011755,46.654970 N, 92.104420 W,46.65497,-92.10442,46.65497,-92.10442,48,14,W
529,SUWS011760,46.542220 N, 91.386700 W,46.54222,-91.3867,46.54222,-91.3867,47,8,W
530,SUWS011761,46.542220 N, 91.386700 W,46.54222,-91.3867,46.54222,-91.3867,47,8,W
531,SUWS011762,46.542220 N, 91.386700 W,46.54222,-91.3867,46.54222,-91.3867,47,8,W
532,SUWS011763,46.342280 N, 91.349010 W,46.34228,-91.34901,46.34228,-91.34901,45,8,W
533,SUWS011765,46.286410 N, 91.227050 W,46.28641,-91.22705,46.28641,-91.22705,44,7,W
534,SUWS011766,46.542220 N, 91.386700 W,46.54222,-91.3867,46.54222,-91.3867,47,8,W
535,SUWS011769,46.342280 N, 91.349010 W,46.34228,-91.34901,46.34228,-91.34901,45,8,W
536,SUWS011770,46.342280 N, 91.349010 W,46.34228,-91.34901,46.34228,-91.34901,45,8,W
537,SUWS011772,46.607550 N, 91.899270 W,46.60755,-91.89927,46.60755,-91.89927,48,12,W
538,SUWS011775,46.717840 N, 92.087860 W,46.71784,-92.08786,46.71784,-92.08786,49,14,W
539,SUWS011777,46.535290 N, 91.582110 W,46.53529,-91.58211,46.53529,-91.58211,47,10,W
540,SUWS011779,46.681220 N, 92.066310 W,46.68122,-92.06631,46.68122,-92.06631,49,14,W
541,SUWS011780,46.681220 N, 92.066310 W,46.68122,-92.06631,46.68122,-92.06631,49,14,W
542,SUWS011781,46.342280 N, 91.349010 W,46.34228,-91.34901,46.34228,-91.34901,45,8,W
543,SUWS011783,46.383670 N, 91.308580 W,46.38367,-91.30858,46.38367,-91.30858,45,8,W
544,SUWS011788,46.681220 N, 92.066310 W,46.68122,-92.06631,46.68122,-92.06631,49,14,W
545,SUWS011790,46.668030 N, 92.103740 W,46.66803,-92.10374,46.66803,-92.10374,48,14,W
546,SUWS011794,46.554390 N, 92.240190 W,46.55439,-92.24019,46.55439,-92.24019,47,15,W
547,SUWS011795,46.342280 N, 91.349010 W,46.34228,-91.34901,46.34228,-91.34901,45,8,W
548,SUWS011797,46.330380 N, 91.265010 W,46.33038,-91.26501,46.33038,-91.26501,45,7,W
549,SUWS011798,46.342260 N, 91.411920 W,46.34226,-91.41192,46.34226,-91.41192,45,8,W
550,SUWS011799,46.681220 N, 92.066310 W,46.68122,-92.06631,46.68122,-92.06631,49,14,W
551,SUWS011800,46.654970 N, 92.104420 W,46.65497,-92.10442,46.65497,-92.10442,48,14,W
552,SUWS011803,46.342280 N, 91.349010 W,46.34228,-91.34901,46.34228,-91.34901,45,8,W
553,SUWS011804,46.342280 N, 91.349010 W,46.34228,-91.34901,46.34228,-91.34901,45,8,W
554,SUWS011805,46.403700 N, 91.317130 W,46.4037,-91.31713,46.4037,-91.31713,45,8,W
555,SUWS011809,46.514930 N, 91.657840 W,46.51493,-91.65784,46.51493,-91.65784,47,10,W
556,SUWS011811,46.403700 N, 91.317130 W,46.4037,-91.31713,46.4037,-91.31713,45,8,W
557,SUWS011813,46.342280 N, 91.349010 W,46.34228,-91.34901,46.34228,-91.34901,45,8,W
558,SUWS011814,46.342280 N, 91.349010 W,46.34228,-91.34901,46.34228,-91.34901,45,8,W
559,SUWS011815,46.732160 N, 92.066300 W,46.73216,-92.0663,46.73216,-92.0663,49,14,W
560,SUWS011816,46.342280 N, 91.349010 W,46.34228,-91.34901,46.34228,-91.34901,45,8,W
561,SUWS011817,46.217930 N, 91.798520 W,46.21793,-91.79852,46.21793,-91.79852,43,11,W
562,SUWS011822,46.706270 N, 92.099490 W,46.70627,-92.09949,46.70627,-92.09949,49,14,W
563,SUWS011826,46.496960 N, 92.259050 W,46.49696,-92.25905,46.49696,-92.25905,46,15,W
564,SUWS011827,46.489860 N, 92.184140 W,46.48986,-92.18414,46.48986,-92.18414,46,15,W
565,SUWS011828,46.342280 N, 91.349010 W,46.34228,-91.34901,46.34228,-91.34901,45,8,W
566,SUWS011829,46.342280 N, 91.349010 W,46.34228,-91.34901,46.34228,-91.34901,45,8,W
567,SUWS011843,46.636370 N, 92.103740 W,46.63637,-92.10374,46.63637,-92.10374,48,14,W
568,SUWS011845,46.681220 N, 92.066310 W,46.68122,-92.06631,46.68122,-92.06631,49,14,W
569,SUWS011847,46.489860 N, 92.184140 W,46.48986,-92.18414,46.48986,-92.18414,46,15,W
570,SUWS011854,46.681220 N, 92.066310 W,46.68122,-92.06631,46.68122,-92.06631,49,14,W
571,SUWS011860,45.334820 N, 91.675210 W,45.33482,-91.67521,45.33482,-91.67521,33,11,W
572,SUWS011861,46.675680 N, 92.103390 W,46.67568,-92.10339,46.67568,-92.10339,48,14,W
573,SUWS011862,46.675680 N, 92.103390 W,46.67568,-92.10339,46.67568,-92.10339,48,14,W
574,SUWS011867,46.654970 N, 92.104420 W,46.65497,-92.10442,46.65497,-92.10442,48,14,W
575,SUWS011868,44.059360 N, 87.736210 W,44.05936,-87.73621,44.05936,-87.73621,18,23,E
576,SUWS011870,46.496960 N, 92.259050 W,46.49696,-92.25905,46.49696,-92.25905,46,15,W
577,SUWS011871,46.268010 N, 91.258520 W,46.26801,-91.25852,46.26801,-91.25852,44,7,W
578,SUWS011881,46.636370 N, 92.103740 W,46.63637,-92.10374,46.63637,-92.10374,48,14,W
579,SUWS011884,46.553000 N, 91.576580 W,46.553,-91.57658,46.553,-91.57658,47,10,W
580,SUWS011887,46.675680 N, 92.103390 W,46.67568,-92.10339,46.67568,-92.10339,48,14,W
581,SUWS011898,46.636370 N, 92.103740 W,46.63637,-92.10374,46.63637,-92.10374,48,14,W
582,SUWS011899,46.636370 N, 92.103740 W,46.63637,-92.10374,46.63637,-92.10374,48,14,W
583,SUWS011900,46.489860 N, 92.184140 W,46.48986,-92.18414,46.48986,-92.18414,46,15,W
584,SUWS011903,46.342280 N, 91.349010 W,46.34228,-91.34901,46.34228,-91.34901,45,8,W
585,SUWS011918,46.343890 N, 91.213380 W,46.34389,-91.21338,46.34389,-91.21338,45,7,W
586,SUWS011920,46.489860 N, 92.184140 W,46.48986,-92.18414,46.48986,-92.18414,46,15,W
587,SUWS011921,46.342280 N, 91.349010 W,46.34228,-91.34901,46.34228,-91.34901,45,8,W
588,SUWS011922,46.342280 N, 91.349010 W,46.34228,-91.34901,46.34228,-91.34901,45,8,W
589,SUWS011923,45.125470 N, 92.671950 W,45.12547,-92.67195,45.12547,-92.67195,31,19,W
590,SUWS011938,43.652750 N, 90.223460 W,43.65275,-90.22346,43.65275,-90.22346,14,2,E
591,SUWS011939,43.652750 N, 90.223460 W,43.65275,-90.22346,43.65275,-90.22346,14,2,E
592,SUWS011940,46.342280 N, 91.349010 W,46.34228,-91.34901,46.34228,-91.34901,45,8,W
593,SUWS011941,46.336890 N, 91.257970 W,46.33689,-91.25797,46.33689,-91.25797,45,7,W
594,SUWS011942,46.254130 N, 91.798520 W,46.25413,-91.79852,46.25413,-91.79852,44,11,W
595,SUWS011945,45.328610 N, 91.651000 W,45.32861,-91.651,45.32861,-91.651,33,10,W
596,SUWS011947,46.342280 N, 91.349010 W,46.34228,-91.34901,46.34228,-91.34901,45,8,W
597,SUWS011948,46.342280 N, 91.349010 W,46.34228,-91.34901,46.34228,-91.34901,45,8,W
598,SUWS011949,46.342280 N, 91.349010 W,46.34228,-91.34901,46.34228,-91.34901,45,8,W
599,SUWS011950,44.109920 N, 87.638650 W,44.10992,-87.63865,44.10992,-87.63865,,,
600,SUWS011951,46.342280 N, 91.349010 W,46.34228,-91.34901,46.34228,-91.34901,45,8,W
601,SUWS011956,46.491330 N, 92.199720 W,46.49133,-92.19972,46.49133,-92.19972,46,15,W
602,SUWS011957,46.353270 N, 91.822410 W,46.35327,-91.82241,46.35327,-91.82241,45,12,W
603,SUWS011958,46.342280 N, 91.349010 W,46.34228,-91.34901,46.34228,-91.34901,45,8,W
604,SUWS011960,46.342280 N, 91.349010 W,46.34228,-91.34901,46.34228,-91.34901,45,8,W
605,SUWS011961,46.315020 N, 91.323170 W,46.31502,-91.32317,46.31502,-91.32317,44,8,W
606,SUWS011962,46.342280 N, 91.349010 W,46.34228,-91.34901,46.34228,-91.34901,45,8,W
607,SUWS011963,46.342280 N, 91.349010 W,46.34228,-91.34901,46.34228,-91.34901,45,8,W
608,SUWS011969,46.295630 N, 91.259340 W,46.29563,-91.25934,46.29563,-91.25934,44,7,W
609,SUWS011970,46.303810 N, 91.225870 W,46.30381,-91.22587,46.30381,-91.22587,44,7,W
610,SUWS011973,46.343530 N, 91.261740 W,46.34353,-91.26174,46.34353,-91.26174,45,7,W
611,SUWS011975,46.235550 N, 91.257970 W,46.23555,-91.25797,46.23555,-91.25797,43,7,W
612,SUWS011977,45.742130 N, 92.383090 W,45.74213,-92.38309,45.74213,-92.38309,38,16,W
613,SUWS011978,46.681220 N, 92.066310 W,46.68122,-92.06631,46.68122,-92.06631,49,14,W
614,SUWS011979,44.728120 N, 91.285470 W,44.72812,-91.28547,44.72812,-91.28547,26,7,W
615,SUWS011985,46.349520 N, 91.349010 W,46.34952,-91.34901,46.34952,-91.34901,45,8,W
616,SUWS011993,46.342280 N, 91.349010 W,46.34228,-91.34901,46.34228,-91.34901,45,8,W
617,SUWS011994,45.967410 N, 92.363490 W,45.96741,-92.36349,45.96741,-92.36349,40,16,W
618,SUWS011996,43.838540 N, 90.166090 W,43.83854,-90.16609,43.83854,-90.16609,16,3,E
619,SUWS012000,46.633090 N, 91.720740 W,46.63309,-91.72074,46.63309,-91.72074,48,11,W
620,SUWS012007,46.342280 N, 91.349010 W,46.34228,-91.34901,46.34228,-91.34901,45,8,W
621,SUWS012008,46.572850 N, 91.699910 W,46.57285,-91.69991,46.57285,-91.69991,47,11,W
622,SUWS012009,46.774660 N, 91.386570 W,46.77466,-91.38657,46.77466,-91.38657,50,8,W
623,SUWS012012,46.342280 N, 91.349010 W,46.34228,-91.34901,46.34228,-91.34901,45,8,W
624,SUWS012013,46.342280 N, 91.349010 W,46.34228,-91.34901,46.34228,-91.34901,45,8,W
625,SUWS012014,46.464110 N, 91.899400 W,46.46411,-91.8994,46.46411,-91.8994,46,12,W
626,SUWS012023,46.694720 N, 91.992650 W,46.69472,-91.99265,46.69472,-91.99265,49,13,W
627,SUWS012026,45.698950 N, 87.994850 W,45.69895,-87.99485,45.69895,-87.99485,37,20,E
628,SUWS012027,46.342280 N, 91.349010 W,46.34228,-91.34901,46.34228,-91.34901,45,8,W
629,SUWS012028,46.553000 N, 91.576580 W,46.553,-91.57658,46.553,-91.57658,47,10,W
630,SUWS012029,46.342280 N, 91.349010 W,46.34228,-91.34901,46.34228,-91.34901,45,8,W
631,SUWS012031,46.342280 N, 91.349010 W,46.34228,-91.34901,46.34228,-91.34901,45,8,W
632,SUWS012032,45.967410 N, 92.363490 W,45.96741,-92.36349,45.96741,-92.36349,40,16,W
633,SUWS012033,46.681220 N, 92.066310 W,46.68122,-92.06631,46.68122,-92.06631,49,14,W
634,SUWS012034,46.681220 N, 92.066310 W,46.68122,-92.06631,46.68122,-92.06631,49,14,W
635,SUWS012037,46.342280 N, 91.349010 W,46.34228,-91.34901,46.34228,-91.34901,45,8,W
636,SUWS012047,46.732160 N, 92.066300 W,46.73216,-92.0663,46.73216,-92.0663,49,14,W
637,SUWS012055,46.505810 N, 92.231270 W,46.50581,-92.23127,46.50581,-92.23127,47,15,W
638,SUWS012058,46.301100 N, 91.280630 W,46.3011,-91.28063,46.3011,-91.28063,44,7,W
639,SUWS012059,46.208010 N, 91.292130 W,46.20801,-91.29213,46.20801,-91.29213,43,7,W
640,SUWS012061,46.681220 N, 92.066310 W,46.68122,-92.06631,46.68122,-92.06631,49,14,W
641,SUWS012067,46.675450 N, 92.148710 W,46.67545,-92.14871,46.67545,-92.14871,48,14,W
642,SUWS012070,46.596480 N, 91.343700 W,46.59648,-91.3437,46.59648,-91.3437,48,8,W
643,SUWS012072,46.342280 N, 91.349010 W,46.34228,-91.34901,46.34228,-91.34901,45,8,W
644,SUWS012073,46.682110 N, 92.150820 W,46.68211,-92.15082,46.68211,-92.15082,49,14,W
645,SUWS012074,46.336890 N, 91.257970 W,46.33689,-91.25797,46.33689,-91.25797,45,7,W
646,SUWS012076,46.342280 N, 91.349010 W,46.34228,-91.34901,46.34228,-91.34901,45,8,W
647,SUWS012080,46.586040 N, 91.720740 W,46.58604,-91.72074,46.58604,-91.72074,47,11,W
648,SUWS012082,46.853820 N, 91.127600 W,46.85382,-91.1276,46.85382,-91.1276,51,6,W
649,SUWS012084,46.342280 N, 91.349010 W,46.34228,-91.34901,46.34228,-91.34901,45,8,W
650,SUWS012089,46.654970 N, 92.104420 W,46.65497,-92.10442,46.65497,-92.10442,48,14,W
651,SUWS012091,46.342280 N, 91.349010 W,46.34228,-91.34901,46.34228,-91.34901,45,8,W
652,SUWS012094,46.718000 N, 92.055750 W,46.718,-92.05575,46.718,-92.05575,49,13,W
653,SUWS012109,46.681220 N, 92.066310 W,46.68122,-92.06631,46.68122,-92.06631,49,14,W
654,SUWS012111,46.342280 N, 91.349010 W,46.34228,-91.34901,46.34228,-91.34901,45,8,W
655,SUWS012115,45.934220 N, 92.361690 W,45.93422,-92.36169,45.93422,-92.36169,40,16,W
656,SUWS012118,46.489170 N, 91.554950 W,46.48917,-91.55495,46.48917,-91.55495,46,10,W
657,SUWS012130,44.313150 N, 91.910940 W,44.31315,-91.91094,44.31315,-91.91094,21,13,W
658,SUWS012137,46.342280 N, 91.349010 W,46.34228,-91.34901,46.34228,-91.34901,45,8,W
659,SUWS012138,46.342280 N, 91.349010 W,46.34228,-91.34901,46.34228,-91.34901,45,8,W
660,SUWS012153,43.918320 N, 90.920120 W,43.91832,-90.92012,43.91832,-90.92012,17,5,W
661,SUWS012154,46.342280 N, 91.349010 W,46.34228,-91.34901,46.34228,-91.34901,45,8,W
662,SUWS012163,46.938270 N, 90.652960 W,46.93827,-90.65296,46.93827,-90.65296,52,2,W
663,SUWS012167,46.681220 N, 92.066310 W,46.68122,-92.06631,46.68122,-92.06631,49,14,W
664,SUWS012169,46.681220 N, 92.066310 W,46.68122,-92.06631,46.68122,-92.06631,49,14,W
665,SUWS012171,46.691110 N, 91.917310 W,46.69111,-91.91731,46.69111,-91.91731,49,12,W
666,SUWS012174,45.967410 N, 92.363490 W,45.96741,-92.36349,45.96741,-92.36349,40,16,W
667,SUWS012176,46.708010 N, 92.104080 W,46.70801,-92.10408,46.70801,-92.10408,49,14,W
668,SUWS012181,46.342280 N, 91.349010 W,46.34228,-91.34901,46.34228,-91.34901,45,8,W
669,SUWS012186,44.761150 N, 92.487410 W,44.76115,-92.48741,44.76115,-92.48741,26,17,W
670,SUWS012191,46.478140 N, 90.988250 W,46.47814,-90.98825,46.47814,-90.98825,46,5,W
671,SUWS012195,45.967410 N, 92.363490 W,45.96741,-92.36349,45.96741,-92.36349,40,16,W
672,SUWS012196,45.967410 N, 92.363490 W,45.96741,-92.36349,45.96741,-92.36349,40,16,W
673,SUWS012198,46.610910 N, 91.576580 W,46.61091,-91.57658,46.61091,-91.57658,48,10,W
674,SUWS012199,46.610910 N, 91.576580 W,46.61091,-91.57658,46.61091,-91.57658,48,10,W
675,SUWS012200,46.610910 N, 91.576580 W,46.61091,-91.57658,46.61091,-91.57658,48,10,W
676,SUWS012201,46.681220 N, 92.066310 W,46.68122,-92.06631,46.68122,-92.06631,49,14,W
677,SUWS012202,46.681220 N, 92.066310 W,46.68122,-92.06631,46.68122,-92.06631,49,14,W
678,SUWS012204,43.667240 N, 90.223460 W,43.66724,-90.22346,43.66724,-90.22346,14,2,E
679,SUWS012205,43.667240 N, 90.223460 W,43.66724,-90.22346,43.66724,-90.22346,14,2,E
680,SUWS012208,46.681220 N, 92.066310 W,46.68122,-92.06631,46.68122,-92.06631,49,14,W
681,SUWS012212,46.342280 N, 91.349010 W,46.34228,-91.34901,46.34228,-91.34901,45,8,W
682,SUWS012213,46.668030 N, 92.103740 W,46.66803,-92.10374,46.66803,-92.10374,48,14,W
683,SUWS012214,46.291090 N, 91.279600 W,46.29109,-91.2796,46.29109,-91.2796,44,7,W
684,SUWS012215,46.342280 N, 91.349010 W,46.34228,-91.34901,46.34228,-91.34901,45,8,W
685,SUWS012217,46.342280 N, 91.349010 W,46.34228,-91.34901,46.34228,-91.34901,45,8,W
686,SUWS012218,46.336950 N, 91.295970 W,46.33695,-91.29597,46.33695,-91.29597,45,7,W
687,SUWS012221,46.277800 N, 91.278910 W,46.2778,-91.27891,46.2778,-91.27891,44,7,W
688,SUWS012223,46.342280 N, 91.349010 W,46.34228,-91.34901,46.34228,-91.34901,45,8,W
689,SUWS012224,45.125470 N, 92.671950 W,45.12547,-92.67195,45.12547,-92.67195,31,19,W
690,SUWS012226,46.681220 N, 92.066310 W,46.68122,-92.06631,46.68122,-92.06631,49,14,W
691,SUWS012227,46.342280 N, 91.349010 W,46.34228,-91.34901,46.34228,-91.34901,45,8,W
692,SUWS012245,46.739200 N, 92.088860 W,46.7392,-92.08886,46.7392,-92.08886,49,14,W
693,SUWS012247,45.766880 N, 92.384590 W,45.76688,-92.38459,45.76688,-92.38459,38,16,W
694,SUWS012248,46.345410 N, 91.195400 W,46.34541,-91.1954,46.34541,-91.1954,45,7,W
695,SUWS012249,46.208010 N, 91.292130 W,46.20801,-91.29213,46.20801,-91.29213,43,7,W
696,SUWS012250,46.342280 N, 91.349010 W,46.34228,-91.34901,46.34228,-91.34901,45,8,W
697,SUWS012253,46.272090 N, 91.289280 W,46.27209,-91.28928,46.27209,-91.28928,44,7,W
698,SUWS012254,43.838540 N, 90.166090 W,43.83854,-90.16609,43.83854,-90.16609,16,3,E
699,SUWS012255,46.367450 N, 91.108250 W,46.36745,-91.10825,46.36745,-91.10825,45,6,W
700,SUWS012258,46.342280 N, 91.349010 W,46.34228,-91.34901,46.34228,-91.34901,45,8,W
701,SUWS012261,46.342280 N, 91.349010 W,46.34228,-91.34901,46.34228,-91.34901,45,8,W
702,SUWS012264,46.338610 N, 91.323600 W,46.33861,-91.3236,46.33861,-91.3236,45,8,W
703,SUWS012265,46.270360 N, 91.317940 W,46.27036,-91.31794,46.27036,-91.31794,44,8,W
704,SUWS012266,46.342280 N, 91.349010 W,46.34228,-91.34901,46.34228,-91.34901,45,8,W
705,SUWS012271,46.270360 N, 91.317940 W,46.27036,-91.31794,46.27036,-91.31794,44,8,W
706,SUWS012274,46.654970 N, 92.104420 W,46.65497,-92.10442,46.65497,-92.10442,48,14,W
707,SUWS012275,46.222490 N, 91.292130 W,46.22249,-91.29213,46.22249,-91.29213,43,7,W
708,SUWS012279,46.336890 N, 91.278410 W,46.33689,-91.27841,46.33689,-91.27841,45,7,W
709,SUWS012281,46.342280 N, 91.349010 W,46.34228,-91.34901,46.34228,-91.34901,45,8,W
710,SUWS012282,46.336890 N, 91.257970 W,46.33689,-91.25797,46.33689,-91.25797,45,7,W
711,SUWS012284,46.342280 N, 91.349010 W,46.34228,-91.34901,46.34228,-91.34901,45,8,W
712,SUWS012285,46.342280 N, 91.349010 W,46.34228,-91.34901,46.34228,-91.34901,45,8,W
713,SUWS012286,46.334520 N, 91.284770 W,46.33452,-91.28477,46.33452,-91.28477,45,7,W
714,SUWS012287,44.826340 N, 91.491060 W,44.82634,-91.49106,44.82634,-91.49106,27,9,W
715,SUWS012288,46.338480 N, 91.320480 W,46.33848,-91.32048,46.33848,-91.32048,45,8,W
716,SUWS012292,46.681220 N, 92.066310 W,46.68122,-92.06631,46.68122,-92.06631,49,14,W
717,SUWS012294,46.681220 N, 92.066310 W,46.68122,-92.06631,46.68122,-92.06631,49,14,W
718,SUWS012295,46.342280 N, 91.349010 W,46.34228,-91.34901,46.34228,-91.34901,45,8,W
719,SUWS012296,46.291090 N, 91.279600 W,46.29109,-91.2796,46.29109,-91.2796,44,7,W
720,SUWS012297,46.341800 N, 91.312680 W,46.3418,-91.31268,46.3418,-91.31268,45,8,W
721,SUWS012302,46.681220 N, 92.066310 W,46.68122,-92.06631,46.68122,-92.06631,49,14,W
722,SUWS012303,46.724590 N, 92.091960 W,46.72459,-92.09196,46.72459,-92.09196,49,14,W
723,SUWS012304,43.667240 N, 90.223460 W,43.66724,-90.22346,43.66724,-90.22346,14,2,E
724,SUWS012316,46.718550 N, 92.145470 W,46.71855,-92.14547,46.71855,-92.14547,49,14,W
725,SUWS012319,46.718000 N, 92.055750 W,46.718,-92.05575,46.718,-92.05575,49,13,W
726,SUWS012323,46.342280 N, 91.349010 W,46.34228,-91.34901,46.34228,-91.34901,45,8,W
727,SUWS012324,46.342280 N, 91.349010 W,46.34228,-91.34901,46.34228,-91.34901,45,8,W
728,SUWS012325,46.342280 N, 91.349010 W,46.34228,-91.34901,46.34228,-91.34901,45,8,W
729,SUWS012326,46.338550 N, 91.182440 W,46.33855,-91.18244,46.33855,-91.18244,45,7,W
730,SUWS012330,46.286410 N, 91.227050 W,46.28641,-91.22705,46.28641,-91.22705,44,7,W
731,SUWS012331,46.235550 N, 91.279940 W,46.23555,-91.27994,46.23555,-91.27994,43,7,W
732,SUWS012336,46.342280 N, 91.349010 W,46.34228,-91.34901,46.34228,-91.34901,45,8,W
733,SUWS012337,46.342280 N, 91.349010 W,46.34228,-91.34901,46.34228,-91.34901,45,8,W
734,SUWS012338,46.343930 N, 91.261140 W,46.34393,-91.26114,46.34393,-91.26114,45,7,W
735,SUWS012339,46.343930 N, 91.261140 W,46.34393,-91.26114,46.34393,-91.26114,45,7,W
736,SUWS012340,46.429910 N, 91.337330 W,46.42991,-91.33733,46.42991,-91.33733,46,8,W
737,SUWS012341,46.342280 N, 91.349010 W,46.34228,-91.34901,46.34228,-91.34901,45,8,W
738,SUWS012342,46.343930 N, 91.261140 W,46.34393,-91.26114,46.34393,-91.26114,45,7,W
739,SUWS012346,46.724590 N, 92.091960 W,46.72459,-92.09196,46.72459,-92.09196,49,14,W
740,SUWS012347,46.342280 N, 91.349010 W,46.34228,-91.34901,46.34228,-91.34901,45,8,W
741,SUWS012348,46.271200 N, 91.349350 W,46.2712,-91.34935,46.2712,-91.34935,44,8,W
742,SUWS012349,46.341800 N, 91.347660 W,46.3418,-91.34766,46.3418,-91.34766,45,8,W
743,SUWS012352,46.489860 N, 92.184140 W,46.48986,-92.18414,46.48986,-92.18414,46,15,W
744,SUWS012353,46.654970 N, 92.104420 W,46.65497,-92.10442,46.65497,-92.10442,48,14,W
745,SUWS012357,46.491330 N, 92.199720 W,46.49133,-92.19972,46.49133,-92.19972,46,15,W
746,SUWS012358,46.705450 N, 92.104040 W,46.70545,-92.10404,46.70545,-92.10404,49,14,W
747,SUWS012363,46.277800 N, 91.278910 W,46.2778,-91.27891,46.2778,-91.27891,44,7,W
748,SUWS012364,46.286410 N, 91.227050 W,46.28641,-91.22705,46.28641,-91.22705,44,7,W
749,SUWS012365,46.342280 N, 91.349010 W,46.34228,-91.34901,46.34228,-91.34901,45,8,W
750,SUWS012366,46.342280 N, 91.349010 W,46.34228,-91.34901,46.34228,-91.34901,45,8,W
751,SUWS012368,46.336890 N, 91.257970 W,46.33689,-91.25797,46.33689,-91.25797,45,7,W
752,SUWS012369,46.342280 N, 91.349010 W,46.34228,-91.34901,46.34228,-91.34901,45,8,W
753,SUWS012370,46.342280 N, 91.349010 W,46.34228,-91.34901,46.34228,-91.34901,45,8,W
754,SUWS012371,46.342280 N, 91.349010 W,46.34228,-91.34901,46.34228,-91.34901,45,8,W
755,SUWS012372,46.235550 N, 91.279940 W,46.23555,-91.27994,46.23555,-91.27994,43,7,W
756,SUWS012373,46.342280 N, 91.349010 W,46.34228,-91.34901,46.34228,-91.34901,45,8,W
757,SUWS012382,46.336880 N, 91.320880 W,46.33688,-91.32088,46.33688,-91.32088,45,8,W
758,SUWS012383,43.838540 N, 90.166090 W,43.83854,-90.16609,43.83854,-90.16609,16,3,E
759,SUWS012389,46.342280 N, 91.349010 W,46.34228,-91.34901,46.34228,-91.34901,45,8,W
760,SUWS012391,46.342280 N, 91.349010 W,46.34228,-91.34901,46.34228,-91.34901,45,8,W
761,SUWS012392,46.300070 N, 91.322400 W,46.30007,-91.3224,46.30007,-91.3224,44,8,W
762,SUWS012393,46.342280 N, 91.349010 W,46.34228,-91.34901,46.34228,-91.34901,45,8,W
763,SUWS012394,46.353270 N, 91.822410 W,46.35327,-91.82241,46.35327,-91.82241,45,12,W
764,SUWS012398,46.681220 N, 92.066310 W,46.68122,-92.06631,46.68122,-92.06631,49,14,W
765,SUWS012411,43.759550 N, 88.088790 W,43.75955,-88.08879,43.75955,-88.08879,15,20,E
766,SUWS012421,45.967410 N, 92.363490 W,45.96741,-92.36349,45.96741,-92.36349,40,16,W
767,SUWS012423,45.334580 N, 92.687250 W,45.33458,-92.68725,45.33458,-92.68725,33,19,W
768,SUWS012439,42.828900 N, 89.021500 W,42.8289,-89.0215,42.8289,-89.0215,4,12,E
769,SUWS012443,46.208010 N, 91.292130 W,46.20801,-91.29213,46.20801,-91.29213,43,7,W
770,SUWS012444,45.328610 N, 91.651000 W,45.32861,-91.651,45.32861,-91.651,33,10,W
771,SUWS012469,45.766880 N, 92.384590 W,45.76688,-92.38459,45.76688,-92.38459,38,16,W
772,SUWS012480,46.553000 N, 91.555530 W,46.553,-91.55553,46.553,-91.55553,47,10,W
773,SUWS012481,46.353270 N, 91.822410 W,46.35327,-91.82241,46.35327,-91.82241,45,12,W
774,SUWS012482,46.353270 N, 91.822410 W,46.35327,-91.82241,46.35327,-91.82241,45,12,W
775,SUWS012483,46.342280 N, 91.349010 W,46.34228,-91.34901,46.34228,-91.34901,45,8,W
776,SUWS012493,46.717840 N, 92.087860 W,46.71784,-92.08786,46.71784,-92.08786,49,14,W
777,SUWS012495,46.717840 N, 92.087860 W,46.71784,-92.08786,46.71784,-92.08786,49,14,W
778,SUWS012502,46.717840 N, 92.087860 W,46.71784,-92.08786,46.71784,-92.08786,49,14,W
779,SUWS012506,46.353270 N, 91.822410 W,46.35327,-91.82241,46.35327,-91.82241,45,12,W
780,SUWS012510,46.477750 N, 92.061050 W,46.47775,-92.06105,46.47775,-92.06105,46,14,W
781,SUWS012511,46.342280 N, 91.349010 W,46.34228,-91.34901,46.34228,-91.34901,45,8,W
782,SUWS012512,46.342280 N, 91.349010 W,46.34228,-91.34901,46.34228,-91.34901,45,8,W
783,SUWS012513,46.342280 N, 91.349010 W,46.34228,-91.34901,46.34228,-91.34901,45,8,W
784,SUWS012516,46.342280 N, 91.349010 W,46.34228,-91.34901,46.34228,-91.34901,45,8,W
785,SUWS012517,46.717840 N, 92.087860 W,46.71784,-92.08786,46.71784,-92.08786,49,14,W
786,SUWS012520,46.717840 N, 92.087860 W,46.71784,-92.08786,46.71784,-92.08786,49,14,W
787,SUWS012524,46.675450 N, 92.148710 W,46.67545,-92.14871,46.67545,-92.14871,48,14,W
788,SUWS012528,46.654970 N, 92.104420 W,46.65497,-92.10442,46.65497,-92.10442,48,14,W
789,SUWS012529,46.342280 N, 91.349010 W,46.34228,-91.34901,46.34228,-91.34901,45,8,W
790,SUWS012540,45.766880 N, 92.384590 W,45.76688,-92.38459,45.76688,-92.38459,38,16,W
791,SUWS012557,46.717840 N, 92.087860 W,46.71784,-92.08786,46.71784,-92.08786,49,14,W
792,SUWS012562,46.654970 N, 92.104420 W,46.65497,-92.10442,46.65497,-92.10442,48,14,W
793,SUWS012563,43.667240 N, 90.223460 W,43.66724,-90.22346,43.66724,-90.22346,14,2,E
794,SUWS012566,46.345410 N, 91.195400 W,46.34541,-91.1954,46.34541,-91.1954,45,7,W
795,SUWS012567,46.342280 N, 91.349010 W,46.34228,-91.34901,46.34228,-91.34901,45,8,W
796,SUWS012573,46.342280 N, 91.349010 W,46.34228,-91.34901,46.34228,-91.34901,45,8,W
797,SUWS012574,46.342280 N, 91.349010 W,46.34228,-91.34901,46.34228,-91.34901,45,8,W
798,SUWS012578,46.342280 N, 91.349010 W,46.34228,-91.34901,46.34228,-91.34901,45,8,W
799,SUWS012588,46.654970 N, 92.104420 W,46.65497,-92.10442,46.65497,-92.10442,48,14,W
800,SUWS012592,46.690770 N, 92.002690 W,46.69077,-92.00269,46.69077,-92.00269,49,13,W
801,SUWS012593,46.694720 N, 91.992650 W,46.69472,-91.99265,46.69472,-91.99265,49,13,W
802,SUWS012594,46.342280 N, 91.349010 W,46.34228,-91.34901,46.34228,-91.34901,45,8,W
803,SUWS012603,46.342280 N, 91.349010 W,46.34228,-91.34901,46.34228,-91.34901,45,8,W
804,SUWS012607,46.435300 N, 91.672620 W,46.4353,-91.67262,46.4353,-91.67262,46,10,W
805,SUWS012610,46.489860 N, 92.184140 W,46.48986,-92.18414,46.48986,-92.18414,46,15,W
806,SUWS012613,46.489860 N, 92.184140 W,46.48986,-92.18414,46.48986,-92.18414,46,15,W
807,SUWS012625,46.565450 N, 91.418030 W,46.56545,-91.41803,46.56545,-91.41803,47,8,W
808,SUWS012626,43.838540 N, 90.166090 W,43.83854,-90.16609,43.83854,-90.16609,16,3,E
809,SUWS012632,46.639860 N, 91.576580 W,46.63986,-91.57658,46.63986,-91.57658,48,10,W
810,SUWS012633,46.681220 N, 92.066310 W,46.68122,-92.06631,46.68122,-92.06631,49,14,W
811,SUWS012634,44.059360 N, 87.736210 W,44.05936,-87.73621,44.05936,-87.73621,18,23,E
812,SUWS012639,46.694720 N, 91.992650 W,46.69472,-91.99265,46.69472,-91.99265,49,13,W
813,SUWS012649,43.749820 N, 88.105360 W,43.74982,-88.10536,43.74982,-88.10536,15,20,E
814,SUWS012665,46.342280 N, 91.349010 W,46.34228,-91.34901,46.34228,-91.34901,45,8,W
815,SUWS012667,46.342280 N, 91.349010 W,46.34228,-91.34901,46.34228,-91.34901,45,8,W
816,SUWS012669,46.717840 N, 92.087860 W,46.71784,-92.08786,46.71784,-92.08786,49,14,W
817,SUWS012681,46.336890 N, 91.278410 W,46.33689,-91.27841,46.33689,-91.27841,45,7,W
818,SUWS012682,46.489860 N, 92.184140 W,46.48986,-92.18414,46.48986,-92.18414,46,15,W
819,SUWS012683,46.315020 N, 91.323170 W,46.31502,-91.32317,46.31502,-91.32317,44,8,W
820,SUWS012684,46.342280 N, 91.349010 W,46.34228,-91.34901,46.34228,-91.34901,45,8,W
821,SUWS012685,46.342280 N, 91.349010 W,46.34228,-91.34901,46.34228,-91.34901,45,8,W
822,SUWS012686,46.342280 N, 91.349010 W,46.34228,-91.34901,46.34228,-91.34901,45,8,W
823,SUWS012688,46.681220 N, 92.066310 W,46.68122,-92.06631,46.68122,-92.06631,49,14,W
824,SUWS012689,45.696630 N, 90.400430 W,45.69663,-90.40043,45.69663,-90.40043,37,1,E
825,SUWS012690,46.336890 N, 91.257970 W,46.33689,-91.25797,46.33689,-91.25797,45,7,W
826,SUWS012691,46.356760 N, 91.349010 W,46.35676,-91.34901,46.35676,-91.34901,45,8,W
827,SUWS012692,46.468060 N, 91.745180 W,46.46806,-91.74518,46.46806,-91.74518,46,11,W
828,SUWS012703,46.342280 N, 91.349010 W,46.34228,-91.34901,46.34228,-91.34901,45,8,W
829,SUWS012705,46.342280 N, 91.349010 W,46.34228,-91.34901,46.34228,-91.34901,45,8,W
830,SUWS012707,46.342280 N, 91.349010 W,46.34228,-91.34901,46.34228,-91.34901,45,8,W
831,SUWS012712,46.342280 N, 91.349010 W,46.34228,-91.34901,46.34228,-91.34901,45,8,W
832,SUWS012713,45.851000 N, 92.641540 W,45.851,-92.64154,45.851,-92.64154,39,18,W
833,SUWS012714,45.659120 N, 92.467140 W,45.65912,-92.46714,45.65912,-92.46714,37,17,W
834,SUWS012715,45.742130 N, 92.383090 W,45.74213,-92.38309,45.74213,-92.38309,38,16,W
835,SUWS012716,45.659120 N, 92.467140 W,45.65912,-92.46714,45.65912,-92.46714,37,17,W
836,SUWS012719,43.838540 N, 90.166090 W,43.83854,-90.16609,43.83854,-90.16609,16,3,E
837,SUWS012726,46.342280 N, 91.349010 W,46.34228,-91.34901,46.34228,-91.34901,45,8,W
838,SUWS012727,46.342280 N, 91.349010 W,46.34228,-91.34901,46.34228,-91.34901,45,8,W
839,SUWS012728,46.341800 N, 91.347660 W,46.3418,-91.34766,46.3418,-91.34766,45,8,W
840,SUWS012729,46.051670 N, 92.302640 W,46.05167,-92.30264,46.05167,-92.30264,41,16,W
841,SUWS012735,45.967410 N, 92.363490 W,45.96741,-92.36349,45.96741,-92.36349,40,16,W
842,SUWS012736,46.489860 N, 92.184140 W,46.48986,-92.18414,46.48986,-92.18414,46,15,W
843,SUWS012738,46.681220 N, 92.066310 W,46.68122,-92.06631,46.68122,-92.06631,49,14,W
844,SUWS012739,43.817890 N, 91.262170 W,43.81789,-91.26217,43.81789,-91.26217,16,7,W
845,SUWS012740,46.717840 N, 92.087860 W,46.71784,-92.08786,46.71784,-92.08786,49,14,W
846,SUWS012743,46.342280 N, 91.349010 W,46.34228,-91.34901,46.34228,-91.34901,45,8,W
847,SUWS012744,46.342280 N, 91.349010 W,46.34228,-91.34901,46.34228,-91.34901,45,8,W
848,SUWS012745,46.342280 N, 91.369980 W,46.34228,-91.36998,46.34228,-91.36998,45,8,W
849,SUWS012752,46.342280 N, 91.349010 W,46.34228,-91.34901,46.34228,-91.34901,45,8,W
850,SUWS012755,46.336890 N, 91.257970 W,46.33689,-91.25797,46.33689,-91.25797,45,7,W
851,SUWS012756,46.342280 N, 91.349010 W,46.34228,-91.34901,46.34228,-91.34901,45,8,W
852,SUWS012757,45.334580 N, 92.687250 W,45.33458,-92.68725,45.33458,-92.68725,33,19,W
853,SUWS012758,46.337010 N, 91.232800 W,46.33701,-91.2328,46.33701,-91.2328,45,7,W
854,SUWS012766,46.342280 N, 91.349010 W,46.34228,-91.34901,46.34228,-91.34901,45,8,W
855,SUWS012768,46.342280 N, 91.349010 W,46.34228,-91.34901,46.34228,-91.34901,45,8,W
856,SUWS012770,46.342280 N, 91.349010 W,46.34228,-91.34901,46.34228,-91.34901,45,8,W
857,SUWS012771,46.342280 N, 91.369980 W,46.34228,-91.36998,46.34228,-91.36998,45,8,W
858,SUWS012772,46.314850 N, 91.280280 W,46.31485,-91.28028,46.31485,-91.28028,44,7,W
859,SUWS012773,46.342280 N, 91.349010 W,46.34228,-91.34901,46.34228,-91.34901,45,8,W
860,SUWS012774,46.343930 N, 91.261140 W,46.34393,-91.26114,46.34393,-91.26114,45,7,W
861,SUWS012775,46.314850 N, 91.280280 W,46.31485,-91.28028,46.31485,-91.28028,44,7,W
862,SUWS012778,46.307120 N, 91.208990 W,46.30712,-91.20899,46.30712,-91.20899,44,7,W
863,SUWS012781,46.428840 N, 92.213690 W,46.42884,-92.21369,46.42884,-92.21369,46,15,W
864,SUWS012788,46.268010 N, 91.258520 W,46.26801,-91.25852,46.26801,-91.25852,44,7,W
865,SUWS012795,46.342280 N, 91.349010 W,46.34228,-91.34901,46.34228,-91.34901,45,8,W
866,SUWS012799,46.021570 N, 92.339380 W,46.02157,-92.33938,46.02157,-92.33938,41,16,W
867,SUWS012805,43.750970 N, 90.890380 W,43.75097,-90.89038,43.75097,-90.89038,15,4,W
868,SUWS012806,43.667240 N, 90.223460 W,43.66724,-90.22346,43.66724,-90.22346,14,2,E
869,SUWS012822,46.668030 N, 92.103740 W,46.66803,-92.10374,46.66803,-92.10374,48,14,W
870,SUWS012824,46.668030 N, 92.103740 W,46.66803,-92.10374,46.66803,-92.10374,48,14,W
871,SUWS012826,46.654970 N, 92.104420 W,46.65497,-92.10442,46.65497,-92.10442,48,14,W
872,SUWS012827,46.654970 N, 92.104420 W,46.65497,-92.10442,46.65497,-92.10442,48,14,W
873,SUWS012828,46.654970 N, 92.104420 W,46.65497,-92.10442,46.65497,-92.10442,48,14,W
874,SUWS012834,46.308660 N, 91.204500 W,46.30866,-91.2045,46.30866,-91.2045,44,7,W
875,SUWS012835,46.535290 N, 91.582110 W,46.53529,-91.58211,46.53529,-91.58211,47,10,W
876,SUWS012851,46.342280 N, 91.349010 W,46.34228,-91.34901,46.34228,-91.34901,45,8,W
877,SUWS012867,46.629140 N, 92.067630 W,46.62914,-92.06763,46.62914,-92.06763,48,14,W
878,SUWS012871,46.489860 N, 92.184140 W,46.48986,-92.18414,46.48986,-92.18414,46,15,W
879,SUWS012872,44.761150 N, 92.487410 W,44.76115,-92.48741,44.76115,-92.48741,26,17,W
880,SUWS012875,46.304400 N, 91.210890 W,46.3044,-91.21089,46.3044,-91.21089,44,7,W
881,SUWS012891,46.342270 N, 91.390950 W,46.34227,-91.39095,46.34227,-91.39095,45,8,W
882,SUWS012893,43.402490 N, 90.556600 W,43.40249,-90.5566,43.40249,-90.5566,11,2,W
883,SUWS012894,46.340420 N, 91.371890 W,46.34042,-91.37189,46.34042,-91.37189,45,8,W
884,SUWS012899,46.337150 N, 91.498410 W,46.33715,-91.49841,46.33715,-91.49841,45,9,W
885,SUWS012906,46.491330 N, 92.220750 W,46.49133,-92.22075,46.49133,-92.22075,46,15,W
886,SUWS012907,46.732160 N, 92.066300 W,46.73216,-92.0663,46.73216,-92.0663,49,14,W
887,SUWS012908,46.712310 N, 92.091360 W,46.71231,-92.09136,46.71231,-92.09136,49,14,W
888,SUWS012913,46.673110 N, 91.972140 W,46.67311,-91.97214,46.67311,-91.97214,48,13,W
889,SUWS012914,46.153660 N, 91.329550 W,46.15366,-91.32955,46.15366,-91.32955,42,8,W
890,SUWS012924,44.858880 N, 87.490100 W,44.85888,-87.4901,44.85888,-87.4901,28,25,E
891,SUWS013044,46.673110 N, 91.972140 W,46.67311,-91.97214,46.67311,-91.97214,48,13,W
892,SUWS013074,45.779220 N, 92.682700 W,45.77922,-92.6827,45.77922,-92.6827,38,19,W
893,SUWS013075,45.779220 N, 92.682700 W,45.77922,-92.6827,45.77922,-92.6827,38,19,W
894,SUWS013077,45.779220 N, 92.682700 W,45.77922,-92.6827,45.77922,-92.6827,38,19,W
895,SUWS013089,45.779220 N, 92.682700 W,45.77922,-92.6827,45.77922,-92.6827,38,19,W
896,SUWS013111,46.681220 N, 92.066310 W,46.68122,-92.06631,46.68122,-92.06631,49,14,W
897,SUWS013115,46.681220 N, 92.066310 W,46.68122,-92.06631,46.68122,-92.06631,49,14,W
898,SUWS013119,46.681220 N, 92.066310 W,46.68122,-92.06631,46.68122,-92.06631,49,14,W
899,SUWS013121,46.681220 N, 92.066310 W,46.68122,-92.06631,46.68122,-92.06631,49,14,W
900,SUWS013122,46.681220 N, 92.066310 W,46.68122,-92.06631,46.68122,-92.06631,49,14,W
901,SUWS013140,46.675450 N, 92.148710 W,46.67545,-92.14871,46.67545,-92.14871,48,14,W
902,SUWS013142,46.675450 N, 92.148710 W,46.67545,-92.14871,46.67545,-92.14871,48,14,W
903,SUWS013146,46.675450 N, 92.148710 W,46.67545,-92.14871,46.67545,-92.14871,48,14,W
904,SUWS013148,46.681220 N, 92.066310 W,46.68122,-92.06631,46.68122,-92.06631,49,14,W
905,SUWS013548,45.720480 N, 89.510920 W,45.72048,-89.51092,45.72048,-89.51092,37,8,E
906,SUWS013552,46.718860 N, 92.098390 W,46.71886,-92.09839,46.71886,-92.09839,49,14,W
907,SUWS013553,46.718860 N, 92.098390 W,46.71886,-92.09839,46.71886,-92.09839,49,14,W
908,SUWS013555,46.719960 N, 92.098390 W,46.71996,-92.09839,46.71996,-92.09839,49,14,W
909,SUWS013559,46.718860 N, 92.098390 W,46.71886,-92.09839,46.71886,-92.09839,49,14,W
910,SUWS013563,46.718860 N, 92.098390 W,46.71886,-92.09839,46.71886,-92.09839,49,14,W
911,SUWS013566,46.718860 N, 92.098390 W,46.71886,-92.09839,46.71886,-92.09839,49,14,W
912,SUWS013572,46.718860 N, 92.098390 W,46.71886,-92.09839,46.71886,-92.09839,49,14,W
913,SUWS013574,46.718860 N, 92.098390 W,46.71886,-92.09839,46.71886,-92.09839,49,14,W
914,SUWS013579,45.848610 N, 92.642880 W,45.84861,-92.64288,45.84861,-92.64288,39,18,W
915,SUWS013584,46.719960 N, 92.098390 W,46.71996,-92.09839,46.71996,-92.09839,49,14,W
916,SUWS013745,46.675450 N, 92.148710 W,46.67545,-92.14871,46.67545,-92.14871,48,14,W
917,SUWS013746,46.675450 N, 92.148710 W,46.67545,-92.14871,46.67545,-92.14871,48,14,W
918,SUWS013747,46.673110 N, 91.972140 W,46.67311,-91.97214,46.67311,-91.97214,48,13,W
919,SUWS013749,46.673110 N, 91.972140 W,46.67311,-91.97214,46.67311,-91.97214,48,13,W
920,SUWS013752,46.673110 N, 91.972140 W,46.67311,-91.97214,46.67311,-91.97214,48,13,W
921,SUWS013753,46.673110 N, 91.972140 W,46.67311,-91.97214,46.67311,-91.97214,48,13,W
922,SUWS013754,46.673110 N, 91.972140 W,46.67311,-91.97214,46.67311,-91.97214,48,13,W
923,SUWS013755,46.681220 N, 92.066310 W,46.68122,-92.06631,46.68122,-92.06631,49,14,W
924,SUWS013758,46.675450 N, 92.148710 W,46.67545,-92.14871,46.67545,-92.14871,48,14,W
925,SUWS013759,46.681220 N, 92.066310 W,46.68122,-92.06631,46.68122,-92.06631,49,14,W
926,SUWS013760,46.673110 N, 91.972140 W,46.67311,-91.97214,46.67311,-91.97214,48,13,W
927,SUWS013761,46.673110 N, 91.972140 W,46.67311,-91.97214,46.67311,-91.97214,48,13,W
928,SUWS013762,46.673110 N, 91.972140 W,46.67311,-91.97214,46.67311,-91.97214,48,13,W
929,SUWS013765,46.673110 N, 91.972140 W,46.67311,-91.97214,46.67311,-91.97214,48,13,W
930,SUWS013767,46.673110 N, 91.972140 W,46.67311,-91.97214,46.67311,-91.97214,48,13,W
931,SUWS013768,46.675450 N, 92.148710 W,46.67545,-92.14871,46.67545,-92.14871,48,14,W
932,SUWS013769,46.673110 N, 91.972140 W,46.67311,-91.97214,46.67311,-91.97214,48,13,W
933,SUWS013859,46.673110 N, 91.972140 W,46.67311,-91.97214,46.67311,-91.97214,48,13,W
934,SUWS013875,46.681220 N, 92.066310 W,46.68122,-92.06631,46.68122,-92.06631,49,14,W
935,SUWS013893,46.681220 N, 92.066310 W,46.68122,-92.06631,46.68122,-92.06631,49,14,W
936,SUWS013896,46.681220 N, 92.066310 W,46.68122,-92.06631,46.68122,-92.06631,49,14,W
937,SUWS013897,46.673110 N, 91.972140 W,46.67311,-91.97214,46.67311,-91.97214,48,13,W
938,SUWS013898,46.673110 N, 91.972140 W,46.67311,-91.97214,46.67311,-91.97214,48,13,W
939,SUWS013929,46.558370 N, 91.699910 W,46.55837,-91.69991,46.55837,-91.69991,47,11,W
940,SUWS013940,46.457800 N, 92.213690 W,46.4578,-92.21369,46.4578,-92.21369,46,15,W
941,SUWS013942,46.457800 N, 92.213690 W,46.4578,-92.21369,46.4578,-92.21369,46,15,W
942,SUWS013943,46.681220 N, 92.066310 W,46.68122,-92.06631,46.68122,-92.06631,49,14,W
943,SUWS013949,46.681220 N, 92.066310 W,46.68122,-92.06631,46.68122,-92.06631,49,14,W
944,SUWS013950,46.828150 N, 90.666940 W,46.82815,-90.66694,46.82815,-90.66694,50,2,W
945,SUWS013951,46.673110 N, 91.972140 W,46.67311,-91.97214,46.67311,-91.97214,48,13,W
946,SUWS013959,46.558370 N, 91.699910 W,46.55837,-91.69991,46.55837,-91.69991,47,11,W
947,SUWS013961,46.543900 N, 91.699910 W,46.5439,-91.69991,46.5439,-91.69991,47,11,W
948,SUWS013963,46.553000 N, 91.576580 W,46.553,-91.57658,46.553,-91.57658,47,10,W
949,SUWS013965,46.673110 N, 91.972140 W,46.67311,-91.97214,46.67311,-91.97214,48,13,W
950,SUWS013970,46.717840 N, 92.087860 W,46.71784,-92.08786,46.71784,-92.08786,49,14,W
951,SUWS013971A,46.136740 N, 92.080160 W,46.13674,-92.08016,46.13674,-92.08016,42,14,W
952,SUWS013972b,46.718000 N, 92.055750 W,46.718,-92.05575,46.718,-92.05575,49,13,W
953,SUWS013989,46.718550 N, 92.145470 W,46.71855,-92.14547,46.71855,-92.14547,49,14,W
954,SUWS013996,46.691110 N, 91.917310 W,46.69111,-91.91731,46.69111,-91.91731,49,12,W
955,SUWS014002,46.476400 N, 91.758390 W,46.4764,-91.75839,46.4764,-91.75839,46,11,W
956,SUWS014003,46.460330 N, 91.759030 W,46.46033,-91.75903,46.46033,-91.75903,46,11,W
957,SUWS014005,46.477580 N, 91.736330 W,46.47758,-91.73633,46.47758,-91.73633,46,11,W
958,SUWS014006,46.438130 N, 91.738060 W,46.43813,-91.73806,46.43813,-91.73806,46,11,W
959,SUWS014008,46.553000 N, 91.597630 W,46.553,-91.59763,46.553,-91.59763,47,10,W
960,SUWS014009,46.580220 N, 91.668800 W,46.58022,-91.6688,46.58022,-91.6688,47,10,W
961,SUWS014013,46.587850 N, 91.720740 W,46.58785,-91.72074,46.58785,-91.72074,47,11,W
962,SUWS014014,46.587850 N, 91.720740 W,46.58785,-91.72074,46.58785,-91.72074,47,11,W
963,SUWS014015,46.717840 N, 92.087860 W,46.71784,-92.08786,46.71784,-92.08786,49,14,W
964,SUWS014018,46.593920 N, 92.119510 W,46.59392,-92.11951,46.59392,-92.11951,48,14,W
965,SUWS014021,46.718000 N, 92.055750 W,46.718,-92.05575,46.718,-92.05575,49,13,W
966,SUWS014074,43.729410 N, 91.225410 W,43.72941,-91.22541,43.72941,-91.22541,15,7,W
967,SUWS014075,43.820450 N, 91.232200 W,43.82045,-91.2322,43.82045,-91.2322,16,7,W
968,SUWS014106,46.489860 N, 92.184140 W,46.48986,-92.18414,46.48986,-92.18414,46,15,W
969,SUWS014107,46.938270 N, 90.652960 W,46.93827,-90.65296,46.93827,-90.65296,52,2,W
970,SUWS014130,43.733270 N, 90.976860 W,43.73327,-90.97686,43.73327,-90.97686,15,5,W
971,SUWS014134,44.142380 N, 91.451260 W,44.14238,-91.45126,44.14238,-91.45126,19,9,W
972,SUWS014137,43.756980 N, 90.949540 W,43.75698,-90.94954,43.75698,-90.94954,15,5,W
973,SUWS014141,43.975910 N, 90.752070 W,43.97591,-90.75207,43.97591,-90.75207,17,3,W
974,SUWS014190,45.328610 N, 91.651000 W,45.32861,-91.651,45.32861,-91.651,33,10,W
975,SUWS014195,46.435300 N, 91.672620 W,46.4353,-91.67262,46.4353,-91.67262,46,10,W
976,SUWS014198,46.500650 N, 92.286240 W,46.50065,-92.28624,46.50065,-92.28624,46,15,W
977,SUWS014207,46.681220 N, 92.066310 W,46.68122,-92.06631,46.68122,-92.06631,49,14,W
978,SUWS014211,46.718550 N, 92.145470 W,46.71855,-92.14547,46.71855,-92.14547,49,14,W
979,SUWS014215,46.739200 N, 92.088860 W,46.7392,-92.08886,46.7392,-92.08886,49,14,W
980,SUWS014219,46.477750 N, 92.061050 W,46.47775,-92.06105,46.47775,-92.06105,46,14,W
981,SUWS014226,46.491330 N, 92.220750 W,46.49133,-92.22075,46.49133,-92.22075,46,15,W
982,SUWS014233,43.817890 N, 91.262170 W,43.81789,-91.26217,43.81789,-91.26217,16,7,W
983,SUWS014235,46.489860 N, 92.184140 W,46.48986,-92.18414,46.48986,-92.18414,46,15,W
984,SUWS014238,46.581100 N, 91.721030 W,46.5811,-91.72103,46.5811,-91.72103,47,11,W
985,SUWS014239,46.420980 N, 91.260370 W,46.42098,-91.26037,46.42098,-91.26037,46,7,W
986,SUWS014240,46.489860 N, 92.184140 W,46.48986,-92.18414,46.48986,-92.18414,46,15,W
987,SUWS014245,46.456690 N, 91.983970 W,46.45669,-91.98397,46.45669,-91.98397,46,13,W
988,SUWS014246,45.934220 N, 92.361690 W,45.93422,-92.36169,45.93422,-92.36169,40,16,W
989,SUWS014252,46.300070 N, 91.322400 W,46.30007,-91.3224,46.30007,-91.3224,44,8,W
990,SUWS014253,44.976130 N, 92.680350 W,44.97613,-92.68035,44.97613,-92.68035,29,19,W
991,SUWS014256,46.334520 N, 91.284770 W,46.33452,-91.28477,46.33452,-91.28477,45,7,W
992,SUWS014257,46.341800 N, 91.347660 W,46.3418,-91.34766,46.3418,-91.34766,45,8,W
993,SUWS014258,46.654970 N, 92.104420 W,46.65497,-92.10442,46.65497,-92.10442,48,14,W
994,SUWS014283,46.307820 N, 91.322890 W,46.30782,-91.32289,46.30782,-91.32289,44,8,W
995,SUWS014284,46.323180 N, 91.322400 W,46.32318,-91.3224,46.32318,-91.3224,44,8,W
996,SUWS014285,46.343890 N, 91.213380 W,46.34389,-91.21338,46.34389,-91.21338,45,7,W
997,SUWS014288,46.342280 N, 91.349010 W,46.34228,-91.34901,46.34228,-91.34901,45,8,W
998,SUWS014292,46.342280 N, 91.349010 W,46.34228,-91.34901,46.34228,-91.34901,45,8,W
999,SUWS014296,45.125470 N, 92.671950 W,45.12547,-92.67195,45.12547,-92.67195,31,19,W
1000,SUWS014303,46.676880 N, 91.679080 W,46.67688,-91.67908,46.67688,-91.67908,49,11,W
1001,SUWS014309,46.632060 N, 92.069320 W,46.63206,-92.06932,46.63206,-92.06932,48,14,W
1002,SUWS014310,46.673110 N, 91.972140 W,46.67311,-91.97214,46.67311,-91.97214,48,13,W
1003,SUWS014328,46.208010 N, 91.292130 W,46.20801,-91.29213,46.20801,-91.29213,43,7,W
1004,SUWS014329,46.343930 N, 91.261140 W,46.34393,-91.26114,46.34393,-91.26114,45,7,W
1005,SUWS014330,46.478140 N, 90.988250 W,46.47814,-90.98825,46.47814,-90.98825,46,5,W
1006,SUWS014331,45.967410 N, 92.363490 W,45.96741,-92.36349,45.96741,-92.36349,40,16,W
1007,SUWS014334,44.678310 N, 91.104040 W,44.67831,-91.10404,44.67831,-91.10404,25,6,W
1008,SUWS014335,46.344760 N, 91.226660 W,46.34476,-91.22666,46.34476,-91.22666,45,7,W
1009,SUWS014336,46.342280 N, 91.349010 W,46.34228,-91.34901,46.34228,-91.34901,45,8,W
1010,SUWS014338,44.976130 N, 92.680350 W,44.97613,-92.68035,44.97613,-92.68035,29,19,W
1011,SUWS014340,46.342280 N, 91.369980 W,46.34228,-91.36998,46.34228,-91.36998,45,8,W
1012,SUWS014341,46.316680 N, 91.322910 W,46.31668,-91.32291,46.31668,-91.32291,44,8,W
1013,SUWS014344,42.512240 N, 87.809240 W,42.51224,-87.80924,42.51224,-87.80924,1,23,E
1014,SUWS014348,46.654970 N, 92.104420 W,46.65497,-92.10442,46.65497,-92.10442,48,14,W
1015,SUWS014349,46.673110 N, 91.972140 W,46.67311,-91.97214,46.67311,-91.97214,48,13,W
1016,SUWS014362,46.343930 N, 91.261140 W,46.34393,-91.26114,46.34393,-91.26114,45,7,W
1017,SUWS014363,45.328610 N, 91.651000 W,45.32861,-91.651,45.32861,-91.651,33,10,W
1018,SUWS014364,46.543220 N, 92.046350 W,46.54322,-92.04635,46.54322,-92.04635,47,13,W
1019,SUWS014368,45.948700 N, 92.371310 W,45.9487,-92.37131,45.9487,-92.37131,40,16,W
1020,SUWS014372,46.552950 N, 91.681840 W,46.55295,-91.68184,46.55295,-91.68184,47,11,W
1021,SUWS014379,43.164980 N, 90.135720 W,43.16498,-90.13572,43.16498,-90.13572,8,3,E
1022,SUWS014386,43.905740 N, 90.943160 W,43.90574,-90.94316,43.90574,-90.94316,17,5,W
1023,SUWS014389,46.600170 N, 91.344220 W,46.60017,-91.34422,46.60017,-91.34422,48,8,W
1024,SUWS014393,46.491330 N, 92.199720 W,46.49133,-92.19972,46.49133,-92.19972,46,15,W
1025,SUWS014397,46.543220 N, 92.046350 W,46.54322,-92.04635,46.54322,-92.04635,47,13,W
1026,SUWS014402,46.208010 N, 91.292130 W,46.20801,-91.29213,46.20801,-91.29213,43,7,W
1027,SUWS014403,46.732160 N, 92.066300 W,46.73216,-92.0663,46.73216,-92.0663,49,14,W
1028,SUWS014429,45.334580 N, 92.687250 W,45.33458,-92.68725,45.33458,-92.68725,33,19,W
1029,SUWS014432,46.694720 N, 91.992650 W,46.69472,-91.99265,46.69472,-91.99265,49,13,W
1030,SUWS014433,46.717840 N, 92.087860 W,46.71784,-92.08786,46.71784,-92.08786,49,14,W
1031,SUWS014434,46.717840 N, 92.087860 W,46.71784,-92.08786,46.71784,-92.08786,49,14,W
1032,SUWS014436,46.681220 N, 92.066310 W,46.68122,-92.06631,46.68122,-92.06631,49,14,W
1033,SUWS014437,46.709360 N, 92.103990 W,46.70936,-92.10399,46.70936,-92.10399,49,14,W
1034,SUWS014452,46.673110 N, 91.972140 W,46.67311,-91.97214,46.67311,-91.97214,48,13,W
1035,SUWS014455,46.712310 N, 92.091360 W,46.71231,-92.09136,46.71231,-92.09136,49,14,W
1036,SUWS014456,46.632060 N, 92.069320 W,46.63206,-92.06932,46.63206,-92.06932,48,14,W
1037,SUWS014491,46.681220 N, 92.066310 W,46.68122,-92.06631,46.68122,-92.06631,49,14,W
1038,SUWS014492,46.711890 N, 92.143250 W,46.71189,-92.14325,46.71189,-92.14325,49,14,W
1039,SUWS014494,46.711890 N, 92.143250 W,46.71189,-92.14325,46.71189,-92.14325,49,14,W
1040,SUWS014502,46.711890 N, 92.143250 W,46.71189,-92.14325,46.71189,-92.14325,49,14,W
1041,SUWS014503,46.711890 N, 92.143250 W,46.71189,-92.14325,46.71189,-92.14325,49,14,W
1042,SUWS014505,46.681220 N, 92.066310 W,46.68122,-92.06631,46.68122,-92.06631,49,14,W
1043,SUWS014524,46.675450 N, 92.148710 W,46.67545,-92.14871,46.67545,-92.14871,48,14,W
1044,SUWS014526,46.464110 N, 91.899400 W,46.46411,-91.8994,46.46411,-91.8994,46,12,W
1045,SUWS014546,46.711890 N, 92.143250 W,46.71189,-92.14325,46.71189,-92.14325,49,14,W
1046,SUWS014564,46.681220 N, 92.066310 W,46.68122,-92.06631,46.68122,-92.06631,49,14,W
1047,SUWS014569,46.711890 N, 92.143250 W,46.71189,-92.14325,46.71189,-92.14325,49,14,W
1048,SUWS014570,46.681220 N, 92.066310 W,46.68122,-92.06631,46.68122,-92.06631,49,14,W
1049,SUWS014571,46.711890 N, 92.143250 W,46.71189,-92.14325,46.71189,-92.14325,49,14,W
1050,SUWS014572,46.681220 N, 92.066310 W,46.68122,-92.06631,46.68122,-92.06631,49,14,W
1051,SUWS014575,46.464110 N, 91.899400 W,46.46411,-91.8994,46.46411,-91.8994,46,12,W
1052,SUWS014588,46.464110 N, 91.899400 W,46.46411,-91.8994,46.46411,-91.8994,46,12,W
1053,SUWS014589,46.681220 N, 92.066310 W,46.68122,-92.06631,46.68122,-92.06631,49,14,W
1054,SUWS014670,46.681220 N, 92.066310 W,46.68122,-92.06631,46.68122,-92.06631,49,14,W
1055,SUWS014674,46.711890 N, 92.143250 W,46.71189,-92.14325,46.71189,-92.14325,49,14,W
1056,SUWS014735,46.681220 N, 92.066310 W,46.68122,-92.06631,46.68122,-92.06631,49,14,W
1057,SUWS014808,46.592440 N, 90.883800 W,46.59244,-90.8838,46.59244,-90.8838,48,4,W
1058,SUWS014809,46.592440 N, 90.883800 W,46.59244,-90.8838,46.59244,-90.8838,48,4,W
1059,SUWS014823,46.681220 N, 92.066310 W,46.68122,-92.06631,46.68122,-92.06631,49,14,W
1060,SUWS014833,46.711890 N, 92.143250 W,46.71189,-92.14325,46.71189,-92.14325,49,14,W
1061,SUWS014841,46.711890 N, 92.143250 W,46.71189,-92.14325,46.71189,-92.14325,49,14,W
1062,SUWS014989,46.673110 N, 91.972140 W,46.67311,-91.97214,46.67311,-91.97214,48,13,W
1063,SUWS014991,46.592440 N, 90.883800 W,46.59244,-90.8838,46.59244,-90.8838,48,4,W
1064,SUWS015000,46.681220 N, 92.066310 W,46.68122,-92.06631,46.68122,-92.06631,49,14,W
1065,SUWS015001,46.336890 N, 91.257970 W,46.33689,-91.25797,46.33689,-91.25797,45,7,W
1066,SUWS015004,46.560730 N, 91.708380 W,46.56073,-91.70838,46.56073,-91.70838,47,11,W
1067,SUWS015005,46.315020 N, 91.323170 W,46.31502,-91.32317,46.31502,-91.32317,44,8,W
1068,SUWS015014,46.261800 N, 91.303370 W,46.2618,-91.30337,46.2618,-91.30337,44,8,W
1069,SUWS015016,46.607550 N, 91.899270 W,46.60755,-91.89927,46.60755,-91.89927,48,12,W
1070,SUWS015017,46.301500 N, 91.349010 W,46.3015,-91.34901,46.3015,-91.34901,44,8,W
1071,SUWS015019,46.517380 N, 91.604200 W,46.51738,-91.6042,46.51738,-91.6042,47,10,W
1072,SUWS015024,46.342480 N, 91.325700 W,46.34248,-91.3257,46.34248,-91.3257,45,8,W
1073,SUWS015025,46.708010 N, 92.104080 W,46.70801,-92.10408,46.70801,-92.10408,49,14,W
1074,SUWS015029,46.323180 N, 91.322400 W,46.32318,-91.3224,46.32318,-91.3224,44,8,W
1075,SUWS015035,46.300070 N, 91.322400 W,46.30007,-91.3224,46.30007,-91.3224,44,8,W
1076,SUWS015048,46.732160 N, 92.066300 W,46.73216,-92.0663,46.73216,-92.0663,49,14,W
1077,SUWS015053,46.543220 N, 92.046350 W,46.54322,-92.04635,46.54322,-92.04635,47,13,W
1078,SUWS015074,46.583830 N, 91.799080 W,46.58383,-91.79908,46.58383,-91.79908,47,11,W
1079,SUWS015185,46.336890 N, 91.278410 W,46.33689,-91.27841,46.33689,-91.27841,45,7,W
1080,SUWS015197,46.385360 N, 91.336900 W,46.38536,-91.3369,46.38536,-91.3369,45,8,W
1081,SUWS015199,46.385950 N, 91.336990 W,46.38595,-91.33699,46.38595,-91.33699,45,8,W
1082,SUWS015215,45.934220 N, 92.361690 W,45.93422,-92.36169,45.93422,-92.36169,40,16,W
1083,SUWS015216,46.456690 N, 91.983970 W,46.45669,-91.98397,46.45669,-91.98397,46,13,W
1084,SUWS015220,46.561170 N, 91.398390 W,46.56117,-91.39839,46.56117,-91.39839,47,8,W
1085,SUWS015224,46.552950 N, 91.681840 W,46.55295,-91.68184,46.55295,-91.68184,47,11,W
1086,SUWS015227,46.686870 N, 92.149400 W,46.68687,-92.1494,46.68687,-92.1494,49,14,W
1087,SUWS015234,46.444910 N, 91.619580 W,46.44491,-91.61958,46.44491,-91.61958,46,10,W
1088,SUWS015239,46.913040 N, 90.668670 W,46.91304,-90.66867,46.91304,-90.66867,51,2,W
1089,SUWS015247,46.491330 N, 92.220750 W,46.49133,-92.22075,46.49133,-92.22075,46,15,W
1090,SUWS015253,46.403700 N, 91.317130 W,46.4037,-91.31713,46.4037,-91.31713,45,8,W
1091,SUWS015254,45.125470 N, 92.671950 W,45.12547,-92.67195,45.12547,-92.67195,31,19,W
1092,SUWS015255,45.125470 N, 92.671950 W,45.12547,-92.67195,45.12547,-92.67195,31,19,W
1093,SUWS015259,45.766880 N, 92.384590 W,45.76688,-92.38459,45.76688,-92.38459,38,16,W
1094,SUWS015265,46.341800 N, 91.347660 W,46.3418,-91.34766,46.3418,-91.34766,45,8,W
1095,SUWS015278,46.051670 N, 92.302640 W,46.05167,-92.30264,46.05167,-92.30264,41,16,W
1096,SUWS015279,46.295540 N, 91.521410 W,46.29554,-91.52141,46.29554,-91.52141,44,9,W
1097,SUWS015281,46.325510 N, 90.661020 W,46.32551,-90.66102,46.32551,-90.66102,44,2,W
1098,SUWS015285,46.314760 N, 91.232260 W,46.31476,-91.23226,46.31476,-91.23226,44,7,W
1099,SUWS015286,46.553000 N, 91.576580 W,46.553,-91.57658,46.553,-91.57658,47,10,W
1100,SUWS015290,46.235550 N, 91.257970 W,46.23555,-91.25797,46.23555,-91.25797,43,7,W
1101,SUWS015293,46.301500 N, 91.349010 W,46.3015,-91.34901,46.3015,-91.34901,44,8,W
1102,SUWS015302,46.396710 N, 91.822410 W,46.39671,-91.82241,46.39671,-91.82241,45,12,W
1103,SUWS015314,46.254130 N, 91.798520 W,46.25413,-91.79852,46.25413,-91.79852,44,11,W
1104,SUWS015315,45.125470 N, 92.671950 W,45.12547,-92.67195,45.12547,-92.67195,31,19,W
1105,SUWS015317,46.254130 N, 91.798520 W,46.25413,-91.79852,46.25413,-91.79852,44,11,W
1106,SUWS015318,46.718860 N, 92.098390 W,46.71886,-92.09839,46.71886,-92.09839,49,14,W
1107,SUWS015322,46.654970 N, 92.104420 W,46.65497,-92.10442,46.65497,-92.10442,48,14,W
1108,SUWS015323,46.543220 N, 92.046350 W,46.54322,-92.04635,46.54322,-92.04635,47,13,W
1109,SUWS015333,44.761150 N, 92.487410 W,44.76115,-92.48741,44.76115,-92.48741,26,17,W
1110,SUWS015340,46.682110 N, 92.150820 W,46.68211,-92.15082,46.68211,-92.15082,49,14,W
1111,SUWS015341,46.682110 N, 92.150820 W,46.68211,-92.15082,46.68211,-92.15082,49,14,W
1112,SUWS015343,46.654970 N, 92.104420 W,46.65497,-92.10442,46.65497,-92.10442,48,14,W
1113,SUWS015347,46.718860 N, 92.098390 W,46.71886,-92.09839,46.71886,-92.09839,49,14,W
1114,SUWS015367,46.321800 N, 91.378670 W,46.3218,-91.37867,46.3218,-91.37867,44,8,W
1115,SUWS015369,46.882440 N, 90.481010 W,46.88244,-90.48101,46.88244,-90.48101,51,1,W
1116,SUWS015370,45.334580 N, 92.687250 W,45.33458,-92.68725,45.33458,-92.68725,33,19,W
1117,SUWS015376,46.208010 N, 91.292130 W,46.20801,-91.29213,46.20801,-91.29213,43,7,W
1118,SUWS015382,46.489860 N, 92.184140 W,46.48986,-92.18414,46.48986,-92.18414,46,15,W
1119,SUWS015388,46.208010 N, 91.292130 W,46.20801,-91.29213,46.20801,-91.29213,43,7,W
1120,SUWS015397,46.489860 N, 92.184140 W,46.48986,-92.18414,46.48986,-92.18414,46,15,W
1121,SUWS015407,46.696630 N, 92.034950 W,46.69663,-92.03495,46.69663,-92.03495,49,13,W
1122,SUWS015411,46.673110 N, 91.972140 W,46.67311,-91.97214,46.67311,-91.97214,48,13,W
1123,SUWS015413,46.682110 N, 92.150820 W,46.68211,-92.15082,46.68211,-92.15082,49,14,W
1124,SUWS015416,46.489860 N, 92.184140 W,46.48986,-92.18414,46.48986,-92.18414,46,15,W
1125,SUWS015417,46.309160 N, 92.154920 W,46.30916,-92.15492,46.30916,-92.15492,44,14,W
1126,SUWS015422,46.673110 N, 91.972140 W,46.67311,-91.97214,46.67311,-91.97214,48,13,W
1127,SUWS015426,46.489860 N, 92.184140 W,46.48986,-92.18414,46.48986,-92.18414,46,15,W
1128,SUWS015438,46.489860 N, 92.184140 W,46.48986,-92.18414,46.48986,-92.18414,46,15,W
1129,SUWS015441,46.543220 N, 92.046350 W,46.54322,-92.04635,46.54322,-92.04635,47,13,W
1130,SUWS015464,46.425500 N, 91.669080 W,46.4255,-91.66908,46.4255,-91.66908,46,10,W
1131,SUWS015467,46.021570 N, 92.339380 W,46.02157,-92.33938,46.02157,-92.33938,41,16,W
1132,SUWS015472,46.681220 N, 92.066310 W,46.68122,-92.06631,46.68122,-92.06631,49,14,W
1133,SUWS015473,46.722080 N, 92.094950 W,46.72208,-92.09495,46.72208,-92.09495,49,14,W
1134,SUWS015484,46.489860 N, 92.184140 W,46.48986,-92.18414,46.48986,-92.18414,46,15,W
1135,SUWS015487,46.491310 N, 92.283840 W,46.49131,-92.28384,46.49131,-92.28384,46,15,W
1136,SUWS015494,46.600550 N, 91.616060 W,46.60055,-91.61606,46.60055,-91.61606,48,10,W
1137,SUWS015499,46.569270 N, 91.627380 W,46.56927,-91.62738,46.56927,-91.62738,47,10,W
1138,SUWS015501,46.051670 N, 92.302640 W,46.05167,-92.30264,46.05167,-92.30264,41,16,W
1139,SUWS015502,46.051670 N, 92.302640 W,46.05167,-92.30264,46.05167,-92.30264,41,16,W
1140,SUWS015509,44.059360 N, 87.736210 W,44.05936,-87.73621,44.05936,-87.73621,18,23,E
1141,SUWS015512,46.318620 N, 91.279250 W,46.31862,-91.27925,46.31862,-91.27925,44,7,W
1142,SUWS015513,44.976130 N, 92.680350 W,44.97613,-92.68035,44.97613,-92.68035,29,19,W
1143,SUWS015514,46.477750 N, 92.061050 W,46.47775,-92.06105,46.47775,-92.06105,46,14,W
1144,SUWS015525,46.696620 N, 92.034980 W,46.69662,-92.03498,46.69662,-92.03498,49,13,W
1145,SUWS015529,46.553000 N, 91.576580 W,46.553,-91.57658,46.553,-91.57658,47,10,W
1146,SUWS015533,46.535290 N, 91.582110 W,46.53529,-91.58211,46.53529,-91.58211,47,10,W
1147,SUWS015534,46.682110 N, 91.602970 W,46.68211,-91.60297,46.68211,-91.60297,49,10,W
1148,SUWS015538,46.589660 N, 91.720740 W,46.58966,-91.72074,46.58966,-91.72074,47,11,W
1149,SUWS015552,46.732160 N, 92.066300 W,46.73216,-92.0663,46.73216,-92.0663,49,14,W
1150,SUWS015570,45.224320 N, 91.567830 W,45.22432,-91.56783,45.22432,-91.56783,32,10,W
1151,SUWS015587,46.559110 N, 91.322690 W,46.55911,-91.32269,46.55911,-91.32269,47,8,W
1152,SUWS015608,43.403650 N, 90.626870 W,43.40365,-90.62687,43.40365,-90.62687,11,2,W
1153,SUWS015613,46.130350 N, 90.668670 W,46.13035,-90.66867,46.13035,-90.66867,42,2,W
1154,SUWS015614,44.020830 N, 91.495480 W,44.02083,-91.49548,44.02083,-91.49548,18,9,W
1155,SUWS015619,43.750970 N, 90.890380 W,43.75097,-90.89038,43.75097,-90.89038,15,4,W
1156,SUWS015630,43.975910 N, 90.752070 W,43.97591,-90.75207,43.97591,-90.75207,17,3,W
1157,SUWS015636,43.975910 N, 90.752070 W,43.97591,-90.75207,43.97591,-90.75207,17,3,W
1158,SUWS015637,46.130350 N, 90.668670 W,46.13035,-90.66867,46.13035,-90.66867,42,2,W
1159,SUWS015640,43.741440 N, 90.899300 W,43.74144,-90.8993,43.74144,-90.8993,15,4,W
1160,SUWS015644,43.801360 N, 91.239580 W,43.80136,-91.23958,43.80136,-91.23958,15,7,W
1161,SUWS015659,43.729410 N, 91.225410 W,43.72941,-91.22541,43.72941,-91.22541,15,7,W
1162,SUWS015660,43.729410 N, 91.225410 W,43.72941,-91.22541,43.72941,-91.22541,15,7,W
1163,SUWS015670,46.130350 N, 90.668670 W,46.13035,-90.66867,46.13035,-90.66867,42,2,W
1164,SUWS015673,44.019720 N, 91.486810 W,44.01972,-91.48681,44.01972,-91.48681,18,9,W
1165,SUWS015677,44.019720 N, 91.486810 W,44.01972,-91.48681,44.01972,-91.48681,18,9,W
1166,SUWS015682,43.891860 N, 91.114590 W,43.89186,-91.11459,43.89186,-91.11459,16,6,W
1167,SUWS015688,46.130350 N, 90.668670 W,46.13035,-90.66867,46.13035,-90.66867,42,2,W
1168,SUWS015689,44.020830 N, 91.495480 W,44.02083,-91.49548,44.02083,-91.49548,18,9,W
1169,SUWS015690,44.020830 N, 91.495480 W,44.02083,-91.49548,44.02083,-91.49548,18,9,W
1170,SUWS015691,46.403700 N, 91.317130 W,46.4037,-91.31713,46.4037,-91.31713,45,8,W
1171,SUWS015693,46.344000 N, 91.363980 W,46.344,-91.36398,46.344,-91.36398,45,8,W
1172,SUWS015706,46.717840 N, 92.087860 W,46.71784,-92.08786,46.71784,-92.08786,49,14,W
1173,SUWS015714,43.975910 N, 90.752070 W,43.97591,-90.75207,43.97591,-90.75207,17,3,W
1174,SUWS015716,43.729410 N, 91.225410 W,43.72941,-91.22541,43.72941,-91.22541,15,7,W
1175,SUWS015729,43.975910 N, 90.752070 W,43.97591,-90.75207,43.97591,-90.75207,17,3,W
1176,SUWS015738,46.130350 N, 90.668670 W,46.13035,-90.66867,46.13035,-90.66867,42,2,W
1177,SUWS015739,46.342280 N, 91.349010 W,46.34228,-91.34901,46.34228,-91.34901,45,8,W
1178,SUWS015746,46.489860 N, 92.184140 W,46.48986,-92.18414,46.48986,-92.18414,46,15,W
1179,SUWS015751,46.489860 N, 92.184140 W,46.48986,-92.18414,46.48986,-92.18414,46,15,W
1180,SUWS015760,46.724590 N, 92.091960 W,46.72459,-92.09196,46.72459,-92.09196,49,14,W
1181,SUWS015765,43.756980 N, 90.949540 W,43.75698,-90.94954,43.75698,-90.94954,15,5,W
1182,SUWS015781,44.070360 N, 89.758340 W,44.07036,-89.75834,44.07036,-89.75834,19,6,E
1183,SUWS015798,46.708010 N, 92.104080 W,46.70801,-92.10408,46.70801,-92.10408,49,14,W
1184,SUWS015811,46.694720 N, 91.992650 W,46.69472,-91.99265,46.69472,-91.99265,49,13,W
1185,SUWS015844,46.712310 N, 92.091360 W,46.71231,-92.09136,46.71231,-92.09136,49,14,W
1186,SUWS015848,42.678070 N, 88.276200 W,42.67807,-88.2762,42.67807,-88.2762,3,19,E
1187,SUWS015850,43.571440 N, 90.666730 W,43.57144,-90.66673,43.57144,-90.66673,13,2,W
1188,SUWS015863,46.712310 N, 92.091360 W,46.71231,-92.09136,46.71231,-92.09136,49,14,W
1189,SUWS015876,43.950000 N, 90.620000 W,43.95,-90.62,43.95,-90.62,17,2,W
1190,SUWS015931,43.904250 N, 90.915700 W,43.90425,-90.9157,43.90425,-90.9157,17,5,W
1191,SUWS015943,46.723130 N, 92.133860 W,46.72313,-92.13386,46.72313,-92.13386,49,14,W
1192,SUWS015955,46.435300 N, 91.672620 W,46.4353,-91.67262,46.4353,-91.67262,46,10,W
1193,SUWS015961,46.580220 N, 91.668800 W,46.58022,-91.6688,46.58022,-91.6688,47,10,W
1194,SUWS015963,46.477600 N, 92.070440 W,46.4776,-92.07044,46.4776,-92.07044,46,14,W
1195,SUWS015965,43.941110 N, 90.809340 W,43.94111,-90.80934,43.94111,-90.80934,17,4,W
1196,SUWS015971,46.477750 N, 92.061050 W,46.47775,-92.06105,46.47775,-92.06105,46,14,W
1197,SUWS015988,43.667240 N, 90.223460 W,43.66724,-90.22346,43.66724,-90.22346,14,2,E
1198,SUWS015992,46.553000 N, 91.576580 W,46.553,-91.57658,46.553,-91.57658,47,10,W
1199,SUWS015994,46.555000 N, 91.576580 W,46.555,-91.57658,46.555,-91.57658,47,10,W
1200,SUWS016007,46.681220 N, 92.066310 W,46.68122,-92.06631,46.68122,-92.06631,49,14,W
1201,SUWS016010,46.519310 N, 90.603700 W,46.51931,-90.6037,46.51931,-90.6037,47,2,W
1202,SUWS016012,46.489860 N, 92.184140 W,46.48986,-92.18414,46.48986,-92.18414,46,15,W
1203,SUWS016020,46.478830 N, 91.602970 W,46.47883,-91.60297,46.47883,-91.60297,46,10,W
1204,SUWS016021,46.681220 N, 92.066310 W,46.68122,-92.06631,46.68122,-92.06631,49,14,W
1205,SUWS016022,44.059360 N, 87.736210 W,44.05936,-87.73621,44.05936,-87.73621,18,23,E
1206,SUWS0160224,44.025160 N, 88.535040 W,44.02516,-88.53504,44.02516,-88.53504,18,16,E
1207,SUWS016024,44.025160 N, 88.535040 W,44.02516,-88.53504,44.02516,-88.53504,18,16,E
1208,SUWS016027,46.608000 N, 91.972990 W,46.608,-91.97299,46.608,-91.97299,48,13,W
1209,SUWS016028,43.733270 N, 90.976860 W,43.73327,-90.97686,43.73327,-90.97686,15,5,W
1210,SUWS016029,43.733270 N, 90.976860 W,43.73327,-90.97686,43.73327,-90.97686,15,5,W
1211,SUWS016040,46.342280 N, 91.349010 W,46.34228,-91.34901,46.34228,-91.34901,45,8,W
1212,SUWS016045,46.691110 N, 91.917310 W,46.69111,-91.91731,46.69111,-91.91731,49,12,W
1213,SUWS016048,46.634660 N, 92.107410 W,46.63466,-92.10741,46.63466,-92.10741,48,14,W
1214,SUWS016053,46.681220 N, 92.066310 W,46.68122,-92.06631,46.68122,-92.06631,49,14,W
1215,SUWS016056,46.706270 N, 92.099490 W,46.70627,-92.09949,46.70627,-92.09949,49,14,W
1216,SUWS016062,46.208010 N, 91.292130 W,46.20801,-91.29213,46.20801,-91.29213,43,7,W
1217,SUWS016077,46.477750 N, 92.061050 W,46.47775,-92.06105,46.47775,-92.06105,46,14,W
1218,SUWS016079,46.532570 N, 92.059850 W,46.53257,-92.05985,46.53257,-92.05985,47,14,W
1219,SUWS016081,46.342280 N, 91.349010 W,46.34228,-91.34901,46.34228,-91.34901,45,8,W
1220,SUWS016087,46.682110 N, 92.150820 W,46.68211,-92.15082,46.68211,-92.15082,49,14,W
1221,SUWS016088,46.021570 N, 92.339380 W,46.02157,-92.33938,46.02157,-92.33938,41,16,W
1222,SUWS016097,46.706270 N, 92.099490 W,46.70627,-92.09949,46.70627,-92.09949,49,14,W
1223,SUWS016098,45.967410 N, 92.363490 W,45.96741,-92.36349,45.96741,-92.36349,40,16,W
1224,SUWS016108,46.938270 N, 90.652960 W,46.93827,-90.65296,46.93827,-90.65296,52,2,W
1225,SUWS016111,46.774660 N, 91.386570 W,46.77466,-91.38657,46.77466,-91.38657,50,8,W
1226,SUWS016119,46.489860 N, 92.184140 W,46.48986,-92.18414,46.48986,-92.18414,46,15,W
1227,SUWS016120,46.938270 N, 90.652960 W,46.93827,-90.65296,46.93827,-90.65296,52,2,W
1228,SUWS016128,46.715830 N, 92.108110 W,46.71583,-92.10811,46.71583,-92.10811,49,14,W
1229,SUWS016131,45.698950 N, 87.994850 W,45.69895,-87.99485,45.69895,-87.99485,37,20,E
1230,SUWS016136,44.732180 N, 92.446640 W,44.73218,-92.44664,44.73218,-92.44664,26,17,W
1231,SUWS016139,46.589660 N, 91.720740 W,46.58966,-91.72074,46.58966,-91.72074,47,11,W
1232,SUWS016140,46.553000 N, 91.576580 W,46.553,-91.57658,46.553,-91.57658,47,10,W
1233,SUWS016144,46.489860 N, 92.184140 W,46.48986,-92.18414,46.48986,-92.18414,46,15,W
1234,SUWS016145,46.468060 N, 91.745180 W,46.46806,-91.74518,46.46806,-91.74518,46,11,W
1235,SUWS016146,46.497910 N, 91.374860 W,46.49791,-91.37486,46.49791,-91.37486,46,8,W
1236,SUWS016151,46.353270 N, 91.822410 W,46.35327,-91.82241,46.35327,-91.82241,45,12,W
1237,SUWS016154,46.489860 N, 92.184140 W,46.48986,-92.18414,46.48986,-92.18414,46,15,W
1238,SUWS016155,46.489860 N, 92.184140 W,46.48986,-92.18414,46.48986,-92.18414,46,15,W
1239,SUWS016163,46.654970 N, 92.104420 W,46.65497,-92.10442,46.65497,-92.10442,48,14,W
1240,SUWS016164,46.654970 N, 92.104420 W,46.65497,-92.10442,46.65497,-92.10442,48,14,W
1241,SUWS016165,46.654970 N, 92.104420 W,46.65497,-92.10442,46.65497,-92.10442,48,14,W
1242,SUWS016166,43.750970 N, 90.890380 W,43.75097,-90.89038,43.75097,-90.89038,15,4,W
1243,SUWS016167,43.768850 N, 90.898300 W,43.76885,-90.8983,43.76885,-90.8983,15,4,W
1244,SUWS016179,46.732160 N, 92.066300 W,46.73216,-92.0663,46.73216,-92.0663,49,14,W
1245,SUWS016183,46.681220 N, 92.066310 W,46.68122,-92.06631,46.68122,-92.06631,49,14,W
1246,SUWS016189,46.342280 N, 91.349010 W,46.34228,-91.34901,46.34228,-91.34901,45,8,W
1247,SUWS016191,46.342280 N, 91.349010 W,46.34228,-91.34901,46.34228,-91.34901,45,8,W
1248,SUWS016192,46.681220 N, 92.066310 W,46.68122,-92.06631,46.68122,-92.06631,49,14,W
1249,SUWS016193,46.342280 N, 91.349010 W,46.34228,-91.34901,46.34228,-91.34901,45,8,W
1250,SUWS016196,46.681220 N, 92.066310 W,46.68122,-92.06631,46.68122,-92.06631,49,14,W
1251,SUWS016206,46.724590 N, 92.091960 W,46.72459,-92.09196,46.72459,-92.09196,49,14,W
1252,SUWS016210,44.019720 N, 91.483000 W,44.01972,-91.483,44.01972,-91.483,18,9,W
1253,SUWS016212,46.681220 N, 92.066310 W,46.68122,-92.06631,46.68122,-92.06631,49,14,W
1254,SUWS016214,46.342280 N, 91.349010 W,46.34228,-91.34901,46.34228,-91.34901,45,8,W
1255,SUWS016215,46.717840 N, 92.087860 W,46.71784,-92.08786,46.71784,-92.08786,49,14,W
1256,SUWS016221,45.334580 N, 92.687250 W,45.33458,-92.68725,45.33458,-92.68725,33,19,W
1257,SUWS016229,44.019720 N, 91.483000 W,44.01972,-91.483,44.01972,-91.483,18,9,W
1258,SUWS016239,46.496960 N, 92.259050 W,46.49696,-92.25905,46.49696,-92.25905,46,15,W
1259,SUWS016243,46.489860 N, 92.184140 W,46.48986,-92.18414,46.48986,-92.18414,46,15,W
1260,SUWS016247,46.938270 N, 90.652960 W,46.93827,-90.65296,46.93827,-90.65296,52,2,W
1261,SUWS016256,46.464110 N, 91.899400 W,46.46411,-91.8994,46.46411,-91.8994,46,12,W
1262,SUWS016257,44.819070 N, 87.353700 W,44.81907,-87.3537,44.81907,-87.3537,27,26,E
1263,SUWS016258,46.435300 N, 91.672620 W,46.4353,-91.67262,46.4353,-91.67262,46,10,W
1264,SUWS016260,46.342280 N, 91.349010 W,46.34228,-91.34901,46.34228,-91.34901,45,8,W
1265,SUWS016263,46.489860 N, 92.184140 W,46.48986,-92.18414,46.48986,-92.18414,46,15,W
1266,SUWS016266,46.435300 N, 91.672620 W,46.4353,-91.67262,46.4353,-91.67262,46,10,W
1267,SUWS016297,46.342280 N, 91.349010 W,46.34228,-91.34901,46.34228,-91.34901,45,8,W
1268,SUWS016298,46.345310 N, 91.292470 W,46.34531,-91.29247,46.34531,-91.29247,45,7,W
1269,SUWS016547,46.734660 N, 92.101680 W,46.73466,-92.10168,46.73466,-92.10168,49,14,W
1270,SUWS016548,46.734660 N, 92.101680 W,46.73466,-92.10168,46.73466,-92.10168,49,14,W
1271,SUWS016549,46.734660 N, 92.101680 W,46.73466,-92.10168,46.73466,-92.10168,49,14,W
1272,SUWS016550,46.734660 N, 92.101680 W,46.73466,-92.10168,46.73466,-92.10168,49,14,W
1273,SUWS016551,46.734660 N, 92.101680 W,46.73466,-92.10168,46.73466,-92.10168,49,14,W
1274,SUWS016552,46.734660 N, 92.101680 W,46.73466,-92.10168,46.73466,-92.10168,49,14,W
1275,SUWS016553,46.734660 N, 92.101680 W,46.73466,-92.10168,46.73466,-92.10168,49,14,W
1276,SUWS016554,46.734660 N, 92.101680 W,46.73466,-92.10168,46.73466,-92.10168,49,14,W
1277,SUWS016555,46.734660 N, 92.101680 W,46.73466,-92.10168,46.73466,-92.10168,49,14,W
1278,SUWS016556,46.734660 N, 92.101680 W,46.73466,-92.10168,46.73466,-92.10168,49,14,W
1279,SUWS016596,46.593920 N, 92.119510 W,46.59392,-92.11951,46.59392,-92.11951,48,14,W
1280,SUWS016597,46.707190 N, 92.085290 W,46.70719,-92.08529,46.70719,-92.08529,49,14,W
1281,SUWS016598,46.593920 N, 92.119510 W,46.59392,-92.11951,46.59392,-92.11951,48,14,W
1282,SUWS016602,46.588200 N, 92.125770 W,46.5882,-92.12577,46.5882,-92.12577,47,14,W
1283,SUWS016603,46.588200 N, 92.125770 W,46.5882,-92.12577,46.5882,-92.12577,47,14,W
1284,SUWS016604,46.707190 N, 92.085290 W,46.70719,-92.08529,46.70719,-92.08529,49,14,W
1285,SUWS016605,46.681220 N, 92.066310 W,46.68122,-92.06631,46.68122,-92.06631,49,14,W
1286,SUWS016610,46.707190 N, 92.085290 W,46.70719,-92.08529,46.70719,-92.08529,49,14,W
1287,SUWS016611,46.593920 N, 92.119510 W,46.59392,-92.11951,46.59392,-92.11951,48,14,W
1288,SUWS016627,46.681220 N, 92.066310 W,46.68122,-92.06631,46.68122,-92.06631,49,14,W
1289,SUWS016643,46.717840 N, 92.087860 W,46.71784,-92.08786,46.71784,-92.08786,49,14,W
1290,SUWS016650,46.681220 N, 92.066310 W,46.68122,-92.06631,46.68122,-92.06631,49,14,W
1291,SUWS016651,46.681220 N, 92.066310 W,46.68122,-92.06631,46.68122,-92.06631,49,14,W
1292,SUWS016653,46.681220 N, 92.066310 W,46.68122,-92.06631,46.68122,-92.06631,49,14,W
1293,SUWS016657,46.681220 N, 92.066310 W,46.68122,-92.06631,46.68122,-92.06631,49,14,W
1294,SUWS016658,46.681220 N, 92.066310 W,46.68122,-92.06631,46.68122,-92.06631,49,14,W
1295,SUWS016659,46.707190 N, 92.085290 W,46.70719,-92.08529,46.70719,-92.08529,49,14,W
1296,SUWS016660,46.681220 N, 92.066310 W,46.68122,-92.06631,46.68122,-92.06631,49,14,W
1297,SUWS016662,46.717840 N, 92.087860 W,46.71784,-92.08786,46.71784,-92.08786,49,14,W
1298,SUWS016666,46.681220 N, 92.066310 W,46.68122,-92.06631,46.68122,-92.06631,49,14,W
1299,SUWS016672,46.681220 N, 92.066310 W,46.68122,-92.06631,46.68122,-92.06631,49,14,W
1300,SUWS016673,46.681220 N, 92.066310 W,46.68122,-92.06631,46.68122,-92.06631,49,14,W
1301,SUWS016674,46.681220 N, 92.066310 W,46.68122,-92.06631,46.68122,-92.06631,49,14,W
1302,SUWS016695,46.717840 N, 92.087860 W,46.71784,-92.08786,46.71784,-92.08786,49,14,W
1303,SUWS016696,46.717840 N, 92.087860 W,46.71784,-92.08786,46.71784,-92.08786,49,14,W
1304,SUWS016698,46.717840 N, 92.087860 W,46.71784,-92.08786,46.71784,-92.08786,49,14,W
1305,SUWS016700,46.681220 N, 92.066310 W,46.68122,-92.06631,46.68122,-92.06631,49,14,W
1306,SUWS016707,46.707190 N, 92.085290 W,46.70719,-92.08529,46.70719,-92.08529,49,14,W
1307,SUWS016718,46.938270 N, 90.652960 W,46.93827,-90.65296,46.93827,-90.65296,52,2,W
1308,SUWS016719,46.810770 N, 90.818240 W,46.81077,-90.81824,46.81077,-90.81824,50,4,W
1309,SUWS016720,46.938270 N, 90.652960 W,46.93827,-90.65296,46.93827,-90.65296,52,2,W
1310,SUWS016721,46.938270 N, 90.652960 W,46.93827,-90.65296,46.93827,-90.65296,52,2,W
1311,SUWS016722,46.938270 N, 90.652960 W,46.93827,-90.65296,46.93827,-90.65296,52,2,W
1312,SUWS016723,46.938270 N, 90.652960 W,46.93827,-90.65296,46.93827,-90.65296,52,2,W
1313,SUWS016724,46.417200 N, 91.814420 W,46.4172,-91.81442,46.4172,-91.81442,46,12,W
1314,SUWS016731,46.135120 N, 89.900440 W,46.13512,-89.90044,46.13512,-89.90044,42,5,E
1315,SUWS016732,46.135120 N, 89.900440 W,46.13512,-89.90044,46.13512,-89.90044,42,5,E
1316,SUWS016733,46.135120 N, 89.900440 W,46.13512,-89.90044,46.13512,-89.90044,42,5,E
1317,SUWS016734,45.377190 N, 89.296630 W,45.37719,-89.29663,45.37719,-89.29663,33,10,E
1318,SUWS016735,45.377190 N, 89.296630 W,45.37719,-89.29663,45.37719,-89.29663,33,10,E
1319,SUWS016736,45.377190 N, 89.296630 W,45.37719,-89.29663,45.37719,-89.29663,33,10,E
1320,SUWS016755,45.377190 N, 89.296630 W,45.37719,-89.29663,45.37719,-89.29663,33,10,E
1321,SUWS016764,44.285910 N, 87.772980 W,44.28591,-87.77298,44.28591,-87.77298,21,22,E
1322,SUWS016766,45.377190 N, 89.296630 W,45.37719,-89.29663,45.37719,-89.29663,33,10,E
1323,SUWS016767,46.135120 N, 89.900440 W,46.13512,-89.90044,46.13512,-89.90044,42,5,E
1324,SUWS016768,45.377190 N, 89.296630 W,45.37719,-89.29663,45.37719,-89.29663,33,10,E
1325,SUWS016769,45.377190 N, 89.296630 W,45.37719,-89.29663,45.37719,-89.29663,33,10,E
1326,SUWS016770,45.377190 N, 89.296630 W,45.37719,-89.29663,45.37719,-89.29663,33,10,E
1327,SUWS016772,46.681220 N, 92.066310 W,46.68122,-92.06631,46.68122,-92.06631,49,14,W
1328,SUWS016777,45.452640 N, 88.865260 W,45.45264,-88.86526,45.45264,-88.86526,34,13,E
1329,SUWS016778,45.452640 N, 88.865260 W,45.45264,-88.86526,45.45264,-88.86526,34,13,E
1330,SUWS016783,46.771860 N, 92.085290 W,46.77186,-92.08529,46.77186,-92.08529,,,
1331,SUWS016784,46.771860 N, 92.085290 W,46.77186,-92.08529,46.77186,-92.08529,,,
1332,SUWS016787,45.452640 N, 88.865260 W,45.45264,-88.86526,45.45264,-88.86526,34,13,E
1333,SUWS016788,45.452640 N, 88.865260 W,45.45264,-88.86526,45.45264,-88.86526,34,13,E
1334,SUWS016827,45.377190 N, 89.296630 W,45.37719,-89.29663,45.37719,-89.29663,33,10,E
1335,SUWS016935,46.717840 N, 92.087860 W,46.71784,-92.08786,46.71784,-92.08786,49,14,W
1336,SUWS016936,46.717840 N, 92.087860 W,46.71784,-92.08786,46.71784,-92.08786,49,14,W
1337,SUWS017025,46.593920 N, 92.119510 W,46.59392,-92.11951,46.59392,-92.11951,48,14,W
1338,SUWS017082,46.526670 N, 92.122220 W,46.52667,-92.12222,46.52667,-92.12222,47,14,W
1339,SUWS017083,46.477750 N, 92.061050 W,46.47775,-92.06105,46.47775,-92.06105,46,14,W
1340,SUWS017085,46.698000 N, 92.159640 W,46.698,-92.15964,46.698,-92.15964,49,14,W
1341,SUWS017086,46.526670 N, 92.122220 W,46.52667,-92.12222,46.52667,-92.12222,47,14,W
1342,SUWS017088,46.477750 N, 92.061050 W,46.47775,-92.06105,46.47775,-92.06105,46,14,W
1343,SUWS017090,45.776890 N, 90.670330 W,45.77689,-90.67033,45.77689,-90.67033,38,2,W
1344,SUWS017091,46.698000 N, 92.159640 W,46.698,-92.15964,46.698,-92.15964,49,14,W
1345,SUWS017092,46.526670 N, 92.122220 W,46.52667,-92.12222,46.52667,-92.12222,47,14,W
1346,SUWS017094,46.477750 N, 92.061050 W,46.47775,-92.06105,46.47775,-92.06105,46,14,W
1347,SUWS017095,45.776890 N, 90.670330 W,45.77689,-90.67033,45.77689,-90.67033,38,2,W
1348,SUWS017096,46.698000 N, 92.159640 W,46.698,-92.15964,46.698,-92.15964,49,14,W
1349,SUWS017097,46.526670 N, 92.122220 W,46.52667,-92.12222,46.52667,-92.12222,47,14,W
1350,SUWS017099,45.795430 N, 90.428670 W,45.79543,-90.42867,45.79543,-90.42867,38,1,E
1351,SUWS017100,46.526670 N, 92.122220 W,46.52667,-92.12222,46.52667,-92.12222,47,14,W
1352,SUWS017101,46.474050 N, 92.044870 W,46.47405,-92.04487,46.47405,-92.04487,46,13,W
1353,SUWS017102,45.795430 N, 90.428670 W,45.79543,-90.42867,45.79543,-90.42867,38,1,E
1354,SUWS017103,46.698000 N, 92.159640 W,46.698,-92.15964,46.698,-92.15964,49,14,W
1355,SUWS017104,46.526670 N, 92.122220 W,46.52667,-92.12222,46.52667,-92.12222,47,14,W
1356,SUWS017105,46.474050 N, 92.044870 W,46.47405,-92.04487,46.47405,-92.04487,46,13,W
1357,SUWS017106,45.988020 N, 90.509110 W,45.98802,-90.50911,45.98802,-90.50911,41,1,W
1358,SUWS017107,45.776890 N, 90.670330 W,45.77689,-90.67033,45.77689,-90.67033,38,2,W
1359,SUWS017116,45.977650 N, 92.365640 W,45.97765,-92.36564,45.97765,-92.36564,40,16,W
1360,SUWS017117,46.070290 N, 92.184680 W,46.07029,-92.18468,46.07029,-92.18468,41,15,W
1361,SUWS017118,46.070290 N, 92.184680 W,46.07029,-92.18468,46.07029,-92.18468,41,15,W
1362,SUWS017119,46.070290 N, 92.184680 W,46.07029,-92.18468,46.07029,-92.18468,41,15,W
1363,SUWS017120,46.070290 N, 92.184680 W,46.07029,-92.18468,46.07029,-92.18468,41,15,W
1364,SUWS017121,46.093820 N, 92.112430 W,46.09382,-92.11243,46.09382,-92.11243,42,14,W
1365,SUWS017122,46.093820 N, 92.112430 W,46.09382,-92.11243,46.09382,-92.11243,42,14,W
1366,SUWS017123,46.093820 N, 92.112430 W,46.09382,-92.11243,46.09382,-92.11243,42,14,W