OBJECTID,AREA,PERIMETER,TWPNW924_,TWPNW924_I,DTR,DIR,TWP,RNG,DIR_ALPHA,Shape_Length,Shape_Area
1,25985241.98,22562.2668,2,1,45301,4,53,1,E,22562.26333,-25985234.56
2,76856532.05,35197.08225,3,2,25301,2,53,1,W,35197.07706,-76856509.97
3,77651743.23,35374.06926,4,3,25302,2,53,2,W,35374.06393,-77651720.5
4,59663848,35079.94524,5,4,25303,2,53,3,W,35079.94019,-59663830.65
5,64730174.78,38498.22056,6,5,25205,2,52,5,W,38498.21478,-64730156.18
6,89814872.3,37947.757,7,6,25204,2,52,4,W,37947.75186,-89814847.06
7,5251590.006,9706.196932,8,7,45201,4,52,1,E,9706.195669,-5251588.459
8,104186097.7,41016.19777,9,8,25201,2,52,1,W,41016.19182,-104186067.1
9,106551216.4,41047.61986,10,9,25202,2,52,2,W,41047.61397,-106551185.5
10,94641833.87,38893.17183,11,10,25203,2,52,3,W,38893.16621,-94641806.53
11,92598704.94,38536.8571,12,11,25105,2,51,5,W,38536.85155,-92598677.89
12,92753382.07,38561.14646,13,12,25104,2,51,4,W,38561.14096,-92753355.18
13,83782978.55,37569.85042,14,13,25103,2,51,3,W,37569.84493,-83782954.49
14,81987268.8,36389.77446,15,14,25102,2,51,2,W,36389.76932,-81987244.98
15,55104397.75,32166.73578,16,15,25101,2,51,1,W,32166.73122,-55104382.07
16,22530984.61,22202.63814,17,16,25107,2,51,7,W,22202.63487,-22530978.17
17,45278788.06,28565.64686,18,17,25106,2,51,6,W,28565.64265,-45278774.72
18,92254479.34,38487.2563,19,18,25007,2,50,7,W,38487.25067,-92254451.98
19,90896495.57,38136.79447,20,19,25006,2,50,6,W,38136.78876,-90896468.79
20,91806365.78,38393.72455,21,20,25005,2,50,5,W,38393.71891,-91806339.03
21,92087533.76,38360.57946,22,21,25004,2,50,4,W,38360.57377,-92087506.89
22,89426234.52,38032.92636,23,22,25003,2,50,3,W,38032.92068,-89426208.33
23,35516155.35,35384.65456,24,23,25002,2,50,2,W,35384.6492,-35516145.17
24,59205462.2,35364.31297,25,24,25008,2,50,8,W,35364.30759,-59205444.61
25,13356008.69,19546.49253,26,25,25009,2,50,9,W,19546.48979,-13356004.9
26,88487979.11,38754.7911,27,26,24910,2,49,10,W,38754.7854,-88487954.16
27,91866629.81,38449.62807,28,27,24909,2,49,9,W,38449.62258,-91866603.16
28,77718721.67,35378.21444,29,28,24914,2,49,14,W,35378.2093,-77718698.91
29,89690698.26,37906.99996,30,29,24908,2,49,8,W,37906.99452,-89690672.56
30,91349216.11,38174.12911,31,30,24907,2,49,7,W,38174.12359,-91349189.74
31,90771156.6,38160.98378,32,31,24906,2,49,6,W,38160.97814,-90771130.7
32,92679919.47,38471.54815,33,32,24905,2,49,5,W,38471.54255,-92679892.84
33,91936275.56,38316.83706,34,33,24904,2,49,4,W,38316.83164,-91936248.62
34,91893705.25,38375.05251,35,34,24903,2,49,3,W,38375.04694,-91893678.55
35,55863880.81,35086.16969,36,35,24913,2,49,13,W,35086.16457,-55863864.74
36,62591815.28,32306.39967,37,36,24912,2,49,12,W,32306.39491,-62591797.33
37,62362088.46,32191.0526,38,37,24911,2,49,11,W,32191.04777,-62362069.75
38,8504813.691,13137.43303,39,38,24915,2,49,15,W,13137.43122,-8504811.446
39,78007655.78,40954.81081,40,39,24815,2,48,15,W,40954.80496,-78007633.36
40,93354961.12,38691.86308,41,40,24814,2,48,14,W,38691.85738,-93354934.03
41,92715991.97,38478.30907,42,41,24813,2,48,13,W,38478.30344,-92715964.89
42,94454828.51,38805.86346,43,42,24812,2,48,12,W,38805.85791,-94454800.92
43,92740802.49,38529.26177,44,43,24811,2,48,11,W,38529.2562,-92740775.42
44,93133062.76,38585.63205,45,44,24810,2,48,10,W,38585.62651,-93133035.62
45,91804710.36,38345.6757,46,45,24809,2,48,9,W,38345.6701,-91804683.68
46,90096815.94,37938.03931,47,46,24808,2,48,8,W,37938.0338,-90096789.41
47,90743090.66,38231.61994,48,47,24807,2,48,7,W,38231.61436,-90743064.09
48,92796671.94,38487.48808,49,48,24806,2,48,6,W,38487.48248,-92796644.13
49,94397726.12,38799.33356,50,49,24805,2,48,5,W,38799.32771,-94397697.88
50,91504484.02,38449.65339,51,50,24804,2,48,4,W,38449.64765,-91504457.21
51,92683524.15,38476.10057,52,51,24803,2,48,3,W,38476.09493,-92683497.18
52,40931811.21,35341.54306,53,52,24802,2,48,2,W,35341.53772,-40931799.05
53,87338259.18,37572.35729,54,53,24715,2,47,15,W,37572.35201,-87338233.58
54,93046297.92,38554.99919,55,54,24714,2,47,14,W,38554.99361,-93046270.81
55,92075680.42,38418.48386,56,55,24713,2,47,13,W,38418.47827,-92075653.49
56,93061629.28,38576.71456,57,56,24712,2,47,12,W,38576.70897,-93061601.95
57,92916091.48,38592.63057,58,57,24711,2,47,11,W,38592.62496,-92916064.54
58,5402994.148,10017.33381,59,58,24801,2,48,1,W,10017.33221,-5402992.349
59,93017478.21,38599.04619,60,59,24710,2,47,10,W,38599.04062,-93017451.2
60,93150377.2,38547.99875,61,60,24709,2,47,9,W,38547.9931,-93150350.14
61,91796993.66,38434.98866,62,61,24708,2,47,8,W,38434.98307,-91796966.73
62,92435161.26,38299.2142,63,62,24707,2,47,7,W,38299.20837,-92435133.74
63,91045971.18,38148.58463,64,63,24706,2,47,6,W,38148.57908,-91045944.51
64,91334013.36,38268.80256,65,64,24705,2,47,5,W,38268.79703,-91333986.73
65,91988196.04,38337.2494,66,65,24704,2,47,4,W,38337.24397,-91988169.27
66,92439415.37,38335.14316,67,66,24703,2,47,3,W,38335.13741,-92439387.98
67,91815762.93,38390.00827,68,67,24702,2,47,2,W,38390.00268,-91815735.83
68,82892318.22,37837.55345,69,68,24701,2,47,1,W,37837.54769,-82892293.82
69,44653956.95,41905.63687,70,69,44701,4,47,1,E,41905.63101,-44653943.77
70,92130815.8,38625.8977,71,70,24615,2,46,15,W,38625.89201,-92130789.06
71,6396107.236,21124.20329,72,71,44702,4,47,2,E,21124.20017,-6396105.311
72,91263021.28,38286.4416,73,72,24614,2,46,14,W,38286.4359,-91262994.42
73,91217588.84,38217.38926,74,73,24613,2,46,13,W,38217.38364,-91217562.11
74,92569109.44,38495.82171,75,74,24612,2,46,12,W,38495.81603,-92569082.45
75,90779411.81,38054.3467,76,75,24611,2,46,11,W,38054.34103,-90779385.08
76,89686608.73,37997.96554,77,76,24610,2,46,10,W,37997.95992,-89686582.24
77,91691680.82,38227.42874,78,77,24609,2,46,9,W,38227.42302,-91691653.52
78,92663036.76,38499.34656,79,78,24608,2,46,8,W,38499.34092,-92663008.93
79,93818584.83,38705.7976,80,79,24607,2,46,7,W,38705.79196,-93818557.66
80,94488153.29,38925.20716,81,80,24606,2,46,6,W,38925.2016,-94488126.23
81,95223199.52,39041.8968,82,81,24605,2,46,5,W,39041.89126,-95223171.23
82,94155832.22,38805.89299,83,82,24604,2,46,4,W,38805.88701,-94155804
83,92753445.24,38559.32206,84,83,24603,2,46,3,W,38559.3163,-92753417.52
84,93040110.66,38540.41058,85,84,24602,2,46,2,W,38540.40496,-93040083.72
85,91625090.31,38317.15881,86,85,24601,2,46,1,W,38317.15321,-91625063.4
86,92690877.37,38538.19039,87,86,44601,4,46,1,E,38538.18482,-92690850.2
87,81291365.35,38613.20025,88,87,44602,4,46,2,E,38613.19488,-81291341.16
88,3364531.926,8923.434611,89,88,44603,4,46,3,E,8923.433432,-3364530.981
89,93448752.55,38819.22112,90,89,24515,2,45,15,W,38819.21527,-93448724.79
90,92637422.28,38544.72248,91,90,24514,2,45,14,W,38544.71682,-92637395.29
91,92848054.23,38525.54814,92,91,24513,2,45,13,W,38525.54249,-92848026.85
92,91907771.86,38317.34269,93,92,24512,2,45,12,W,38317.33693,-91907744.81
93,91935915.84,38455.97818,94,93,24511,2,45,11,W,38455.97256,-91935888.77
94,91764861.57,38235.9787,95,94,24510,2,45,10,W,38235.9731,-91764834.59
95,91868405.64,38314.60928,96,95,24509,2,45,9,W,38314.60358,-91868378.57
96,92054397.66,38461.88047,97,96,24508,2,45,8,W,38461.87488,-92054370.76
97,92482175.4,38459.07192,98,97,24507,2,45,7,W,38459.06615,-92482148.56
98,92915910.87,38568.59635,99,98,24506,2,45,6,W,38568.59064,-92915883.44
99,92955636.32,38517.68432,100,99,24505,2,45,5,W,38517.67862,-92955608.76
100,93389785.25,38707.53882,101,100,24504,2,45,4,W,38707.53317,-93389758.11
101,91395240.03,38361.72155,102,101,24503,2,45,3,W,38361.71595,-91395213.08
102,92754707.8,38514.77806,103,102,24502,2,45,2,W,38514.77215,-92754679.85
103,92014613.04,38382.32061,104,103,24501,2,45,1,W,38382.31477,-92014585.72
104,93406161.35,38439.0321,105,104,44501,4,45,1,E,38439.02651,-93406133.58
105,91238540.84,38408.135,106,105,44502,4,45,2,E,38408.12918,-91238513.54
106,33877783.13,36649.94137,107,106,44503,4,45,3,E,36649.93583,-33877773.38
107,92801636.89,38775.52469,108,107,24415,2,44,15,W,38775.5189,-92801609.71
108,93283171.14,38569.79217,109,108,24414,2,44,14,W,38569.78666,-93283143.93
109,93457446.76,38743.75814,110,109,24413,2,44,13,W,38743.75258,-93457419.16
110,92260885.54,38389.61452,111,110,24412,2,44,12,W,38389.60889,-92260858.72
111,93639473.03,38685.15446,112,111,24411,2,44,11,W,38685.14873,-93639445.29
112,91822239.27,38374.51743,113,112,24410,2,44,10,W,38374.51169,-91822211.2
113,91998991.82,38402.04682,114,113,24409,2,44,9,W,38402.04091,-91998964.59
114,92897959.65,38513.73335,115,114,24408,2,44,8,W,38513.72789,-92897932.87
115,92875669.31,38567.01091,116,115,24407,2,44,7,W,38567.00525,-92875642.21
116,93365561.48,38667.12944,117,116,24406,2,44,6,W,38667.12362,-93365533.26
117,91368596.76,38264.482,118,117,24405,2,44,5,W,38264.47624,-91368570.06
118,91293051.27,38191.48694,119,118,24403,2,44,3,W,38191.48156,-91293024.59
119,92529874.5,38396.13617,120,119,24404,2,44,4,W,38396.13053,-92529847.69
120,91073170.84,38167.04471,121,120,24402,2,44,2,W,38167.03916,-91073144
121,92719315.24,38493.50471,122,121,24401,2,44,1,W,38493.49892,-92719286.74
122,92223617.86,38360.06694,123,122,44401,4,44,1,E,38360.06133,-92223591
123,91903800.31,38487.80711,124,123,44402,4,44,2,E,38487.8013,-91903773.09
124,91890732.79,38006.15168,125,124,44403,4,44,3,E,38006.14595,-91890705.06
125,72232968.38,34640.63381,126,125,44404,4,44,4,E,34640.62876,-72232946.71
126,47920377.42,29528.71004,127,126,44405,4,44,5,E,29528.70574,-47920363.26
127,22908824.95,24512.87367,128,127,44406,4,44,6,E,24512.86973,-22908818.09
128,93147159.66,38798.67945,129,128,24315,2,43,15,W,38798.67368,-93147132.21
129,93702317.63,38552.41398,130,129,24314,2,43,14,W,38552.40822,-93702289.56
130,93673818.22,38764.77032,131,130,24313,2,43,13,W,38764.7644,-93673790.49
131,92821642.86,38571.57332,132,131,24312,2,43,12,W,38571.56775,-92821615.93
132,92356855.93,38492.9876,133,132,24311,2,43,11,W,38492.98192,-92356828.32
133,91747061.84,38385.88238,134,133,24310,2,43,10,W,38385.87686,-91747034.94
134,92617982.84,38566.70983,135,134,24309,2,43,9,W,38566.70386,-92617954.97
135,1832891.077,7666.650774,136,135,44407,4,44,7,E,7666.649547,-1832890.486
136,92105613.5,38415.83035,137,136,24308,2,43,8,W,38415.82477,-92105586.73
137,92243422.14,38490.94688,138,137,24307,2,43,7,W,38490.94137,-92243395.33
138,93036873.53,38537.29667,139,138,24306,2,43,6,W,38537.29089,-93036845.09
139,93879382.99,38781.26911,140,139,24305,2,43,5,W,38781.2632,-93879354.41
140,93745959.02,38823.00271,141,140,24304,2,43,4,W,38822.99692,-93745930.92
141,92719967.79,38377.35645,142,141,24303,2,43,3,W,38377.35063,-92719939.57
142,90585457.96,38090.28386,143,142,24302,2,43,2,W,38090.2783,-90585431.43
143,88087026.41,37112.24345,144,143,44307,4,43,7,E,37112.23802,-88087000.2
144,93399183.82,38629.21659,145,144,44306,4,43,6,E,38629.21079,-93399155.55
145,92231694.68,38432.18711,146,145,44305,4,43,5,E,38432.1815,-92231667.22
146,92273663.49,38314.67421,147,146,44304,4,43,4,E,38314.66832,-92273636.06
147,92815366.59,38572.47191,148,147,24301,2,43,1,W,38572.46596,-92815339.26
148,91183755.49,38263.36288,149,148,44301,4,43,1,E,38263.35719,-91183728.16
149,91370952.94,38317.31084,150,149,44303,4,43,3,E,38317.30513,-91370925.39
150,92414561.96,38456.06568,151,150,44302,4,43,2,E,38456.05987,-92414533.95
151,64502156.68,32988.65658,152,151,44308,4,43,8,E,32988.65162,-64502137.38
152,38751762.23,27737.35633,153,152,44309,4,43,9,E,27737.3523,-38751750.44
153,12102810.53,21653.45843,154,153,44310,4,43,10,E,21653.45509,-12102807.16
154,93558767.37,38713.6335,155,154,24215,2,42,15,W,38713.62785,-93558739.74
155,92977236.52,38538.36851,502,501,23403,2,34,3,W,38538.36236,-92977207.54
156,93338567.59,38700.95219,156,155,24214,2,42,14,W,38700.9466,-93338539.99
157,94011477.27,38744.94514,157,156,24213,2,42,13,W,38744.93944,-94011449.74
158,93700067.07,38750.27769,158,157,24212,2,42,12,W,38750.27193,-93700038.82
159,92675351.04,38494.5618,159,158,24211,2,42,11,W,38494.55597,-92675323.67
160,92180927.95,38306.93143,160,159,24210,2,42,10,W,38306.92598,-92180901.14
161,93200972.58,38580.66738,161,160,24209,2,42,9,W,38580.66156,-93200944.59
162,92746876.27,38442.33787,162,161,24208,2,42,8,W,38442.332,-92746847.57
163,95402356.14,38971.78634,163,162,24207,2,42,7,W,38971.78064,-95402327.64
164,92586472.69,38721.33785,164,163,24206,2,42,6,W,38721.33203,-92586445.33
165,93848436.29,38735.60567,165,164,24205,2,42,5,W,38735.59986,-93848408.87
166,93195823.5,38449.94605,166,165,44210,4,42,10,E,38449.94054,-93195795.42
167,93809187.1,38748.23303,167,166,24204,2,42,4,W,38748.2274,-93809159.47
168,77758139.53,35518.2718,168,167,44211,4,42,11,E,35518.26646,-77758116.29
169,93168002.92,38639.52741,169,168,44209,4,42,9,E,38639.5216,-93167974.89
170,91823096.31,38378.80377,170,169,24203,2,42,3,W,38378.79794,-91823068.37
171,91721911.53,38380.86008,171,170,24202,2,42,2,W,38380.85458,-91721884.48
172,92682553.2,38532.96192,172,171,44208,4,42,8,E,38532.9563,-92682524.88
173,90887118.25,38244.14777,173,172,24201,2,42,1,W,38244.14192,-90887091.24
174,92744588.99,38574.68563,174,173,44207,4,42,7,E,38574.67978,-92744561.33
175,92813643.79,38551.3203,175,174,44206,4,42,6,E,38551.31457,-92813616.03
176,92376938.41,38459.66333,176,175,44205,4,42,5,E,38459.65752,-92376910.73
177,92841395.61,38454.51513,177,176,44204,4,42,4,E,38454.50917,-92841367.53
178,94145020.8,38743.85477,178,177,44202,4,42,2,E,38743.84902,-94144992.75
179,91793785.5,38425.70156,179,178,44203,4,42,3,E,38425.69577,-91793758.42
180,92516204.61,38542.19428,180,179,44201,4,42,1,E,38542.18855,-92516176.95
181,31920626.06,27269.08278,181,180,44212,4,42,12,E,27269.07874,-31920616.28
182,2591496.579,6431.273849,182,181,24216,2,42,16,W,6431.272941,-2591495.942
183,70023928.5,41757.75769,183,182,24116,2,41,16,W,41757.7515,-70023907.54
184,93042962.91,38578.65541,184,183,24115,2,41,15,W,38578.64964,-93042935.32
185,93793400.26,38655.82989,185,184,24114,2,41,14,W,38655.82413,-93793372.46
186,94326244.9,38833.2806,186,185,24113,2,41,13,W,38833.27473,-94326216.65
187,94417612.14,38888.62952,187,186,24112,2,41,12,W,38888.62372,-94417584.3
188,93823822.65,38774.75365,188,187,24111,2,41,11,W,38774.74787,-93823794.47
189,92258553.9,38446.54975,189,188,24110,2,41,10,W,38446.54395,-92258525.91
190,93864881.18,38830.80456,190,189,24109,2,41,9,W,38830.79869,-93864853.8
191,94033539.67,38806.29588,191,190,24108,2,41,8,W,38806.29012,-94033511.6
192,249049.1298,2536.629682,192,191,44213,4,42,13,E,2536.629351,-249049.0872
193,94516017.98,38867.28971,193,192,24107,2,41,7,W,38867.28401,-94515990.79
194,93993481.04,38552.2515,194,193,24106,2,41,6,W,38552.2457,-93993452.16
195,69184597.51,35773.08101,195,194,44113,4,41,13,E,35773.07552,-69184576.42
196,92321190.86,38442.71698,196,195,44112,4,41,12,E,38442.71102,-92321162.95
197,93496736,38845.40924,197,196,24105,2,41,5,W,38845.40356,-93496708.32
198,92319981.41,38446.88535,198,197,44111,4,41,11,E,38446.87945,-92319953.73
199,92466946.39,38543.93699,199,198,44110,4,41,10,E,38543.93104,-92466918.29
200,94002556.91,38638.4092,200,199,24101,2,41,1,W,38638.40306,-94002527.56
201,94233278.5,38903.29946,201,200,24104,2,41,4,W,38903.29356,-94233249.59
202,93291165.12,38464.50229,202,201,24103,2,41,3,W,38464.49651,-93291138
203,94243070.36,38874.21149,203,202,24102,2,41,2,W,38874.20576,-94243042.43
204,92967219.21,38557.66577,204,203,44109,4,41,9,E,38557.65968,-92967191.29
205,92677307.19,38504.95769,205,204,44108,4,41,8,E,38504.95198,-92677279.52
206,93359927.4,38559.62103,206,205,44107,4,41,7,E,38559.61514,-93359899.24
207,93309119.85,38654.61213,207,206,44106,4,41,6,E,38654.60627,-93309091.61
208,93236427.11,38620.39716,208,207,44105,4,41,5,E,38620.39132,-93236399.16
209,92649615.62,38592.96675,209,208,44104,4,41,4,E,38592.96096,-92649587.65
210,92379340.99,38431.59868,210,209,44103,4,41,3,E,38431.59289,-92379313.53
211,92994469.34,38539.80508,211,210,44101,4,41,1,E,38539.79938,-92994442.13
212,91628605.7,38329.38955,212,211,44102,4,41,2,E,38329.38378,-91628577.61
213,10326130.67,16107.99295,213,212,24117,2,41,17,W,16107.99062,-10326127.76
214,42280823.56,35914.10447,214,213,44114,4,41,14,E,35914.09932,-42280810.73
215,23522491.15,28681.76624,215,214,44116,4,41,16,E,28681.76185,-23522484.24
216,19618222.26,35050.99914,216,215,44115,4,41,15,E,35050.99403,-19618216.35
217,60792905.54,37153.10471,217,216,24018,2,40,18,W,37153.09903,-60792887.54
218,84990826.44,36841.5044,218,217,24017,2,40,17,W,36841.49905,-84990801.11
219,84941706.54,36866.00186,219,218,24016,2,40,16,W,36865.99625,-84941681.21
220,90150943.21,38059.15301,220,219,24015,2,40,15,W,38059.14723,-90150916.19
221,88661646.95,37684.53358,221,220,24014,2,40,14,W,37684.52809,-88661620.71
222,1162184.073,5906.996621,222,221,44117,4,41,17,E,5906.995778,-1162183.786
223,88177225.77,37568.34332,223,222,24013,2,40,13,W,37568.33784,-88177199.87
224,89686375.56,37941.5434,224,223,24012,2,40,12,W,37941.53776,-89686348.65
225,202486.6862,2714.103732,225,224,44117,4,41,17,E,2714.103309,-202486.6128
226,89429976.09,38002.30532,226,225,24011,2,40,11,W,38002.29967,-89429949.57
227,86059168.73,37057.08562,227,226,24010,2,40,10,W,37057.08013,-86059143.34
228,83736843.45,39523.37268,228,227,44017,4,40,17,E,39523.36682,-83736818.08
229,93634457.6,38747.60863,229,228,44016,4,40,16,E,38747.60252,-93634429.03
230,88775249.04,37557.07259,230,229,24009,2,40,9,W,37557.06704,-88775222.57
231,92267610.57,38438.22753,231,230,44015,4,40,15,E,38438.2215,-92267582.33
232,87683162.48,37480.52121,232,231,24008,2,40,8,W,37480.51549,-87683136.21
233,92822264.4,38527.76991,233,232,44014,4,40,14,E,38527.7641,-92822236.38
234,88616822.48,37691.99116,234,233,24007,2,40,7,W,37691.98542,-88616796.18
235,93413289.8,38672.96818,235,234,44013,4,40,13,E,38672.96238,-93413261.47
236,88045215.69,37584.2646,236,235,24006,2,40,6,W,37584.25894,-88045189.05
237,92102987.38,38348.35192,237,236,44012,4,40,12,E,38348.34607,-92102959.41
238,90281809.43,37939.15039,238,237,24005,2,40,5,W,37939.14486,-90281783.25
239,95723172.27,38963.6654,239,238,44011,4,40,11,E,38963.65924,-95723142.98
240,86781434.43,37476.2999,240,239,44010,4,40,10,E,37476.29411,-86781408.33
241,88237876.69,37698.29962,241,240,24004,2,40,4,W,37698.29402,-88237850.61
242,90205638.88,37621.2262,242,241,44009,4,40,9,E,37621.22039,-90205611.59
243,89364330.19,38375.30771,243,242,44008,4,40,8,E,38375.30197,-89364303.06
244,87306906.08,37649.12458,244,243,24003,2,40,3,W,37649.1191,-87306879.97
245,90209662.11,38080.91886,245,244,24002,2,40,2,W,38080.91338,-90209635.55
246,89450988.28,37859.03336,246,245,44007,4,40,7,E,37859.02767,-89450961.6
247,95236545.79,38900.41221,247,246,24001,2,40,1,W,38900.40647,-95236517.67
248,88674055.16,37664.62411,248,247,44006,4,40,6,E,37664.61841,-88674028.14
249,100774993.2,40303.22454,249,248,44001,4,40,1,E,40303.21833,-100774962.5
250,89860205.75,37946.27996,250,249,44005,4,40,5,E,37946.27427,-89860178.65
251,89794192.51,37988.19195,251,250,44003,4,40,3,E,37988.18635,-89794164.98
252,91213880.17,38110.31455,252,251,44002,4,40,2,E,38110.30865,-91213852.97
253,89709439.63,37753.722,253,252,44004,4,40,4,E,37753.71632,-89709412.78
254,64597335.28,36291.86107,254,253,44018,4,40,18,E,36291.8554,-64597315.6
255,7756125.152,12876.10668,255,254,24019,2,40,19,W,12876.1049,-7756122.928
256,26224092.24,24058.73591,256,255,44019,4,40,19,E,24058.73229,-26224084.09
257,74844101.65,38377.64927,257,256,23919,2,39,19,W,38377.64381,-74844079.22
258,92200865.06,38410.26537,258,257,23918,2,39,18,W,38410.25962,-92200837.98
259,91088059.69,38134.73291,259,258,23917,2,39,17,W,38134.72713,-91088032.51
260,90824412.97,38172.86221,260,259,23916,2,39,16,W,38172.85656,-90824385.67
261,93750497.6,38793.18742,261,260,23915,2,39,15,W,38793.18169,-93750469.91
262,89957326.57,37933.7808,262,261,23914,2,39,14,W,37933.77513,-89957299.66
263,91100216.45,38025.18685,263,262,23913,2,39,13,W,38025.18098,-91100189.25
264,90195051.84,38051.55336,264,263,23912,2,39,12,W,38051.54778,-90195025.27
265,92385070.86,38419.94157,265,264,23911,2,39,11,W,38419.93576,-92385042.42
266,90276977.41,38087.57808,266,265,23910,2,39,10,W,38087.5723,-90276950.03
267,91999169.73,38255.39018,267,266,23909,2,39,9,W,38255.38469,-91999142.84
268,91074557.38,38250.35361,268,267,23908,2,39,8,W,38250.34778,-91074530.08
269,94219521.63,38798.53146,269,268,43918,4,39,18,E,38798.52557,-94219492.95
270,93600214.73,38654.238,270,269,43916,4,39,16,E,38654.23207,-93600186.41
271,53455002.21,35031.05399,271,270,43919,4,39,19,E,35031.04889,-53454985.63
272,90780951.64,38153.0539,272,271,43917,4,39,17,E,38153.04814,-90780923.76
273,91015529.55,38204.02576,273,272,23907,2,39,7,W,38204.02011,-91015501.89
274,92630947.08,38547.01786,274,273,43915,4,39,15,E,38547.01222,-92630918.88
275,91831801.91,38377.27918,275,274,23906,2,39,6,W,38377.27336,-91831773.13
276,90957196.97,38060.01809,276,275,43910,4,39,10,E,38060.01233,-90957169.49
277,92787181.07,38529.67836,277,276,43914,4,39,14,E,38529.6725,-92787152.77
278,88032312.28,37830.52187,278,277,43909,4,39,9,E,37830.5161,-88032285.84
279,92547528.38,38474.63404,279,278,23905,2,39,5,W,38474.62816,-92547500.58
280,92287889.68,38497.36813,280,279,43913,4,39,13,E,38497.36239,-92287861.58
281,92921763.69,39212.61043,281,280,43911,4,39,11,E,39212.60455,-92921735.44
282,92312865.38,38326.78813,282,281,23904,2,39,4,W,38326.78211,-92312836.45
283,90919804.34,38083.57984,283,282,43912,4,39,12,E,38083.57419,-90919776.73
284,90352903.04,38164.85902,284,283,23903,2,39,3,W,38164.8533,-90352875.35
285,85896761.8,37151.17092,285,284,43908,4,39,8,E,37151.16543,-85896735.44
286,86449702.84,37197.48204,286,285,43907,4,39,7,E,37197.47637,-86449676.6
287,85301028.26,36957.56621,287,286,43906,4,39,6,E,36957.56045,-85301002.64
288,90828898.6,38152.69233,288,287,23902,2,39,2,W,38152.68634,-90828870.69
289,86610720.74,37149.4823,289,288,43905,4,39,5,E,37149.4766,-86610694.59
290,84290648.26,36905.88434,290,289,43904,4,39,4,E,36905.87888,-84290622.51
291,84751391.5,36821.43526,291,290,43903,4,39,3,E,36821.42985,-84751366.72
292,94078886.48,38856.96083,292,291,23901,2,39,1,W,38856.95487,-94078857.64
293,84295096.99,36781.29827,293,292,43902,4,39,2,E,36781.29289,-84295071.04
294,98679578.21,40024.51225,294,293,43901,4,39,1,E,40024.50615,-98679548.62
295,93274030.75,38592.11403,295,294,23819,2,38,19,W,38592.10844,-93274002.97
296,92346270.02,38422.04637,296,295,23818,2,38,18,W,38422.0407,-92346242.41
297,92647342.94,38610.65415,297,296,23817,2,38,17,W,38610.64851,-92647315.27
298,96182060.35,39215.26532,298,297,23816,2,38,16,W,39215.25938,-96182031.61
299,100821587.4,40156.46633,299,298,23815,2,38,15,W,40156.46041,-100821557.2
300,20648131.52,25750.37722,300,299,23820,2,38,20,W,25750.37341,-20648125.57
301,95311501.53,39100.32832,301,300,23814,2,38,14,W,39100.32269,-95311473.13
302,95709557.42,39138.06798,302,301,23813,2,38,13,W,39138.06205,-95709528.6
303,95734259.06,39028.01439,303,302,23812,2,38,12,W,39028.00857,-95734230.28
304,94624448.64,38976.03517,304,303,23811,2,38,11,W,38976.02931,-94624420.67
305,93939769.32,38801.96737,305,304,23810,2,38,10,W,38801.96146,-93939740.99
306,94271871.72,38732.96679,306,305,23809,2,38,9,W,38732.96105,-94271842.97
307,93951583.79,38813.39025,307,306,23808,2,38,8,W,38813.38446,-93951556.05
308,94382301.64,38678.92974,308,307,43809,4,38,9,E,38678.92385,-94382272.96
309,91688690.78,38288.52077,309,308,43817,4,38,17,E,38288.51497,-91688662.7
310,94970335.37,38990.24025,310,309,43816,4,38,16,E,38990.23416,-94970306.35
311,92247280.93,38437.64551,311,310,23807,2,38,7,W,38437.63998,-92247253.86
312,83833463.39,37411.94431,312,311,43819,4,38,19,E,37411.93849,-83833437.82
313,94180921.55,38826.3552,313,312,43818,4,38,18,E,38826.34921,-94180892.5
314,93451528.46,38649.51414,314,313,43810,4,38,10,E,38649.50833,-93451499.64
315,90985367.37,38203.26395,315,314,43808,4,38,8,E,38203.25818,-90985339.98
316,93384616.22,38617.60986,316,315,43815,4,38,15,E,38617.60421,-93384587.76
317,91647541.49,38301.96534,317,316,43807,4,38,7,E,38301.95951,-91647513.59
318,90830379.46,38168.26253,318,317,43806,4,38,6,E,38168.25671,-90830351.7
319,93115495.14,38566.89147,319,318,23806,2,38,6,W,38566.88565,-93115467.36
320,91975400.58,38416.72918,320,319,43804,4,38,4,E,38416.72333,-91975372.85
321,92662807.69,38409.74997,321,320,43805,4,38,5,E,38409.74421,-92662779.59
322,92347039.48,38627.24726,322,321,43803,4,38,3,E,38627.24127,-92347010.89
323,92661530.72,38413.76786,323,322,43802,4,38,2,E,38413.76213,-92661503.3
324,92973428.72,38588.06365,324,323,43814,4,38,14,E,38588.05764,-92973400.47
325,92843838.3,38628.086,325,324,23805,2,38,5,W,38628.08041,-92843811.24
326,96395517.94,39230.48648,326,325,43811,4,38,11,E,39230.48038,-96395488.34
327,106866275.8,41206.84135,327,326,43801,4,38,1,E,41206.83511,-106866242.8
328,92688442.82,38536.6015,328,327,43813,4,38,13,E,38536.59547,-92688414.34
329,93054247.79,38445.29701,329,328,23804,2,38,4,W,38445.29121,-93054219.8
330,92892021.95,38460.76872,330,329,23803,2,38,3,W,38460.7631,-92891994.94
331,91733440.41,38310.33283,331,330,43812,4,38,12,E,38310.32698,-91733412.61
332,91466453.45,38247.12822,332,331,23802,2,38,2,W,38247.12228,-91466425.78
333,70396217.45,36751.64042,333,332,43820,4,38,20,E,36751.63477,-70396195.77
334,93385279.56,38662.37889,334,333,23801,2,38,1,W,38662.37319,-93385252.35
335,32063922.57,28711.0602,335,334,43821,4,38,21,E,28711.05631,-32063912.66
336,81869437.33,38327.44482,336,335,23720,2,37,20,W,38327.43891,-81869412.79
337,92879253.99,38513.49594,337,336,23719,2,37,19,W,38513.49017,-92879226.37
338,91919308.1,38339.07518,338,337,23718,2,37,18,W,38339.06948,-91919280.63
339,91295543.57,38222.75058,339,338,23717,2,37,17,W,38222.74477,-91295516.14
340,91672560.16,38287.77041,340,339,23716,2,37,16,W,38287.7645,-91672532.87
341,95858671.1,39226.27078,341,340,23715,2,37,15,W,39226.26492,-95858642.25
342,91430100.12,38282.20088,342,341,23714,2,37,14,W,38282.19516,-91430072.62
343,90865779.78,38196.60273,343,342,23713,2,37,13,W,38196.59693,-90865752.61
344,91417527.56,38235.67894,344,343,23712,2,37,12,W,38235.67298,-91417500
345,91408784.22,38271.26014,345,344,23711,2,37,11,W,38271.25438,-91408756.53
346,90477283.43,38068.66307,346,345,23710,2,37,10,W,38068.6575,-90477256.86
347,91175386.86,38231.18901,347,346,43708,4,37,8,E,38231.18321,-91175359.08
348,89773174.53,37924.65045,348,347,23709,2,37,9,W,37924.64451,-89773147.1
349,91387520.71,38238.27735,349,348,43717,4,37,17,E,38238.27159,-91387492.91
350,93774443.74,38925.84036,350,349,43709,4,37,9,E,38925.83428,-93774415.09
351,95428311.3,38790.0922,351,350,43710,4,37,10,E,38790.08638,-95428282.08
352,93903976.21,38820.99297,352,351,43718,4,37,18,E,38820.98705,-93903947.33
353,94040856.33,38789.83499,353,352,43707,4,37,7,E,38789.82908,-94040827.39
354,94784206.15,38918.76584,354,353,43716,4,37,16,E,38918.7597,-94784176.95
355,91249270.67,38254.66226,355,354,23708,2,37,8,W,38254.65637,-91249241.81
356,91896804.2,38420.64948,356,355,23707,2,37,7,W,38420.64367,-91896776.68
357,92983408.38,38585.38848,357,356,43706,4,37,6,E,38585.38257,-92983380.2
358,41990.41101,1031.572772,358,357,43822,4,38,22,E,1031.572536,-41990.36511
359,89937148,37936.62943,359,358,43719,4,37,19,E,37936.62359,-89937120.25
360,92249885.98,38380.34511,360,359,43704,4,37,4,E,38380.33943,-92249857.42
361,94224400.71,38845.85079,361,360,43705,4,37,5,E,38845.84484,-94224372.27
362,92557617.17,38521.00742,362,361,43715,4,37,15,E,38521.00152,-92557588.72
363,93600783.14,38647.91688,363,362,23706,2,37,6,W,38647.91092,-93600754.16
364,7136366.519,13663.24776,364,363,43722,4,37,22,E,13663.24564,-7136364.256
365,89632278.6,39519.30833,365,364,43721,4,37,21,E,39519.30233,-89632251.02
366,92995515.71,38575.55629,366,365,43714,4,37,14,E,38575.5503,-92995487.01
367,93524086.6,38624.00578,367,366,23705,2,37,5,W,38623.99996,-93524058.35
368,91869810.56,38320.16311,368,367,43703,4,37,3,E,38320.15728,-91869783.22
369,90761517.5,38162.23006,369,368,43720,4,37,20,E,38162.22408,-90761489.7
370,91917803.01,38246.62335,370,369,43702,4,37,2,E,38246.61755,-91917774.9
371,98964838.53,39763.7516,371,370,43711,4,37,11,E,39763.74555,-98964808.67
372,92078108.19,38356.06328,372,371,43713,4,37,13,E,38356.05752,-92078080.26
373,91558232.44,38340.61339,373,372,23704,2,37,4,W,38340.60747,-91558203.78
374,104274554,41085.81871,374,373,43701,4,37,1,E,41085.81271,-104274523.1
375,91607431.84,38371.99872,375,374,43712,4,37,12,E,38371.99308,-91607403.59
376,93178896.33,38602.34498,376,375,23703,2,37,3,W,38602.33929,-93178868.35
377,91990223.36,38376.60829,377,376,23702,2,37,2,W,38376.60224,-91990194.46
378,92585926.4,38591.89088,378,377,23701,2,37,1,W,38591.88486,-92585897.65
379,90445224.45,38574.14473,379,378,23620,2,36,20,W,38574.13893,-90445197.45
380,93435140.19,38703.86164,380,379,23619,2,36,19,W,38703.85603,-93435111.79
381,92606660.53,38471.21144,381,380,23618,2,36,18,W,38471.20578,-92606633.04
382,90934128.71,38191.66487,382,381,23617,2,36,17,W,38191.6591,-90934101.45
383,91712878.19,38264.37031,383,382,23616,2,36,16,W,38264.3646,-91712850.56
384,96167107.17,39228.19084,384,383,23615,2,36,15,W,39228.18487,-96167078.23
385,1252438.548,5748.055121,385,384,43722,4,37,22,E,5748.054213,-1252438.256
386,93180044.48,38591.18121,386,385,23614,2,36,14,W,38591.17532,-93180016.39
387,91767071.46,38265.0883,387,386,23613,2,36,13,W,38265.08256,-91767043.92
388,91124084.71,38302.52231,388,387,23612,2,36,12,W,38302.51662,-91124057.09
389,92459760.57,38435.65719,389,388,23611,2,36,11,W,38435.65138,-92459732.87
390,91559151.86,38224.10706,390,389,23610,2,36,10,W,38224.10133,-91559123.76
391,89025720.01,37871.55224,391,390,23609,2,36,9,W,37871.54658,-89025693.5
392,91610530.3,38318.726,392,391,43617,4,36,17,E,38318.72015,-91610502.13
393,94156551.69,38802.1766,393,392,43618,4,36,18,E,38802.1707,-94156522.57
394,90942124.12,38133.45686,394,393,23608,2,36,8,W,38133.45118,-90942097.37
395,94784823.09,38932.12008,395,394,43616,4,36,16,E,38932.11408,-94784794.04
396,99087702.78,39707.04231,396,395,43609,4,36,9,E,39707.0363,-99087672.59
397,92146808.04,38486.02358,397,396,43608,4,36,8,E,38486.01756,-92146779.7
398,92225079,38849.26411,398,397,43610,4,36,10,E,38849.2581,-92225050.44
399,92564192.13,38465.89127,399,398,23607,2,36,7,W,38465.88544,-92564164.36
400,96096783.85,39177.21053,400,399,43607,4,36,7,E,39177.20431,-96096754.69
401,90105720.46,38055.20726,401,400,43619,4,36,19,E,38055.20151,-90105692.9
402,92844637.16,38529.09502,402,401,43615,4,36,15,E,38529.089,-92844608.73
403,95527195.5,39130.05666,403,402,43606,4,36,6,E,39130.05075,-95527165.98
404,96506391.08,39299.48922,404,403,43605,4,36,5,E,39299.48318,-96506361.53
405,95481743.76,39069.06643,405,404,43604,4,36,4,E,39069.06044,-95481715.07
406,93432945.4,38661.81989,406,405,23606,2,36,6,W,38661.81416,-93432917.38
407,16280021.62,18151.48428,407,406,43622,4,36,22,E,18151.48139,-16280016.58
408,88430529.18,40528.68107,408,407,43621,4,36,21,E,40528.67486,-88430502.09
409,95436693.33,39024.80365,409,408,43603,4,36,3,E,39024.79768,-95436663.86
410,90946709.94,38026.73958,410,409,43620,4,36,20,E,38026.7336,-90946681.66
411,93286394.65,38612.11803,411,410,43614,4,36,14,E,38612.11189,-93286365.94
412,93103164.07,38555.48475,412,411,23605,2,36,5,W,38555.47915,-93103137.13
413,92539932.77,38497.14168,413,412,43613,4,36,13,E,38497.13577,-92539904.28
414,106530232.6,41410.14328,414,413,43601,4,36,1,E,41410.13696,-106530200.3
415,95215440.66,39148.21324,415,414,43602,4,36,2,E,39148.20723,-95215411.47
416,92257548.31,38397.88067,416,415,23604,2,36,4,W,38397.87482,-92257520.43
417,93050954.33,38400.28538,417,416,43612,4,36,12,E,38400.27946,-93050925.95
418,97571174.03,39513.87494,418,417,43611,4,36,11,E,39513.8688,-97571144.51
419,92623248.93,38444.76993,419,418,23603,2,36,3,W,38444.76433,-92623222.01
420,92287539.28,38432.69427,420,419,23602,2,36,2,W,38432.68843,-92287511.44
421,94050766.43,38695.8529,421,420,23601,2,36,1,W,38695.84715,-94050738.37
422,59216377.26,35347.39741,422,421,23519,2,35,19,W,35347.3919,-59216359.32
423,93109774.63,38448.31745,423,422,23518,2,35,18,W,38448.31147,-93109746.64
424,91113663.72,38304.52527,424,423,23517,2,35,17,W,38304.51942,-91113636.07
425,90975189.08,38250.52313,425,424,23516,2,35,16,W,38250.51737,-90975161.54
426,95927696.42,39157.72884,426,425,23515,2,35,15,W,39157.72313,-95927667.68
427,92631550.02,38493.57484,427,426,23514,2,35,14,W,38493.569,-92631521.99
428,92118562.37,38368.39922,428,427,23513,2,35,13,W,38368.3935,-92118534.5
429,608216.719,3623.39213,429,428,43622,4,36,22,E,3623.391487,-608216.6008
430,93059811.1,38566.11648,430,429,23512,2,35,12,W,38566.11074,-93059782.84
431,92445449.78,38434.66069,431,430,23511,2,35,11,W,38434.65476,-92445421.93
432,92006340.65,38399.6565,432,431,23510,2,35,10,W,38399.65064,-92006312.92
433,91872004.15,38236.02522,433,432,23509,2,35,9,W,38236.01928,-91871976.25
434,92204299.35,38503.68924,434,433,23508,2,35,8,W,38503.68336,-92204271.44
435,90887265.37,38146.36594,435,434,43517,4,35,17,E,38146.36007,-90887237.16
436,93323451.51,38585.2061,436,435,43518,4,35,18,E,38585.2001,-93323422.58
437,93322422.68,38761.74612,437,436,43516,4,35,16,E,38761.74047,-93322393.97
438,93540919.3,38745.56244,438,437,23507,2,35,7,W,38745.5565,-93540890.33
439,91931676.85,38246.41334,439,438,43519,4,35,19,E,38246.40747,-91931648.22
440,7474034.401,17851.00825,440,439,43522,4,35,22,E,17851.006,-7474031.972
441,89969401.43,37957.43434,441,440,43521,4,35,21,E,37957.42836,-89969373.72
442,92454726.51,38349.61573,442,441,43515,4,35,15,E,38349.60977,-92454698.06
443,90449277.07,38234.67314,443,442,43520,4,35,20,E,38234.66708,-90449249.25
444,94465390.29,38836.90817,444,443,23506,2,35,6,W,38836.90235,-94465361.15
445,92414926.62,38469.8073,445,444,43514,4,35,14,E,38469.80135,-92414898.15
446,94683914.02,38993.61613,446,445,43509,4,35,9,E,38993.61002,-94683884.81
447,93858689.15,38804.5951,447,446,43510,4,35,10,E,38804.58912,-93858660.61
448,93471456.9,38721.22057,448,447,23505,2,35,5,W,38721.21462,-93471428.82
449,91841061.55,38349.53612,449,448,43513,4,35,13,E,38349.53039,-91841033.39
450,93557757.92,38700.10815,450,449,43508,4,35,8,E,38700.10237,-93557729.34
451,95247947.81,39061.27407,451,450,43507,4,35,7,E,39061.26802,-95247918.82
452,94910978.85,39198.07096,452,451,43511,4,35,11,E,39198.06497,-94910949.21
453,93354316.44,38628.84264,453,452,23504,2,35,4,W,38628.83671,-93354287.6
454,94803852.21,38974.70005,454,453,43506,4,35,6,E,38974.69415,-94803823.33
455,93824318,38788.93167,455,454,43505,4,35,5,E,38788.92584,-93824289.24
456,92114518.36,38461.28237,456,455,43512,4,35,12,E,38461.2763,-92114490.05
457,92816940.36,38599.94697,457,456,43503,4,35,3,E,38599.94096,-92816912.39
458,94200032.47,38818.20884,458,457,43504,4,35,4,E,38818.20284,-94200003.54
459,93853125.17,38819.92743,459,458,23503,2,35,3,W,38819.92175,-93853096.28
460,94006548.16,38851.38185,460,459,23502,2,35,2,W,38851.3759,-94006519.78
461,93271160.23,38588.34394,461,460,43502,4,35,2,E,38588.33813,-93271131.77
462,104252577.6,41185.05575,462,461,43501,4,35,1,E,41185.04938,-104252545.5
463,95324784.78,38890.16621,463,462,23501,2,35,1,W,38890.16037,-95324755.32
464,7685798.635,12836.2417,464,463,23419,2,34,19,W,12836.23992,-7685796.392
465,92448600.14,38506.39049,465,464,23418,2,34,18,W,38506.38491,-92448572.18
466,92203187.31,38325.0684,466,465,23417,2,34,17,W,38325.06269,-92203159.47
467,72486031.71,35398.9892,467,466,43430,4,34,30,E,35398.9838,-72486009.14
468,93293249.15,38542.25969,468,467,23416,2,34,16,W,38542.25358,-93293221.24
469,96929718.25,39417.48866,469,468,23415,2,34,15,W,39417.48281,-96929688.91
470,37083536.42,25301.91932,470,469,43429,4,34,29,E,25301.91544,-37083524.86
471,92424003.28,38483.4123,471,470,23414,2,34,14,W,38483.40641,-92423975.23
472,92404271.27,38430.14731,472,471,23413,2,34,13,W,38430.14149,-92404243.28
473,92994105.3,38568.72748,473,472,23412,2,34,12,W,38568.72168,-92994077.37
474,92226624.17,38496.89961,474,473,23411,2,34,11,W,38496.89362,-92226595.79
475,92288711.84,38429.90278,475,474,23410,2,34,10,W,38429.89697,-92288683.94
476,91427723.24,38225.40405,476,475,23409,2,34,9,W,38225.39841,-91427695.51
477,91961781.45,38398.32193,477,476,43417,4,34,17,E,38398.31583,-91961753.11
478,94119555.72,38730.06496,478,477,43418,4,34,18,E,38730.05901,-94119526.63
479,94745380.68,38890.35825,479,478,43416,4,34,16,E,38890.35222,-94745351.14
480,91279148.74,38285.32319,480,479,23408,2,34,8,W,38285.31756,-91279121.45
481,92106533.52,38557.14514,481,480,43419,4,34,19,E,38557.13924,-92106505.02
482,92277984.3,38428.04148,482,481,43415,4,34,15,E,38428.03537,-92277955.64
483,57660889.14,34608.72541,483,482,43421,4,34,21,E,34608.72003,-57660871.17
484,93083178.22,38584.73299,484,483,43414,4,34,14,E,38584.72721,-93083149.82
485,93752564.84,38597.77168,485,484,23407,2,34,7,W,38597.76576,-93752535.65
486,94673052.43,39080.75575,486,485,43409,4,34,9,E,39080.74979,-94673023.6
487,91417808.41,38240.12987,487,486,43420,4,34,20,E,38240.12399,-91417780.01
488,97015796.9,39444.75323,488,487,43410,4,34,10,E,39444.74718,-97015766.87
489,97461382.31,39410.90323,489,488,43411,4,34,11,E,39410.89724,-97461352.17
490,92591794.22,38594.9513,490,489,43413,4,34,13,E,38594.94553,-92591765.75
491,94130155.65,38724.19948,491,490,23406,2,34,6,W,38724.19352,-94130126.64
492,92945414.95,38678.72316,492,491,23405,2,34,5,W,38678.71703,-92945386.77
493,92579287.55,38513.26963,493,492,43412,4,34,12,E,38513.26378,-92579258.85
494,92439844.93,38391.86449,494,493,23404,2,34,4,W,38391.85854,-92439816.11
495,92908264.19,38592.48069,495,494,43408,4,34,8,E,38592.47499,-92908235.78
496,93048878.61,38441.51331,496,495,43404,4,34,4,E,38441.50743,-93048850.32
497,93380005.84,38590.87539,497,496,43407,4,34,7,E,38590.86941,-93379976.72
498,92076180.67,38405.74113,498,497,43405,4,34,5,E,38405.73518,-92076152.34
499,92306093.2,38491.64159,499,498,43402,4,34,2,E,38491.63564,-92306064.82
500,91883105.6,38528.43989,500,499,43403,4,34,3,E,38528.43399,-91883077.08
501,92370599.45,38485.27126,501,500,43406,4,34,6,E,38485.26544,-92370571.44
502,105269666.9,41146.35946,503,502,43401,4,34,1,E,41146.3531,-105269634.5
503,92598570.86,38505.56991,504,503,23402,2,34,2,W,38505.56383,-92598542.67
504,93137669.8,38594.34234,505,504,23401,2,34,1,W,38594.3364,-93137641.34
505,7704804.683,12774.43167,506,505,23419,2,34,19,W,12774.42958,-7704802.256
506,39565922.81,32407.91973,507,506,43330,4,33,30,E,32407.91492,-39565910.27
507,53294824.42,38277.60274,508,507,43329,4,33,29,E,38277.59664,-53294807.66
508,51307304.6,35030.34015,509,508,23319,2,33,19,W,35030.33466,-51307289.08
509,92328650.75,38457.37693,510,509,23318,2,33,18,W,38457.37119,-92328622.57
510,5700503.763,10805.78936,511,510,43423,4,34,23,E,10805.78767,-5700501.947
511,5444011.493,10812.70865,512,511,43422,4,34,22,E,10812.70699,-5444009.763
512,90912530.38,38209.57779,513,512,23317,2,33,17,W,38209.57208,-90912503.19
513,91645194.2,38269.62426,514,513,23316,2,33,16,W,38269.61851,-91645166.28
514,95996411.7,39250.53168,515,514,23315,2,33,15,W,39250.5258,-95996382.32
515,92244055.74,38382.48536,516,515,23314,2,33,14,W,38382.47933,-92244028.36
516,91517947.35,38254.3812,517,516,23313,2,33,13,W,38254.3755,-91517919.5
517,91876797.69,38307.62096,518,517,23312,2,33,12,W,38307.61521,-91876769.55
518,92463580.74,38408.22439,519,518,23311,2,33,11,W,38408.21864,-92463553.1
519,93013778.76,38553.02336,520,519,23310,2,33,10,W,38553.01754,-93013750.18
520,92785110.4,38402.54733,521,520,23309,2,33,9,W,38402.54141,-92785081.48
521,95232740.54,38988.78527,522,521,43316,4,33,16,E,38988.77937,-95232711.07
522,92229757.34,38574.66989,523,522,43317,4,33,17,E,38574.66385,-92229728.91
523,91499507.94,38231.26786,524,523,23308,2,33,8,W,38231.26189,-91499480.58
524,92596267.14,38583.6533,525,524,43318,4,33,18,E,38583.64737,-92596238.49
525,93828785.28,38776.99366,526,525,43315,4,33,15,E,38776.9875,-93828756.17
526,83009980.41,38073.65665,527,526,43322,4,33,22,E,38073.65076,-83009954.57
527,94055356.53,38838.8691,528,527,43319,4,33,19,E,38838.86294,-94055327.35
528,10425.91412,775.0233267,529,528,43421,4,34,21,E,775.0233593,-10425.90778
529,93847052.48,38817.13454,530,529,43314,4,33,14,E,38817.12858,-93847023.47
530,19988722.01,22623.49976,531,530,43323,4,33,23,E,22623.4964,-19988715.96
531,84198420.72,44554.50145,532,531,43321,4,33,21,E,44554.49447,-84198394.61
532,93181900.5,38579.53379,533,532,43320,4,33,20,E,38579.52753,-93181871.15
533,92105937.47,38509.67456,534,533,23307,2,33,7,W,38509.66854,-92105909.66
534,93620678.73,38741.88228,535,534,43313,4,33,13,E,38741.87622,-93620649.72
535,93684740.41,38789.78457,536,535,23306,2,33,6,W,38789.77856,-93684711.53
536,94190936.08,38764.29208,537,536,23305,2,33,5,W,38764.28632,-94190907.91
537,96556617.7,39506.27874,538,537,43311,4,33,11,E,39506.27278,-96556588.45
538,93759179.16,38764.23745,539,538,43312,4,33,12,E,38764.23147,-93759150.18
539,92801208.13,38527.48775,540,539,23304,2,33,4,W,38527.48189,-92801179.09
540,94170680.43,38832.57999,541,540,43309,4,33,9,E,38832.57396,-94170651.33
541,93242636.47,38619.21125,542,541,43303,4,33,3,E,38619.20524,-93242607.53
542,94950813.64,38774.43189,543,542,43310,4,33,10,E,38774.4258,-94950784.13
543,94811537.22,38912.24284,544,543,43304,4,33,4,E,38912.23685,-94811508.39
544,93968703.68,38729.8866,545,544,43308,4,33,8,E,38729.8805,-93968674.64
545,92575386.21,38581.51465,546,545,43302,4,33,2,E,38581.50887,-92575357.64
546,93304488.16,38613.99375,547,546,43305,4,33,5,E,38613.98773,-93304459.14
547,93558143.19,38743.82567,548,547,43306,4,33,6,E,38743.81983,-93558114.64
548,93402202.64,38682.95048,549,548,43307,4,33,7,E,38682.94446,-93402173.89
549,106583249.1,41277.01661,550,549,43301,4,33,1,E,41277.01053,-106583216.7
550,92945176.32,38535.67956,551,550,23303,2,33,3,W,38535.67344,-92945147.32
551,92608468.39,38531.35167,552,551,23302,2,33,2,W,38531.34571,-92608439.55
552,93137949.08,38604.19628,553,552,23301,2,33,1,W,38604.19047,-93137921.34
553,5293047.765,9828.806137,554,553,43328,4,33,28,E,9828.804765,-5293046.139
554,59451141.63,38716.4994,555,554,43229,4,32,29,E,38716.49318,-59451123
555,91409073.62,38247.40665,556,555,23219,2,32,19,W,38247.40087,-91409045.98
556,83161753.24,39211.86689,557,556,43228,4,32,28,E,39211.86073,-83161727.23
557,90917042.71,38185.9905,558,557,23218,2,32,18,W,38185.98494,-90917014.98
558,92524467.29,38418.61674,559,558,23217,2,32,17,W,38418.61072,-92524439.49
559,92375420.19,38494.54539,560,559,23216,2,32,16,W,38494.5394,-92375391.89
560,96588293.56,39244.43843,561,560,23215,2,32,15,W,39244.43244,-96588264.62
561,91889526.32,38400.13116,562,561,23214,2,32,14,W,38400.12541,-91889497.72
562,91502628.82,38353.86411,563,562,23213,2,32,13,W,38353.85833,-91502601.28
563,91586932.02,38268.38243,564,563,23212,2,32,12,W,38268.37658,-91586904.1
564,91348567.05,38272.97268,565,564,23211,2,32,11,W,38272.96672,-91348538.81
565,91877556.12,38387.33783,566,565,23210,2,32,10,W,38387.33204,-91877528.42
566,91870484.92,38389.15987,567,566,23209,2,32,9,W,38389.15399,-91870457.13
567,93860803.44,38549.86498,568,567,43218,4,32,18,E,38549.859,-93860774.1
568,92322281.41,38427.7604,569,568,23208,2,32,8,W,38427.75444,-92322252.46
569,93381836.1,38728.10193,570,569,43217,4,32,17,E,38728.09574,-93381807.03
570,92973779.99,38549.33592,571,570,43216,4,32,16,E,38549.33003,-92973750.8
571,92157754.9,38429.2339,572,571,43219,4,32,19,E,38429.22789,-92157726.13
572,93593960.98,38715.94008,573,572,43215,4,32,15,E,38715.93407,-93593931.92
573,92815267.83,38591.10027,574,573,23207,2,32,7,W,38591.0945,-92815239.03
574,74139433.62,36898.16178,575,574,43222,4,32,22,E,36898.15591,-74139410.33
575,93535819.13,38663.51335,576,575,43214,4,32,14,E,38663.50741,-93535790.09
576,90950128.84,38120.68461,577,576,43221,4,32,21,E,38120.67871,-90950100.52
577,89212304.25,37845.95918,578,577,43220,4,32,20,E,37845.95339,-89212276.54
578,93590276.3,38679.04514,579,578,23206,2,32,6,W,38679.03925,-93590248.29
579,94081591.99,38740.94565,580,579,43213,4,32,13,E,38740.93968,-94081562.9
580,97753869.14,39597.79617,581,580,43211,4,32,11,E,39597.79018,-97753838.57
581,92910235.64,38625.36533,582,581,23205,2,32,5,W,38625.35973,-92910208.68
582,93950482.88,38732.76338,583,582,43212,4,32,12,E,38732.75734,-93950453.86
583,65063426.15,32802.81497,584,583,43227,4,32,27,E,32802.80986,-65063405.75
584,96527997.54,39053.71942,585,584,43210,4,32,10,E,39053.71337,-96527967.54
585,92388018.18,38506.03412,586,585,23204,2,32,4,W,38506.0284,-92387990.26
586,93642522.18,38828.7413,587,586,43202,4,32,2,E,38828.73542,-93642493.39
587,92549294.24,38597.28017,588,587,43203,4,32,3,E,38597.27418,-92549265.8
588,95488806.37,39089.13331,589,588,43204,4,32,4,E,39089.12727,-95488776.98
589,105842800.6,41440.04367,590,589,43201,4,32,1,E,41440.03738,-105842768.2
590,93935286.09,38792.30798,591,590,43208,4,32,8,E,38792.30204,-93935257
591,94131403.02,38774.0682,592,591,43207,4,32,7,E,38774.06219,-94131373.72
592,92801668.66,38588.82016,593,592,43209,4,32,9,E,38588.81437,-92801640.01
593,95025286.35,38953.18994,594,593,43206,4,32,6,E,38953.18386,-95025256.95
594,92372261.99,38430.89748,595,594,23203,2,32,3,W,38430.89168,-92372234.19
595,93814012.52,38740.15552,596,595,43205,4,32,5,E,38740.14958,-93813983.74
596,92147740.39,38406.92868,597,596,23202,2,32,2,W,38406.92291,-92147712.5
597,93234861.69,38605.4007,598,597,23201,2,32,1,W,38605.39483,-93234833.32
598,47845004.06,32728.82277,599,598,43226,4,32,26,E,32728.81778,-47844989.18
599,90361499.59,38582.78109,600,599,23119,2,31,19,W,38582.77517,-90361471.94
600,2436346.144,6250.365985,601,600,43225,4,32,25,E,6250.365035,-2436345.405
601,93979777.38,38685.60679,602,601,23118,2,31,18,W,38685.60102,-93979748.88
602,95091500.74,39009.71136,603,602,43128,4,31,28,E,39009.70512,-95091470.76
603,93427923.42,38697.5767,604,603,23117,2,31,17,W,38697.57072,-93427894.97
604,93945988.74,38716.94918,605,604,43127,4,31,27,E,38716.94313,-93945959.18
605,93951452.39,38758.44627,606,605,23116,2,31,16,W,38758.44029,-93951423.81
606,96320474.59,39256.03262,607,606,23115,2,31,15,W,39256.02669,-96320444.93
607,93935938.91,38773.02163,608,607,43126,4,31,26,E,38773.01569,-93935909.27
608,93981034.56,38788.67392,609,608,23114,2,31,14,W,38788.6679,-93981005.98
609,23376260.9,25474.79982,610,609,43125,4,31,25,E,25474.79566,-23376253.5
610,93504393.47,38654.82188,611,610,23113,2,31,13,W,38654.81593,-93504364.9
611,93210232.84,38633.34261,612,611,23112,2,31,12,W,38633.33664,-93210204.12
612,93846211.97,38690.17728,613,612,23111,2,31,11,W,38690.17124,-93846183.8
613,93143366.95,38631.12689,614,613,23110,2,31,10,W,38631.12103,-93143338.19
614,92840633.08,38516.05827,615,614,23109,2,31,9,W,38516.05237,-92840604.66
615,91587001.82,38290.56459,616,615,23108,2,31,8,W,38290.55865,-91586973.74
616,94390686.64,38667.63542,617,616,43121,4,31,21,E,38667.62947,-94390657.23
617,81910441.44,36876.93381,618,617,43122,4,31,22,E,36876.9282,-81910415.53
618,95557597.73,38971.39142,619,618,43117,4,31,17,E,38971.38531,-95557567.96
619,93449962.47,38662.30592,620,619,43118,4,31,18,E,38662.29989,-93449933.55
620,92424738.41,38481.19258,621,620,43116,4,31,16,E,38481.18662,-92424709.8
621,90813883.97,38139.49941,622,621,43120,4,31,20,E,38139.49373,-90813855.54
622,94700703.69,38836.84385,623,622,43115,4,31,15,E,38836.83774,-94700674.37
623,94273213.48,38865.49733,624,623,43114,4,31,14,E,38865.49117,-94273184.24
624,92911286.58,38545.64076,625,624,43119,4,31,19,E,38545.63486,-92911257.73
625,92133207.78,38413.01021,626,625,23107,2,31,7,W,38413.00431,-92133178.99
626,92851680.9,38556.13777,627,626,23106,2,31,6,W,38556.13192,-92851652.72
627,93692614.23,38720.9625,628,627,43113,4,31,13,E,38720.95663,-93692584.77
628,92808671.54,38510.11937,629,628,23105,2,31,5,W,38510.11352,-92808643.1
629,92987476.18,38583.70692,630,629,43112,4,31,12,E,38583.70101,-92987447.34
630,92772668.25,38529.78804,631,630,23104,2,31,4,W,38529.78204,-92772639.13
631,94499310.86,38606.097,632,631,43102,4,31,2,E,38606.091,-94499281.55
632,95615272.4,39075.05538,633,632,43111,4,31,11,E,39075.04924,-95615242.64
633,94047657.42,38842.99993,634,633,43103,4,31,3,E,38842.99381,-94047628.39
634,93034111.06,38538.43015,635,634,23103,2,31,3,W,38538.42411,-93034082.16
635,95210791.09,38967.62126,636,635,43104,4,31,4,E,38967.61527,-95210761.67
636,92582644.48,38641.9082,637,636,43110,4,31,10,E,38641.90204,-92582615.63
637,93637809.54,38714.3353,638,637,43108,4,31,8,E,38714.32924,-93637780.52
638,106641056.6,41471.02822,639,638,43101,4,31,1,E,41471.02184,-106641024.1
639,91451558.3,38343.75327,640,639,43109,4,31,9,E,38343.74743,-91451530.35
640,92611936.76,38500.56081,641,640,23102,2,31,2,W,38500.55483,-92611907.96
641,93670238.43,38728.80356,642,641,43107,4,31,7,E,38728.79765,-93670209.25
642,93863405.91,38775.55462,643,642,43106,4,31,6,E,38775.54859,-93863377.02
643,93499956.42,38695.59686,644,643,43105,4,31,5,E,38695.59096,-93499927.38
644,92450354.31,38543.05042,645,644,23101,2,31,1,W,38543.0444,-92450325.37
645,9640466.078,16398.80793,646,645,43123,4,31,23,E,16398.80552,-9640463.143
646,46002463.27,32281.43602,647,646,23020,2,30,20,W,32281.43105,-46002449.01
647,92959106.13,38554.11088,648,647,23019,2,30,19,W,38554.10483,-92959077.87
648,93444250.82,38672.98664,649,648,23018,2,30,18,W,38672.98068,-93444222.49
649,70039703.04,38587.98345,650,649,43028,4,30,28,E,38587.97723,-70039680.92
650,92266724.67,38421.65583,651,650,23017,2,30,17,W,38421.64991,-92266696.4
651,94197153.76,38835.83592,652,651,43027,4,30,27,E,38835.82997,-94197124.31
652,90608402.78,38103.47617,653,652,23016,2,30,16,W,38103.47028,-90608375.12
653,93635115.52,38768.14662,654,653,43026,4,30,26,E,38768.14046,-93635086.07
654,95426630.31,39093.45951,655,654,23015,2,30,15,W,39093.45344,-95426601.45
655,95293261.89,39046.17363,656,655,23014,2,30,14,W,39046.16768,-95293232.68
656,82486298.78,37970.12457,657,656,43025,4,30,25,E,37970.1185,-82486272.75
657,95092297.91,38980.69902,658,657,23013,2,30,13,W,38980.69308,-95092268.66
658,95957424.83,39255.93716,659,658,23012,2,30,12,W,39255.93097,-95957395.37
659,96586726.21,39333.62718,660,659,23011,2,30,11,W,39333.62111,-96586696.32
660,96219234.75,39241.53671,661,660,23010,2,30,10,W,39241.53087,-96219205.97
661,80270016.96,37149.11745,662,661,43024,4,30,24,E,37149.11152,-80269991.82
662,90085078.01,38350.58234,663,662,43023,4,30,23,E,38350.57628,-90085049.86
663,95311278.35,39042.01998,664,663,23009,2,30,9,W,39042.01375,-95311248.59
664,93585321.33,38685.8224,665,664,23008,2,30,8,W,38685.81641,-93585291.98
665,93817077.28,38702.32031,666,665,43022,4,30,22,E,38702.31415,-93817047.78
666,94127808.91,38820.03312,667,666,23007,2,30,7,W,38820.02731,-94127780.85
667,92476770.05,38460.16965,668,667,43017,4,30,17,E,38460.1634,-92476741.11
668,95395834.42,39079.8486,669,668,43016,4,30,16,E,39079.8426,-95395804.51
669,92961323.66,38616.21912,670,669,43021,4,30,21,E,38616.21315,-92961294.58
670,92506352.62,38454.23407,671,670,43018,4,30,18,E,38454.22808,-92506323.69
671,92125358.6,38409.25598,672,671,43019,4,30,19,E,38409.25002,-92125329.67
672,88530098.4,37626.39246,673,672,43020,4,30,20,E,37626.38666,-88530070.59
673,95995392.7,39184.48117,674,673,43015,4,30,15,E,39184.47498,-95995362.87
674,93774528.24,38743.65649,675,674,23006,2,30,6,W,38743.65064,-93774499.19
675,94449747.56,38926.65201,676,675,43014,4,30,14,E,38926.64604,-94449717.99
676,93638184.51,38806.1478,677,676,23005,2,30,5,W,38806.14168,-93638155.35
677,94679150.54,38959.96961,678,677,43013,4,30,13,E,38959.96364,-94679120.91
678,94826322.9,38897.74379,679,678,23004,2,30,4,W,38897.73785,-94826293.77
679,93440896.04,38740.44529,680,679,43012,4,30,12,E,38740.43929,-93440867.01
680,93075880.64,38575.78847,681,680,23003,2,30,3,W,38575.78254,-93075852.68
681,91096112.55,38212.04191,682,681,43001,4,30,1,E,38212.03601,-91096084.65
682,89138763.03,37753.85453,683,682,43002,4,30,2,E,37753.84883,-89138734.97
683,94632709.21,38890.51628,684,683,43011,4,30,11,E,38890.51022,-94632679.64
684,94986888.84,38950.84814,685,684,43010,4,30,10,E,38950.84218,-94986859.19
685,92991761.3,38592.89932,686,685,23002,2,30,2,W,38592.8933,-92991732.28
686,90147946.93,38009.91103,687,686,43003,4,30,3,E,38009.90528,-90147919.45
687,112467415.7,42583.45909,688,687,43009,4,30,9,E,42583.45235,-112467380.9
688,90481542.4,38029.94191,689,688,43008,4,30,8,E,38029.93611,-90481514.18
689,89016690.53,37773.40148,690,689,43007,4,30,7,E,37773.39549,-89016663.12
690,87443048.08,37444.79197,691,690,43004,4,30,4,E,37444.78599,-87443020.99
691,89809595.48,37927.70585,692,691,43006,4,30,6,E,37927.70011,-89809567.75
692,91381060.88,38226.04594,693,692,43005,4,30,5,E,38226.04009,-91381032.36
693,94016146.62,38769.61536,694,693,23001,2,30,1,W,38769.60926,-94016117.44
694,28219123.4,25681.81194,695,694,22920,2,29,20,W,25681.80823,-28219114.82
695,92642235.88,38492.81147,696,695,22919,2,29,19,W,38492.80534,-92642207.55
696,92645421.84,38533.3655,697,696,22918,2,29,18,W,38533.35952,-92645393.61
697,92404201.82,38458.36817,698,697,22917,2,29,17,W,38458.36237,-92404173.41
698,5084730.893,9501.959333,699,698,42928,4,29,28,E,9501.957657,-5084729.311
699,87784032.87,39189.16189,700,699,42927,4,29,27,E,39189.15581,-87784005.16
700,89531764.53,37858.70262,701,700,22916,2,29,16,W,37858.69694,-89531736.99
701,95608516.94,39040.07943,702,701,42926,4,29,26,E,39040.07302,-95608486.78
702,93279913.39,38587.22105,703,702,22915,2,29,15,W,38587.21509,-93279884.63
703,90481215.5,38049.49935,704,703,42925,4,29,25,E,38049.49334,-90481186.96
704,91806199.45,38381.78745,705,704,22914,2,29,14,W,38381.78153,-91806171.39
705,84865708.09,37146.54796,706,705,42924,4,29,24,E,37146.54202,-84865681.31
706,91581176.27,38236.54047,707,706,22913,2,29,13,W,38236.53453,-91581148.01
707,92388299.08,38444.23885,708,707,22912,2,29,12,W,38444.23297,-92388270.71
708,95048763.05,38921.31082,709,708,42923,4,29,23,E,38921.30474,-95048733.4
709,92791327.99,38541.61682,710,709,22911,2,29,11,W,38541.61099,-92791299.75
710,92818850.79,38535.102,711,710,22910,2,29,10,W,38535.09616,-92818822.04
711,89340484.74,37815.7849,712,711,42922,4,29,22,E,37815.77895,-89340456.57
712,92224741.36,38387.69155,713,712,22909,2,29,9,W,38387.68558,-92224712.94
713,94580685.53,38882.98727,714,713,42916,4,29,16,E,38882.98146,-94580655.93
714,92395027.28,38475.77046,715,714,42917,4,29,17,E,38475.7644,-92394998.21
715,91964282.48,38329.47554,716,715,22908,2,29,8,W,38329.46979,-91964254.7
716,92466061.14,38451.53078,717,716,42918,4,29,18,E,38451.52489,-92466032.15
717,92396880.12,38443.77873,718,717,42919,4,29,19,E,38443.77288,-92396851.23
718,90264845.81,38030.66597,719,718,42921,4,29,21,E,38030.66015,-90264817.4
719,783209.8057,18720.15152,720,719,42999,4,29,99,E,18720.14873,-783209.4902
720,88444247.98,37672.55281,721,720,42920,4,29,20,E,37672.5469,-88444220.32
721,94656871.63,39041.87769,722,721,42915,4,29,15,E,39041.87161,-94656842.05
722,91393736.25,38370.66808,723,722,22907,2,29,7,W,38370.66204,-91393707.36
723,91963544.22,38341.89772,724,723,22906,2,29,6,W,38341.89167,-91963515.56
724,93655843.39,38694.12643,725,724,42914,4,29,14,E,38694.12039,-93655814.22
725,92798135.73,38509.66677,726,725,22905,2,29,5,W,38509.66075,-92798106.81
726,92828637.2,38471.30414,727,726,42913,4,29,13,E,38471.29821,-92828608.12
727,93157933.9,38616.62396,728,727,22904,2,29,4,W,38616.61806,-93157904.8
728,92487058.59,38457.37333,729,728,22903,2,29,3,W,38457.36745,-92487030.86
729,90505757.65,38069.14638,730,729,42901,4,29,1,E,38069.14035,-90505728.96
730,90865654.65,38133.64237,731,730,42902,4,29,2,E,38133.63656,-90865626.9
731,91642840.25,38278.30734,732,731,42903,4,29,3,E,38278.30151,-91642811.84
732,91223908.63,38148.29801,733,732,42912,4,29,12,E,38148.29196,-91223880.13
733,90033404.35,37937.58638,734,733,42908,4,29,8,E,37937.58045,-90033376.46
734,110966850.8,42263.37609,735,734,42909,4,29,9,E,42263.36946,-110966816.4
735,92711091.03,38507.59114,736,735,22902,2,29,2,W,38507.58531,-92711062.14
736,89210535.17,37754.21072,737,736,42904,4,29,4,E,37754.20487,-89210507.45
737,91702206.14,38352.36561,738,737,42911,4,29,11,E,38352.35949,-91702177.41
738,92629349.8,38542.05968,739,738,42905,4,29,5,E,38542.05371,-92629321.37
739,90977825.38,38155.10876,740,739,42906,4,29,6,E,38155.10283,-90977796.78
740,89591533.12,37924.86406,741,740,42907,4,29,7,E,37924.85807,-89591504.89
741,93436120.54,38702.06258,742,741,22901,2,29,1,W,38702.05671,-93436091.57
742,93301312.29,38604.59758,743,742,42910,4,29,10,E,38604.59154,-93301283.12
743,23500354.15,25792.46089,744,743,22820,2,28,20,W,25792.45716,-23500347.23
744,92702631.47,38524.30918,745,744,22819,2,28,19,W,38524.30321,-92702602.98
745,93101775.71,38584.34575,746,745,22818,2,28,18,W,38584.33993,-93101747.03
746,92951750.34,38558.28041,747,746,22817,2,28,17,W,38558.27455,-92951721.86
747,89061340.85,37780.70919,748,747,22816,2,28,16,W,37780.70356,-89061313.53
748,64404843.6,38624.63463,749,748,42827,4,28,27,E,38624.62889,-64404823.48
749,95072241.65,38980.76103,750,749,42826,4,28,26,E,38980.75488,-95072211.65
750,93079685.38,38592.2294,751,750,22815,2,28,15,W,38592.22366,-93079656.76
751,92398133.74,38547.47962,752,751,42825,4,28,25,E,38547.47353,-92398104.48
752,92513443.3,38473.69024,753,752,22814,2,28,14,W,38473.68449,-92513414.84
753,88884115.53,37786.41724,754,753,42824,4,28,24,E,37786.41123,-88884087.4
754,91498681.55,38279.38424,755,754,22813,2,28,13,W,38279.37833,-91498653.76
755,98242143.09,39679.48881,756,755,42823,4,28,23,E,39679.48251,-98242111.88
756,92467910.68,38481.45669,757,756,22812,2,28,12,W,38481.45078,-92467881.98
757,93282051.84,38603.71092,758,757,22811,2,28,11,W,38603.70492,-93282023
758,90907596.16,38082.48997,759,758,42822,4,28,22,E,38082.48376,-90907567.54
759,93039826.09,38598.91793,760,759,22810,2,28,10,W,38598.91202,-93039797.09
760,91810235.1,38496.88585,761,760,42821,4,28,21,E,38496.87966,-91810206.05
761,92510181.52,38517.64465,762,761,22809,2,28,9,W,38517.63891,-92510153.24
762,91082986.49,38067.31923,763,762,42820,4,28,20,E,38067.31309,-91082957.69
763,94319859.96,38849.2483,764,763,42816,4,28,16,E,38849.24225,-94319830.37
764,92293723.95,38415.33196,765,764,42817,4,28,17,E,38415.32606,-92293694.82
765,92522009.35,38458.02295,766,765,22808,2,28,8,W,38458.01714,-92521980.93
766,92423194.09,38427.20017,767,766,42818,4,28,18,E,38427.19404,-92423164.87
767,92179432.7,38402.95511,768,767,42819,4,28,19,E,38402.94911,-92179403.82
768,92747694.73,38508.60051,769,768,22807,2,28,7,W,38508.5946,-92747665.87
769,94326648.1,38915.86103,770,769,42815,4,28,15,E,38915.855,-94326618.55
770,92804661.13,38541.7444,771,770,22806,2,28,6,W,38541.73832,-92804632.25
771,94193311.38,38719.7912,772,771,42814,4,28,14,E,38719.7851,-94193281.87
772,92922348.98,38556.23886,773,772,22805,2,28,5,W,38556.23274,-92922319.98
773,93522465.14,38693.47043,774,773,42813,4,28,13,E,38693.46431,-93522435.79
774,93309257.86,38606.77173,775,774,22804,2,28,4,W,38606.76581,-93309229
775,92994655.6,38588.91746,776,775,22803,2,28,3,W,38588.91157,-92994627.54
776,92360827.68,38475.42345,777,776,42812,4,28,12,E,38475.41743,-92360798.78
777,92672711.22,38459.62938,778,777,42811,4,28,11,E,38459.62328,-92672682.01
778,90042188.12,37971.58372,779,778,42808,4,28,8,E,37971.57762,-90042160.09
779,109306832.6,42153.0903,780,779,42809,4,28,9,E,42153.08391,-109306798.5
780,92980016.04,38574.59058,781,780,22802,2,28,2,W,38574.58444,-92979987.23
781,89392668.26,37911.10214,782,781,42802,4,28,2,E,37911.0963,-89392640.81
782,89984531.98,37954.18421,783,782,42801,4,28,1,E,37954.17819,-89984503.58
783,91009361.65,38115.38222,784,783,42803,4,28,3,E,38115.37602,-91009333.07
784,89357344.66,37825.10844,785,784,42807,4,28,7,E,37825.10263,-89357316.79
785,93528671.95,38672.29847,786,785,42810,4,28,10,E,38672.29251,-93528642.83
786,93971809.56,38755.26067,787,786,22801,2,28,1,W,38755.25471,-93971780.43
787,86259954.82,37348.4563,788,787,42804,4,28,4,E,37348.45049,-86259927.81
788,88906967.45,37715.99363,789,788,42806,4,28,6,E,37715.98776,-88906939.97
789,89767410.9,37900.21185,790,789,42805,4,28,5,E,37900.20592,-89767382.77
790,36014291.59,28706.77971,791,790,22720,2,27,20,W,28706.77556,-36014280.4
791,92525823.14,38469.9608,792,791,22719,2,27,19,W,38469.95501,-92525794.7
792,93098115.56,38630.52166,793,792,22718,2,27,18,W,38630.51561,-93098087.02
793,92850994.77,38537.42488,794,793,22717,2,27,17,W,38537.41876,-92850966.21
794,89219181.56,37862.78408,795,794,22716,2,27,16,W,37862.77841,-89219154.18
795,2665908.299,6531.62933,796,795,42727,4,27,27,E,6531.628336,-2665907.469
796,83844450.2,38892.90553,797,796,42726,4,27,26,E,38892.89934,-83844423.73
797,92011826.22,38338.54347,798,797,22715,2,27,15,W,38338.53759,-92011797.76
798,93629806.4,38636.55283,799,798,42725,4,27,25,E,38636.54677,-93629776.78
799,92248785.01,38402.85782,800,799,22714,2,27,14,W,38402.8518,-92248756.58
800,92024391.45,38329.68265,801,800,42724,4,27,24,E,38329.67646,-92024362.48
801,91635308.21,38283.87671,802,801,22713,2,27,13,W,38283.87085,-91635279.84
802,93221688.21,38690.93557,803,802,42723,4,27,23,E,38690.92937,-93221658.73
803,92435347.64,38446.42646,804,803,22712,2,27,12,W,38446.42053,-92435318.93
804,89064139.09,37817.12461,805,804,42722,4,27,22,E,37817.11882,-89064110.83
805,92013325.77,38382.67899,806,805,22711,2,27,11,W,38382.67313,-92013297.61
806,92659470.98,38468.19141,807,806,42721,4,27,21,E,38468.18541,-92659441.64
807,91639352.82,38348.14528,808,807,22710,2,27,10,W,38348.13911,-91639324.5
808,91965552.57,38383.05907,809,808,22709,2,27,9,W,38383.05313,-91965524.09
809,90473940.32,38117.67822,810,809,42720,4,27,20,E,38117.67219,-90473911.85
810,90280056.45,38090.00463,811,810,42718,4,27,18,E,38089.99848,-90280027.84
811,92097597.36,38359.2359,812,811,42719,4,27,19,E,38359.22989,-92097568.29
812,94389909.02,38835.55448,813,812,42717,4,27,17,E,38835.54826,-94389879.27
813,91576459.01,38274.44474,814,813,22708,2,27,8,W,38274.43874,-91576430.79
814,95281104.36,39102.84625,815,814,42716,4,27,16,E,39102.83988,-95281074.3
815,98364314.13,39616.24076,816,815,42715,4,27,15,E,39616.23453,-98364283.14
816,90549309.61,38129.78478,817,816,22707,2,27,7,W,38129.77886,-90549281.01
817,94850514.05,38972.10674,818,817,42714,4,27,14,E,38972.10058,-94850484.18
818,91969400.52,38333.01206,819,818,22706,2,27,6,W,38333.00619,-91969371.87
819,92912862.27,38627.01837,820,819,22705,2,27,5,W,38627.01233,-92912833.27
820,94907178.45,39026.34089,821,820,42713,4,27,13,E,39026.33455,-94907148.38
821,92816853.76,38478.12044,822,821,22704,2,27,4,W,38478.1145,-92816824.95
822,93553798.5,38655.49162,823,822,42712,4,27,12,E,38655.4855,-93553769.35
823,92268141.95,38385.30412,824,823,22703,2,27,3,W,38385.29838,-92268114.23
824,90194887.54,37970.91603,825,824,42702,4,27,2,E,37970.91006,-90194859.48
825,92844213.96,38619.17192,826,825,42711,4,27,11,E,38619.1658,-92844184.85
826,89373846.98,37822.9649,827,826,42708,4,27,8,E,37822.95908,-89373818.92
827,90758776.48,38068.53818,828,827,42701,4,27,1,E,38068.53209,-90758747.95
828,109709817.9,41990.71817,829,828,42709,4,27,9,E,41990.71159,-109709783.7
829,92614154.98,38486.75701,830,829,22702,2,27,2,W,38486.75102,-92614126.08
830,90200096.67,37960.17894,831,830,42707,4,27,7,E,37960.17292,-90200068.6
831,93429743.5,38651.45523,832,831,42710,4,27,10,E,38651.44919,-93429714.05
832,91117993.75,38141.98466,833,832,42703,4,27,3,E,38141.97874,-91117965.51
833,87660574.47,37478.07715,834,833,42704,4,27,4,E,37478.07131,-87660547.09
834,90201552.18,37986.74994,835,834,42705,4,27,5,E,37986.74417,-90201524.01
835,93715588.42,38749.00763,836,835,22701,2,27,1,W,38749.00158,-93715559.04
836,89456836,37808.93027,837,836,42706,4,27,6,E,37808.92424,-89456807.82
837,29400013.79,23614.98345,838,837,22620,2,26,20,W,23614.97978,-29400004.64
838,87352435.48,36693.35374,839,838,22619,2,26,19,W,36693.34808,-87352408.45
839,93561190.84,38686.34836,840,839,22618,2,26,18,W,38686.34234,-93561161.91
840,92925383.85,38580.61709,841,840,22617,2,26,17,W,38580.61098,-92925355.24
841,90731996.76,38119.46382,842,841,22616,2,26,16,W,38119.45781,-90731968.31
842,47507729,32508.99786,843,842,42626,4,26,26,E,32508.99273,-47507713.8
843,92782250.75,38458.09839,844,843,22615,2,26,15,W,38458.09245,-92782222.17
844,93275016.79,38634.05417,845,844,42625,4,26,25,E,38634.048,-93274987.18
845,93217790.18,38689.90711,846,845,22614,2,26,14,W,38689.90104,-93217761.26
846,93366757.8,38620.30657,847,846,22613,2,26,13,W,38620.30068,-93366729.01
847,93538923.12,38659.59996,848,847,42624,4,26,24,E,38659.59394,-93538893.47
848,93000285.09,38825.04717,849,848,42623,4,26,23,E,38825.04095,-93000255.48
849,92864393.09,38600.54264,850,849,22612,2,26,12,W,38600.53662,-92864364.34
850,94978103.48,38987.74534,851,850,42622,4,26,22,E,38987.73926,-94978073.16
851,93047035.3,38570.37995,852,851,22611,2,26,11,W,38570.37393,-93047006.35
852,96166685.98,39281.86607,853,852,42621,4,26,21,E,39281.85979,-96166655.82
853,93235574.89,38611.36746,854,853,22610,2,26,10,W,38611.3614,-93235545.8
854,93376626.16,38626.06003,855,854,42620,4,26,20,E,38626.05395,-93376596.44
855,93750214.34,38723.96186,856,855,22609,2,26,9,W,38723.95598,-93750185.32
856,95673396.4,39096.44015,857,856,42618,4,26,18,E,39096.43401,-95673366.02
857,92476549.12,38660.13105,858,857,42619,4,26,19,E,38660.12492,-92476520.04
858,93866145.18,38701.05859,859,858,22608,2,26,8,W,38701.05246,-93866115.53
859,93342338.77,38625.93595,860,859,22607,2,26,7,W,38625.9298,-93342309.73
860,93599049.32,38666.18856,861,860,22606,2,26,6,W,38666.18259,-93599020.49
861,95710038.53,39197.60345,862,861,42617,4,26,17,E,39197.59739,-95710008.37
862,95600844.29,39097.13271,863,862,42616,4,26,16,E,39097.12666,-95600814.03
863,92264965.21,38419.95657,1248,1247,21603,2,16,3,W,38419.95028,-92264934.79
864,101539721.1,40245.38473,864,863,42615,4,26,15,E,40245.37843,-101539689.1
865,93987851.88,38727.95916,865,864,22605,2,26,5,W,38727.95298,-93987822.64
866,95202409.9,38989.70233,866,865,42614,4,26,14,E,38989.69641,-95202380.02
867,92426615.04,38514.79942,867,866,22604,2,26,4,W,38514.79357,-92426587.06
868,92948650.1,38517.69043,868,867,22603,2,26,3,W,38517.68438,-92948621.11
869,89911917.27,37928.45218,869,868,42608,4,26,8,E,37928.44626,-89911888.8
870,110653176.1,42318.30756,870,869,42609,4,26,9,E,42318.30106,-110653141.8
871,95942770.26,39152.39123,871,870,42613,4,26,13,E,39152.38497,-95942740.16
872,92833765.18,38562.09425,872,871,22602,2,26,2,W,38562.08804,-92833735.79
873,93517094.8,38717.21928,873,872,42612,4,26,12,E,38717.21331,-93517065.23
874,90067413.97,37944.85208,874,873,42602,4,26,2,E,37944.84603,-90067385.25
875,90176359.3,38011.26366,875,874,42607,4,26,7,E,38011.25782,-90176330.67
876,90407718.62,38062.22186,876,875,42601,4,26,1,E,38062.21611,-90407690.92
877,90621202.01,38083.1933,877,876,42603,4,26,3,E,38083.18744,-90621174.1
878,90277786.17,37981.94305,878,877,42606,4,26,6,E,37981.93704,-90277758.01
879,91096551.63,38148.53608,879,878,42605,4,26,5,E,38148.53012,-91096522.9
880,88088865.94,37580.31253,880,879,42604,4,26,4,E,37580.30657,-88088838.15
881,93988094.92,38720.32643,881,880,42611,4,26,11,E,38720.3204,-93988065.37
882,94426192.52,38866.81095,882,881,42610,4,26,10,E,38866.80494,-94426162.77
883,93331275.15,38640.55248,883,882,22601,2,26,1,W,38640.54654,-93331245.62
884,17904884.48,23904.59915,884,883,22519,2,25,19,W,23904.59553,-17904878.83
885,91032587.2,38353.59132,885,884,22518,2,25,18,W,38353.5855,-91032558.96
886,93501812.95,38666.25156,886,885,22517,2,25,17,W,38666.24552,-93501784.08
887,91582365.42,38284.56383,887,886,22516,2,25,16,W,38284.55784,-91582337.37
888,93431821.46,38671.5653,888,887,22515,2,25,15,W,38671.55958,-93431792.42
889,7725731.779,12851.55344,889,888,42526,4,25,26,E,12851.55139,-7725729.257
890,86132476.45,38689.60569,890,889,42525,4,25,25,E,38689.59896,-86132449.09
891,93427036.22,38622.52051,891,890,22514,2,25,14,W,38622.51447,-93427007.29
892,92612344.42,38625.69351,892,891,42524,4,25,24,E,38625.68738,-92612314.85
893,92799373.93,38554.07688,893,892,22513,2,25,13,W,38554.07099,-92799345.07
894,93305706.05,38440.80304,894,893,42523,4,25,23,E,38440.797,-93305676.33
895,93017023.39,38577.59567,895,894,22512,2,25,12,W,38577.58977,-93016994.47
896,93203090.72,38612.21141,896,895,22511,2,25,11,W,38612.20531,-93203061.75
897,93601315.42,38690.99187,897,896,42522,4,25,22,E,38690.98594,-93601285.78
898,94799483.09,38901.21061,898,897,42521,4,25,21,E,38901.20431,-94799452.84
899,93094554.09,38609.40828,899,898,22510,2,25,10,W,38609.40231,-93094525.31
900,92140878.16,38409.57725,900,899,42520,4,25,20,E,38409.57121,-92140849
901,93398775.82,38692.10907,901,900,22509,2,25,9,W,38692.10311,-93398746.51
902,86437668.9,37333.71266,902,901,42519,4,25,19,E,37333.70679,-86437641.29
903,93326998.23,38578.64323,903,902,22508,2,25,8,W,38578.63712,-93326969.2
904,91862371.01,38398.66514,904,903,22507,2,25,7,W,38398.65911,-91862342.6
905,93068673.22,38553.68641,905,904,22506,2,25,6,W,38553.68047,-93068644.46
906,93385663.76,38657.066,906,905,22505,2,25,5,W,38657.0599,-93385634.02
907,92541595.83,38431.62167,907,906,42516,4,25,16,E,38431.61553,-92541566.41
908,93541900.47,38759.85635,908,907,42517,4,25,17,E,38759.85004,-93541871.01
909,93000596.26,38629.40207,909,908,22504,2,25,4,W,38629.39612,-93000567.88
910,90151228.74,38025.84322,910,909,42508,4,25,8,E,38025.83713,-90151200.75
911,112437855,42489.07649,911,910,42509,4,25,9,E,42489.06971,-112437819
912,93278731.01,38647.65986,912,911,22503,2,25,3,W,38647.65404,-93278702.32
913,101444972,40361.56108,913,912,42515,4,25,15,E,40361.5548,-101444939.8
914,92659764.58,38599.6894,914,913,42518,4,25,18,E,38599.68325,-92659735.09
915,90524612.4,38068.7606,915,914,42507,4,25,7,E,38068.75472,-90524583.99
916,95757467.14,39174.09809,916,915,42514,4,25,14,E,39174.09195,-95757437.01
917,93684807.95,38748.91027,917,916,22502,2,25,2,W,38748.90399,-93684777.96
918,90202428.57,37962.21759,918,917,42502,4,25,2,E,37962.21154,-90202400.08
919,91179152.66,38221.97866,919,918,42501,4,25,1,E,38221.97272,-91179124.4
920,91128758.11,38219.49699,920,919,42503,4,25,3,E,38219.491,-91128729.16
921,96141422.54,39207.38357,921,920,42513,4,25,13,E,39207.37708,-96141392.1
922,90410642.74,38002.24549,922,921,42506,4,25,6,E,38002.23948,-90410614.33
923,88884832.63,37697.36511,923,922,42504,4,25,4,E,37697.35933,-88884805.3
924,90622986.51,38153.06537,924,923,42505,4,25,5,E,38153.05944,-90622957.9
925,93375831.48,38648.04926,925,924,22501,2,25,1,W,38648.04322,-93375802.49
926,95222882.65,39088.02427,926,925,42512,4,25,12,E,39088.01816,-95222852.73
927,96473698.55,39281.79886,927,926,42510,4,25,10,E,39281.79268,-96473667.72
928,95430750.24,39082.02565,928,927,42511,4,25,11,E,39082.01962,-95430720.33
929,93637.99786,1435.548737,929,928,22418,2,24,18,W,1435.548524,-93637.91083
930,15885051.36,18161.59759,930,929,22418,2,24,18,W,18161.59474,-15885046.63
931,41944098.72,28442.3058,931,930,22417,2,24,17,W,28442.30146,-41944085.76
932,68275008.96,36780.6335,932,931,22416,2,24,16,W,36780.62772,-68274987.85
933,92875259.61,38560.13806,933,932,22415,2,24,15,W,38560.13202,-92875230.67
934,92803886.28,38508.17111,934,933,22414,2,24,14,W,38508.16495,-92803857.23
935,49414221.8,32341.68177,935,934,42425,4,24,25,E,32341.67668,-49414205.85
936,93946199.46,38738.33604,936,935,42424,4,24,24,E,38738.32994,-93946169.52
937,92832932.79,38531.64525,937,936,22413,2,24,13,W,38531.63926,-92832904.1
938,93920363.56,38718.80651,938,937,42423,4,24,23,E,38718.80031,-93920333.57
939,92750787.5,38537.09024,939,938,22412,2,24,12,W,38537.08428,-92750758.72
940,93638616.98,38755.64225,940,939,42422,4,24,22,E,38755.63601,-93638587.11
941,92844576.83,38599.02238,941,940,22411,2,24,11,W,38599.01625,-92844547.7
942,95857870.66,39146.16297,942,941,42421,4,24,21,E,39146.15659,-95857840.09
943,94671426.9,38909.73116,943,942,42420,4,24,20,E,38909.72504,-94671396.85
944,92778033.63,38501.63019,944,943,22410,2,24,10,W,38501.62423,-92778004.82
945,92802525.2,38539.78944,945,944,22409,2,24,9,W,38539.78334,-92802496.23
946,89003899.22,37852.43269,946,945,42419,4,24,19,E,37852.42657,-89003871.02
947,92348873.89,38501.0922,947,946,22408,2,24,8,W,38501.08619,-92348844.92
948,92914526.05,38529.0545,948,947,22407,2,24,7,W,38529.04853,-92914497.2
949,93212395.37,38661.80584,949,948,22406,2,24,6,W,38661.79984,-93212366.48
950,92941848.55,38539.87727,950,949,22405,2,24,5,W,38539.87132,-92941819.46
951,90791341.55,38068.06862,951,950,42408,4,24,8,E,38068.06268,-90791312.82
952,110263735.5,42238.79967,952,951,42409,4,24,9,E,42238.79283,-110263700.9
953,92617657.1,38494.20583,953,952,22404,2,24,4,W,38494.19965,-92617627.7
954,94078313.95,38812.73553,954,953,42417,4,24,17,E,38812.72946,-94078283.89
955,96849420.36,39284.35654,955,954,42416,4,24,16,E,39284.3504,-96849389.39
956,91855942.84,38290.75785,956,955,42407,4,24,7,E,38290.75177,-91855913.9
957,91040965.34,38126.90059,957,956,42418,4,24,18,E,38126.89451,-91040936.66
958,92109451.1,38375.98903,958,957,42401,4,24,1,E,38375.98303,-92109422.4
959,89266100.68,37819.65758,959,958,42402,4,24,2,E,37819.65177,-89266073.17
960,92798217.03,38556.47618,960,959,22403,2,24,3,W,38556.47019,-92798187.1
961,94293801.7,38883.7134,961,960,42415,4,24,15,E,38883.70736,-94293771.91
962,90484024.09,38117.17086,962,961,42406,4,24,6,E,38117.16469,-90483995.46
963,91598708.7,38275.40651,963,962,42405,4,24,5,E,38275.40037,-91598679.93
964,94008286.5,38742.98218,964,963,22402,2,24,2,W,38742.9757,-94008255.53
965,89958239.98,37840.10221,965,964,42403,4,24,3,E,37840.09627,-89958211.03
966,87621322.56,37521.46337,966,965,42404,4,24,4,E,37521.45736,-87621294.8
967,93817956.91,38697.95406,967,966,22401,2,24,1,W,38697.94788,-93817927.14
968,95090381.4,39006.26497,968,967,42414,4,24,14,E,39006.25876,-95090351.07
969,93489062.47,38675.8351,969,968,42413,4,24,13,E,38675.82874,-93489032.68
970,93703798.08,38761.52884,970,969,42412,4,24,12,E,38761.52293,-93703768.4
971,93171393.07,38627.17796,971,970,42411,4,24,11,E,38627.17179,-93171363.36
972,94177788.76,38835.03837,972,971,42410,4,24,10,E,38835.03207,-94177759.16
973,13496841.96,15849.89039,973,972,22316,2,23,16,W,15849.88777,-13496837.47
974,79188573.37,35687.98178,974,973,22315,2,23,15,W,35687.9764,-79188548.91
975,92875105.8,38536.56999,975,974,22314,2,23,14,W,38536.56406,-92875076.91
976,25901794.23,25728.24272,976,975,42325,4,23,25,E,25728.23836,-25901785.96
977,94188815.19,38810.30129,977,976,42324,4,23,24,E,38810.29504,-94188785.01
978,93225762.54,38656.60062,978,977,22313,2,23,13,W,38656.59466,-93225733.61
979,93611199.27,38714.32066,979,978,42323,4,23,23,E,38714.31452,-93611169.44
980,93510755.48,38666.12931,980,979,22312,2,23,12,W,38666.12337,-93510726.26
981,94238205.02,38812.80089,981,980,42322,4,23,22,E,38812.79464,-94238174.76
982,94001911.45,38788.76268,982,981,22311,2,23,11,W,38788.75667,-94001881.92
983,93784724.01,38713.14043,983,982,22310,2,23,10,W,38713.13417,-93784694.74
984,94057822.44,38800.60072,984,983,42321,4,23,21,E,38800.5945,-94057792.42
985,92772363.35,38534.18549,985,984,42320,4,23,20,E,38534.17947,-92772333.67
986,93685573.17,38676.77424,986,985,22309,2,23,9,W,38676.7682,-93685543.64
987,93989191.54,38761.87694,987,986,22308,2,23,8,W,38761.8709,-93989162.5
988,92696655.48,38442.0121,988,987,42319,4,23,19,E,38442.00593,-92696625.77
989,93671945.48,38669.28979,989,988,22307,2,23,7,W,38669.28375,-93671916.24
990,93168465.1,38676.65436,990,989,22306,2,23,6,W,38676.64837,-93168435.76
991,92726750.03,38648.138,991,990,42318,4,23,18,E,38648.13186,-92726720.54
992,93575040.36,38704.08826,992,991,22305,2,23,5,W,38704.08209,-93575010.54
993,91489333.33,38265.02539,993,992,42308,4,23,8,E,38265.0196,-91489304.29
994,110067569,42147.84787,994,993,42309,4,23,9,E,42147.84119,-110067533.9
995,93574893.87,38671.73832,995,994,22304,2,23,4,W,38671.73215,-93574864.5
996,93057112.8,38654.75447,996,995,42301,4,23,1,E,38654.74836,-93057083.44
997,91056245.49,38336.96605,997,996,42302,4,23,2,E,38336.95999,-91056217.03
998,93531839.91,38655.46144,998,997,42317,4,23,17,E,38655.45511,-93531810.07
999,93414566.44,38685.925,999,998,22303,2,23,3,W,38685.91901,-93414537.51
1000,91983563.97,38345.51042,1000,999,42307,4,23,7,E,38345.50412,-91983534.98
1001,91313184.99,38176.72903,1001,1000,42303,4,23,3,E,38176.72305,-91313156.4
1002,92695221.84,38496.02354,1002,1001,42305,4,23,5,E,38496.01754,-92695192.91
1003,89815156.3,37940.48948,1003,1002,42304,4,23,4,E,37940.48346,-89815127.67
1004,91846125.76,38333.28229,1004,1003,42316,4,23,16,E,38333.27605,-91846096.5
1005,91567216.78,38277.54858,1005,1004,42306,4,23,6,E,38277.54251,-91567187.63
1006,93695991.74,38717.28387,1006,1005,22302,2,23,2,W,38717.27768,-93695961.49
1007,92127013.69,38376.07593,1007,1006,42315,4,23,15,E,38376.06989,-92126984.16
1008,94113862.28,38830.91104,1008,1007,22301,2,23,1,W,38830.90491,-94113832.95
1009,93339032.48,38671.39346,1009,1008,42314,4,23,14,E,38671.38729,-93339003.07
1010,92449642.3,38496.27759,1010,1009,42313,4,23,13,E,38496.27126,-92449613.01
1011,93189338.85,38596.83853,1011,1010,42312,4,23,12,E,38596.83241,-93189308.98
1012,92344567.06,38417.81333,1012,1011,42311,4,23,11,E,38417.80725,-92344537.67
1013,92967852.75,38571.98514,1013,1012,42310,4,23,10,E,38571.97897,-92967823.53
1014,6255.331062,585.9013907,1014,1013,22215,2,22,15,W,585.9013679,-6255.318511
1015,21260539.35,25672.87027,1015,1014,22214,2,22,14,W,25672.86606,-21260532.69
1016,10357942.62,16179.20586,1016,1015,42225,4,22,25,E,16179.20312,-10357939.28
1017,93901955.28,38783.6297,1017,1016,42224,4,22,24,E,38783.62352,-93901925.24
1018,74322083.29,35865.22676,1018,1017,22213,2,22,13,W,35865.22111,-74322059.83
1019,93762318.05,38773.53518,1019,1018,42223,4,22,23,E,38773.52902,-93762287.94
1020,94106638.8,38789.30504,1020,1019,22212,2,22,12,W,38789.29897,-94106609.26
1021,94014841.53,38784.09896,1021,1020,42222,4,22,22,E,38784.09255,-94014811.36
1022,94913290.52,38953.06596,1022,1021,22211,2,22,11,W,38953.06003,-94913261.21
1023,94243777.2,38810.16943,1023,1022,42221,4,22,21,E,38810.16318,-94243746.92
1024,94147401.56,38804.80164,1024,1023,22210,2,22,10,W,38804.79545,-94147371.83
1025,94169843.37,38830.59306,1025,1024,42220,4,22,20,E,38830.58691,-94169813.33
1026,94125788,38803.60202,1026,1025,22209,2,22,9,W,38803.596,-94125758.45
1027,93105339.77,38664.19931,1027,1026,42219,4,22,19,E,38664.19295,-93105309.9
1028,93977982.09,38786.19679,1028,1027,22208,2,22,8,W,38786.19086,-93977952.66
1029,93337819.98,38676.76292,1029,1028,22207,2,22,7,W,38676.75678,-93337790.03
1030,94167337.21,38803.44603,1030,1029,42218,4,22,18,E,38803.43965,-94167307.03
1031,93773442.92,38682.73454,1031,1030,22206,2,22,6,W,38682.72862,-93773413.45
1032,93468294.66,38731.87836,1032,1031,22205,2,22,5,W,38731.87239,-93468265.77
1033,91645428.75,38285.51514,1033,1032,42208,4,22,8,E,38285.50912,-91645399.55
1034,108920980.9,42010.6048,1034,1033,42209,4,22,9,E,42010.59806,-108920946.3
1035,93847463.61,38749.02107,1035,1034,22204,2,22,4,W,38749.01512,-93847434.41
1036,92209902.24,38425.33142,1036,1035,42217,4,22,17,E,38425.32516,-92209872.62
1037,90590272.66,38076.16423,1037,1036,42216,4,22,16,E,38076.15806,-90590243.88
1038,94190803.09,38782.96427,1038,1037,22203,2,22,3,W,38782.95815,-94190774.02
1039,91077227.95,38201.50534,1039,1038,42207,4,22,7,E,38201.49935,-91077198.88
1040,91375681.47,38215.91225,1040,1039,42202,4,22,2,E,38215.90636,-91375652.73
1041,92729227.43,38500.72573,1041,1040,42201,4,22,1,E,38500.71978,-92729197.91
1042,91867621.01,38413.21557,1042,1041,42215,4,22,15,E,38413.20957,-91867591.79
1043,91895102.39,38337.01705,1043,1042,42203,4,22,3,E,38337.01103,-91895073.65
1044,89867916.05,37950.15835,1044,1043,42204,4,22,4,E,37950.15236,-89867888.28
1045,91811501.34,38296.65269,1045,1044,42206,4,22,6,E,38296.6467,-91811472.33
1046,93510751.46,38719.42028,1046,1045,22202,2,22,2,W,38719.41411,-93510721.51
1047,91906405.62,38291.8816,1047,1046,42205,4,22,5,E,38291.87563,-91906376.07
1048,93682304.5,38752.31572,1048,1047,22201,2,22,1,W,38752.30956,-93682275.47
1049,93941040.25,38689.64853,1049,1048,42214,4,22,14,E,38689.64228,-93941010.29
1050,93723340.34,38663.45069,1050,1049,42213,4,22,13,E,38663.44461,-93723310.43
1051,93851699.6,38731.25378,1051,1050,42212,4,22,12,E,38731.24755,-93851669.8
1052,93198797.64,38636.32266,1052,1051,42211,4,22,11,E,38636.31646,-93198768.28
1053,93557874.08,38653.31386,1053,1052,42210,4,22,10,E,38653.30778,-93557844.04
1054,94065218.04,38765.66411,1054,1053,42124,4,21,24,E,38765.65787,-94065187.8
1055,94079434.4,38754.77517,1055,1054,42123,4,21,23,E,38754.76902,-94079404.05
1056,12998650.93,20945.40218,1056,1055,22113,2,21,13,W,20945.39874,-12998646.96
1057,93057790.49,38359.03088,1057,1056,22112,2,21,12,W,38359.02488,-93057761.18
1058,93837966.87,38751.99933,1058,1057,42122,4,21,22,E,38751.99311,-93837936.71
1059,94516555.06,38877.6549,1059,1058,22111,2,21,11,W,38877.64888,-94516525.21
1060,94387592.82,38854.29784,1060,1059,42121,4,21,21,E,38854.29157,-94387562.7
1061,93652912.84,38828.27209,1061,1060,22110,2,21,10,W,38828.26579,-93652883.43
1062,94220184.22,38812.60826,1062,1061,42120,4,21,20,E,38812.60211,-94220153.74
1063,94742122.71,38889.83143,1063,1062,22109,2,21,9,W,38889.82541,-94742093.48
1064,92750342.13,38565.6587,1064,1063,42119,4,21,19,E,38565.6527,-92750312.49
1065,93677963.14,38907.14542,1065,1064,22108,2,21,8,W,38907.13922,-93677933.21
1066,93903199.94,38672.44508,1066,1065,22107,2,21,7,W,38672.43866,-93903170.38
1067,92311337.63,38460.53304,1067,1066,42118,4,21,18,E,38460.52692,-92311308.09
1068,94216763.4,38846.7956,1068,1067,22106,2,21,6,W,38846.78946,-94216733.14
1069,91936641.52,38387.49883,1069,1068,42117,4,21,17,E,38387.49282,-91936612.2
1070,93950866.65,38722.60952,1070,1069,22105,2,21,5,W,38722.60351,-93950837.67
1071,92638542.41,38468.82585,1071,1070,42116,4,21,16,E,38468.8197,-92638513.05
1072,97705049.38,39670.54836,1072,1071,42108,4,21,8,E,39670.54206,-97705018.61
1073,114491842.7,42871.77794,1073,1072,42109,4,21,9,E,42871.77099,-114491806.2
1074,94391611.51,38825.99143,1074,1073,42115,4,21,15,E,38825.98556,-94391581.19
1075,93685779.49,38685.92888,1075,1074,22104,2,21,4,W,38685.92279,-93685750.63
1076,94683218.07,38930.59534,1076,1075,42107,4,21,7,E,38930.58914,-94683187.64
1077,93158707.88,38593.15864,1077,1076,42101,4,21,1,E,38593.15243,-93158678.86
1078,92614845.39,38489.26686,1078,1077,42102,4,21,2,E,38489.26067,-92614815.5
1079,93713577.18,38827.18973,1079,1078,22103,2,21,3,W,38827.18353,-93713547.44
1080,93581284.78,38770.07141,1080,1079,42114,4,21,14,E,38770.06508,-93581254.75
1081,93466258.85,38639.89133,1081,1080,42106,4,21,6,E,38639.885,-93466229.03
1082,94341448.36,38788.68174,1082,1081,22102,2,21,2,W,38788.67554,-94341418.06
1083,92216988.67,38487.18974,1083,1082,42103,4,21,3,E,38487.18361,-92216958.9
1084,91849341.13,38407.2383,1084,1083,42105,4,21,5,E,38407.23217,-91849312.05
1085,93358237.99,38747.55655,1085,1084,22101,2,21,1,W,38747.55067,-93358209
1086,91404788.21,38194.20927,1086,1085,42104,4,21,4,E,38194.20323,-91404759.17
1087,93627154.31,38720.46577,1087,1086,42113,4,21,13,E,38720.45972,-93627124.38
1088,93568010.6,38682.39063,1088,1087,42112,4,21,12,E,38682.38449,-93567980.66
1089,93979017.07,38757.28043,1089,1088,42111,4,21,11,E,38757.2744,-93978986.91
1090,94054835.98,38833.7351,1090,1089,42110,4,21,10,E,38833.72884,-94054806.16
1091,5136520.931,9625.466828,1091,1090,42125,4,21,25,E,9625.465473,-5136519.117
1092,43433548.16,28626.5283,1092,1091,42025,4,20,25,E,28626.52368,-43433534.32
1093,93448875.86,38645.14676,1093,1092,42024,4,20,24,E,38645.14048,-93448845.73
1094,93228867.25,38662.5523,1094,1093,42023,4,20,23,E,38662.54616,-93228837.33
1095,5266979.65,12572.46264,1095,1094,22013,2,20,13,W,12572.46052,-5266978.072
1096,81738210.62,36364.3079,1096,1095,22012,2,20,12,W,36364.30219,-81738184.68
1097,94438335.05,38860.17264,1097,1096,42022,4,20,22,E,38860.16635,-94438304.67
1098,95600388.91,39151.389,1098,1097,22011,2,20,11,W,39151.3829,-95600358.84
1099,92924304.7,38547.97367,1099,1098,42021,4,20,21,E,38547.96757,-92924274.97
1100,94741691.99,38975.27236,1100,1099,22010,2,20,10,W,38975.26633,-94741661.91
1101,93083281.13,38581.22679,1101,1100,42020,4,20,20,E,38581.22044,-93083250.84
1102,95027743.76,39025.75733,1102,1101,22009,2,20,9,W,39025.75108,-95027713.27
1103,93017433.56,38605.13885,1103,1102,42019,4,20,19,E,38605.13273,-93017403.81
1104,93541067.43,38635.74112,1104,1103,42018,4,20,18,E,38635.73487,-93541037.28
1105,94138767.65,38792.36016,1105,1104,22008,2,20,8,W,38792.35388,-94138738.19
1106,93146226.12,38631.22084,1106,1105,42017,4,20,17,E,38631.21454,-93146196
1107,96118988.83,39183.32092,1107,1106,22007,2,20,7,W,39183.31466,-96118958.21
1108,94240592.15,38825.83305,1108,1107,42016,4,20,16,E,38825.82696,-94240562.1
1109,94384514.08,38874.29058,1109,1108,22006,2,20,6,W,38874.28449,-94384483.97
1110,94752959.69,39004.61681,1110,1109,22005,2,20,5,W,39004.6107,-94752929.48
1111,96556418.73,39306.82917,1111,1110,22004,2,20,4,W,39306.82299,-96556388.26
1112,94783403.58,38937.2127,1112,1111,42015,4,20,15,E,38937.2065,-94783373.07
1113,94638370,38930.68618,1113,1112,22003,2,20,3,W,38930.68004,-94638340.69
1114,93869483.5,38799.42339,1114,1113,42014,4,20,14,E,38799.41735,-93869453.36
1115,93237422.63,38626.18394,1115,1114,22002,2,20,2,W,38626.17779,-93237392.58
1116,91307963.41,38199.13843,1116,1115,22001,2,20,1,W,38199.13232,-91307933.92
1117,98427689.3,39660.13343,1117,1116,42005,4,20,5,E,39660.12717,-98427657.78
1118,99135211.54,39875.38939,1118,1117,42006,4,20,6,E,39875.38317,-99135180.22
1119,97305514.53,39629.51697,1119,1118,42004,4,20,4,E,39629.51074,-97305483.57
1120,99597494.73,40010.42229,1120,1119,42003,4,20,3,E,40010.41589,-99597463.46
1121,101028657.8,40151.02362,1121,1120,42002,4,20,2,E,40151.01726,-101028625.6
1122,99074895.84,39823.45318,1122,1121,42001,4,20,1,E,39823.44666,-99074863.94
1123,92946028.05,38570.68723,1123,1122,42013,4,20,13,E,38570.68122,-92945998.27
1124,96481113.83,39217.46701,1124,1123,42007,4,20,7,E,39217.4608,-96481082.91
1125,94322505.66,38841.76795,1125,1124,42012,4,20,12,E,38841.76183,-94322475.62
1126,91959869.41,38408.68855,1126,1125,42011,4,20,11,E,38408.68239,-91959840.09
1127,91055897.42,38223.16906,1127,1126,42008,4,20,8,E,38223.16313,-91055868.7
1128,92017708.26,38360.97727,1128,1127,42010,4,20,10,E,38360.97126,-92017678.86
1129,91431719.06,38260.80791,1129,1128,42009,4,20,9,E,38260.8018,-91431689.75
1130,2537828.408,6375.721009,1130,1129,41925,4,19,25,E,6375.720042,-2537827.621
1131,51877829.5,38739.09277,1131,1130,41924,4,19,24,E,38739.08681,-51877812.73
1132,93540441.87,38668.78416,1132,1131,41923,4,19,23,E,38668.77795,-93540411.55
1133,94161100.89,38790.11148,1133,1132,41922,4,19,22,E,38790.10493,-94161070.44
1134,4675577.586,11559.53662,1134,1133,21912,2,19,12,W,11559.5346,-4675576.15
1135,93223164.83,38614.42579,1135,1134,41921,4,19,21,E,38614.41949,-93223134.6
1136,59670319.22,36154.28356,1136,1135,21911,2,19,11,W,36154.2777,-59670300.33
1137,93866233.12,38775.28242,1137,1136,41920,4,19,20,E,38775.27617,-93866203.05
1138,94927022.88,38938.59899,1138,1137,41919,4,19,19,E,38938.59264,-94926992.18
1139,94061053.59,38761.10506,1139,1138,21910,2,19,10,W,38761.0989,-94061024.16
1140,93090097.92,38626.74401,1140,1139,41918,4,19,18,E,38626.73791,-93090068.27
1141,92540621.06,38472.25849,1141,1140,41917,4,19,17,E,38472.25244,-92540591.12
1142,93527286.8,38652.23487,1142,1141,21909,2,19,9,W,38652.22868,-93527257.51
1143,92197968.81,38485.05026,1143,1142,21908,2,19,8,W,38485.04423,-92197939.5
1144,93367978.93,38521.30091,1144,1143,41916,4,19,16,E,38521.29462,-93367948.86
1145,93147641.43,38587.4245,1145,1144,21907,2,19,7,W,38587.4183,-93147611.74
1146,92727354.96,38508.87429,1146,1145,21906,2,19,6,W,38508.86826,-92727325.95
1147,92258090.63,38394.30872,1147,1146,41915,4,19,15,E,38394.30232,-92258060.84
1148,92514104.72,38464.74876,1148,1147,21905,2,19,5,W,38464.74276,-92514075.3
1149,93911681.88,38733.11954,1149,1148,21904,2,19,4,W,38733.11329,-93911651.82
1150,91626714.81,38254.35294,1150,1149,21901,2,19,1,W,38254.347,-91626686.45
1151,94478442.66,38997.52946,1151,1150,41901,4,19,1,E,38997.5234,-94478412.77
1152,92786701.88,38524.84939,1152,1151,41914,4,19,14,E,38524.84316,-92786672.16
1153,92965001.44,38609.10771,1153,1152,21903,2,19,3,W,38609.10145,-92964971.56
1154,92994854.91,38595.18236,1154,1153,21902,2,19,2,W,38595.17624,-92994824.24
1155,92967184.03,38558.448,1155,1154,41913,4,19,13,E,38558.44159,-92967154.34
1156,94010244.04,38769.00996,1156,1155,41912,4,19,12,E,38769.00387,-94010213.76
1157,91324269.71,38303.91055,1157,1156,41911,4,19,11,E,38303.90449,-91324240.25
1158,91684732.22,38283.9926,1158,1157,41910,4,19,10,E,38283.98649,-91684702.84
1159,90768641.16,38134.00606,1159,1158,41909,4,19,9,E,38133.99995,-90768612.32
1160,90087799.28,37972.33477,1160,1159,41908,4,19,8,E,37972.32868,-90087769.84
1161,93006319.07,38575.91307,1161,1160,41907,4,19,7,E,38575.90672,-93006290.16
1162,93219709.27,38652.87232,1162,1161,41906,4,19,6,E,38652.86615,-93219679.22
1163,93048263.74,38581.92977,1163,1162,41902,4,19,2,E,38581.92376,-93048234.17
1164,90723002.02,38086.7823,1164,1163,41905,4,19,5,E,38086.77635,-90722973.68
1165,90335637.61,38000.2519,1165,1164,41904,4,19,4,E,38000.2459,-90335608.56
1166,92012914.87,38427.32719,1166,1165,41903,4,19,3,E,38427.321,-92012885.02
1167,15410311.09,19216.54193,1167,1166,41824,4,18,24,E,19216.53889,-15410306.15
1168,93608408.96,38718.10323,1168,1167,41823,4,18,23,E,38718.09717,-93608378.71
1169,93740934.53,38715.47383,1169,1168,41822,4,18,22,E,38715.46748,-93740904.16
1170,93304129.79,38637.49551,1170,1169,41821,4,18,21,E,38637.48929,-93304099.5
1171,93391611.56,38610.54018,1171,1170,41820,4,18,20,E,38610.53402,-93391581.4
1172,93837435.98,38857.38837,1172,1171,41817,4,18,17,E,38857.38244,-93837405.63
1173,94473520.16,38885.48243,1173,1172,41818,4,18,18,E,38885.47604,-94473489.47
1174,1098703.317,5136.015481,1174,1173,21811,2,18,11,W,5136.01466,-1098702.968
1175,40722904,27684.78405,1175,1174,21810,2,18,10,W,27684.77969,-40722890.9
1176,93274183.52,38700.56951,1176,1175,41819,4,18,19,E,38700.56336,-93274153.35
1177,73836314.16,36152.24246,1177,1176,21809,2,18,9,W,36152.23672,-73836290.6
1178,91999065.86,38387.51078,1178,1177,21808,2,18,8,W,38387.50481,-91999037.12
1179,93045942.18,38729.22917,1179,1178,41816,4,18,16,E,38729.22289,-93045912.32
1180,91738386.16,38315.96421,1180,1179,21807,2,18,7,W,38315.95809,-91738357.4
1181,94450041.35,38841.22803,1181,1180,41815,4,18,15,E,38841.22182,-94450010.86
1182,91098367.9,38150.67686,1182,1181,21806,2,18,6,W,38150.67067,-91098338.37
1183,93321415.78,38656.02348,1183,1182,41814,4,18,14,E,38656.01744,-93321385.66
1184,91144910.28,38245.38258,1184,1183,21805,2,18,5,W,38245.37636,-91144881.07
1185,92234817.31,38353.08917,1185,1184,21804,2,18,4,W,38353.0832,-92234788.53
1186,91491469.92,38298.62145,1186,1185,21801,2,18,1,W,38298.61517,-91491440.23
1187,94939934.86,38967.32169,1187,1186,41801,4,18,1,E,38967.31547,-94939905.38
1188,91716734.99,38351.15703,1188,1187,41813,4,18,13,E,38351.15072,-91716705.48
1189,91450856.97,38287.88418,1189,1188,21803,2,18,3,W,38287.87813,-91450827.96
1190,91601588.73,38292.94275,1190,1189,21802,2,18,2,W,38292.93655,-91601559.24
1191,93314389.1,38637.72944,1191,1190,41812,4,18,12,E,38637.7233,-93314359
1192,90977695.71,38116.81728,1192,1191,41811,4,18,11,E,38116.81085,-90977666.73
1193,90417563.76,38035.52432,1193,1192,41810,4,18,10,E,38035.5183,-90417534.58
1194,89798236.56,37913.29502,1194,1193,41809,4,18,9,E,37913.28891,-89798207.6
1195,88887480.93,37721.52116,1195,1194,41808,4,18,8,E,37721.51519,-88887452.63
1196,91957713.42,38370.64884,1196,1195,41807,4,18,7,E,38370.64267,-91957683.25
1197,92827818.26,38543.42647,1197,1196,41806,4,18,6,E,38543.42041,-92827789.04
1198,93578225.66,38644.79815,1198,1197,41802,4,18,2,E,38644.79186,-93578195.53
1199,91136569.3,38112.4956,1199,1198,41805,4,18,5,E,38112.48939,-91136539.74
1200,90403282.77,38041.96377,1200,1199,41804,4,18,4,E,38041.95777,-90403253.62
1201,92381989.2,38485.6018,1201,1200,41803,4,18,3,E,38485.59575,-92381960.33
1202,78049042.24,38765.8278,1202,1201,41723,4,17,23,E,38765.82123,-78049016.74
1203,93940322.93,38734.43647,1203,1202,41722,4,17,22,E,38734.43033,-93940292.57
1204,93116036.99,38598.76148,1204,1203,41721,4,17,21,E,38598.75534,-93116006.75
1205,93672270.69,38770.20705,1205,1204,41720,4,17,20,E,38770.20073,-93672240.25
1206,94385470.98,38844.88325,1206,1205,41719,4,17,19,E,38844.87714,-94385440.44
1207,4679781.283,9896.692597,1207,1206,21709,2,17,9,W,9896.690997,-4679779.787
1208,94481200.65,38836.41697,1208,1207,41718,4,17,18,E,38836.41053,-94481170.04
1209,77998851.87,35868.1468,1209,1208,21708,2,17,8,W,35868.14104,-77998827.17
1210,94314526.76,38874.32179,1210,1209,41717,4,17,17,E,38874.31553,-94314496.3
1211,92126675.16,38414.25729,1211,1210,21707,2,17,7,W,38414.25099,-92126645.4
1212,91177322.46,38204.68697,1212,1211,21706,2,17,6,W,38204.68102,-91177293.05
1213,93878780.09,38735.88445,1213,1212,41716,4,17,16,E,38735.87799,-93878749.77
1214,94116020.83,38789.25373,1214,1213,41715,4,17,15,E,38789.24739,-94115990.53
1215,92794840.58,38513.72475,1215,1214,21705,2,17,5,W,38513.71849,-92794810.65
1216,92884579.75,38589.56139,1216,1215,21704,2,17,4,W,38589.55535,-92884550.85
1217,94844329.31,38926.85781,1217,1216,41714,4,17,14,E,38926.85154,-94844298.57
1218,94577348.06,38948.27716,1218,1217,41713,4,17,13,E,38948.27093,-94577317.79
1219,93031594.75,38553.81008,1219,1218,21703,2,17,3,W,38553.80397,-93031564.98
1220,91480663.03,38255.63115,1220,1219,21701,2,17,1,W,38255.62518,-91480634.27
1221,95869521.84,39136.3628,1221,1220,41712,4,17,12,E,39136.35646,-95869491.09
1222,91251271.91,38231.109,1222,1221,21702,2,17,2,W,38231.10293,-91251243.28
1223,94436510.45,38906.97387,1223,1222,41701,4,17,1,E,38906.96769,-94436480.21
1224,93410035.04,38660.30174,1224,1223,41711,4,17,11,E,38660.29556,-93410004.65
1225,92997381.14,38574.55808,1225,1224,41710,4,17,10,E,38574.55193,-92997351.13
1226,92058341.52,38370.98125,1226,1225,41709,4,17,9,E,38370.97497,-92058312.17
1227,90491660.44,38044.80292,1227,1226,41708,4,17,8,E,38044.79669,-90491631.21
1228,93588971.01,38652.7583,1228,1227,41707,4,17,7,E,38652.75198,-93588941.26
1229,93736474.45,38759.4729,1229,1228,41706,4,17,6,E,38759.46659,-93736443.95
1230,93340211.04,38649.40483,1230,1229,41702,4,17,2,E,38649.39863,-93340180.66
1231,90902768.42,38163.6964,1231,1230,41704,4,17,4,E,38163.6905,-90902739.17
1232,92262283.78,38400.9436,1232,1231,41705,4,17,5,E,38400.93724,-92262254.5
1233,92394019.24,38441.4685,1233,1232,41703,4,17,3,E,38441.46221,-92393989.48
1234,62646912.57,32332.55533,1234,1233,41623,4,16,23,E,32332.54991,-62646892.35
1235,94003920.32,38789.01799,1235,1234,41622,4,16,22,E,38789.01159,-94003889.64
1236,93106585.63,38605.34006,1236,1235,41621,4,16,21,E,38605.33368,-93106555.37
1237,93717184.73,38705.95517,1237,1236,41620,4,16,20,E,38705.94883,-93717154.22
1238,93959063.4,38789.27684,1238,1237,41619,4,16,19,E,38789.27041,-93959032.89
1239,20316757.11,26909.15619,1239,1238,21608,2,16,8,W,26909.15174,-20316750.16
1240,94441495.84,38859.8179,1240,1239,41618,4,16,18,E,38859.81152,-94441465.21
1241,92972836.75,38556.0399,1241,1240,21607,2,16,7,W,38556.03377,-92972807.86
1242,91890232.39,38415.15238,1242,1241,21606,2,16,6,W,38415.14646,-91890203.57
1243,94821522.74,38999.4909,1243,1242,41617,4,16,17,E,38999.48458,-94821492.09
1244,93235412.33,38659.3827,1244,1243,21605,2,16,5,W,38659.37648,-93235382.36
1245,93668828.08,38736.12571,1245,1244,41616,4,16,16,E,38736.11938,-93668797.74
1246,92461238.71,38437.64796,1246,1245,21604,2,16,4,W,38437.64194,-92461209.15
1247,93709175.47,38729.23843,1247,1246,41615,4,16,15,E,38729.23212,-93709145.19
1248,93772712.39,38746.68214,1249,1248,41614,4,16,14,E,38746.67591,-93772681.96
1249,91410977.1,38242.76858,1250,1249,21602,2,16,2,W,38242.7621,-91410947.02
1250,94668471.82,38894.48276,1251,1250,41613,4,16,13,E,38894.47644,-94668441.04
1251,91372442.13,38228.35183,1252,1251,21601,2,16,1,W,38228.34568,-91372412.53
1252,88304639.36,37616.398,1253,1252,41601,4,16,1,E,37616.39191,-88304610.7
1253,94645575.78,38911.25348,1254,1253,41612,4,16,12,E,38911.2472,-94645545.28
1254,81333819.17,36110.51442,1255,1254,41611,4,16,11,E,36110.50872,-81333792.76
1255,80676966.39,36008.76034,1256,1255,41610,4,16,10,E,36008.75445,-80676940.58
1256,79804651.24,35771.6974,1257,1256,41609,4,16,9,E,35771.69189,-79804625.53
1257,78740181.5,35509.85115,1258,1257,41608,4,16,8,E,35509.84547,-78740155.89
1258,81106297.7,36069.17052,1259,1258,41607,4,16,7,E,36069.1648,-81106271.24
1259,81450203.3,36185.50641,1260,1259,41602,4,16,2,E,36185.50066,-81450178.03
1260,81833957.71,36287.70593,1261,1260,41606,4,16,6,E,36287.7,-81833931.74
1261,80501926.3,36024.88806,1262,1261,41603,4,16,3,E,36024.88226,-80501900.5
1262,79457954.45,35733.70522,1263,1262,41605,4,16,5,E,35733.69927,-79457928.46
1263,78658962.63,35550.83933,1264,1263,41604,4,16,4,E,35550.83368,-78658937.4
1264,81363985.98,38860.68299,1265,1264,41523,4,15,23,E,38860.67676,-81363959.6
1265,93726729.76,38734.26098,1266,1265,41522,4,15,22,E,38734.2546,-93726699.02
1266,92620067.64,38523.57225,1267,1266,41521,4,15,21,E,38523.56605,-92620037.25
1267,92354121.17,38523.32631,1268,1267,41511,4,15,11,E,38523.31983,-92354091.12
1268,93269550.98,38623.05749,1269,1268,41520,4,15,20,E,38623.05118,-93269520.68
1269,93616228.33,38666.57775,1270,1269,41510,4,15,10,E,38666.57132,-93616198.12
1270,92405686.07,38368.54716,1271,1270,41509,4,15,9,E,38368.54078,-92405655.76
1271,94073938.76,38911.17585,1272,1271,41501,4,15,1,E,38911.16957,-94073908.15
1272,93940266.94,38732.02826,1273,1272,41502,4,15,2,E,38732.02203,-93940236.87
1273,93467497.05,38641.92536,1274,1273,41519,4,15,19,E,38641.91907,-93467466.45
1274,93557643.52,38641.15329,1275,1274,41503,4,15,3,E,38641.14694,-93557612.6
1275,90008165.08,38008.41069,1276,1275,41508,4,15,8,E,38008.40455,-90008136.56
1276,92244437.11,38454.26606,1277,1276,41507,4,15,7,E,38454.25997,-92244407.29
1277,91687610.51,38292.63867,1278,1277,41505,4,15,5,E,38292.63259,-91687581.62
1278,93929898.16,38768.2662,1279,1278,41506,4,15,6,E,38768.25989,-93929867.4
1279,91391352.82,38237.08164,1280,1279,41504,4,15,4,E,38237.07544,-91391323.28
1280,81622752.92,38235.04196,1281,1280,21507,2,15,7,W,38235.03557,-81622726.95
1281,92744318.06,38508.6713,1282,1281,21506,2,15,6,W,38508.6651,-92744288.08
1282,93595017.36,38749.4592,1283,1282,41518,4,15,18,E,38749.4529,-93594987.08
1283,93646780.34,38696.13204,1284,1283,21505,2,15,5,W,38696.12567,-93646750.1
1284,94992555.51,38913.87289,1285,1284,41517,4,15,17,E,38913.86645,-94992524.24
1285,94779448.09,38904.70551,1286,1285,41516,4,15,16,E,38904.69909,-94779417.34
1286,93525635.27,38679.59292,1287,1286,21504,2,15,4,W,38679.58661,-93525605.23
1287,93436025.41,38662.09298,1288,1287,21503,2,15,3,W,38662.08697,-93435996.45
1288,94624274.2,38886.17641,1289,1288,41515,4,15,15,E,38886.17001,-94624243.39
1289,92263918.58,38404.92774,1290,1289,21502,2,15,2,W,38404.92155,-92263888.86
1290,93566844.74,38725.22247,1291,1290,41514,4,15,14,E,38725.21663,-93566814.21
1291,92991923.63,38594.7823,1292,1291,21501,2,15,1,W,38594.77631,-92991894.61
1292,94725929.35,38922.19922,1293,1292,41513,4,15,13,E,38922.19312,-94725898.65
1293,93983761.75,38835.84045,1294,1293,41512,4,15,12,E,38835.83412,-93983731.23
1294,73708641.31,35664.16964,1295,1294,41423,4,14,23,E,35664.1637,-73708617.13
1295,94666579.58,38978.5761,1296,1295,41422,4,14,22,E,38978.56981,-94666548.77
1296,93300860.4,38617.42293,1297,1296,41421,4,14,21,E,38617.41658,-93300829.72
1297,93542011.04,38677.51967,1298,1297,41420,4,14,20,E,38677.51352,-93541980.48
1298,93069982.82,38552.2079,1299,1298,41411,4,14,11,E,38552.20157,-93069952.8
1299,93621740.19,38710.3981,1300,1299,41410,4,14,10,E,38710.39195,-93621709.62
1300,93038608.44,37957.31558,1301,1300,21407,2,14,7,W,37957.30961,-93038578.87
1301,93864370.02,38779.15388,1302,1301,41419,4,14,19,E,38779.14762,-93864339.6
1302,97119016.85,39420.80408,1303,1302,41402,4,14,2,E,39420.79778,-97118985.74
1303,95507047.5,39135.62077,1304,1303,41401,4,14,1,E,39135.61432,-95507016.2
1304,91339509.75,38269.4185,1305,1304,41408,4,14,8,E,38269.41242,-91339479.92
1305,92671554.18,38557.81986,1306,1305,41409,4,14,9,E,38557.81366,-92671524.43
1306,95593007.46,39170.55913,1307,1306,41403,4,14,3,E,39170.55289,-95592976.71
1307,93813253.81,38871.1901,1308,1307,41405,4,14,5,E,38871.18392,-93813222.8
1308,96268822.44,39107.88416,1309,1308,41406,4,14,6,E,39107.87782,-96268791.55
1309,93383094.25,38675.80019,1310,1309,41407,4,14,7,E,38675.79378,-93383063.89
1310,94419710.99,38885.60747,1311,1310,21406,2,14,6,W,38885.60125,-94419680.71
1311,94061670.31,38801.09989,1312,1311,41404,4,14,4,E,38801.09375,-94061640.3
1312,94670009.16,38959.26963,1313,1312,41418,4,14,18,E,38959.26328,-94669978.13
1313,93193288.9,38667.97993,1314,1313,21405,2,14,5,W,38667.97393,-93193259.33
1314,94520941.34,38919.1743,1315,1314,41417,4,14,17,E,38919.16789,-94520910.77
1315,93234621.26,38611.37261,1316,1315,21404,2,14,4,W,38611.36619,-93234590.61
1316,95099040.08,39041.72523,1317,1316,41416,4,14,16,E,39041.71898,-95099008.99
1317,93035450.04,38571.51061,1318,1317,21403,2,14,3,W,38571.5045,-93035420
1318,92644120.24,38462.96692,1319,1318,21402,2,14,2,W,38462.96059,-92644089.38
1319,94264465.26,38835.64121,1320,1319,41415,4,14,15,E,38835.63474,-94264434.37
1320,92920760.23,38620.98432,1321,1320,21401,2,14,1,W,38620.97818,-92920730.5
1321,93999528.57,38805.22424,1322,1321,41414,4,14,14,E,38805.21786,-93999498.1
1322,94803258.06,38860.97054,1323,1322,41413,4,14,13,E,38860.96409,-94803227.07
1323,94125619.13,38817.68198,1324,1323,41412,4,14,12,E,38817.67571,-94125588.62
1324,899494.7981,8342.324996,1325,1324,21408,2,14,8,W,8342.323737,-899494.4913
1325,30983434.18,28923.08824,1326,1325,41323,4,13,23,E,28923.08359,-30983424.03
1326,94923182.59,38999.51171,1327,1326,41322,4,13,22,E,38999.50521,-94923151.41
1327,94361353.47,38824.28134,1328,1327,41321,4,13,21,E,38824.27489,-94361322.54
1328,94608578.31,38926.76839,1329,1328,41320,4,13,20,E,38926.76211,-94608547.4
1329,92669284.5,38480.65686,1330,1329,41311,4,13,11,E,38480.65068,-92669253.8
1330,92651765.51,38549.93514,1331,1330,41310,4,13,10,E,38549.92871,-92651735.56
1331,94288814.54,38833.34763,1332,1331,41319,4,13,19,E,38833.34127,-94288783.62
1332,93231761.1,38644.00963,1333,1332,41309,4,13,9,E,38644.00341,-93231730.64
1333,91142398.61,38215.17495,1334,1333,41308,4,13,8,E,38215.16879,-91142368.94
1334,77912173.73,37514.13445,1335,1334,21307,2,13,7,W,37514.12837,-77912148.33
1335,94380799.05,38871.35615,1336,1335,41307,4,13,7,E,38871.34977,-94380768.54
1336,93002772.29,38710.79774,1337,1336,41306,4,13,6,E,38710.79139,-93002741.95
1337,94417513.34,38804.41503,1338,1337,41318,4,13,18,E,38804.40883,-94417482.49
1338,91268916.61,38207.74169,1339,1338,21306,2,13,6,W,38207.73531,-91268886.23
1339,91406931.26,38226.64071,1340,1339,21305,2,13,5,W,38226.63471,-91406902.1
1340,92351250.51,38484.80645,1341,1340,21304,2,13,4,W,38484.80012,-92351220.65
1341,92507536.97,38487.12807,1342,1341,41303,4,13,3,E,38487.12193,-92507507.16
1342,94977065.61,38997.44434,1343,1342,41317,4,13,17,E,38997.43812,-94977034.58
1343,93579238.41,38656.6742,1344,1343,41302,4,13,2,E,38656.66773,-93579207.51
1344,91730022.5,38288.62235,1345,1344,41304,4,13,4,E,38288.61608,-91729992.79
1345,96668787.11,39389.64598,1346,1345,41316,4,13,16,E,39389.63952,-96668755.26
1346,91388919.58,38187.0079,1347,1346,21303,2,13,3,W,38187.00206,-91388891.06
1347,92724938.36,38544.00432,1348,1347,41301,4,13,1,E,38543.99799,-92724908.32
1348,91036172.89,38107.20916,1349,1348,41305,4,13,5,E,38107.20299,-91036144.03
1349,94847343.64,38922.81467,1350,1349,41315,4,13,15,E,38922.80829,-94847312.75
1350,91639546.24,38283.11585,1351,1350,21302,2,13,2,W,38283.10957,-91639516.46
1351,92494839.92,38460.36462,1352,1351,21301,2,13,1,W,38460.35875,-92494811.01
1352,94653996.46,38880.91879,1353,1352,41314,4,13,14,E,38880.91249,-94653965.87
1353,94318202.8,38900.7418,1354,1353,41313,4,13,13,E,38900.7354,-94318172.2
1354,94444925.97,38902.22014,1355,1354,41312,4,13,12,E,38902.21387,-94444895.19
1355,12690280.65,19407.95865,1356,1355,41223,4,12,23,E,19407.95541,-12690276.56
1356,94104541,38811.36691,1357,1356,41222,4,12,22,E,38811.36049,-94104510.04
1357,94469499.65,38866.09542,1358,1357,41221,4,12,21,E,38866.08917,-94469468.53
1358,106531847,41313.69393,1359,1358,41211,4,12,11,E,41313.68738,-106531812.4
1359,95311326.21,39056.52877,1360,1359,41220,4,12,20,E,39056.52242,-95311294.77
1360,105902694.2,41270.732,1361,1360,41210,4,12,10,E,41270.72518,-105902659.8
1361,94354152.57,38899.61304,1362,1361,41219,4,12,19,E,38899.60656,-94354121.62
1362,93505814.86,38669.0938,1363,1362,41209,4,12,9,E,38669.08756,-93505784.51
1363,59239624.22,33677.42635,1364,1363,21207,2,12,7,W,33677.42117,-59239605.4
1364,91587161.03,38233.95603,1365,1364,21206,2,12,6,W,38233.94983,-91587131.79
1365,92142896.72,38414.91044,1366,1365,21205,2,12,5,W,38414.90443,-92142867.61
1366,92663172.67,38505.32444,1367,1366,21204,2,12,4,W,38505.31796,-92663142.12
1367,91834426.51,38353.66845,1368,1367,41208,4,12,8,E,38353.66221,-91834396.26
1368,92661946.98,38511.54975,1369,1368,41218,4,12,18,E,38511.54336,-92661916.56
1369,92335462.51,38507.58166,1370,1369,21203,2,12,3,W,38507.57552,-92335432.79
1370,93210379.6,38611.35301,1371,1370,41203,4,12,3,E,38611.34693,-93210350.4
1371,92940375.45,38618.64694,1372,1371,41202,4,12,2,E,38618.64051,-92940344.46
1372,92889666.21,38456.44247,1373,1372,41207,4,12,7,E,38456.43638,-92889636.55
1373,93316155.6,38606.1507,1374,1373,41204,4,12,4,E,38606.14433,-93316124.99
1374,91571309.18,38290.20385,1375,1374,41205,4,12,5,E,38290.19761,-91571279.41
1375,92777487.36,38499.12631,1376,1375,21202,2,12,2,W,38499.11981,-92777456.51
1376,94293412.23,38825.34373,1377,1376,41217,4,12,17,E,38825.33734,-94293381.46
1377,93895473.16,38743.54084,1378,1377,41201,4,12,1,E,38743.53454,-93895443
1378,93268156.16,38643.00067,1379,1378,21201,2,12,1,W,38642.99439,-93268125.5
1379,92035284.38,38375.91403,1380,1379,41206,4,12,6,E,38375.90767,-92035253.76
1380,95906220,39155.65183,1381,1380,41216,4,12,16,E,39155.64546,-95906188.52
1381,94493953.81,38874.67265,1382,1381,41215,4,12,15,E,38874.66622,-94493923.01
1382,93808378.76,38808.53293,1383,1382,41214,4,12,14,E,38808.52647,-93808348
1383,94506686.44,38866.76118,1384,1383,41213,4,12,13,E,38866.75479,-94506655.62
1384,94219608.56,38826.57744,1385,1384,41212,4,12,12,E,38826.57106,-94219577.78
1385,67401992.66,38780.9127,1386,1385,41122,4,11,22,E,38780.90625,-67401970.47
1386,94254307.88,38834.06634,1387,1386,41121,4,11,21,E,38834.06006,-94254276.89
1387,49936587.35,31241.48771,1388,1387,21107,2,11,7,W,31241.48266,-49936571.32
1388,93239095.52,38655.85456,1389,1388,21106,2,11,6,W,38655.84816,-93239065.42
1389,93906221.2,38857.63152,1390,1389,41120,4,11,20,E,38857.62511,-93906190.21
1390,93143532.53,38618.23323,1391,1390,21105,2,11,5,W,38618.22691,-93143501.59
1391,93268329.74,38602.61441,1392,1391,21104,2,11,4,W,38602.60801,-93268299.43
1392,92571215.04,38456.15227,1393,1392,41109,4,11,9,E,38456.14614,-92571184.86
1393,93804065.73,38722.00843,1394,1393,41119,4,11,19,E,38722.00197,-93804034.8
1394,93268345.59,38647.79964,1395,1394,21103,2,11,3,W,38647.79376,-93268316.74
1395,93392049.03,38648.55291,1396,1395,41118,4,11,18,E,38648.54657,-93392018.25
1396,92416630.53,38441.43759,1397,1396,41108,4,11,8,E,38441.43122,-92416600.62
1397,93362370.91,38627.07442,1398,1397,21102,2,11,2,W,38627.06814,-93362339.85
1398,92650539.13,38472.94738,1399,1398,41106,4,11,6,E,38472.94103,-92650509.87
1399,92094451.83,38450.74106,1400,1399,41107,4,11,7,E,38450.73476,-92094421.07
1400,94093635.3,38807.04745,1401,1400,41117,4,11,17,E,38807.04103,-94093604.42
1401,91911831.56,38386.24869,1402,1401,41105,4,11,5,E,38386.24242,-91911801.12
1402,93169640.48,38622.39438,1403,1402,41104,4,11,4,E,38622.38798,-93169610.47
1403,93260744.71,38627.00047,1404,1403,21101,2,11,1,W,38626.99403,-93260713.8
1404,93164924.41,38611.43944,1405,1404,41103,4,11,3,E,38611.43326,-93164893.92
1405,93623635.01,38682.47765,1406,1405,41101,4,11,1,E,38682.47145,-93623605.17
1406,92761951.61,38542.67208,1407,1406,41102,4,11,2,E,38542.66584,-92761921.71
1407,94748589.14,38957.16148,1408,1407,41116,4,11,16,E,38957.15521,-94748558.03
1408,95064633.98,39012.13026,1409,1408,41115,4,11,15,E,39012.12384,-95064602.72
1409,94574408.82,38883.08233,1410,1409,41114,4,11,14,E,38883.07608,-94574377.85
1410,94486587,38891.91082,1411,1410,41113,4,11,13,E,38891.90446,-94486556
1411,94310290.55,38828.70052,1412,1411,41112,4,11,12,E,38828.69425,-94310259.67
1412,93084947.97,38618.40574,1413,1412,41111,4,11,11,E,38618.39932,-93084917.34
1413,93327975.08,38616.13014,1414,1413,41110,4,11,10,E,38616.12372,-93327944.4
1414,56027847.06,32708.57658,1415,1414,41022,4,10,22,E,32708.57137,-56027828.57
1415,93554964.68,38653.72195,1416,1415,41021,4,10,21,E,38653.71543,-93554933.69
1416,23476193.17,20168.57949,1417,1416,21007,2,10,7,W,20168.57634,-23476185.74
1417,82539218.43,36264.83229,1418,1417,21006,2,10,6,W,36264.82625,-82539191.47
1418,95291419.9,39003.33313,1419,1418,21005,2,10,5,W,39003.32678,-95291388.89
1419,94409668.43,38859.72058,1420,1419,41020,4,10,20,E,38859.71416,-94409637.33
1420,93181857.19,38628.39583,1421,1420,21004,2,10,4,W,38628.38963,-93181827.03
1421,93452707,38671.99698,1422,1421,41019,4,10,19,E,38671.99063,-93452676.31
1422,93143588.8,38601.81902,1423,1422,41009,4,10,9,E,38601.81279,-93143557.84
1423,92799197.61,38563.75395,1424,1423,21003,2,10,3,W,38563.74756,-92799166.95
1424,93603093.01,38715.37429,1425,1424,41008,4,10,8,E,38715.36775,-93603062.23
1425,95050023.82,38963.3886,1426,1425,41018,4,10,18,E,38963.38216,-95049992.44
1426,93526906.39,38742.08701,1427,1426,21002,2,10,2,W,38742.08104,-93526877.29
1427,93269483.37,38627.83149,1428,1427,41007,4,10,7,E,38627.82532,-93269452.94
1428,93434110.84,38660.84593,1429,1428,41017,4,10,17,E,38660.83952,-93434080.01
1429,91839601.82,38372.93335,1430,1429,21001,2,10,1,W,38372.92718,-91839572.14
1430,93334272.42,38580.74448,1431,1430,41002,4,10,2,E,38580.73815,-93334241.53
1431,92823033.72,38529.71798,1432,1431,41006,4,10,6,E,38529.71159,-92823003.59
1432,93195954.58,38645.90492,1433,1432,41001,4,10,1,E,38645.89883,-93195925.43
1433,91876152.75,38381.01966,1434,1433,41005,4,10,5,E,38381.01333,-91876122.09
1434,93209864.84,38637.60596,1435,1434,41003,4,10,3,E,38637.59964,-93209833.94
1435,93358560.08,38616.39525,1436,1435,41004,4,10,4,E,38616.38914,-93358529.91
1436,92892094.46,38593.41672,1437,1436,41016,4,10,16,E,38593.41039,-92892064.01
1437,92359689.5,38408.21389,1438,1437,41015,4,10,15,E,38408.20767,-92359659.01
1438,91676470.75,38334.88459,1439,1438,41014,4,10,14,E,38334.87833,-91676440.46
1439,92235272.37,38405.63622,1440,1439,41013,4,10,13,E,38405.62995,-92235242.26
1440,92497308.12,38477.60884,1441,1440,41012,4,10,12,E,38477.60269,-92497277.62
1441,92503110.71,38470.00732,1442,1441,41011,4,10,11,E,38470.00113,-92503080.25
1442,92537375.09,38411.18828,1443,1442,41010,4,10,10,E,38411.18198,-92537344.97
1443,38953401.87,28990.82887,1444,1443,40922,4,9,22,E,28990.82387,-38953388.99
1444,93660299.66,38728.18313,1445,1444,40921,4,9,21,E,38728.17683,-93660268.84
1445,42466002.55,33804.22774,1446,1445,20906,2,9,6,W,33804.22235,-42465989.17
1446,93928345.63,38819.77648,1447,1446,20905,2,9,5,W,38819.7703,-93928315.48
1447,93533554.04,38738.6331,1448,1447,40909,4,9,9,E,38738.62676,-93533523.55
1448,92419250.17,38439.37883,1449,1448,20904,2,9,4,W,38439.37242,-92419219.29
1449,93822021.71,38717.79165,1450,1449,40920,4,9,20,E,38717.78533,-93821990.6
1450,93762113.48,38743.3656,1451,1450,40908,4,9,8,E,38743.35916,-93762082.88
1451,94316219.43,38829.92091,1452,1451,40919,4,9,19,E,38829.91426,-94316188.27
1452,92380827.14,38459.26494,1453,1452,20903,2,9,3,W,38459.2587,-92380797.2
1453,93633839.08,38628.91411,1454,1453,20902,2,9,2,W,38628.90778,-93633808.28
1454,93704267.76,38737.84062,1455,1454,40918,4,9,18,E,38737.83405,-93704236.89
1455,93610352.96,38690.57602,1456,1455,40907,4,9,7,E,38690.56987,-93610321.98
1456,93785454.51,38714.00795,1457,1456,40901,4,9,1,E,38714.00175,-93785424.4
1457,91980180.13,38348.60944,1458,1457,20901,2,9,1,W,38348.6031,-91980149.41
1458,92924086.4,38589.48641,1459,1458,40902,4,9,2,E,38589.48005,-92924055.59
1459,93011159.72,38609.41613,1460,1459,40906,4,9,6,E,38609.40983,-93011128.77
1460,92919103.42,38559.84941,1461,1460,40903,4,9,3,E,38559.84297,-92919072.6
1461,92191225.18,38409.7177,1462,1461,40905,4,9,5,E,38409.7115,-92191195.67
1462,92901141.75,38531.50835,1463,1462,40904,4,9,4,E,38531.5021,-92901111
1463,92494775.81,38515.29633,1464,1463,40917,4,9,17,E,38515.28984,-92494745.14
1464,93034969.9,38613.4887,1465,1464,40916,4,9,16,E,38613.4822,-93034939.19
1465,92828697.52,38544.38177,1466,1465,40915,4,9,15,E,38544.37546,-92828666.91
1466,93139563.2,38557.26332,1467,1466,40914,4,9,14,E,38557.2569,-93139532.64
1467,92772933.43,38582.98722,1468,1467,40913,4,9,13,E,38582.98071,-92772902.91
1468,92816147.98,38518.66657,1469,1468,40912,4,9,12,E,38518.66012,-92816117.52
1469,92604228.13,38486.83853,1470,1469,40911,4,9,11,E,38486.8322,-92604197.46
1470,92170878.81,38401.14233,1471,1470,40910,4,9,10,E,38401.13599,-92170848.63
1471,55669898.17,36157.0231,1472,1471,40822,4,8,22,E,36157.01725,-55669879.94
1472,87241157.52,36689.71597,1473,1472,20806,2,8,6,W,36689.70985,-87241128.78
1473,94405447.53,38869.3871,1474,1473,40821,4,8,21,E,38869.38051,-94405415.93
1474,94085262.46,38790.13018,1475,1474,20805,2,8,5,W,38790.12398,-94085231.86
1475,92086192.52,38387.67511,1476,1475,20804,2,8,4,W,38387.66889,-92086162.54
1476,94323138.99,38868.2019,1477,1476,40820,4,8,20,E,38868.19554,-94323107.85
1477,94001285.99,38739.24092,1478,1477,40809,4,8,9,E,38739.23462,-94001254.82
1478,92007742.94,38389.70297,1479,1478,20803,2,8,3,W,38389.69678,-92007712.91
1479,94257616.18,38832.33706,1480,1479,40808,4,8,8,E,38832.33059,-94257585.07
1480,92725973.69,38569.78658,1481,1480,20802,2,8,2,W,38569.78027,-92725942.99
1481,93873503.96,38752.00954,1482,1481,40819,4,8,19,E,38752.00314,-93873472.61
1482,92104453.2,38362.67335,1483,1482,20801,2,8,1,W,38362.66692,-92104422.49
1483,93709365.96,38765.35077,1484,1483,40807,4,8,7,E,38765.3444,-93709335.08
1484,92792307.4,38509.83191,1485,1484,40802,4,8,2,E,38509.8255,-92792277.3
1485,93539043.15,38672.62339,1486,1485,40803,4,8,3,E,38672.61698,-93539012.02
1486,93964061.29,38762.7894,1487,1486,40804,4,8,4,E,38762.78302,-93964030.22
1487,93202635.33,38604.6836,1488,1487,40806,4,8,6,E,38604.67723,-93202604.76
1488,93245658.67,38657.43927,1489,1488,40801,4,8,1,E,38657.43294,-93245628.01
1489,92972572.15,38620.26422,1490,1489,40805,4,8,5,E,38620.25785,-92972542.14
1490,94671657.41,38886.92508,1491,1490,40817,4,8,17,E,38886.91859,-94671626.2
1491,94720467.21,38917.46886,1492,1491,40816,4,8,16,E,38917.46242,-94720435.93
1492,93920823.6,38838.91179,1493,1492,40818,4,8,18,E,38838.90551,-93920792.53
1493,94071914.37,38829.36904,1494,1493,40815,4,8,15,E,38829.36276,-94071883.22
1494,93872034.36,38783.49012,1495,1494,40814,4,8,14,E,38783.4838,-93872003.11
1495,93664999.66,38779.04956,1496,1495,40813,4,8,13,E,38779.04321,-93664968.74
1496,92025685.58,38477.23279,1497,1496,40812,4,8,12,E,38477.22636,-92025654.72
1497,92424626.09,38505.7201,1498,1497,40811,4,8,11,E,38505.71381,-92424596.52
1498,93044598.86,38568.30406,1499,1498,40810,4,8,10,E,38568.29762,-93044567.84
1499,8548867.888,14856.11758,1500,1499,20807,2,8,7,W,14856.11505,-8548865.167
1500,27904834.23,25041.0348,1501,1500,20707,2,7,7,W,25041.03062,-27904825.08
1501,92554506.78,38487.11041,1502,1501,20706,2,7,6,W,38487.10411,-92554475.9
1502,73464323.56,35589.14597,1503,1502,40722,4,7,22,E,35589.13988,-73464298.82
1503,93492716.2,38726.60501,1504,1503,20705,2,7,5,W,38726.59849,-93492685.24
1504,95183654.99,38995.50695,1505,1504,40721,4,7,21,E,38995.50037,-95183623.33
1505,92304363.3,38463.44696,1506,1505,20704,2,7,4,W,38463.44079,-92304333.78
1506,93544673.55,38626.5411,1507,1506,20703,2,7,3,W,38626.53477,-93544643.12
1507,93996921.79,38770.11087,1508,1507,20702,2,7,2,W,38770.10448,-93996890.87
1508,94611903.2,38942.88102,1509,1508,40720,4,7,20,E,38942.8745,-94611871.59
1509,93659339.58,38718.55203,1510,1509,40709,4,7,9,E,38718.54548,-93659308.5
1510,93407776.59,38674.036,1511,1510,40708,4,7,8,E,38674.02963,-93407746.11
1511,92781793.4,38527.42586,1512,1511,20701,2,7,1,W,38527.41932,-92781762.47
1512,93275286.88,38640.91108,1513,1512,40701,4,7,1,E,38640.90471,-93275255.94
1513,91876888.02,38326.12843,1514,1513,40702,4,7,2,E,38326.12219,-91876858.08
1514,93922242.47,38729.98664,1515,1514,40707,4,7,7,E,38729.98029,-93922211.44
1515,92539482.02,38448.55731,1516,1515,40706,4,7,6,E,38448.55101,-92539451.79
1516,91525917.91,38267.6454,1517,1516,40703,4,7,3,E,38267.63923,-91525887.85
1517,93489130.23,38714.08465,1518,1517,40719,4,7,19,E,38714.07823,-93489099.51
1518,91574287.5,38241.48665,1519,1518,40704,4,7,4,E,38241.4803,-91574257.16
1519,92305257.77,38392.13375,1520,1519,40705,4,7,5,E,38392.12736,-92305227.48
1520,94331253.24,38739.38235,1521,1520,40718,4,7,18,E,38739.37601,-94331221.55
1521,94237822.35,38849.26688,1522,1521,40717,4,7,17,E,38849.26043,-94237790.75
1522,93965141.43,38791.18262,1523,1522,40716,4,7,16,E,38791.17597,-93965110.34
1523,94430902.5,38845.42162,1524,1523,40715,4,7,15,E,38845.41505,-94430871.31
1524,93671302.31,38688.84103,1525,1524,40714,4,7,14,E,38688.83475,-93671271.28
1525,94048919.54,38808.10681,1526,1525,40713,4,7,13,E,38808.10048,-94048888.82
1526,92678841.41,38517.65844,1527,1526,40712,4,7,12,E,38517.65214,-92678810.93
1527,92190673.83,38427.47093,1528,1527,40711,4,7,11,E,38427.46465,-92190642.95
1528,93497946.6,38694.24543,1529,1528,40710,4,7,10,E,38694.23909,-93497915.71
1529,12893565.72,22906.79954,1530,1529,20607,2,6,7,W,22906.79581,-12893561.41
1530,92981388.71,38572.48503,1531,1530,20606,2,6,6,W,38572.47879,-92981358.98
1531,94335629.31,38783.36453,1532,1531,20605,2,6,5,W,38783.35813,-94335598.43
1532,86988098.66,38321.59157,1533,1532,40622,4,6,22,E,38321.58516,-86988069.78
1533,93560715.94,38679.46048,1534,1533,20604,2,6,4,W,38679.45425,-93560685.08
1534,94097929.12,38777.76697,1535,1534,40621,4,6,21,E,38777.76059,-94097897.96
1535,94011583.1,38754.67024,1536,1535,20603,2,6,3,W,38754.66386,-94011552.21
1536,93758353.41,38742.23477,1537,1536,20602,2,6,2,W,38742.22834,-93758322.46
1537,93731607.88,38739.57031,1538,1537,40601,4,6,1,E,38739.56393,-93731576.89
1538,93707758.14,38736.38968,1539,1538,40602,4,6,2,E,38736.38319,-93707727.36
1539,94133159.01,38783.82453,1540,1539,40603,4,6,3,E,38783.81828,-94133128.34
1540,94412301.85,38872.83123,1541,1540,40609,4,6,9,E,38872.82499,-94412271.38
1541,93207977.33,38634.93608,1542,1541,40608,4,6,8,E,38634.92987,-93207946.58
1542,92521110.34,38526.5718,1543,1542,40604,4,6,4,E,38526.56528,-92521079.66
1543,93092987.36,38624.84967,1544,1543,20601,2,6,1,W,38624.84329,-93092956.52
1544,93743551.12,38733.34047,1545,1544,40620,4,6,20,E,38733.33382,-93743519.82
1545,92971148.29,38577.13664,1546,1545,40606,4,6,6,E,38577.13027,-92971117.28
1546,93272211.34,38611.67716,1547,1546,40607,4,6,7,E,38611.67087,-93272180.51
1547,92935017.94,38585.7268,1548,1547,40605,4,6,5,E,38585.7204,-92934987.12
1548,93496953.46,38665.76068,1549,1548,40619,4,6,19,E,38665.75428,-93496922.33
1549,93531960.27,38692.66785,1550,1549,40618,4,6,18,E,38692.66145,-93531929.14
1550,93826873.12,38825.49484,1551,1550,40617,4,6,17,E,38825.4884,-93826841.86
1551,94952025.69,38931.84639,1552,1551,40616,4,6,16,E,38931.83989,-94951994.11
1552,94710076.71,38976.33129,1553,1552,40615,4,6,15,E,38976.32477,-94710045.23
1553,94306415.13,38783.52007,1554,1553,40612,4,6,12,E,38783.51345,-94306383.8
1554,93890576.37,38764.59886,1555,1554,40613,4,6,13,E,38764.59224,-93890545.25
1555,92973773.55,38643.24254,1556,1555,40614,4,6,14,E,38643.23634,-92973742.32
1556,93826275.98,38679.60493,1557,1556,40611,4,6,11,E,38679.59835,-93826244.78
1557,92865013.33,38668.6196,1558,1557,40610,4,6,10,E,38668.61322,-92864982.33
1558,2069712.348,10508.62496,1559,1558,20507,2,5,7,W,10508.62314,-2069711.868
1559,77914079.64,36778.62469,1560,1559,20506,2,5,6,W,36778.61883,-77914053.82
1560,92400895.28,38445.02958,1561,1560,40522,4,5,22,E,38445.02315,-92400864.36
1561,94003524.52,38757.22698,1562,1561,20505,2,5,5,W,38757.22061,-94003493.62
1562,93180557.08,38648.71279,1563,1562,20504,2,5,4,W,38648.70646,-93180526.06
1563,93517377.47,38710.62233,1564,1563,40521,4,5,21,E,38710.61587,-93517346.19
1564,94036921.33,38799.7989,1565,1564,20503,2,5,3,W,38799.79251,-94036890.38
1565,94558630.18,38884.58959,1566,1565,20502,2,5,2,W,38884.58311,-94558599.16
1566,94543175.14,38892.93702,1567,1566,40501,4,5,1,E,38892.93063,-94543144.11
1567,94078441.16,38790.17063,1568,1567,40502,4,5,2,E,38790.16435,-94078410.03
1568,93815006.49,38711.0115,1569,1568,40520,4,5,20,E,38711.00506,-93814975.02
1569,94443704.7,38869.08697,1570,1569,20501,2,5,1,W,38869.08051,-94443673.54
1570,93614744.39,38690.47499,1571,1570,40503,4,5,3,E,38690.46888,-93614713.62
1571,92837111.41,38542.43424,1572,1571,40504,4,5,4,E,38542.42795,-92837081.38
1572,93367337.42,38638.66155,1573,1572,40506,4,5,6,E,38638.65515,-93367306.55
1573,92684306.52,38566.17816,1574,1573,40507,4,5,7,E,38566.1717,-92684275.71
1574,92321049.79,38442.18951,1575,1574,40508,4,5,8,E,38442.18308,-92321018.72
1575,93084183.34,38623.48756,1576,1575,40505,4,5,5,E,38623.4812,-93084152.26
1576,92094251.07,38371.59653,1577,1576,40509,4,5,9,E,38371.59024,-92094220.54
1577,93826126.77,38732.08666,1578,1577,40519,4,5,19,E,38732.08021,-93826095.43
1578,93719004.63,38732.25493,1579,1578,40518,4,5,18,E,38732.24838,-93718973.38
1579,93674604.31,38719.1294,1580,1579,40517,4,5,17,E,38719.12286,-93674573.28
1580,95387315.67,39013.23674,1581,1580,40513,4,5,13,E,39013.23025,-95387283.51
1581,95169851.66,38976.37488,1582,1581,40514,4,5,14,E,38976.36851,-95169820.74
1582,94240104.75,38818.31904,1583,1582,40516,4,5,16,E,38818.3128,-94240073.48
1583,93779858.11,38769.99459,1584,1583,40512,4,5,12,E,38769.98819,-93779826.97
1584,94614715.13,38913.95236,1585,1584,40515,4,5,15,E,38913.94599,-94614683.3
1585,93244038.83,38588.91303,1586,1585,40511,4,5,11,E,38588.90661,-93244007.73
1586,92772330.05,38530.20487,1587,1586,40510,4,5,10,E,38530.19849,-92772299.4
1587,2636359.136,6495.257948,1588,1587,40523,4,5,23,E,6495.256799,-2636358.219
1588,45510632.7,28947.92206,1589,1588,20406,2,4,6,W,28947.9174,-45510618.12
1589,93739237.21,38696.02371,1590,1589,20405,2,4,5,W,38696.01716,-93739206.14
1590,47336780.08,32317.35584,1591,1590,40423,4,4,23,E,32317.35051,-47336764.51
1591,92177040.14,38409.44903,1592,1591,40422,4,4,22,E,38409.4427,-92177009.14
1592,93528644.7,38746.28436,1593,1592,20404,2,4,4,W,38746.27789,-93528613.71
1593,92529428.86,38489.59788,1594,1593,40421,4,4,21,E,38489.59139,-92529397.69
1594,94524921.76,38875.53517,1595,1594,20403,2,4,3,W,38875.52865,-94524890.37
1595,92374969.25,38488.69102,1596,1595,40420,4,4,20,E,38488.68419,-92374938.36
1596,93595751.78,38687.2002,1597,1596,20402,2,4,2,W,38687.19393,-93595720.87
1597,93109206.84,38633.94251,1598,1597,40402,4,4,2,E,38633.93613,-93109175.9
1598,93334929.15,38683.18756,1599,1598,40403,4,4,3,E,38683.18116,-93334898.27
1599,91801171.35,38340.92214,1600,1599,40409,4,4,9,E,38340.9158,-91801140.49
1600,92860581.31,38549.74908,1601,1600,40407,4,4,7,E,38549.74268,-92860551.08
1601,94317852.97,38841.11222,1602,1601,20401,2,4,1,W,38841.10578,-94317821.79
1602,91405998.47,38303.34182,1603,1602,40408,4,4,8,E,38303.33539,-91405968.01
1603,93484058.87,38605.92509,1604,1603,40406,4,4,6,E,38605.9187,-93484027.71
1604,93193393.82,38596.23744,1605,1604,40401,4,4,1,E,38596.23093,-93193362.96
1605,92673699.79,38517.76535,1606,1605,40404,4,4,4,E,38517.75905,-92673669.16
1606,93343826.64,38639.53826,1607,1606,40405,4,4,5,E,38639.53189,-93343795.72
1607,92828265.03,38559.25653,1608,1607,40419,4,4,19,E,38559.25011,-92828233.88
1608,92799679.21,38487.59906,1609,1608,40418,4,4,18,E,38487.59265,-92799648.19
1609,92063473.3,38408.06115,1610,1609,40417,4,4,17,E,38408.05462,-92063442.51
1610,92470625.43,38447.07276,1611,1610,40416,4,4,16,E,38447.06622,-92470594.39
1611,93720499.55,38687.42218,1612,1611,40412,4,4,12,E,38687.41571,-93720468.38
1612,93536252.6,38827.17418,1613,1612,40413,4,4,13,E,38827.16784,-93536221.76
1613,94251026.56,38828.3298,1614,1613,40414,4,4,14,E,38828.32311,-94250994.22
1614,93000593.52,38607.63626,1615,1614,40415,4,4,15,E,38607.62968,-93000562.65
1615,94232152.82,38822.54097,1616,1615,40411,4,4,11,E,38822.53454,-94232121.45
1616,94386640.91,38818.51043,1617,1616,40410,4,4,10,E,38818.50379,-94386609.59
1617,47229111.4,32640.70112,1618,1617,40323,4,3,23,E,32640.69553,-47229095.5
1618,15423513.16,18966.26275,1619,1618,20306,2,3,6,W,18966.25962,-15423507.84
1619,81313967.99,36631.4744,1620,1619,20305,2,3,5,W,36631.46839,-81313941.28
1620,93407567,38680.9448,1621,1620,40322,4,3,22,E,38680.93832,-93407535.54
1621,93872831.99,38721.77097,1622,1621,40321,4,3,21,E,38721.76443,-93872800.57
1622,94764259.44,38910.47881,1623,1622,20304,2,3,4,W,38910.47244,-94764228.17
1623,93613278.48,38644.72279,1624,1623,40320,4,3,20,E,38644.71607,-93613246.83
1624,94608558.84,38924.75332,1625,1624,20303,2,3,3,W,38924.74681,-94608527.37
1625,93452606.12,38642.21237,1626,1625,40309,4,3,9,E,38642.20577,-93452574.97
1626,93599881.29,38721.92577,1627,1626,20302,2,3,2,W,38721.91932,-93599850.19
1627,93940465.99,38743.65931,1628,1627,40302,4,3,2,E,38743.65301,-93940434.96
1628,93769678.96,38735.85865,1629,1628,40303,4,3,3,E,38735.85218,-93769647.94
1629,91928047.26,38388.75899,1630,1629,40308,4,3,8,E,38388.75246,-91928016.8
1630,93118101.01,38610.126,1631,1630,40307,4,3,7,E,38610.11981,-93118070.21
1631,93377241.86,38652.4036,1632,1631,40306,4,3,6,E,38652.397,-93377210.86
1632,93171032.96,38642.34288,1633,1632,40319,4,3,19,E,38642.33641,-93171001.63
1633,93318341.12,38674.2859,1634,1633,40301,4,3,1,E,38674.27938,-93318310.15
1634,93963880.03,38834.09096,1635,1634,20301,2,3,1,W,38834.08455,-93963848.91
1635,93700953.05,38723.88959,1636,1635,40305,4,3,5,E,38723.88301,-93700921.78
1636,92616281.15,38513.88904,1637,1636,40304,4,3,4,E,38513.88262,-92616250.4
1637,93052870.85,38590.1257,1638,1637,40318,4,3,18,E,38590.11928,-93052839.67
1638,93072436.18,38637.02696,1639,1638,40317,4,3,17,E,38637.0205,-93072404.92
1639,93132711.68,38629.89692,1640,1639,40316,4,3,16,E,38629.89039,-93132680.57
1640,94213529.89,38853.99911,1641,1640,40312,4,3,12,E,38853.99255,-94213498.07
1641,94173581.39,38815.65379,1642,1641,40313,4,3,13,E,38815.64746,-94173550.36
1642,93290647.21,38565.4014,1643,1642,40315,4,3,15,E,38565.39505,-93290616.02
1643,93664232.02,38766.66078,1644,1643,40311,4,3,11,E,38766.65425,-93664200.85
1644,93470617.73,38715.99905,1645,1644,40314,4,3,14,E,38715.99265,-93470586.68
1645,93246466.11,38632.93454,1646,1645,40310,4,3,10,E,38632.92817,-93246435.11
1646,32129528.48,25936.25854,1647,1646,40223,4,2,23,E,25936.25417,-32129517.61
1647,93046241.43,38625.36349,1648,1647,40222,4,2,22,E,38625.3569,-93046210.1
1648,93249715.3,38606.81835,1649,1648,40221,4,2,21,E,38606.81189,-93249683.93
1649,472374.1907,3454.831573,1650,1649,20205,2,2,5,W,3454.831023,-472373.9646
1650,20752947.02,23917.27164,1651,1650,20204,2,2,4,W,23917.26759,-20752939.83
1651,92941364.25,38588.25034,1652,1651,40220,4,2,20,E,38588.24395,-92941333
1652,93126594.98,38619.19533,1653,1652,40209,4,2,9,E,38619.18887,-93126563.83
1653,56055577.17,36090.4211,1654,1653,20203,2,2,3,W,36090.41522,-56055558.86
1654,94259438.46,38754.95393,1655,1654,20202,2,2,2,W,38754.9476,-94259407.43
1655,92612396.51,38489.74092,1656,1655,40208,4,2,8,E,38489.73444,-92612365.68
1656,93227264.16,38617.4957,1657,1656,40207,4,2,7,E,38617.48942,-93227233.17
1657,93209858.88,38621.65446,1658,1657,40219,4,2,19,E,38621.64801,-93209827.4
1658,93316242.54,38632.916,1659,1658,40206,4,2,6,E,38632.90959,-93316211.13
1659,93817596.65,38705.21871,1660,1659,40201,4,2,1,E,38705.21217,-93817565.62
1660,93450914.7,38630.96797,1661,1660,40202,4,2,2,E,38630.96156,-93450883.92
1661,93538451.36,38664.33807,1662,1661,40205,4,2,5,E,38664.33169,-93538420.47
1662,93307251.11,38664.77299,1663,1662,20201,2,2,1,W,38664.76672,-93307220.31
1663,93811267.4,38701.95358,1664,1663,40203,4,2,3,E,38701.94722,-93811236.43
1664,93334036.68,38628.94412,1665,1664,40204,4,2,4,E,38628.9376,-93334005.82
1665,93309600.88,38638.49947,1666,1665,40218,4,2,18,E,38638.49274,-93309569.6
1666,93299747,38586.56016,1667,1666,40217,4,2,17,E,38586.55373,-93299715.48
1667,93302540.74,38616.54522,1668,1667,40216,4,2,16,E,38616.53873,-93302509.34
1668,93083225.55,38670.90779,1669,1668,40215,4,2,15,E,38670.90142,-93083194.45
1669,94250322.86,38823.69093,1670,1669,40212,4,2,12,E,38823.68459,-94250291.68
1670,93500047.6,38718.302,1671,1670,40213,4,2,13,E,38718.29525,-93500015.43
1671,93973833.04,38751.54451,1672,1671,40211,4,2,11,E,38751.53804,-93973801.17
1672,93840887.67,38775.14825,1673,1672,40214,4,2,14,E,38775.14184,-93840856.23
1673,93291233.28,38626.54862,1674,1673,40210,4,2,10,E,38626.54226,-93291202.07
1674,32672661.06,26259.64236,1675,1674,40123,4,1,23,E,26259.63786,-32672650.13
1675,94380357.04,38833.46958,1676,1675,40122,4,1,22,E,38833.46316,-94380325.23
1676,93574423.74,38734.46109,1677,1676,40121,4,1,21,E,38734.45456,-93574392.1
1677,93788562.82,38738.87959,1678,1677,40120,4,1,20,E,38738.87324,-93788531.21
1678,103069646.4,40625.90732,1679,1678,40109,4,1,9,E,40625.90045,-103069612.2
1679,100337180.7,40074.2433,1680,1679,40108,4,1,8,E,40074.23669,-100337147.3
1680,93673670.93,38708.82847,1681,1680,40119,4,1,19,E,38708.82195,-93673639.45
1681,98254798.35,39674.72223,1682,1681,40107,4,1,7,E,39674.71566,-98254765.23
1682,3676596.106,8878.455961,1683,1682,20103,2,1,3,W,8878.454414,-3676594.808
1683,97061051.53,39439.66681,1684,1683,40105,4,1,5,E,39439.66053,-97061019.19
1684,97489437.6,39536.49226,1685,1684,40106,4,1,6,E,39536.48565,-97489405.47
1685,84730378.45,37575.03287,1686,1685,20102,2,1,2,W,37575.02657,-84730350.18
1686,94023552.18,38718.39261,1687,1686,20101,2,1,1,W,38718.38619,-94023520.98
1687,95287845.78,39077.41786,1688,1687,40104,4,1,4,E,39077.41133,-95287814.02
1688,93972959.17,38793.0568,1689,1688,40101,4,1,1,E,38793.05043,-93972927.53
1689,93606536.34,38729.20499,1690,1689,40102,4,1,2,E,38729.19853,-93606505.33
1690,93572826.66,38758.642,1691,1690,40103,4,1,3,E,38758.6356,-93572795.72
1691,93838677.31,38790.66503,1692,1691,40118,4,1,18,E,38790.65818,-93838645.53
1692,94299779.96,38831.28297,1693,1692,40117,4,1,17,E,38831.2766,-94299748.42
1693,94234523.14,38831.11833,1694,1693,40116,4,1,16,E,38831.1119,-94234491.51
1694,94341220.97,38863.71601,1695,1694,40115,4,1,15,E,38863.70941,-94341189.18
1695,94714292.36,38883.13534,1696,1695,40112,4,1,12,E,38883.12893,-94714260.23
1696,94348869.19,38876.91259,1697,1696,40113,4,1,13,E,38876.9059,-94348838.04
1697,94246683.21,38848.86707,1698,1697,40111,4,1,11,E,38848.86046,-94246651.37
1698,93316765.39,38682.26091,1699,1698,40110,4,1,10,E,38682.25436,-93316734.41
1699,95002244.37,38941.64101,1700,1699,40114,4,1,14,E,38941.63442,-95002212.17