"catalogNumber","county","collectedBy","t_num","t_dir","r_num","r_dir"
"SUWS017546","Douglas","Hlina, Paul",48,"N",12,"W"
"SUWS017447","Douglas","Hlina, Matt",48,"N",12,"W"
"SUWS017444","Douglas","Hlina, Paul",48,"N",12,"W"
"SUWS017551","Douglas","Anderson, Derek S.",48,"N",12,"W"
"SUWS017507","Douglas","Senti, Peter",48,"N",12,"W"
"SUWS017404","Douglas","Anderson, Derek S.",48,"N",12,"W"
"SUWS017541","Douglas","Bergman, Nils",48,"N",12,"W"
"SUWS017554","Douglas","Bergman, Nils",48,"N",12,"W"
"SUWS017409","Douglas","Davidson, Donald W.",48,"N",12,"W"
"SUWS017540","Douglas","Bergman, Nils",48,"N",12,"W"
"SUWS017416","Douglas","Bergman, Nils",48,"N",12,"W"
"SUWS017424","Douglas","Anderson, Derek S.",48,"N",12,"W"
"SUWS017425","Douglas","Stauff, Janelle",48,"N",12,"W"
"SUWS017438","Douglas","Hlina, Paul",48,"N",12,"W"
"SUWS017439","Douglas","Hlina, Paul",48,"N",12,"W"
"SUWS017442","Douglas","Crook, Trista",48,"N",12,"W"
"SUWS017443","Douglas","Hlina, Paul",48,"N",12,"W"
"SUWS017445","Douglas","Anderson, Derek S.",48,"N",12,"W"
"SUWS017451","Douglas","Hlina, Paul",48,"N",12,"W"
"SUWS017452","Douglas","Bergman, Nils",48,"N",12,"W"
"SUWS017548","Douglas","Davidson, Donald W.",48,"N",12,"W"
"SUWS017550","Douglas","Davidson, Donald W.",48,"N",12,"W"
"SUWS017543","Douglas","Bergman, Nils",48,"N",12,"W"
"SUWS017431","Douglas","Crook, Trista",48,"N",12,"W"
"SUWS017430","Douglas","Crook, Trista",48,"N",12,"W"
"SUWS017450","Douglas","Stauff, Janelle",48,"N",12,"W"
"SUWS017410","Douglas","Anderson, Derek S.",48,"N",12,"W"
"SUWS017552","Douglas","Bergman, Nils",48,"N",12,"W"
"SUWS009540","Bayfield","Koch, Rudy G.",50,"N",4,"W"
"SUWS010000","Ashland","Brashier",NA,NA,NA,NA
"SUWS010001","Bayfield","Granlund, Marvin",44,"N",7,"W"
"SUWS010004","Bayfield","Koch, Rudy G.",44,"N",8,"W"
"SUWS010005","Bayfield","Koch, Rudy G.",52,"N",5,"W"
"SUWS010006","Douglas","Thomson, John W., Jr.",45," N",11,"W"
"SUWS010007","Douglas","Zirngibl, William",49,"N",13,"W"
"SUWS010009","Douglas","Thomson, John W., Jr.",45," N",11,"W"
"SUWS010010","Ashland","Davidson, Donald W.",45,"N",4,"W"
"SUWS010011","Douglas","Zirngibl, William",49,"N",13,"W"
"SUWS010012","Ashland","Davidson, Donald W.",44,"N",4,"W"
"SUWS010013","Bayfield","Koch, Rudy G.",44,"N",7,"W"
"SUWS010014","Bayfield","Zarling, Ruth",45,"N",7,"W"
"SUWS010015","Ashland","Richardson, Timothy",45,"N",4,"W"
"SUWS010018","Oneida","Trick, Joel A.",39,"N",7,"E"
"SUWS010019","Douglas","Davidson, Donald W.",45,"N",14,"W"
"SUWS010020","Bayfield","Koch, Rudy G.",52,"N",4,"W "
"SUWS010023","Bayfield","Brashier",45,"N",8,"W"
"SUWS010024","Bayfield","Zarling, Ruth",45,"N",7,"W"
"SUWS010025","Bayfield","Severson, Bob",44,"N",7,"W"
"SUWS010026","Bayfield","Mitchell, John A.",46,"N",8,"W"
"SUWS010027","Bayfield","Cherf",45,"N",8,"W"
"SUWS010029","Marinette","Watson, Dale",32,"N",22,"E"
"SUWS010030","Bayfield","Zarling, Ruth",45,"N",7,"W"
"SUWS010031","Bayfield","Cherf",45,"N",8,"W"
"SUWS010032","Bayfield","Crass, Donna",45,"N",7,"W"
"SUWS010033","Bayfield","Brashier",45,"N",8,"W"
"SUWS010036","Douglas","Zirngibl, William",48,"N",13,"W"
"SUWS010037","Ashland","Davidson, Donald W.",45,"N",4,"W"
"SUWS010039","Bayfield","Pilt, Karen",45,"N",7,"W"
"SUWS010040","Ashland","Davidson, Donald W.",45,"N",4,"W"
"SUWS010042","Douglas","Zirngibl, William",49,"N",13,"W"
"SUWS010043","Sawyer","Heim, Michael",40,"N",9,"W"
"SUWS010044","Sawyer","Heim, Michael",40,"N",9,"W"
"SUWS010045","Rusk","Heim, Michael",NA,NA,NA,NA
"SUWS010046","Sawyer","Heim, Michael",40,"N",9,"W"
"SUWS010048","Douglas","Davidson, Donald W.",46,"N",14,"W"
"SUWS010049","Douglas","Davidson, Donald W.",46,"N",14,"W"
"SUWS010050","Ashland","Davidson, Donald W.",45,"N",4,"W"
"SUWS010051","Bayfield","Brashier",45,"N",8,"W"
"SUWS010052","Bayfield","Mitchell, John A.",47,"N",8,"W"
"SUWS010053","Bayfield","Johnson, Kurt",45,"N",7,"W"
"SUWS010054","Bayfield","Brashier",45,"N",8,"W"
"SUWS010056","Bayfield","Mitchell, John A.",47,"N",8,"W"
"SUWS010057","Douglas","",46,"N",11,"W"
"SUWS010059","Bayfield","Heim, Michael",45,"N",5,"W"
"SUWS010060","Douglas","Zirngibl, William",NA,NA,NA,NA
"SUWS010069","Burnett","Koch, Rudy G.",41,"N",16,"W"
"SUWS010070","Bayfield","Zarling, Ruth",45,"N",8,"W"
"SUWS010072","Price","Zirngibl, William",39,"N",1,"E"
"SUWS010073","Bayfield","Johnson, Robbye",45,"N",8,"W"
"SUWS010074","Bayfield","Askagard, Todd",NA,NA,NA,NA
"SUWS010075","Bayfield","Johnson, Robbye",48,"N",8,"W"
"SUWS010076","Douglas","Johnson, Robbye",43,"N",13,"W"
"SUWS010078","Douglas","Thomson, John W., Jr.",49,"N",14,"W"
"SUWS010080","La Crosse","Davis, J. D.",16,"N",5,"W"
"SUWS010081","Douglas","Stackler, Susan",46,"N",15,"W"
"SUWS010082","Douglas","Clements, Jimmy D.",49,"N",14,"W"
"SUWS010083","Vernon","Brimmer, K.",14,"N",6,"W"
"SUWS010084","Douglas","Thomson, John W., Jr.",47,"N",15,"W"
"SUWS010086","Douglas","Koch, Rudy G.",47,"N",14,"W"
"SUWS010088","Iron","Koch, Rudy G.",44,"N",3,"E"
"SUWS010089","Douglas","Thomson, John W., Jr.",NA,NA,NA,NA
"SUWS010090","Bayfield","Cherf",45,"N",8,"W"
"SUWS010091","Bayfield","Brashier",45,"N",8,"W"
"SUWS010092","Douglas","Thomson, John W., Jr.",46," N",10,"W"
"SUWS010093","Douglas","Koch, Rudy G.",47,"N",14,"W"
"SUWS010094","Bayfield","Koch, Rudy G.",45,"N",7,"W"
"SUWS010095","Bayfield","Brashier",45,"N",8,"W"
"SUWS010097","Bayfield","Brashier",45,"N",8,"W"
"SUWS010098","Bayfield","Brashier",45,"N",8,"W"
"SUWS010098b","Ashland","Brashier",NA,NA,NA,NA
"SUWS010099","Bayfield","Koch, Rudy G.",46,"N",8,"W"
"SUWS010100","Washburn","Koch, Rudy G.",41,"N",12,"W"
"SUWS010101","Bayfield","Koch, Rudy G.",50,"N",4,"W"
"SUWS010102","Iron","Koch, Rudy G.",46,"N",2,"E"
"SUWS010103","Douglas","Thomson, John W., Jr.",49,"N",13,"W"
"SUWS010104","Burnett","Koch, Rudy G.",42,"N",15,"W"
"SUWS010105","Bayfield","Koch, Rudy G.",45,"N",7,"W"
"SUWS010106","Bayfield","Koch, Rudy G.",51,"N",5,"W"
"SUWS010112","Douglas","Koch, Rudy G.",48,"N",12,"W"
"SUWS010113","Bayfield","Parrish",45,"N",8,"W"
"SUWS010114","Douglas","Koch, Rudy G.",47,"N",14,"W"
"SUWS010115","Douglas","Gitar",49,"N",14,"W"
"SUWS010116","Ashland","Koch, Rudy G.",51,"N",3,"W"
"SUWS010117","Bayfield","Brashier",45,"N",8,"W"
"SUWS010118","Bayfield","Thomson, John W., Jr.",48,"N",9,"W"
"SUWS010119","Ashland","Koch, Rudy G.",42,"N",2,"W"
"SUWS010120","Douglas","Koch, Rudy G.",46,"N",15,"W"
"SUWS010121","Bayfield","Koch, Rudy G.",45,"N",8,"W"
"SUWS010123","Douglas","Thomson, John W., Jr.",46," N",11,"W"
"SUWS010124","Douglas","Thomson, John W., Jr.",49," N",10,"W"
"SUWS010125","Douglas","Thomson, Olive S.",47,"N",10,"W"
"SUWS010126","Douglas","Michell, John",46,"N",10,"W"
"SUWS010127","Douglas","Thomson, John W., Jr.",49,"N",13,"W"
"SUWS010129","Douglas","Koch, Rudy G.",48,"N",12,"W"
"SUWS010130","Iron","Koch, Rudy G.",45,"N",3,"E"
"SUWS010131","Douglas","Mitchell, John A.",46,"N",10,"W"
"SUWS010132","Douglas","",NA,NA,NA,NA
"SUWS010133","Bayfield","Thomson, John W., Jr.",48,"N",9,"W"
"SUWS010134","Douglas","Stackler, Susan",46,"N",15,"W"
"SUWS010135","Buffalo","Peck, James H.",20,"N",12,"W"
"SUWS010136","Douglas","",47,"N",15,"W"
"SUWS010138","Bayfield","Brashier",45,"N",8,"W"
"SUWS010139","La Crosse","Sohmer, S. H.",17,"N",8,"W"
"SUWS010140","Waushara","Parfitt, Bruce",19,"N",13,"E"
"SUWS010141","Douglas","Koch, Rudy G.",47,"N",14,"W"
"SUWS010142","Douglas","Thomson, John W., Jr.",47," N",14,"W"
"SUWS010143","Douglas","Thomson, John W., Jr.",48," N",10,"W"
"SUWS010144","Douglas","Thomson, John W., Jr.",48," N",12,"W"
"SUWS010145","Iron","Koch, Rudy G.",46,"N",2,"E"
"SUWS010147","Douglas","Thomson, John W., Jr.",47,"N",10,"W"
"SUWS010148","Ashland","Koch, Rudy G.",52,"N",2,"W"
"SUWS010149","La Crosse","Peck, James H.",16,"N",6,"W"
"SUWS010150","Bayfield","Brashier",45,"N",8,"W"
"SUWS010151","Bayfield","Koch, Rudy G.",52,"N",4,"W "
"SUWS010152","Bayfield","Koch, Rudy G.",45,"N",7,"W"
"SUWS010153","Douglas","Collinson, Keith",49,"N",14,"W"
"SUWS010154","Douglas","Koch, Rudy G.",46,"N",15,"W"
"SUWS010155","Douglas","Koch, Rudy G.",44,"N",14,"W"
"SUWS010157","Douglas","Thomson, John W., Jr.",45," N",11,"W"
"SUWS010158","Douglas","Koch, Rudy G.",44,"N",14,"W"
"SUWS010158b","Douglas","Stackler, Susan",46,"N",15,"W"
"SUWS010159","Bayfield","Brashier",45,"N",8,"W"
"SUWS010160","Ashland","Koch, Rudy G.",42,"N",2,"W"
"SUWS010162","Iron","Koch, Rudy G.",46,"N",2,"E"
"SUWS010164","Bayfield","Brashier",45,"N",8,"W"
"SUWS010165","Douglas","Koch, Rudy G.",46,"N",15,"W"
"SUWS010166","La Crosse","Nelson, C. J.",16,"N",6,"W"
"SUWS010167","Douglas","Thomson, John W., Jr.",47," N",10,"W"
"SUWS010168","Sawyer","Davis, J. D.",41,"N",7,"W"
"SUWS010169","Douglas","Thomson, John W., Jr.",47,"N",10,"W"
"SUWS010170","Douglas","Thomson, John W., Jr.",46," N",11,"W"
"SUWS010171","Douglas","Koch, Rudy G.",44,"N",12,"W"
"SUWS010172","Douglas","Thomson, John W., Jr.",46,"N",10,"W"
"SUWS010173","Douglas","Thomson, John W., Jr.",47," N",10,"W"
"SUWS010174","Douglas","Koch, Rudy G.",49,"N",13,"W"
"SUWS010175","Ashland","Koch, Rudy G.",51,"N",3,"W"
"SUWS010179","Ashland","Koch, Rudy G.",49,"N",3,"W"
"SUWS010180","Columbia","Smith, W. A.",11,"N",8,"E"
"SUWS010181","Douglas","Charboneau, E.",49,"N",13,"W"
"SUWS010184","Douglas","Koch, Rudy G.",49,"N",14,"W"
"SUWS010186","Vernon","Chen, Jane Meau",14,"N",7,"W"
"SUWS010187","Douglas","Thomson, John W., Jr.",47," N",10,"W"
"SUWS010190","Douglas","Thomson, John W., Jr.",47," N",10,"W"
"SUWS010191","Douglas","Thomson, John W., Jr.",46," N",10,"W"
"SUWS010192","Bayfield","Lahti, Duane",46,"N",8,"W"
"SUWS010193","Douglas","Thomson, John W., Jr.",46," N",10,"W"
"SUWS010194","Rusk","Iltis, Hugh H.",36,"N",3,"W"
"SUWS010195","Douglas","Thomson, John W., Jr.",46," N",11,"W"
"SUWS010196","Ashland","Pellett, T. D.",48,"N",2,"W"
"SUWS010199","Douglas","Thomson, John W., Jr.",44," N",12,"W"
"SUWS010200","Douglas","Swanson, Denny",46,"N",13,"W"
"SUWS010201","La Crosse","Severson, S.",17,"N",7,"W"
"SUWS010202","Bayfield","Koch, Rudy G.",51,"N",7,"W"
"SUWS010204","Bayfield","Lahti, Duane",48,"N",9,"W"
"SUWS010205","Bayfield","Koch, Rudy G.",50,"N",8,"W"
"SUWS010207","Douglas","Thomson, John W., Jr.",46," N",10,"W"
"SUWS010208","Douglas","Thomson, John W., Jr.",46," N",10,"W"
"SUWS010210","Douglas","Thomson, John W., Jr.",46," N",10,"W"
"SUWS010211","Bayfield","Koch, Rudy G.",51,"N",4,"W"
"SUWS010213","Douglas","Thomson, John W., Jr.",46," N",10,"W"
"SUWS010214","Bayfield","Lahti, Duane",46,"N",8,"W"
"SUWS010215","Waupaca","Harriman, Neil A.",21,"N",13,"E"
"SUWS010216","Vernon","Sohmer, S. H.",13,"N",7,"W"
"SUWS010217","Douglas","Thomson, John W., Jr.",46," N",10,"W"
"SUWS010218","Douglas","Thomson, John W., Jr.",47," N",10,"W"
"SUWS010219","Douglas","Thomson, John W., Jr.",46," N",10,"W"
"SUWS010220","La Crosse","Severson, S.",17,"N",7,"W"
"SUWS010221","Bayfield","Koch, Rudy G.",50,"N",8,"W"
"SUWS010222","Douglas","Thomson, John W., Jr.",46," N",10,"W"
"SUWS010223","Douglas","Thomson, John W., Jr.",46," N",10,"W"
"SUWS010224","Bayfield","Koch, Rudy G.",50,"N",8,"W"
"SUWS010225","Douglas","Koch, Rudy G.",49,"N",13,"W"
"SUWS010226","Vernon","Swanson, Steven D.",14,"N",7,"W"
"SUWS010227","Douglas","Thomson, John W., Jr.",47," N",10,"W"
"SUWS010228","Douglas","Thomson, John W., Jr.",46," N",11,"W"
"SUWS010230","Douglas","Thomson, John W., Jr.",46," N",10,"W"
"SUWS010231","Douglas","Thomson, John W., Jr.",46," N",10,"W"
"SUWS010232","Waupaca","Harriman, Neil A.",21,"N",13,"E"
"SUWS010233","Douglas","Thomson, John W., Jr.",49," N",13,"W"
"SUWS010317","La Crosse","Johnson, Richard R.",15,"N",5,"W"
"SUWS010318","Manitowoc","Brashier",18,"N",23,"E"
"SUWS010319","Vernon","Sohmer, S. H.",14,"N",7,"W"
"SUWS010320","Richland","Koch, Rudy G.",11,"N",2,"W"
"SUWS010321","Douglas","Stackler, Susan",46,"N",15,"W"
"SUWS010322","La Crosse","Demaske, D.",15,"N",7,"W"
"SUWS010323","Douglas","Thomson, John W., Jr.",47," N",11,"W"
"SUWS010324","Douglas","Thomson, John W., Jr.",45," N",11,"W"
"SUWS010326","Bayfield","Brashier",45,"N",8,"W"
"SUWS010327","Douglas","Swanson, Denny",46,"N",15,"W"
"SUWS010328","Douglas","Koch, Rudy G.",43,"N",12,"W"
"SUWS010331","Richland","Koch, Rudy G.",9,"N",2,"W"
"SUWS010332","Bayfield","Koch, Rudy G.",48,"N",5,"W"
"SUWS010333","Bayfield","Koch, Rudy G.",50,"N",8,"W"
"SUWS010334","La Crosse","Brimmer, K.",16,"N",7,"W"
"SUWS010335","Dodge","Christian, John R.",12,"N",16,"E"
"SUWS010336","Douglas","Thomson, John W., Jr.",46," N",10,"W"
"SUWS010337","Buffalo","La Liberte, Paul",20,"N",12,"W"
"SUWS010340","Dane","Anderson, Bruce P.",NA,NA,NA,NA
"SUWS010341","Marinette","Koch, Rudy G.",30,"N",23,"E"
"SUWS010342","La Crosse","Nontelle, Deon M.",15,"N",7,"W"
"SUWS010347","Chippewa","Thomson, John W., Jr.",NA,NA,NA,NA
"SUWS010348","La Crosse","Sohmer, S. H.",NA,NA,NA,NA
"SUWS010350","La Crosse","Nontelle, Deon M.",16,"N",7,"W"
"SUWS010351","Juneau","Brashier",14,"N",2,"E"
"SUWS010355","Ashland","Koch, Rudy G.",42,"N",2,"W"
"SUWS010356","Vilas","Smith, W. A.",40,"N",7,"E"
"SUWS010357","Bayfield","Koch, Rudy G.",44,"N",8,"W"
"SUWS010360","Bayfield","Sohmer, S. H.",45,"N",8,"W"
"SUWS010364","Douglas","Thomson, John W., Jr.",49,"N",14,"W"
"SUWS010365","Ashland","Koch, Rudy G.",49,"N",3,"W"
"SUWS010366","Bayfield","Koch, Rudy G.",45,"N",8,"W"
"SUWS010367","Ashland","Koch, Rudy G.",42,"N",2,"W"
"SUWS010368","Douglas","Koch, Rudy G.",49,"N",14,"W"
"SUWS010369","Monroe","Sohmer, S. H.",17,"N",3,"W"
"SUWS010370","Douglas","Anderson, Danette",NA,NA,NA,NA
"SUWS010371","Douglas","Anderson, Danette",49,"N",14,"W"
"SUWS010372","Douglas","Anderson, Danette",49,"N",14,"W"
"SUWS010373","Douglas","Anderson, Danette",49,"N",14,"W"
"SUWS010374","Douglas","Anderson, Danette",49,"N",12,"W"
"SUWS010375","Douglas","Anderson, Danette",49,"N",14,"W"
"SUWS010376","Douglas","Anderson, Danette",49,"N",12,"W"
"SUWS010377","Douglas","Anderson, Danette",49,"N",13,"W"
"SUWS010378","Douglas","Anderson, Danette",49,"N",13,"W"
"SUWS010379","Douglas","Anderson, Danette",49,"N",13,"W"
"SUWS010380","Douglas","Anderson, Danette",49,"N",13,"W"
"SUWS010381","Douglas","Anderson, Danette",49,"N",13,"W"
"SUWS010382","Douglas","Anderson, Danette",49,"N",13,"W"
"SUWS010383","Douglas","Anderson, Danette",49,"N",13,"W"
"SUWS010384","Douglas","Anderson, Danette",49,"N",13,"W"
"SUWS010385","Douglas","Anderson, Danette",49,"N",14,"W"
"SUWS010386","Douglas","Anderson, Danette",49,"N",13,"W"
"SUWS010388","Douglas","Anderson, Danette",49,"N",13,"W"
"SUWS010389","Douglas","Anderson, Danette",49,"N",14,"W"
"SUWS010390","Douglas","Anderson, Danette",49,"N",13,"W"
"SUWS010424","Douglas","Munich, Robert A.",49,"N",13,"W"
"SUWS010425","Douglas","Kristiansen, Stein",49,"N",14,"W"
"SUWS010426","Douglas","Munich, Robert A.",49,"N",13,"W"
"SUWS010427","Bayfield","Kristiansen, Stein",48,"N",8,"W"
"SUWS010428","Douglas","Munich, Robert A.",49,"N",14,"W"
"SUWS010429","Bayfield","Kristiansen, Stein",48,"N",8,"W"
"SUWS010430","Bayfield","Kristiansen, Stein",48,"N",8,"W"
"SUWS010438","Douglas","Munich, Robert A.",49,"N",14,"W"
"SUWS010439","Douglas","Kristiansen, Stein",49,"N",14,"W"
"SUWS010441","Douglas","Kristiansen, Stein",49,"N",14,"W"
"SUWS010442","Chippewa","Kristiansen, Stein",NA,NA,NA,NA
"SUWS010443","Chippewa","Kristiansen, Stein",NA,NA,NA,NA
"SUWS010444","Douglas","Kristiansen, Stein",49,"N",14,"W"
"SUWS010445","Bayfield","Kristiansen, Stein",48,"N",8,"W"
"SUWS010446","Douglas","Munich, Robert A.",49,"N",14,"W"
"SUWS010447","Douglas","Kristiansen, Stein",49,"N",14,"W"
"SUWS010448","Douglas","Kristiansen, Stein",49,"N",14,"W"
"SUWS010449","Douglas","Kristiansen, Stein",49,"N",14,"W"
"SUWS010451","Douglas","Kristiansen, Stein",49,"N",14,"W"
"SUWS010463","Jackson","Thomson, John W., Jr.",NA,NA,NA,NA
"SUWS010489","Douglas","Thomson, John W., Jr.",49,"N",14,"W"
"SUWS010490","Douglas","McGovern, Scott",49,"N",12,"W"
"SUWS010491","Douglas","Hansen, Perky",49,"N",13,"W"
"SUWS010492","Douglas","Munich, Robert A.",45,"N",14,"W"
"SUWS010495","Douglas","Zirngibl, William",49,"N",13,"W"
"SUWS010496","Douglas","Castle, R.",47,"N",10,"W"
"SUWS010497","Vilas","McGovern, Scott",40,"N",7,"E"
"SUWS010498","Douglas","Munich, Robert A.",45,"N",14,"W"
"SUWS010499","Douglas","Gitar",49,"N",14,"W"
"SUWS010500","Douglas","Gitar",49,"N",14,"W"
"SUWS010501","Douglas","Anderson, Danette",49,"N",12,"W"
"SUWS010502","Douglas","Munich, Robert A.",45,"N",14,"W"
"SUWS010504","Douglas","McGovern, Scott",NA,NA,NA,NA
"SUWS010505","Douglas","Hansen, Perky",49,"N",14,"W"
"SUWS010506","Douglas","Munich, Robert A.",NA,NA,NA,NA
"SUWS010507","Douglas","Mendenhall, Paula M.",49,"N",14,"W"
"SUWS010508","Douglas","McGovern, Scott",49,"N",14,"W"
"SUWS010509","Douglas","Castle, R.",49,"N",10,"W"
"SUWS010510","Douglas","Hansen, Perky",49,"N",13,"W"
"SUWS010511","Douglas","Hansen, Perky",NA,NA,NA,NA
"SUWS010513","Douglas","Castle, R.",48,"N",13,"W"
"SUWS010514","Douglas","Mendenhall, Paula M.",49,"N",14,"W"
"SUWS010518","Vilas","McGovern, Scott",NA,NA,NA,NA
"SUWS010519","Douglas","Castle, R.",49,"N",10,"W"
"SUWS010522","Douglas","Castle, R.",49,"N",10,"W"
"SUWS010523","Douglas","Mendenhall, Paula M.",49,"N",13,"W"
"SUWS010524","Douglas","Castle, R.",49,"N",10,"W"
"SUWS010525","Douglas","Hansen, Perky",49,"N",14,"W"
"SUWS010526","Douglas","McGovern, Scott",49,"N",12,"W"
"SUWS010527","Douglas","Castle, R.",49,"N",10,"W"
"SUWS010528","Douglas","Castle, R.",49,"N",10,"W"
"SUWS010529","Douglas","Munich, Robert A.",45,"N",14,"W"
"SUWS010530","Douglas","Kristiansen, Stein",49,"N",14,"W"
"SUWS010531","Douglas","Anderson, Danette",49,"N",14,"W"
"SUWS010538","Douglas","Younger, Patti",49,"N",13,"W"
"SUWS010539","Vilas","McGovern, Scott",40,"N",7,"E"
"SUWS010540","Douglas","Kristiansen, Stein",48,"N",14,"W"
"SUWS010540b","Douglas","Castle, R.",49,"N",10,"W"
"SUWS010541","Douglas","Munich, Robert A.",45,"N",14,"W "
"SUWS010548","Douglas","Hansen, Perky",NA,NA,NA,NA
"SUWS010549","Douglas","Castle, R.",49,"N",10,"W"
"SUWS010552","Douglas","McGovern, Scott",49,"N",12,"W"
"SUWS010555","Douglas","Castle, R.",49,"N",10,"W"
"SUWS010556","Douglas","Castle, R.",45,"N",13,"W"
"SUWS010557","Douglas","Castle, R.",47,"N",10,"W"
"SUWS010559","Douglas","McGovern, Scott",49,"N",12,"W"
"SUWS010560","Douglas","Munich, Robert A.",NA,NA,NA,NA
"SUWS010571","Douglas","Castle, R.",49,"N",10,"W"
"SUWS010572","Douglas","Castle, R.",49,"N",10,"W"
"SUWS010573","Douglas","Castle, R.",45,"N",12,"W"
"SUWS010574","Douglas","Castle, R.",47,"N",10,"W"
"SUWS010575","Douglas","Castle, R.",49,"N",14,"W"
"SUWS010576","Bayfield","Brashier",45,"N",8,"W"
"SUWS010578","Douglas","Martin, Bonita",43,"N",11,"W"
"SUWS010579","Bayfield","Heim, John A.",45,"N",6,"W"
"SUWS010580","Douglas","Smetak, Scott",NA,NA,NA,NA
"SUWS010581","Douglas","Martin, Bonita",43,"N",11,"W"
"SUWS010582","Bayfield","Heim, John A.",45,"N",6,"W"
"SUWS010583","Douglas","Ojanen, Joanne M.",47,"N",13,"W"
"SUWS010585","Douglas","Ojanen, Joanne M.",NA,NA,NA,NA
"SUWS010585b","Bayfield","Anderson, Jason",47,"N",7,"W"
"SUWS010586","Douglas","Heim, John A.",47,"N",14,"W"
"SUWS010587","Douglas","Ojanen, Joanne M.",47,"N",13,"W"
"SUWS010589","Douglas","Martin, Bonita",NA,NA,NA,NA
"SUWS010590","Douglas","Martin, Roy",47,"N",12,"W"
"SUWS010591","Douglas","Castle, R.",NA,NA,NA,NA
"SUWS010592","Douglas","Martin, Bonita",47,"N",12,"W"
"SUWS010593","Douglas","Smetak, Scott",48,"N",14,"W"
"SUWS010594","Douglas","Heim, John A.",49,"N",14,"W"
"SUWS010595","Bayfield","Brost, Mike",48,"N",9,"W"
"SUWS010596","Door","Taylor, W. Carl",30,"N",28,"E"
"SUWS010599","Douglas","Smetak, Scott",NA,NA,NA,NA
"SUWS010600","Douglas","Martin, Bonita",47,"N",12,"W"
"SUWS010601","Douglas","Thomson, John W., Jr.",46," N",12,"W"
"SUWS010602","Douglas","Johnson, R.",45,"N",11,"W"
"SUWS010603","Douglas","Ojanen, Joanne M.",47,"N",13,"W"
"SUWS010604","Douglas","Castle, R.",49,"N",10,"W"
"SUWS010605","Douglas","Brost, Mike",49,"N",14,"W"
"SUWS010606","Douglas","Johnson, R.",45,"N",13,"W"
"SUWS010607","Burnett","Johnson, R.",NA,NA,NA,NA
"SUWS010608","Douglas","Heim, John A.",48,"N",13,"W"
"SUWS010609","Douglas","Brost, Mike",49,"N",14,"W"
"SUWS010610","Douglas","Martin, Bonita",47,"N",12,"W"
"SUWS010611","Douglas","Ojanen, Joanne M.",47,"N",13,"W"
"SUWS010612","Douglas","Thomson, John W., Jr.",47,"N",10,"W"
"SUWS010612A","Douglas","Heim, John A.",48,"N",13,"W"
"SUWS010613","Douglas","Castle, R.",49,"N",10,"W"
"SUWS010614","Douglas","Martin, Bonita",48,"N",14,"W"
"SUWS010615","Douglas","Martin, Bonita",47,"N",12,"W"
"SUWS010616","Douglas","Martin, Bonita",47,"N",12,"W"
"SUWS010617","Douglas","Heim, John A.",47,"N",14,"W"
"SUWS010618","Iron","Somerville, Mary F.",NA,NA,NA,NA
"SUWS010621","Douglas","Heim, John A.",47,"N",14,"W"
"SUWS010626","Douglas","Smetak, Scott",49,"N",14,"W"
"SUWS010629","Douglas","Davidson, Donald W.",49,"N",13,"W"
"SUWS010629b","Douglas","Davidson, Donald W.",49,"N",13,"W"
"SUWS010630","Douglas","McGovern, Scott",49,"N",12,"W"
"SUWS010631","Douglas","Thomson, John W., Jr.",49," N",13,"W"
"SUWS010632","Douglas","Munich, Robert A.",49,"N",14,"W"
"SUWS010633","Douglas","Hansen, Perky",49,"N",12,"W"
"SUWS010634","Douglas","Castle, R.",48,"N",10,"W"
"SUWS010642","Vilas","McGovern, Scott",40,"N",7,"E"
"SUWS010643","Douglas","Davidson, Donald W.",49,"N",13,"W"
"SUWS010644","Douglas","Ojanen, Joanne M.",49,"N",14,"W"
"SUWS010645","Douglas","Martin, Bonita",47,"N",12,"W"
"SUWS010647","Bayfield","Brost, Mike",48,"N",9,"W"
"SUWS010648","Douglas","Smetak, Scott",48,"N",14,"W"
"SUWS010649","Douglas","Heim, John A.",49,"N",14,"W"
"SUWS010650","Douglas","Hansen, Perky",NA,NA,NA,NA
"SUWS010651","Douglas","Munich, Robert A.",45,"N",14,"W"
"SUWS010652","Douglas","Ojanen, Joanne M.",47,"N",13,"W"
"SUWS010653","Bayfield","Brost, Mike",48,"N",9,"W"
"SUWS010656","Douglas","Castle, R.",49,"N",10,"W"
"SUWS010657","Douglas","Hein, Elizabeth",46,"N",13,"W"
"SUWS010658","Douglas","Martin, Bonita",43,"N",11,"W"
"SUWS010659","Douglas","Heim, John A.",48,"N",13,"W"
"SUWS010660","Douglas","Castle, R.",49,"N",10,"W"
"SUWS010663","Douglas","Castle, R.",49,"N",10,"W"
"SUWS010667","Douglas","Castle, R.",49,"N",10,"W"
"SUWS010668","Douglas","Hansen, Perky",NA,NA,NA,NA
"SUWS010669","Douglas","Mendenhall, Paula M.",49,"N",14,"W"
"SUWS010670","Vilas","McGovern, Scott",40,"N",7,"E"
"SUWS010671","Douglas","Davidson, Donald W.",49,"N",14,"W"
"SUWS010672","Douglas","Davidson, Donald W.",49,"N",13,"W"
"SUWS010673","Douglas","Davidson, Donald W.",49,"N",13,"W"
"SUWS010674","Douglas","Smetak, Scott",49,"N",14,"W"
"SUWS010676","Douglas","Martin, Bonita",47,"N",12,"W"
"SUWS010677","Douglas","Ojanen, Joanne M.",NA,NA,NA,NA
"SUWS010682","Douglas","Davidson, Donald W.",49,"N",13,"W"
"SUWS010683","Douglas","Davidson, Donald W.",49,"N",13,"W"
"SUWS010684","Douglas","Anderson, Jason",49,"N",14,"W"
"SUWS010685","Douglas","Smetak, Scott",49,"N",14,"W"
"SUWS010686","Douglas","Brost, Mike",49,"N",13,"W"
"SUWS010688","Douglas","Gitar, Richard D.",49,"N",14,"W"
"SUWS010689","Douglas","Ojanen, Joanne M.",49,"N",13,"W"
"SUWS010690","Douglas","Castle, R.",48,"N",11,"W"
"SUWS010691","Douglas","Ojanen, Joanne M.",NA,NA,NA,NA
"SUWS010692","Douglas","Castle, R.",49,"N",10,"W"
"SUWS010695","Bayfield","Heim, John A.",45,"N",6,"W"
"SUWS010705","Douglas","Bolender",NA,NA,NA,NA
"SUWS010706","Douglas","Bolender",NA,NA,NA,NA
"SUWS010707","Douglas","Koch, Rudy G.",47,"N",14,"W"
"SUWS010708","Douglas","Brashier",46,"N",15,"W"
"SUWS010709","Douglas","Brashier",46,"N",15,"W"
"SUWS010710","Douglas","Thomson, John W., Jr.",47,"N",14,"W"
"SUWS010714","Douglas","Brashier",46,"N",15,"W"
"SUWS010715","Douglas","Brashier",46,"N",15,"W"
"SUWS010717","Douglas","Koch, Rudy G.",49,"N",14,"W"
"SUWS010719","Douglas","Brashier",45,"N",12,"W"
"SUWS010720","Bayfield","Brashier",45,"N",8,"W"
"SUWS010721","Bayfield","Brashier",45,"N",8,"W"
"SUWS010722","Bayfield","Koch, Rudy G.",45,"N",7,"W"
"SUWS010723","Bayfield","Brashier",45,"N",8,"W"
"SUWS010724","Douglas","Thomson, John W., Jr.",49," N",10,"W"
"SUWS010725","Bayfield","Barnard",45,"N",7,"W"
"SUWS010725b","Bayfield","Lahti, Duane",46,"N",8,"W"
"SUWS010726","Burnett","Brashier",40,"N",16,"W"
"SUWS010728","Bayfield","Koch, Rudy G.",47,"N",8,"W"
"SUWS010728b","Douglas","Dennery, Ed",44,"N",12,"W"
"SUWS010730","Douglas","Koch, Rudy G.",48,"N",14,"W"
"SUWS010731","Douglas","Castle, R.",NA,NA,NA,NA
"SUWS010732","Douglas","Thomson, John W., Jr.",46," N",10,"W"
"SUWS010733","Douglas","Thomson, John W., Jr.",46," N",10,"W"
"SUWS010734","Racine","Leitner, Lawrence A.",3,"N",22,"E"
"SUWS010735","Douglas","Koch, Rudy G.",47,"N",15,"W"
"SUWS010736","Douglas","Castle, R.",47,"N",10,"W"
"SUWS010737","Douglas","Brashier",48,"N",14,"W"
"SUWS010739","Douglas","Koch, Rudy G.",47,"N",14,"W"
"SUWS010740","Douglas","Brashier",48,"N",14,"W"
"SUWS010741","Bayfield","Brost, Mike",48,"N",9,"W"
"SUWS010742","Ashland","Clements, Jimmy D.",52,"N",3,"W"
"SUWS010743","Racine","Leitner, Lawrence A.",3,"N",22,"E"
"SUWS010744","Douglas","Brashier",48,"N",14,"W"
"SUWS010745","Douglas","Thomson, John W., Jr.",48,"N",10,"W"
"SUWS010746","Douglas","Thomson, John W., Jr.",47," N",10,"W"
"SUWS010747","Douglas","Thomson, John W., Jr.",47," N",10,"W"
"SUWS010748","Douglas","Thomson, John W., Jr.",46,"N",11,"W"
"SUWS010749","Bayfield","Brashier",45,"N",8,"W"
"SUWS010751","Bayfield","Brashier",45,"N",8,"W"
"SUWS010752","Polk","Brashier",NA,NA,NA,NA
"SUWS010753","Douglas","C., E. A.",49,"N",14,"W"
"SUWS010754","Bayfield","Cornell",45,"N",8,"W"
"SUWS010755","Bayfield","Raatz",45,"N",8,"W"
"SUWS010756","Bayfield","Hjerleid",45,"N",7,"W"
"SUWS010757","Bayfield","Barnard",NA,NA,NA,NA
"SUWS010758","Bayfield","Collins",45,"N",8,"W"
"SUWS010759","Bayfield","Holden",45,"N",8,"W"
"SUWS010760","Bayfield","Muller",45,"N",8,"W"
"SUWS010761","Bayfield","Wassgren",45,"N",8,"W"
"SUWS010762","Bayfield","Hjerleid",45,"N",8,"W"
"SUWS010763","Juneau","Brashier",14,"N",2,"E"
"SUWS010764","Bayfield","Brashier",45,"N",8,"W"
"SUWS010765","Douglas","Collinson, Keith",49,"N",14,"W"
"SUWS010766","Douglas","Mitchell, John A.",NA,NA,NA,NA
"SUWS010767","Douglas","Brashier",46,"N",15,"W"
"SUWS010768","Douglas","Brashier",NA,NA,NA,NA
"SUWS010769","Douglas","Koch, Rudy G.",49,"N",13,"W"
"SUWS010770","Douglas","Castle, R.",49,"N",10,"W"
"SUWS010771","Douglas","Thomson, John W., Jr.",48," N",10,"W"
"SUWS010772","Douglas","Thomson, John W., Jr.",46,"N",10,"W"
"SUWS010773","Douglas","Thomson, John W., Jr.",48,"N",12,"W"
"SUWS010774","Douglas","Bolender",NA,NA,NA,NA
"SUWS010775","Richland","Koch, Rudy G.",9,"N",2,"W"
"SUWS010777","Douglas","Koch, Rudy G.",48,"N",12,"W"
"SUWS010778","Burnett","Johnson, R.",NA,NA,NA,NA
"SUWS010779","Bayfield","Cornell",45,"N",7,"W"
"SUWS010780","Bayfield","Valaskey",45,"N",8,"W"
"SUWS010781","Bayfield","Brashier",45,"N",8,"W"
"SUWS010782","Bayfield","Muller",45,"N",7,"W"
"SUWS010783","Douglas","Thomson, John W., Jr.",46," N",11,"W"
"SUWS010784","Burnett","Brashier",40,"N",16,"W"
"SUWS010785","Bayfield","Brashier",45,"N",8,"W"
"SUWS010786","Bayfield","Brashier",45,"N",8,"W"
"SUWS010789","Bayfield","Smith",45,"N",8,"W"
"SUWS010790","Bayfield","Holden",45,"N",8,"W"
"SUWS010791","Douglas","Shaw, Merton R.",NA,NA,NA,NA
"SUWS010792","Bayfield","Barnard",45,"N",8,"W"
"SUWS010793","Bayfield","Hjerleid",44,"N",8,"W"
"SUWS010794","Douglas","Stackler, Susan",46,"N",15,"W"
"SUWS010795","Douglas","Brashier",48,"N",14,"W"
"SUWS010796","Pepin","Brashier",23,"N",15,"W"
"SUWS010797","Juneau","Brashier",14,"N",2,"E"
"SUWS010798","Pepin","Brashier",23,"N",15,"W"
"SUWS010800","Douglas","Mitchell, John A.",46,"N",10,"W"
"SUWS010801","Douglas","Staupe, Jane",49,"N",14,"W"
"SUWS010803","Douglas","Thomson, John W., Jr.",47,"N",14,"W"
"SUWS010805","Oconto","Brashier",27,"N",20,"E"
"SUWS010809","Douglas","Castle, R.",47,"N",10,"W"
"SUWS010810","Douglas","Castle, R.",NA,NA,NA,NA
"SUWS010812","Douglas","Thomson, John W., Jr.",49," N",10,"W"
"SUWS010813","Douglas","Castle, R.",NA,NA,NA,NA
"SUWS010814","Bayfield","Heim, John A.",45,"N",6,"W"
"SUWS010815","Douglas","Thomson, John W., Jr.",46," N",11,"W"
"SUWS010816","Bayfield","Collins",NA,NA,NA,NA
"SUWS010817","Bayfield","Cornell",45,"N",8,"W"
"SUWS010818","Douglas","Koch, Rudy G.",49,"N",13,"W"
"SUWS010824","St. Croix","Holden",29,"N",19,"W"
"SUWS010825","Jackson","Thomson, John W., Jr.",NA,NA,NA,NA
"SUWS010827","Douglas","Koch, Rudy G.",43,"N",15,"W"
"SUWS010828","Douglas","Thomson, John W., Jr.",47,"N",14,"W"
"SUWS010829","Vilas","McGovern, Scott",40,"N",7,"E"
"SUWS010830","Bayfield","Mitchell, John A.",45,"N",8,"W"
"SUWS010831","Douglas","Thomson, John W., Jr.",48," N",10,"W"
"SUWS010832","Bayfield","Mitchell, John A.",45,"N",8,"W"
"SUWS010833","Bayfield","Brashier",45,"N",8,"W"
"SUWS010834","Douglas","Thomson, John W., Jr.",46,"N",10,"W"
"SUWS010835","Douglas","Thomson, John W., Jr.",48," N",13,"W"
"SUWS010836","Douglas","Brashier",NA,NA,NA,NA
"SUWS010837","Douglas","Koch, Rudy G.",47,"N",10,"W"
"SUWS010838","Bayfield","Barnard",46,"N",5,"W"
"SUWS010839","Douglas","Stackler, Susan",46,"N",15,"W"
"SUWS010840","Douglas","Martin, Bonita",47,"N",12,"W"
"SUWS010843","Douglas","Sima, Bessie R.",49,"N",14,"W"
"SUWS010844","Bayfield","Holden",44,"N",8,"W"
"SUWS010845","Polk","Brashier",NA,NA,NA,NA
"SUWS010846","Bayfield","Cornell",NA,NA,NA,NA
"SUWS010847","Bayfield","Hjerleid",44,"N",8,"W"
"SUWS010849","Douglas","Brashier",49,"N",14,"W"
"SUWS010850","Douglas","Thomson, John W., Jr.",48,"N",14,"W"
"SUWS010851","Douglas","Thomson, John W., Jr.",48," N",13,"W"
"SUWS010852","Douglas","Thomson, John W., Jr.",47,"N",14,"W"
"SUWS010853","Douglas","Thomson, John W., Jr.",NA,NA,NA,NA
"SUWS010854","Bayfield","Lahti, Duane",50,"N",7,"W"
"SUWS010855","Douglas","Smetak, Scott",48,"N",14,"W"
"SUWS010856","Bayfield","Brashier",45,"N",8,"W"
"SUWS010857","Bayfield","Collins",NA,NA,NA,NA
"SUWS010858","Douglas","Thomson, John W., Jr.",46," N",11,"W"
"SUWS010859","Bayfield","Cornell",46,"N",5,"W"
"SUWS010860","Bayfield","Holden",46,"N",5,"W"
"SUWS010861","Douglas","Thomson, John W., Jr.",49,"N",12,"W"
"SUWS010862","Douglas","Brashier",48,"N",14,"W"
"SUWS010863","Bayfield","Cornell",45,"N",8,"W"
"SUWS010864","Bayfield","Barnard",46,"N",5,"W"
"SUWS010865","Douglas","Koch, Rudy G.",47,"N",15,"W"
"SUWS010866","Douglas","Stackler, Susan",45,"N",15,"W"
"SUWS010868","Oconto","Brashier",27,"N",20,"E"
"SUWS010869","Bayfield","Brashier",45,"N",7,"W"
"SUWS010870","Douglas","Stackler, Susan",47,"N",15,"W"
"SUWS010871","Douglas","Thomson, John W., Jr.",48," N",10,"W"
"SUWS010872","Douglas","Thomson, John W., Jr.",49,"N",13,"W"
"SUWS010873","Douglas","Brashier",46,"N",15,"W"
"SUWS010874","Douglas","Stackler, Susan",46,"N",15,"W"
"SUWS010875","Douglas","Castle, R.",47,"N",10,"W"
"SUWS010876","Bayfield","Brashier",45,"N",8,"W"
"SUWS010878","Douglas","Mitchell, John A.",46,"N",10,"W"
"SUWS010879","Douglas","Koch, Rudy G.",44,"N",11,"W"
"SUWS010885","La Crosse","Swanson, Steven D.",16,"N",8,"W"
"SUWS010886","Douglas","Castle, R.",43,"N",14,"W"
"SUWS010887","Douglas","Castle, R.",47,"N",10,"W"
"SUWS010888","Douglas","Stackler, Susan",46,"N",15,"W"
"SUWS010889","Douglas","Shaw, Merton R.",47,"N",14,"W"
"SUWS010892","Douglas","Thomson, John W., Jr.",NA,NA,NA,NA
"SUWS010893","Douglas","Johnson, R.",NA,NA,NA,NA
"SUWS010896","Douglas","Koch, Rudy G.",45,"N",12,"W"
"SUWS010897","Douglas","Stackler, Susan",46,"N",15,"W"
"SUWS010898","Douglas","Koch, Rudy G.",47,"N",14,"W"
"SUWS010900","Richland","Koch, Rudy G.",11,"N",2,"W"
"SUWS010903","Sauk","Gibbons, Dean W.",11,"N",5,"E"
"SUWS010904","Chippewa","Thompson, Kathy L.",32,"N",7,"W"
"SUWS010904b","La Crosse","Nelson, C. J.",16,"N",7,"W"
"SUWS010907","Douglas","Thomson, John W., Jr.",47," N",10,"W"
"SUWS010908","Bayfield","Anderson, Jason",NA,NA,NA,NA
"SUWS010909","Douglas","Martin, Bonita",47,"N",12,"W"
"SUWS010910","Douglas","G., R. A.",49,"N",14,"W"
"SUWS010912","Washburn","Hall, Norma",NA,NA,NA,NA
"SUWS010913","Douglas","Hall, Norma",49,"N",14,"W"
"SUWS010914","La Crosse","Trapp, K.",16,"N",7,"W"
"SUWS010915","Bayfield","Brashier",45,"N",8,"W"
"SUWS010916","Bayfield","Brashier",45,"N",8,"W"
"SUWS010918","Douglas","Ludwig, Larry",49,"N",14,"W"
"SUWS010919","Douglas","G., R. A.",49,"N",14,"W"
"SUWS010920","Douglas","Hall, Norma",49,"N",14,"W"
"SUWS010924","La Crosse","Hartley, R.",15,"N",7,"W"
"SUWS010925","Douglas","Thomson, John W., Jr.",48," N",10,"W"
"SUWS010926","Douglas","Schmidt, Mike",49,"N",14,"W"
"SUWS010927","Douglas","Castle, R.",47,"N",10,"W"
"SUWS010929","Vernon","Sohmer, S. H.",14,"N",7,"W"
"SUWS010933","Douglas","Thomson, John W., Jr.",47,"N",10,"W"
"SUWS010935","Douglas","Collinson, Keith",49,"N",14,"W"
"SUWS010936","Buffalo","La Liberte, Paul",20,"N",12,"W"
"SUWS010938","Bayfield","Shaw",51,"N",6,"W"
"SUWS010939","Rock","Thomson, John W., Jr.",4,"N",12,"E"
"SUWS010940","La Crosse","Demaske, D.",15,"N",7,"W"
"SUWS010941","Douglas","Koch, Rudy G.",49,"N",13,"W"
"SUWS010942","Douglas","Dabydeen, Simon",49,"N",14,"W"
"SUWS010944","Rock","Thomson, John W., Jr.",4,"N",13,"E"
"SUWS010945","Rock","Thomson, John W., Jr.",4,"N",13,"E"
"SUWS010946","Douglas","Hall, Norma",49,"N",14,"W"
"SUWS010948","Douglas","Martin, Bonita",43,"N",11,"W"
"SUWS010949","Bayfield","Koch, Rudy G.",49,"N",5,"W"
"SUWS010950","Douglas","Koch, Rudy G.",45,"N",12,"W"
"SUWS010951","Douglas","Thomson, John W., Jr.",46," N",11,"W"
"SUWS010952","Bayfield","Wassgren",45,"N",7,"W"
"SUWS010955","Douglas","Thomson, John W., Jr.",49,"N",14,"W"
"SUWS010956","Douglas","Koch, Rudy G.",49,"N",13,"W"
"SUWS010957","Douglas","McGovern, Scott",49,"N",14,"W"
"SUWS010958","Bayfield","Vansteenburg, Jeffrey B.",43,"N",8,"W"
"SUWS010959","Bayfield","Brost, Mike",48,"N",9,"W"
"SUWS010961","Douglas","Hansen, Perky",47,"N",14,"W"
"SUWS010962","Douglas","Hall, Norma",49,"N",14,"W"
"SUWS010963","Douglas","Suneson, Verna",49,"N",14,"W"
"SUWS010964","Douglas","Thomson, John W., Jr.",46,"N",10,"W"
"SUWS010965","Douglas","Castle, R.",47,"N",11,"W"
"SUWS010966","Douglas","Thomson, John W., Jr.",46,"N",10,"W"
"SUWS010967","Douglas","Castle, R.",49,"N",10,"W"
"SUWS010968","Douglas","Thomson, John W., Jr.",48,"N",14,"W"
"SUWS010969","Douglas","Thomson, John W., Jr.",49," N",10,"W"
"SUWS010970","Douglas","Koch, Rudy G.",44,"N",10,"W"
"SUWS010971","Douglas","Suneson, Verna",49,"N",14,"W"
"SUWS010972","Bayfield","Brashier",45,"N",8,"W"
"SUWS010973","Bayfield","Brashier",45,"N",8,"W"
"SUWS010977","Bayfield","Brashier",45,"N",8,"W"
"SUWS010978","Barron","Hall, Norma",33,"N",10,"W"
"SUWS010979","Douglas","Suneson, Verna",49,"N",14,"W"
"SUWS010980","Burnett","Castle, R.",38,"N",16,"W"
"SUWS010981","Douglas","Hall, Norma",49,"N",14,"W"
"SUWS010983","Bayfield","Thomson, John W., Jr.",46,"N",9,"W"
"SUWS010984","Douglas","Thomson, John W., Jr.",47," N",10,"W"
"SUWS010994","Bayfield","Brashier",45,"N",8,"W"
"SUWS010995","Douglas","Castle, R.",47,"N",11,"W"
"SUWS010996","Douglas","Koch, Rudy G.",47,"N",14,"W"
"SUWS010997","Douglas","Hall, Norma",49,"N",14,"W"
"SUWS010998","Douglas","Suneson, Verna",49,"N",14,"W"
"SUWS010999","Bayfield","Brashier",45,"N",8,"W"
"SUWS011000","Bayfield","Brashier",45,"N",8,"W"
"SUWS011001","Douglas","Castle, R.",47,"N",11,"W"
"SUWS011002","Douglas","Thomson, John W., Jr.",46," N",11,"W"
"SUWS011003","Douglas","Castle, R.",49,"N",10,"W"
"SUWS011004","Douglas","",NA,NA,NA,NA
"SUWS011005","Douglas","G., R. A.",49,"N",14,"W"
"SUWS011006","Douglas","Koch, Rudy G.",44,"N",13,"W"
"SUWS011007","Fond du Lac","Purtell, Harriet M.",13,"N",19,"E"
"SUWS011008","Douglas","Suneson, Verna",49,"N",14,"W"
"SUWS011009","Bayfield","Brost, Mike",48,"N",9,"W"
"SUWS011014","Douglas","Davidson, Donald W.",49,"N",13,"W"
"SUWS011016","Douglas","Thomson, John W., Jr.",49,"N",13,"W"
"SUWS011017","Douglas","Hendrickson, Sue",46,"N",14,"W"
"SUWS011018","Douglas","Dabydeen, Simon",49,"N",14,"W"
"SUWS011020","Bayfield","Koch, Rudy G.",45,"N",7,"W"
"SUWS011021","Ashland","Team 6",47,"N",4,"W"
"SUWS011022","Douglas","Brost, Mike",49,"N",14,"W"
"SUWS011023","Douglas","Ojanen, Joanne M.",49,"N",14,"W"
"SUWS011024","Douglas","Thomson, John W., Jr.",48,"N",12,"W"
"SUWS011026","Douglas","Hall, Norma",49,"N",14,"W"
"SUWS011030","Douglas","Koch, Rudy G.",44,"N",14,"W"
"SUWS011031","Ashland","Team 4",47,"N",4,"W"
"SUWS011032","Ashland","Team 6",47,"N",4,"W"
"SUWS011033","Douglas","Swanson, Denny",49,"N",13,"W"
"SUWS011034","Douglas","Thomson, John W., Jr.",49,"N",14,"W"
"SUWS011035","Douglas","Thomson, John W., Jr.",47," N",10,"W"
"SUWS011036","Douglas","Bruederle, Leo P.",49,"N",13,"W"
"SUWS011038","Iron","Koch, Rudy G.",46,"N",2,"E"
"SUWS011039","Douglas","Koch, Rudy G.",44,"N",13,"W"
"SUWS011040","Douglas","Castle, R.",49,"N",10,"W"
"SUWS011041","Douglas","Schmidt, John E.",49,"N",14,"W"
"SUWS011042","Bayfield","Anderson, Jason",NA,NA,NA,NA
"SUWS011043","Douglas","Davidson, Donald W.",49,"N",13,"W"
"SUWS011044","Douglas","Davidson, Donald W.",49,"N",13,"W"
"SUWS011045","Douglas","Hansen, Perky",47,"N",14,"W"
"SUWS011047","Bayfield","Brashier",45,"N",8,"W"
"SUWS011048","Bayfield","Brashier",45,"N",8,"W"
"SUWS011049","Douglas","Olson, Patti",49,"N",13,"W"
"SUWS011050","Douglas","Brost, Mike",49,"N",14,"W"
"SUWS011051","Douglas","Staupe, Jane",NA,NA,NA,NA
"SUWS011061","Douglas","Suneson, Verna",49,"N",14,"W"
"SUWS011062","Douglas","Hall, Norma",49,"N",14,"W"
"SUWS011067","Bayfield","Brost, Mike",48,"N",9,"W"
"SUWS011069","Douglas","Castle, R.",47,"N",11,"W"
"SUWS011070","Bayfield","Brashier",45,"N",8,"W"
"SUWS011071","Bayfield","Brashier",45,"N",8,"W"
"SUWS011072","Bayfield","Brashier",45,"N",8,"W"
"SUWS011073","Douglas","Thomson, John W., Jr.",47,"N",10,"W"
"SUWS011074","Douglas","Thomson, John W., Jr.",47," N",10,"W"
"SUWS011075","Douglas","Thomson, John W., Jr.",47,"N",14,"W"
"SUWS011076","Bayfield","Brashier",45,"N",8,"W"
"SUWS011077","Douglas","Thomson, John W., Jr.",46,"N",15,"W"
"SUWS011078","Bayfield","Brashier",45,"N",8,"W"
"SUWS011079","Douglas","Stackler, Susan",47,"N",15,"W"
"SUWS011081","Douglas","Davidson, Donald W.",49,"N",13,"W"
"SUWS011082","Douglas","Davidson, Donald W.",49,"N",13,"W"
"SUWS011083","Bayfield","Brashier",45,"N",8,"W"
"SUWS011084","Bayfield","Brashier",45,"N",8,"W"
"SUWS011085","Douglas","Koch, Rudy G.",44,"N",14,"W"
"SUWS011088","Douglas","Thomson, John W., Jr.",47,"N",10,"W"
"SUWS011089","Bayfield","Koch, Rudy G.",49,"N",8,"W"
"SUWS011090","Bayfield","Brashier",45,"N",8,"W"
"SUWS011091","Bayfield","Brashier",45,"N",8,"W"
"SUWS011092","Bayfield","Brashier",45,"N",8,"W"
"SUWS011093","Douglas","Stackler, Susan",46,"N",15,"W"
"SUWS011094","Bayfield","Thomson, John W., Jr.",48,"N",9,"W"
"SUWS011101","Douglas","Thomson, John W., Jr.",47,"N",15,"W"
"SUWS011102","Douglas","Koch, Rudy G.",45,"N",12,"W"
"SUWS011104","Pierce","Brashier",26,"N",17,"W"
"SUWS011105","Juneau","Brashier",14,"N",2,"E"
"SUWS011112","Douglas","Thomson, John W., Jr.",49,"N",14,"W"
"SUWS011113","Bayfield","Brashier",45,"N",8,"W"
"SUWS011114","Douglas","Stackler, Susan",46,"N",15,"W"
"SUWS011115","Bayfield","Brashier",45,"N",8,"W"
"SUWS011116","Douglas","Thomson, John W., Jr.",49,"N",13,"W"
"SUWS011117","Douglas","Thomson, John W., Jr.",49,"N",14,"W"
"SUWS011118","Douglas","Brashier",46,"N",15,"W"
"SUWS011119","Douglas","Anderson, D.",NA,NA,NA,NA
"SUWS011120","Douglas","",45,"N",12,"W"
"SUWS011121","Douglas","Sima, Bessie R.",49,"N",14,"W"
"SUWS011122","Douglas","C., E. A.",49,"N",14,"W"
"SUWS011123","Bayfield","Hjerleid",45,"N",8,"W"
"SUWS011124","Bayfield","Brashier",45,"N",8,"W"
"SUWS011125","Bayfield","Brashier",45,"N",8,"W"
"SUWS011126","Bayfield","Brashier",45,"N",8,"W"
"SUWS011127","Douglas","Thomson, John W., Jr.",49,"N",11,"W"
"SUWS011128","Bayfield","Cornell",45,"N",8,"W"
"SUWS011129","Douglas","Koch, Rudy G.",47,"N",14,"W"
"SUWS011130","Burnett","Brashier",41,"N",15,"W"
"SUWS011132","Douglas","Mendenhall, Paula M.",49,"N",14,"W"
"SUWS011133","Douglas","Thomson, John W., Jr.",49,"N",13,"W"
"SUWS011134","Douglas","Thomson, John W., Jr.",49,"N",12,"W"
"SUWS011135","Douglas","Olson, Patti",49,"N",13,"W"
"SUWS011136","Douglas","Thomson, John W., Jr.",49,"N",13,"W"
"SUWS011137","Douglas","Bruederle, Leo P.",49,"N",13,"W"
"SUWS011138","Rock","Thomson, John W., Jr.",4,"N",12,"E"
"SUWS011143","Douglas","Thomson, John W., Jr.",49,"N",13,"W"
"SUWS011144","Douglas","Thomson, John W., Jr.",49,"N",13,"W"
"SUWS011148","Douglas","C., E. A.",49,"N",14,"W"
"SUWS011150","Douglas","Bucholdt, Norma",49,"N",13,"W"
"SUWS011151","Douglas","Thomson, John W., Jr.",49,"N",14,"W"
"SUWS011152","Rock","",4,"N",12,"E"
"SUWS011154","Douglas","Brashier",46,"N",15,"W"
"SUWS011156","Ozaukee","Leitner, Lawrence A.",10,"N",21,"E"
"SUWS011157","La Crosse","Lesperance, Patrici",15,"N",5,"W"
"SUWS011160","Douglas","Thomson, John W., Jr.",47,"N",10,"W"
"SUWS011161","Douglas","Romans",49,"N",14,"W"
"SUWS011162","Douglas","Koch, Rudy G.",49,"N",14,"W"
"SUWS011163","Douglas","Thomson, John W., Jr.",47,"N",10,"W"
"SUWS011164","Douglas","Thomson, John W., Jr.",47," N",10,"W"
"SUWS011165","Douglas","Thomson, John W., Jr.",47,"N",10,"W"
"SUWS011167","Douglas","Koch, Rudy G.",47,"N",14,"W"
"SUWS011173","Bayfield","Cornell",45,"N",8,"W"
"SUWS011174","Douglas","Hein, Elizabeth",46,"N",13,"W"
"SUWS011177","Bayfield","Cherf",45,"N",8,"W"
"SUWS011178","Bayfield","Barnard",NA,NA,NA,NA
"SUWS011179","Douglas","Dabydeen, Simon",49,"N",14,"W"
"SUWS011180","Douglas","Staupe, Jane",48,"N",10,"W"
"SUWS011181","Bayfield","Holden",45,"N",8,"W"
"SUWS011183","Bayfield","Cornell",45,"N",6,"W"
"SUWS011184","Douglas","C., E. A.",48,"N",15,"W"
"SUWS011185","Douglas","Thomson, John W., Jr.",47,"N",10,"W"
"SUWS011186","Douglas","Koch, Rudy G.",47,"N",10,"W"
"SUWS011187","Bayfield","Holden",44,"N",9,"W"
"SUWS011188","Douglas","Koch, Rudy G.",43,"N",15,"W"
"SUWS011189","Douglas","Thomson, John W., Jr.",47,"N",11,"W"
"SUWS011190","Iron","Koch, Rudy G.",46,"N",2,"E"
"SUWS011191","Douglas","Koch, Rudy G.",43,"N",11,"W"
"SUWS011192","Douglas","Koch, Rudy G.",49,"N",13,"W"
"SUWS011195","Burnett","Castle, R.",38,"N",16,"W"
"SUWS011196","Douglas","Thomson, John W., Jr.",NA,NA,NA,NA
"SUWS011197","Douglas","Thomson, John W., Jr.",47,"N",11,"W"
"SUWS011198","Bayfield","Barnard",43,"N",7,"W"
"SUWS011199","Bayfield","Hjerleid",45,"N",8,"W"
"SUWS011200","Bayfield","Holden",44,"N",8,"W"
"SUWS011201","Bayfield","Brashier",45,"N",8,"W"
"SUWS011202","Bayfield","Brashier",45,"N",8,"W"
"SUWS011203","Douglas","Koch, Rudy G.",47,"N",14,"W"
"SUWS011207","Iron","Koch, Rudy G.",46,"N",2,"E"
"SUWS011208","Douglas","Thomson, John W., Jr.",46,"N",10,"W"
"SUWS011209","Burnett","Castle, R.",NA,NA,NA,NA
"SUWS011210","Douglas","Koch, Rudy G.",49,"N",14,"W"
"SUWS011211","Polk","Brashier",NA,NA,NA,NA
"SUWS011212","Polk","Brashier",NA,NA,NA,NA
"SUWS011213","Dunn","Barnard",NA,NA,NA,NA
"SUWS011214","Ashland","Castle, R.",50,"N",2,"W"
"SUWS011216","Jackson","Thomson, John W., Jr.",NA,NA,NA,NA
"SUWS011217","Douglas","Koch, Rudy G.",47,"N",14,"W"
"SUWS011218","Juneau","Thomson, John W., Jr.",16,"N",3,"E"
"SUWS011219","Douglas","Thomson, John W., Jr.",47,"N",15,"W"
"SUWS011220","Douglas","Thomson, John W., Jr.",48,"N",14,"W"
"SUWS011221","Douglas","Thomson, John W., Jr.",49,"N",14,"W"
"SUWS011222","Douglas","Thomson, John W., Jr.",NA,NA,NA,NA
"SUWS011223","Douglas","Thomson, John W., Jr.",46,"N",11,"W"
"SUWS011224","Douglas","Castle, R.",49,"N",14,"W"
"SUWS011225","Price","Sima, Bessie R.",37,"N",1,"E"
"SUWS011227","Douglas","Cornell",NA,NA,NA,NA
"SUWS011228","Douglas","Stackler, Susan",47,"N",15,"W"
"SUWS011229","Bayfield","Holden",43,"N",7,"W"
"SUWS011230","Douglas","Castle, R.",49,"N",10,"W"
"SUWS011232","Grant","Koch, Rudy G.",8,"N",3,"W"
"SUWS011234","Bayfield","Koch, Rudy G.",52,"N",4,"W"
"SUWS011236","Douglas","Koch, Rudy G.",48,"N",12,"W"
"SUWS011237","Iron","Koch, Rudy G.",46,"N",2,"E"
"SUWS011238","Douglas","Thomson, John W., Jr.",49,"N",14,"W"
"SUWS011239","Bayfield","Brashier",45,"N",8,"W"
"SUWS011240","Douglas","Koch, Rudy G.",47,"N",14,"W"
"SUWS011241","Douglas","Brashier",48,"N",14,"W"
"SUWS011242","Bayfield","Cornell",45,"N",8,"W"
"SUWS011243","Bayfield","Holden",45,"N",8,"W"
"SUWS011244","Douglas","Thomson, John W., Jr.",45,"N",11,"W"
"SUWS011245","Douglas","Brashier",47,"N",10,"W"
"SUWS011247","Douglas","Koch, Rudy G.",49,"N",14,"W"
"SUWS011248","Douglas","Thomson, John W., Jr.",49,"N",14,"W"
"SUWS011255","Douglas","Martin, Bonita",49,"N",14,"W"
"SUWS011256","Douglas","Olson, Patti",49,"N",13,"W"
"SUWS011257","Douglas","Castle, R.",46,"N",10,"W"
"SUWS011258","Douglas","Thomson, John W., Jr.",49,"N",13,"W"
"SUWS011259","Douglas","Castle, R.",47,"N",10,"W"
"SUWS011261","Douglas","Thomson, John W., Jr.",47,"N",10,"W"
"SUWS011263","Bayfield","Brashier",45,"N",8,"W"
"SUWS011264","Bayfield","Cornell",45,"N",8,"W"
"SUWS011265","Bayfield","Hjerleid",45,"N",8,"W"
"SUWS011266","Bayfield","Parrish",45,"N",8,"W"
"SUWS011267","Bayfield","Parrish",45,"N",8,"W"
"SUWS011268","Polk","Knuf, Phillip",36,"N",16,"W"
"SUWS011269","Bayfield","Cornell",45,"N",8,"W"
"SUWS011270","Burnett","Castle, R.",NA,NA,NA,NA
"SUWS011271","Bayfield","Brashier",45,"N",8,"W"
"SUWS011272","Bayfield","Janowski",NA,NA,NA,NA
"SUWS011273","Bayfield","Brashier",45,"N",8,"W"
"SUWS011274","Bayfield","Walvoord",NA,NA,NA,NA
"SUWS011275","Bayfield","Thoren",NA,NA,NA,NA
"SUWS011276","St. Croix","Brashier",NA,NA,NA,NA
"SUWS011277","Douglas","Thomson, John W., Jr.",49,"N",14,"W"
"SUWS011278","Douglas","Thomson, John W., Jr.",47," N",10,"W"
"SUWS011279","Douglas","Koch, Rudy G.",47,"N",14,"W"
"SUWS011280","Douglas","Thomson, John W., Jr.",47,"N",10,"W"
"SUWS011281","Douglas","McC., N. V.",49,"N",14,"W"
"SUWS011283","La Crosse","Sohmer, S. H.",16,"N",7,"W"
"SUWS011284","Douglas","Thomson, John W., Jr.",46,"N",10,"W"
"SUWS011285","Douglas","Brashier",47,"N",14,"W"
"SUWS011288","Bayfield","Gunderson",NA,NA,NA,NA
"SUWS011290","Douglas","Olson, Patti",49,"N",13,"W"
"SUWS011291","Bayfield","Cherf",45,"N",8,"W"
"SUWS011292","Bayfield","Hjerleid",44,"N",7,"W"
"SUWS011293","Douglas","Thomson, John W., Jr.",49,"N",13,"W"
"SUWS011294","Bayfield","Cornell",45,"N",8,"W"
"SUWS011296","Bayfield","Brashier",45,"N",8,"W"
"SUWS011297","Douglas","Thomson, John W., Jr.",49,"N",14,"W"
"SUWS011298","Douglas","Thomson, John W., Jr.",47,"N",10,"W"
"SUWS011299","Douglas","Markon, Kathleen",46,"N",13,"W"
"SUWS011300","Douglas","Sima, Bessie R.",49,"N",14,"W"
"SUWS011301","Douglas","Thomson, John W., Jr.",49,"N",14,"W"
"SUWS011302","Douglas","Brashier",46,"N",15,"W"
"SUWS011303","Douglas","Thomson, John W., Jr.",47,"N",10,"W"
"SUWS011304","Douglas","Brashier",46,"N",15,"W"
"SUWS011305","Douglas","Stackler, Susan",46,"N",15,"W"
"SUWS011306","Douglas","C., E. A.",NA,NA,NA,NA
"SUWS011307","Douglas","Thomson, John W., Jr.",49,"N",14,"W"
"SUWS011309","Bayfield","Hjerleid",NA,NA,NA,NA
"SUWS011310","Douglas","Heim, John A.",49,"N",13,"W"
"SUWS011311","Douglas","Stackler, Susan",46,"N",15,"W"
"SUWS011314","Douglas","Koch, Rudy G.",43,"N",15,"W"
"SUWS011316","Bayfield","Hjerleid",45,"N",8,"W"
"SUWS011317","Bayfield","Cornell",45,"N",8,"W"
"SUWS011318","Douglas","Koch, Rudy G.",47,"N",14,"W"
"SUWS011319","Douglas","Brashier",46,"N",15,"W"
"SUWS011320","Douglas","Brashier",44,"N",14,"W"
"SUWS011321","Douglas","C., E. A.",NA,NA,NA,NA
"SUWS011322","Douglas","Castle, R.",48,"N",10,"W"
"SUWS011323","Douglas","Castle, R.",47,"N",11,"W"
"SUWS011324","Bayfield","Cherf",45,"N",8,"W"
"SUWS011325","Bayfield","Valaskey",45,"N",8,"W"
"SUWS011326","Bayfield","Hjerleid",45,"N",9,"W"
"SUWS011327","Ashland","Brashier",NA,NA,NA,NA
"SUWS011328","Douglas","Brashier",46,"N",15,"W"
"SUWS011329","Douglas","Olson, Patti",49,"N",13,"W"
"SUWS011331","Douglas","Thomson, John W., Jr.",47,"N",11,"W"
"SUWS011332","Bayfield","Muller",45,"N",7,"W"
"SUWS011333","Bayfield","Cornell",45,"N",7,"W"
"SUWS011334","Douglas","Koch, Rudy G.",49,"N",10,"W"
"SUWS011335","Douglas","Hicks, James",49,"N",14,"W"
"SUWS011336","Bayfield","Brashier",45,"N",6,"W"
"SUWS011337","Douglas","Brashier",49,"N",14,"W"
"SUWS011338","Douglas","Koch, Rudy G.",47,"N",14,"W"
"SUWS011339","Douglas","Castle, R.",49,"N",10,"W"
"SUWS011341","Bayfield","Koch, Rudy G.",47,"N",8,"W"
"SUWS011342","Douglas","Thomson, John W., Jr.",49,"N",14,"W"
"SUWS011343","Douglas","Dabydeen, Simon",49,"N",14,"W"
"SUWS011345","Iron","Bjork, Ann",45,"N",1,"W"
"SUWS011346","Bayfield","Koch, Rudy G.",49,"N",4,"W"
"SUWS011347","Douglas","Thomson, John W., Jr.",47," N",10,"W"
"SUWS011349","Bayfield","Brashier",45,"N",8,"W"
"SUWS011350","Douglas","Koch, Rudy G.",49,"N",10,"W"
"SUWS011351","Bayfield","Brashier",45,"N",8,"W"
"SUWS011352","Douglas","Castle, R.",49,"N",11,"W"
"SUWS011354","Bayfield","Evans, Lisa",49,"N",8,"W"
"SUWS011361","Douglas","Thomson, John W., Jr.",49,"N",14,"W"
"SUWS011362","Douglas","Martin, Bonita",47,"N",12,"W"
"SUWS011363","Iron","Mortensen, Sara",46,"N",2,"E"
"SUWS011364","Douglas","Castle, R.",47,"N",10,"W"
"SUWS011365","Bayfield","Thoren",NA,NA,NA,NA
"SUWS011366","Bayfield","Brashier",45,"N",8,"W"
"SUWS011367","Bayfield","Brashier",45,"N",8,"W"
"SUWS011368","Bayfield","Brashier",45,"N",8,"W"
"SUWS011369","Bayfield","Janowski",NA,NA,NA,NA
"SUWS011374","Ashland","Pellett, T. D.",48,"N",2,"W"
"SUWS011375","Douglas","Koch, Rudy G.",46,"N",14,"W"
"SUWS011378","Douglas","Thomson, John W., Jr.",46,"N",10,"W"
"SUWS011379","Douglas","Olson, Patti",49,"N",13,"W"
"SUWS011380","Douglas","",49,"N",14,"W"
"SUWS011381","Douglas","Thomson, John W., Jr.",49,"N",13,"W"
"SUWS011382","Douglas","Koch, Rudy G.",49,"N",13,"W"
"SUWS011383","Douglas","Thomson, John W., Jr.",47,"N",14,"W"
"SUWS011384","Douglas","Thomson, John W., Jr.",46,"N",10,"W"
"SUWS011385","Douglas","Brashier",46,"N",15,"W"
"SUWS011386","Douglas","Brashier",48,"N",14,"W"
"SUWS011387","Douglas","Brashier",48,"N",14,"W"
"SUWS011388","Douglas","Brashier",46,"N",15,"W"
"SUWS011389","Douglas","Brashier",46,"N",15,"W"
"SUWS011390","Douglas","Castle, R.",49,"N",10,"W"
"SUWS011391","Douglas","Brashier",45,"N",12,"W"
"SUWS011392","Douglas","Koch, Rudy G.",47,"N",14,"W"
"SUWS011393","Douglas","Brashier",48,"N",14,"W"
"SUWS011394","Douglas","Koch, Rudy G.",47,"N",14,"W"
"SUWS011395","Douglas","Brashier",44,"N",12,"W"
"SUWS011396","Door","Brashier",NA,NA,NA,NA
"SUWS011397","Douglas","Staupe, Jane",48,"N",10,"W"
"SUWS011398","Douglas","Thomson, John W., Jr.",47,"N",14,"W"
"SUWS011400","Douglas","Castle, R.",47,"N",10,"W"
"SUWS011401","Douglas","Brashier",48,"N",14,"W"
"SUWS011402","Douglas","Thomson, John W., Jr.",48," N",10,"W"
"SUWS011403","Douglas","Tendrup, Lynn S.",46,"N",15,"W"
"SUWS011404","Douglas","Koch, Rudy G.",43,"N",11,"W"
"SUWS011405","Douglas","Thomson, John W., Jr.",46,"N",10,"W"
"SUWS011406","Douglas","Romans",45,"N",10,"W"
"SUWS011407","Washburn","Jones",NA,NA,NA,NA
"SUWS011408","Douglas","Romans",45,"N",10,"W"
"SUWS011409","Burnett","Johnson, R.",NA,NA,NA,NA
"SUWS011410","Burnett","Brashier",40,"N",16,"W"
"SUWS011411","Burnett","Brashier",40,"N",16,"W"
"SUWS011412","Douglas","Hein, Elizabeth",46,"N",13,"W"
"SUWS011414","Douglas","Castle, R.",46,"N",10,"W"
"SUWS011415","Douglas","Brashier",46,"N",15,"W"
"SUWS011416","Douglas","Thomson, John W., Jr.",47,"N",14,"W"
"SUWS011417","Douglas","Thomson, John W., Jr.",46,"N",11,"W"
"SUWS011418","Douglas","Koch, Rudy G.",45,"N",12,"W"
"SUWS011419","Iron","Koch, Rudy G.",46,"N",2,"E"
"SUWS011420","Douglas","Thomson, John W., Jr.",49,"N",14,"W"
"SUWS011420b","Douglas","Thomson, John W., Jr.",49,"N",14,"W"
"SUWS011421","Douglas","Brashier",46,"N",15,"W"
"SUWS011422","Douglas","Koch, Rudy G.",47,"N",14,"W"
"SUWS011423","Douglas","Brashier",46,"N",15,"W"
"SUWS011424","Bayfield","Brashier",45,"N",7,"W"
"SUWS011425","Burnett","Mackensen",42,"N",14,"W"
"SUWS011426","Douglas","Brashier",48,"N",14,"W"
"SUWS011428","Douglas","Brashier",48,"N",14,"W"
"SUWS011429","Douglas","Brashier",48,"N",14,"W"
"SUWS011430","Douglas","Brashier",46,"N",12,"W"
"SUWS011431","Douglas","Brashier",46,"N",15,"W"
"SUWS011434","Douglas","Thomson, John W., Jr.",47,"N",15,"W"
"SUWS011435","Douglas","Castle, R.",47,"N",11,"W"
"SUWS011436","Burnett","Castle, R.",NA,NA,NA,NA
"SUWS011437","Bayfield","Lunda, Judy",47,"N",6,"W"
"SUWS011438","Douglas","Brashier",45,"N",14,"W"
"SUWS011440","Douglas","Thomson, John W., Jr.",46,"N",11,"W"
"SUWS011442","Bayfield","Brashier",45,"N",8,"W"
"SUWS011443","Bayfield","Brashier",45,"N",8,"W"
"SUWS011444","Douglas","Bartholomew, L.",NA,NA,NA,NA
"SUWS011445","Douglas","Tendrup, Lynn S.",46,"N",15,"W"
"SUWS011448","Douglas","Castle, R.",47,"N",10,"W"
"SUWS011449","Trempealeau","Demaske, D.",18,"N",9,"W"
"SUWS011450","Vernon","Ziegler, S. R.",14,"N",7,"W"
"SUWS011451","Ashland","Koch, Rudy G.",49,"N",3,"W"
"SUWS011452","Douglas","Hendrickson, Sue",46,"N",14,"W"
"SUWS011453","Douglas","Thomson, John W., Jr.",47," N",10,"W"
"SUWS011454","Douglas","Thomson, John W., Jr.",49,"N",13,"W"
"SUWS011455","Douglas","Davidson, Donald W.",49,"N",13,"W"
"SUWS011456","Douglas","Davidson, Donald W.",49,"N",13,"W"
"SUWS011457","Douglas","Suneson, Verna",49,"N",14,"W"
"SUWS011458","Douglas","Castle, R.",49,"N",13,"W"
"SUWS011461","Douglas","Micke, Brian",49,"N",14,"W"
"SUWS011462","Douglas","Castle, R.",49,"N",14,"W"
"SUWS011463","Barron","Hall, Norma",33,"N",10,"W"
"SUWS011465","Douglas","Stackler, Susan",47,"N",15,"W"
"SUWS011467","Douglas","Koch, Rudy G.",48,"N",12,"W"
"SUWS011468","Bayfield","Brashier",45,"N",8,"W"
"SUWS011469","Bayfield","Brashier",45,"N",8,"W"
"SUWS011470","Bayfield","Brashier",45,"N",8,"W"
"SUWS011471","Bayfield","Brost, Mike",48,"N",9,"W"
"SUWS011474","La Crosse","Nontelle, Deon M.",16,"N",5,"W"
"SUWS011475","Douglas","Castle, R.",49,"N",10,"W"
"SUWS011477","Douglas","McGovern, Scott",49,"N",14,"W"
"SUWS011478","Douglas","Munich, Robert A.",49,"N",14,"W"
"SUWS011479","Douglas","Davidson, Donald W.",49,"N",13,"W"
"SUWS011481","Douglas","Castle, R.",49,"N",10,"W"
"SUWS011482","Bayfield","Hjerleid",45,"N",8,"W"
"SUWS011482b","Douglas","Davidson, Donald W.",49,"N",13,"W"
"SUWS011483","Douglas","Castle, R.",49,"N",14,"W"
"SUWS011485","Douglas","Hall, Norma",49,"N",14,"W"
"SUWS011486","Douglas","Hall, Norma",49,"N",14,"W"
"SUWS011486b","Douglas","Thomson, John W., Jr.",49," N",10,"W"
"SUWS011488","Vernon","Ziegler, S. R.",14,"N",7,"W"
"SUWS011490","Ashland","Koch, Rudy G.",49,"N",3,"W"
"SUWS011491","Douglas","Koch, Rudy G.",48,"N",12,"W"
"SUWS011492","Ashland","Koch, Rudy G.",51,"N",3,"W"
"SUWS011493","Douglas","Thomson, John W., Jr.",49,"N",14,"W"
"SUWS011494","Douglas","Tendrup, Lynn S.",46,"N",15,"W"
"SUWS011495","Douglas","Thomson, John W., Jr.",49,"N",14,"W"
"SUWS011496","Douglas","Thomson, John W., Jr.",49,"N",10,"W"
"SUWS011497","Douglas","",49,"N",14,"W"
"SUWS011498","Douglas","",49,"N",14,"W"
"SUWS011499","Douglas","Koch, Rudy G.",47,"N",14,"W"
"SUWS011500","Iron","Koch, Rudy G.",44,"N",3,"E"
"SUWS011501","Douglas","Castle, R.",47,"N",11,"W"
"SUWS011502","Douglas","Charboneau, E.",46,"N",13,"W"
"SUWS011503","Douglas","Koch, Rudy G.",47,"N",15,"W"
"SUWS011504","Douglas","Dabydeen, Simon",49,"N",14,"W"
"SUWS011505","Douglas","Hansen, Perky",49,"N",12,"W"
"SUWS011506","Douglas","Munich, Robert A.",49,"N",14,"W"
"SUWS011507","Douglas","Koch, Rudy G.",43,"N",12,"W"
"SUWS011508","Douglas","Thomson, John W., Jr.",47,"N",10,"W"
"SUWS011509","Douglas","Hall, Norma",49,"N",14,"W"
"SUWS011510","Douglas","Thomson, John W., Jr.",47," N",10,"W"
"SUWS011511","Douglas","Tendrup, Lynn S.",46,"N",15,"W"
"SUWS011512","Douglas","Suneson, Verna",49,"N",14,"W"
"SUWS011513","Douglas","G., R.A.F",49,"N",14,"W"
"SUWS011514","Douglas","Munich, Robert A.",49,"N",14,"W"
"SUWS011515","La Crosse","Swanson, Steven D.",15,"N",7,"W"
"SUWS011516","Douglas","Olson, Patti",49,"N",13,"W"
"SUWS011517","Douglas","Thomson, John W., Jr.",49,"N",13,"W"
"SUWS011518","Douglas","Dabydeen, Simon",49,"N",14,"W"
"SUWS011519","Douglas","Hall, Norma",49,"N",14,"W"
"SUWS011520","Douglas","Suneson, Verna",49,"N",14,"W"
"SUWS011521","Douglas","",49,"N",14,"W"
"SUWS011522","Douglas","Thomson, John W., Jr.",49," N",10,"W"
"SUWS011523","Douglas","Davidson, Donald W.",49,"N",13,"W"
"SUWS011524","Douglas","Davidson, Donald W.",49,"N",13,"W"
"SUWS011526","Douglas","Hall, Norma",49,"N",14,"W"
"SUWS011527","Douglas","Suneson, Verna",49,"N",14,"W"
"SUWS011528","Douglas","Hall, Norma",49,"N",14,"W"
"SUWS011529","Douglas","",49,"N",14,"W"
"SUWS011530","Douglas","Thomson, John W., Jr.",45,"N",11,"W"
"SUWS011531","Douglas","Suneson, Verna",49,"N",14,"W"
"SUWS011532","Douglas","Thomson, John W., Jr.",48,"N",10,"W"
"SUWS011533","Douglas","G., R. A.",49,"N",14,"W"
"SUWS011534","Douglas","Koch, Rudy G.",48,"N",12,"W"
"SUWS011535","Iron","Koch, Rudy G.",44,"N",2,"E"
"SUWS011537","Bayfield","Brashier",51,"N",6,"W"
"SUWS011538","Douglas","Koch, Rudy G.",46,"N",14,"W"
"SUWS011543","Douglas","Koch, Rudy G.",44,"N",11,"W"
"SUWS011544","Jackson","Thomson, John W., Jr.",NA,NA,NA,NA
"SUWS011545","Eau Claire","Cornell",NA,NA,NA,NA
"SUWS011546","Douglas","Brashier",44,"N",11,"W"
"SUWS011547","Douglas","Thomson, John W., Jr.",47,"N",10,"W"
"SUWS011548","Douglas","Thomson, John W., Jr.",49,"N",12,"W"
"SUWS011549","Douglas","Thomson, John W., Jr.",49,"N",13,"W"
"SUWS011550","Douglas","Thomson, John W., Jr.",49,"N",14,"W"
"SUWS011551","Racine","Leitner, Lawrence A.",3,"N",22,"E"
"SUWS011552","Douglas","Staupe, Jane",48,"N",10,"W"
"SUWS011553","Douglas","Brashier",46,"N",15,"W"
"SUWS011554","Douglas","Brashier",46,"N",15,"W"
"SUWS011555","Bayfield","Cornell",44,"N",8,"W"
"SUWS011557","Bayfield","Mackensen",45,"N",8,"W"
"SUWS011558","Douglas","Holmgren",49,"N",14,"W"
"SUWS011559","Douglas","Anderson, D.",49,"N",13,"W"
"SUWS011560","Douglas","Brashier",46,"N",15,"W"
"SUWS011561","Bayfield","Brashier",44,"N",7,"W"
"SUWS011562","Douglas","Thomson, John W., Jr.",47,"N",10,"W"
"SUWS011563","St. Croix","Romans",31,"N",19,"W"
"SUWS011564","Bayfield","Brashier",45,"N",8,"W"
"SUWS011565","Bayfield","Cornell",43,"N",7,"W"
"SUWS011566","Bayfield","Holden",43,"N",7,"W"
"SUWS011567","Douglas","Collinson, Keith",49,"N",14,"W"
"SUWS011569","Douglas","Koch, Rudy G.",48,"N",12,"W"
"SUWS011572","Bayfield","Holden",45,"N",8,"W"
"SUWS011573","Douglas","Sima, Bessie R.",49,"N",14,"W"
"SUWS011574","Bayfield","Barnard",45,"N",8,"W"
"SUWS011575","Douglas","Thomson, John W., Jr.",49,"N",14,"W"
"SUWS011576","Douglas","Brashier",46,"N",15,"W"
"SUWS011577","Bayfield","Brashier",45,"N",8,"W"
"SUWS011578","Bayfield","Mackensen",45,"N",8,"W"
"SUWS011579","Douglas","Brashier",46,"N",15,"W"
"SUWS011580","Bayfield","Hjerleid",45,"N",8,"W"
"SUWS011581","Dane","Steinberg, Tom",NA,NA,NA,NA
"SUWS011582","Marquette","Brashier",16,"N",11,"E"
"SUWS011584","Douglas","Thomson, John W., Jr.",49,"N",14,"W"
"SUWS011585","Douglas","Koch, Rudy G.",49,"N",12,"W"
"SUWS011587","Douglas","Thomson, John W., Jr.",49,"N",14,"W"
"SUWS011588","Douglas","Haglund, Anabelle",49,"N",14,"W"
"SUWS011590","Bayfield","Cornell",46,"N",5,"W"
"SUWS011591","Bayfield","Hjerleid",45,"N",8,"W"
"SUWS011592","Douglas","Shugar, Helen",NA,NA,NA,NA
"SUWS011593","Douglas","Thomson, John W., Jr.",49,"N",14,"W"
"SUWS011594","Bayfield","Koch, Rudy G.",48,"N",5,"W"
"SUWS011595","Douglas","Koch, Rudy G.",47,"N",14,"W"
"SUWS011598","Douglas","Brashier",48,"N",10,"W"
"SUWS011599","Douglas","Thomson, John W., Jr.",46,"N",10,"W"
"SUWS011600","Douglas","Thomson, John W., Jr.",49,"N",13,"W"
"SUWS011601","Jackson","Thomson, John W., Jr.",NA,NA,NA,NA
"SUWS011602","Douglas","Sima, Bessie R.",49,"N",14,"W"
"SUWS011604","Douglas","Collinson, Keith",49,"N",14,"W"
"SUWS011605","Bayfield","Brashier",45,"N",8,"W"
"SUWS011606","Vernon","Ziegler, S. R.",14,"N",7,"W"
"SUWS011607","Bayfield","Holden",44,"N",7,"W"
"SUWS011608","Douglas","Castle, R.",49,"N",10,"W"
"SUWS011610","Bayfield","Brashier",45,"N",8,"W"
"SUWS011611","Douglas","Castle, R.",47,"N",10,"W"
"SUWS011612","Iron","Koch, Rudy G.",45,"N",3,"E"
"SUWS011614","Douglas","Thomson, John W., Jr.",49,"N",14,"W"
"SUWS011615","Douglas","Thomson, John W., Jr.",46,"N",10,"W"
"SUWS011616","Douglas","Castle, R.",48,"N",10,"W"
"SUWS011617","Bayfield","Cornell",45,"N",7,"W"
"SUWS011618","Bayfield","Hjerleid",45,"N",8,"W"
"SUWS011619","Bayfield","Mackensen",46,"N",5,"W"
"SUWS011620","Douglas","Thomson, John W., Jr.",47,"N",10,"W"
"SUWS011621","Bayfield","Holden",44,"N",7,"W"
"SUWS011622","Bayfield","Mackensen",45,"N",7,"W"
"SUWS011623","Bayfield","Holden",45,"N",8,"W"
"SUWS011624","Bayfield","Brashier",45,"N",8,"W"
"SUWS011625","Bayfield","Brashier",45,"N",8,"W"
"SUWS011626","Douglas","Koch, Rudy G.",49,"N",10,"W"
"SUWS011627","Douglas","Thomson, John W., Jr.",48,"N",14,"W"
"SUWS011628","Bayfield","Barnard",45,"N",8,"W"
"SUWS011629","Douglas","Olson, Patti",49,"N",13,"W"
"SUWS011630","Douglas","Brashier",48,"N",14,"W"
"SUWS011631","Douglas","Mackensen",49,"N",13,"W"
"SUWS011632","St. Croix","Brashier",31,"N",19,"W"
"SUWS011633","Douglas","Thomson, John W., Jr.",48,"N",14,"W"
"SUWS011634","Douglas","Thomson, John W., Jr.",NA,NA,NA,NA
"SUWS011635","Douglas","Thomson, John W., Jr.",49,"N",13,"W"
"SUWS011639","Douglas","Castle, R.",49,"N",12,"W"
"SUWS011640","Douglas","Staupe, Jane",49,"N",14,"W"
"SUWS011641","Douglas","Groth, Elcey",NA,NA,NA,NA
"SUWS011642","Douglas","",49,"N",13,"W"
"SUWS011643","Douglas","",49,"N",14,"W"
"SUWS011646","Jefferson","Thomson, John W., Jr.",NA,NA,NA,NA
"SUWS011648","Douglas","Hein, Elizabeth",46,"N",13,"W"
"SUWS011649","Bayfield","Collins",NA,NA,NA,NA
"SUWS011650","Douglas","Thomson, John W., Jr.",46,"N",14,"W"
"SUWS011652","Douglas","Smetak, Scott",49,"N",14,"W"
"SUWS011654","Douglas","Thomson, John W., Jr.",47,"N",10,"W"
"SUWS011655","Douglas","Longenecker, Jean",49,"N",14,"W"
"SUWS011657","Douglas","McGovern, Scott",49,"N",12,"W"
"SUWS011660","Douglas","Hein, Elizabeth",46,"N",13,"W"
"SUWS011661","Douglas","Thomson, John W., Jr.",47,"N",14,"W"
"SUWS011662","Douglas","Hein, Elizabeth",46,"N",13,"W"
"SUWS011663","Douglas","Brashier",46,"N",15,"W"
"SUWS011664","Douglas","Castle, R.",47,"N",11,"W"
"SUWS011665","Douglas","Koch, Rudy G.",47,"N",14,"W"
"SUWS011666","Douglas","Thomson, John W., Jr.",47,"N",10,"W"
"SUWS011667","Douglas","Longenecker, Jean",46,"N",14,"W"
"SUWS011668","Douglas","Thomson, John W., Jr.",47," N",10,"W"
"SUWS011669","Douglas","Castle, R.",46,"N",13,"W"
"SUWS011671","Douglas","Martin, Bonita",NA,NA,NA,NA
"SUWS011672","Bayfield","Anderson, Jason",NA,NA,NA,NA
"SUWS011673","Vilas","McGovern, Scott",40,"N",7,"E"
"SUWS011674","Bayfield","Collins",NA,NA,NA,NA
"SUWS011675","Ashland","Barnard",44,"N",2,"W"
"SUWS011676","Bayfield","Brashier",45,"N",8,"W"
"SUWS011678","Douglas","Thomson, John W., Jr.",45,"N",13,"W"
"SUWS011679","Douglas","Castle, R.",47,"N",11,"W"
"SUWS011680","Douglas","Staupe, Jane",48,"N",10,"W"
"SUWS011687","Douglas","Hein, Elizabeth",46,"N",13,"W"
"SUWS011689","Bayfield","Brashier",45,"N",8,"W"
"SUWS011690","Douglas","Brashier",46,"N",15,"W"
"SUWS011691","Douglas","Hein, Elizabeth",46,"N",13,"W"
"SUWS011692","Douglas","Thomson, John W., Jr.",47,"N",10,"W"
"SUWS011694","Washburn","Jones",NA,NA,NA,NA
"SUWS011695","Bayfield","Lahti, Duane",45,"N",8,"W"
"SUWS011696","Bayfield","Heim, John A.",45,"N",6,"W"
"SUWS011697","Douglas","Martin, Bonita",43,"N",11,"W"
"SUWS011701","Douglas","Thomson, John W., Jr.",46,"N",14,"W"
"SUWS011702","Douglas","Staupe, Jane",47,"N",10,"W"
"SUWS011705","Juneau","",NA,NA,NA,NA
"SUWS011706","Bayfield","Brashier",45,"N",8,"W"
"SUWS011707","Washburn","Jones",NA,NA,NA,NA
"SUWS011710","Douglas","Brost, Mike",49,"N",13,"W"
"SUWS011713","Bayfield","Collins",NA,NA,NA,NA
"SUWS011714","Douglas","Castle, R.",47,"N",10,"W"
"SUWS011715","Douglas","Brashier",48,"N",14,"W"
"SUWS011716","Douglas","Thomson, John W., Jr.",48,"N",10,"W"
"SUWS011717","Bayfield","Thomson, John W., Jr.",46,"N",9,"W"
"SUWS011718","Douglas","Thomson, John W., Jr.",46,"N",14,"W"
"SUWS011719","Douglas","Koch, Rudy G.",49,"N",13,"W"
"SUWS011720","Douglas","Brashier",46,"N",15,"W"
"SUWS011722","Bayfield","Walvoord",45,"N",8,"W"
"SUWS011723","Bayfield","Brashier",45,"N",8,"W"
"SUWS011727","Bayfield","Wassgren",45,"N",8,"W"
"SUWS011729","Douglas","Koch, Rudy G.",44,"N",14,"W"
"SUWS011730","Bayfield","Thomson, John W., Jr.",46,"N",9,"W"
"SUWS011731","Bayfield","Mackensen",45,"N",7,"W"
"SUWS011733","Bayfield","Janowski",45,"N",8,"W"
"SUWS011734","Bayfield","Muller",45,"N",8,"W"
"SUWS011735","Bayfield","Callister, Steven M.",45,"N",8,"W"
"SUWS011736","Bayfield","Hjerleid",45,"N",7,"W"
"SUWS011737","Burnett","Koch, Rudy G.",41,"N",16,"W"
"SUWS011738","Bayfield","Cherf",45,"N",8,"W"
"SUWS011740","Douglas","Brashier",46,"N",15,"W"
"SUWS011741","Bayfield","Valaskey",45,"N",8,"W"
"SUWS011742","Douglas","Thomson, John W., Jr.",46,"N",14,"W"
"SUWS011745","Douglas","Hein, Elizabeth",46,"N",13,"W"
"SUWS011746","Douglas","Hein, Elizabeth",46,"N",13,"W"
"SUWS011747","Douglas","Thomson, John W., Jr.",46," N",11,"W"
"SUWS011748","Douglas","Thomson, John W., Jr.",45,"N",11,"W"
"SUWS011749","Douglas","McGovern, Scott",49,"N",14,"W"
"SUWS011750","Ashland","Koch, Rudy G.",49,"N",3,"W"
"SUWS011751","Douglas","Olson, Patti",49,"N",13,"W"
"SUWS011752","Douglas","Thomson, John W., Jr.",49,"N",10,"W"
"SUWS011753","Douglas","Koch, Rudy G.",46,"N",15,"W"
"SUWS011754","Douglas","Brashier",48,"N",14,"W"
"SUWS011755","Douglas","Brashier",48,"N",14,"W"
"SUWS011756","Douglas","Castle, R.",45,"N",11,"W"
"SUWS011758","Bayfield","Cherf",NA,NA,NA,NA
"SUWS011759","Bayfield","Collins",NA,NA,NA,NA
"SUWS011760","Bayfield","Brashier",47,"N",8,"W"
"SUWS011761","Bayfield","Gunderson",47,"N",8,"W"
"SUWS011762","Bayfield","Brashier",47,"N",8,"W"
"SUWS011763","Bayfield","Brashier",45,"N",8,"W"
"SUWS011764","Bayfield","Collins",NA,NA,NA,NA
"SUWS011765","Bayfield","Hjerleid",44,"N",7,"W"
"SUWS011766","Bayfield","Brashier",47,"N",8,"W"
"SUWS011768","Douglas","Olson, Patti",49,"N",13,"W"
"SUWS011769","Bayfield","Brashier",45,"N",8,"W"
"SUWS011770","Bayfield","Brashier",45,"N",8,"W"
"SUWS011771","Douglas","Thomson, John W., Jr.",46,"N",15,"W"
"SUWS011772","Douglas","Brashier",48,"N",12,"W"
"SUWS011773","Douglas","Thomson, John W., Jr.",46," N",10,"W"
"SUWS011774","Bayfield","Koch, Rudy G.",52,"N",5,"W"
"SUWS011775","Douglas","Castle, R.",49,"N",14,"W"
"SUWS011777","Douglas","Castle, R.",47,"N",10,"W"
"SUWS011778","Walworth","Leitner, Lawrence A.",NA,NA,NA,NA
"SUWS011779","Douglas","Gitar",49,"N",14,"W"
"SUWS011780","Douglas","Mendenhall, Paula M.",49,"N",14,"W"
"SUWS011781","Bayfield","Brashier",45,"N",8,"W"
"SUWS011782","Bayfield","Collins",NA,NA,NA,NA
"SUWS011783","Bayfield","Brashier",45,"N",8,"W"
"SUWS011784","Douglas","Stackler, Susan",46,"N",15,"W"
"SUWS011785","Bayfield","Collins",NA,NA,NA,NA
"SUWS011788","Douglas","Sima, Bessie R.",49,"N",14,"W"
"SUWS011789","La Crosse","Demaske, D.",16,"N",6,"W"
"SUWS011790","Douglas","Brashier",48,"N",14,"W"
"SUWS011791","Douglas","Castle, R.",49,"N",10,"W"
"SUWS011792","Bayfield","Collins",NA,NA,NA,NA
"SUWS011794","Douglas","",47,"N",15,"W"
"SUWS011795","Bayfield","Barnard",45,"N",8,"W"
"SUWS011797","Bayfield","Hjerleid",45,"N",7,"W"
"SUWS011798","Bayfield","Cornell",45,"N",8,"W"
"SUWS011799","Douglas","Castle, R.",49,"N",14,"W"
"SUWS011800","Douglas","Brashier",48,"N",14,"W"
"SUWS011801","Buffalo","Witkiewicz, E. J.",20,"N",12,"W"
"SUWS011803","Bayfield","Brashier",45,"N",8,"W"
"SUWS011804","Bayfield","Brashier",45,"N",8,"W"
"SUWS011805","Bayfield","Cornell",45,"N",8,"W"
"SUWS011806","Douglas","Thomson, John W., Jr.",46,"N",10,"W"
"SUWS011807","Douglas","Collinson, Keith",49,"N",14,"W"
"SUWS011808","Douglas","Koch, Rudy G.",46,"N",14,"W"
"SUWS011809","Douglas","Brashier",47,"N",10,"W"
"SUWS011810","Bayfield","Collins",NA,NA,NA,NA
"SUWS011811","Bayfield","Cornell",45,"N",8,"W"
"SUWS011812","Douglas","Castle, R.",49,"N",10,"W"
"SUWS011813","Bayfield","Brashier",45,"N",8,"W"
"SUWS011814","Bayfield","Brashier",45,"N",8,"W"
"SUWS011815","Douglas","Thomson, John W., Jr.",49,"N",14,"W"
"SUWS011816","Bayfield","Hjerleid",45,"N",8,"W"
"SUWS011817","Douglas","Wong, Kenneth",43,"N",11,"W"
"SUWS011819","Bayfield","Lahti, Duane",47,"N",8,"W"
"SUWS011820","Bayfield","Koch, Rudy G.",52,"N",5,"W"
"SUWS011821","Douglas","Hein, Elizabeth",46,"N",13,"W"
"SUWS011822","Douglas","Shaw",49,"N",14,"W"
"SUWS011823","Douglas","Thomson, John W., Jr.",46,"N",11,"W"
"SUWS011824","Douglas","Jones",NA,NA,NA,NA
"SUWS011826","Douglas","Brashier",46,"N",15,"W"
"SUWS011827","Douglas","Brashier",46,"N",15,"W"
"SUWS011828","Bayfield","Cornell",45,"N",8,"W"
"SUWS011829","Bayfield","Brashier",45,"N",8,"W"
"SUWS011830","Douglas","Koch, Rudy G.",47,"N",14,"W"
"SUWS011831","Douglas","Thomson, John W., Jr.",47,"N",10,"W"
"SUWS011832","Douglas","Thomson, John W., Jr.",47,"N",10,"W"
"SUWS011833","Douglas","Staupe, Jane",48,"N",10,"W"
"SUWS011834","Douglas","Thomson, John W., Jr.",49,"N",13,"W"
"SUWS011836","Douglas","Thomson, John W., Jr.",47,"N",14,"W"
"SUWS011837","Douglas","Koch, Rudy G.",47,"N",14,"W"
"SUWS011838","Douglas","Thomson, John W., Jr.",47," N",10,"W"
"SUWS011839","Douglas","Thomson, John W., Jr.",48,"N",10,"W"
"SUWS011840","Douglas","Koch, Rudy G.",47,"N",14,"W"
"SUWS011841","Douglas","Thomson, John W., Jr.",47,"N",14,"W"
"SUWS011842","Douglas","Stackler, Susan",46,"N",15,"W"
"SUWS011843","Douglas","Brashier",48,"N",14,"W"
"SUWS011844","Douglas","Thomson, John W., Jr.",49,"N",13,"W"
"SUWS011845","Douglas","Staupe, Jane",49,"N",14,"W"
"SUWS011846","Bayfield","Thomson, John W., Jr.",48,"N",9,"W"
"SUWS011847","Douglas","Brashier",46,"N",15,"W"
"SUWS011848","Dane","Carline, R.",6,"N",9,"E"
"SUWS011850","Douglas","Davidson, Donald W.",NA,NA,NA,NA
"SUWS011851","Douglas","Davidson, Donald W.",NA,NA,NA,NA
"SUWS011852","Douglas","Castle, R.",49,"N",10,"W"
"SUWS011853","Douglas","Bruederle, Leo P.",49,"N",13,"W"
"SUWS011854","Douglas","Castle, R.",49,"N",14,"W"
"SUWS011857","Douglas","Johnson, R.",NA,NA,NA,NA
"SUWS011859","Douglas","Thomson, John W., Jr.",46,"N",10,"W"
"SUWS011860","Barron","Thomson, John W., Jr.",33,"N",11,"W"
"SUWS011861","Douglas","Brashier",48,"N",14,"W"
"SUWS011862","Douglas","Brashier",48,"N",14,"W"
"SUWS011863","Douglas","Thomson, John W., Jr.",45,"N",11,"W"
"SUWS011864","Douglas","Thomson, John W., Jr.",48,"N",10,"W"
"SUWS011865","Polk","Knuf, Phillip",36,"N",16,"W"
"SUWS011867","Douglas","Brashier",48,"N",14,"W"
"SUWS011868","Manitowoc","Brashier",18,"N",23,"E"
"SUWS011869","Douglas","Thomson, John W., Jr.",45,"N",11,"W"
"SUWS011870","Douglas","Brashier",46,"N",15,"W"
"SUWS011871","Bayfield","Brashier",44,"N",7,"W"
"SUWS011873","Douglas","Thomson, John W., Jr.",48,"N",13,"W"
"SUWS011874","Douglas","Stackler, Susan",46,"N",15,"W"
"SUWS011875","Douglas","Castle, R.",45,"N",11,"W"
"SUWS011876","Douglas","Dabydeen, Simon",49,"N",14,"W"
"SUWS011877","Douglas","Johnson, R.",NA,NA,NA,NA
"SUWS011878","Douglas","Thomson, John W., Jr.",47,"N",10,"W"
"SUWS011881","Douglas","Brashier",48,"N",14,"W"
"SUWS011882","Douglas","Thomson, John W., Jr.",48," N",13,"W"
"SUWS011883","Douglas","Thomson, John W., Jr.",47,"N",10,"W"
"SUWS011884","Douglas","Castle, R.",47,"N",10,"W"
"SUWS011885","Douglas","Staupe, Jane",48,"N",10,"W"
"SUWS011886","Douglas","Jones",NA,NA,NA,NA
"SUWS011887","Douglas","Brashier",48,"N",14,"W"
"SUWS011892","Douglas","Thomson, John W., Jr.",46,"N",10,"W"
"SUWS011893","Douglas","Stackler, Susan",46,"N",15,"W"
"SUWS011894","Douglas","Castle, R.",49,"N",10,"W"
"SUWS011895","Bayfield","Collins",NA,NA,NA,NA
"SUWS011896","Douglas","Brashier",44,"N",12,"W"
"SUWS011897","Douglas","Thomson, John W., Jr.",47,"N",14,"W"
"SUWS011898","Douglas","Brashier",48,"N",14,"W"
"SUWS011899","Douglas","Brashier",48,"N",14,"W"
"SUWS011900","Douglas","Brashier",46,"N",15,"W"
"SUWS011901","Douglas","Koch, Rudy G.",45,"N",12,"W"
"SUWS011902","Douglas","Thomson, John W., Jr.",47,"N",14,"W"
"SUWS011903","Bayfield","Brashier",45,"N",8,"W"
"SUWS011904","Douglas","Tendrup, Lynn S.",46,"N",15,"W"
"SUWS011905","Douglas","Thomson, John W., Jr.",49,"N",10,"W"
"SUWS011906","Douglas","Davidson, Donald W.",49,"N",13,"W"
"SUWS011907","Douglas","Tendrup, Lynn S.",46,"N",15,"W"
"SUWS011908","Douglas","Koch, Rudy G.",49,"N",10,"W"
"SUWS011909","Douglas","Koch, Rudy G.",49,"N",13,"W"
"SUWS011912","Douglas","Thomson, John W., Jr.",46,"N",10,"W"
"SUWS011913","Douglas","Thomson, John W., Jr.",46,"N",10,"W"
"SUWS011914","Douglas","Thomson, John W., Jr.",45,"N",10,"W"
"SUWS011915","Douglas","Thomson, John W., Jr.",47,"N",14,"W"
"SUWS011916","Douglas","Brost, Mike",49,"N",14,"W"
"SUWS011917","Bayfield","Collins",NA,NA,NA,NA
"SUWS011918","Bayfield","Cornell",45,"N",7,"W"
"SUWS011919","Douglas","Staupe, Jane",48,"N",10,"W"
"SUWS011920","Douglas","Romans",46,"N",15,"W"
"SUWS011921","Bayfield","Brashier",45,"N",8,"W"
"SUWS011922","Bayfield","Brashier",45,"N",8,"W"
"SUWS011923","St. Croix","Brashier",31,"N",19,"W"
"SUWS011924","Douglas","Koch, Rudy G.",47,"N",15,"W"
"SUWS011925","Douglas","Thomson, John W., Jr.",49," N",10,"W"
"SUWS011926","Douglas","Thomson, John W., Jr.",48,"N",13,"W"
"SUWS011927","Douglas","Thomson, John W., Jr.",49,"N",10,"W"
"SUWS011928","Douglas","Thomson, John W., Jr.",49,"N",13,"W"
"SUWS011933","Fond du Lac","Purtell, Harriet M.",13,"N",19,"E"
"SUWS011935","Jackson","Thomson, John W., Jr.",NA,NA,NA,NA
"SUWS011936","Douglas","Olson, Patti",49,"N",13,"W"
"SUWS011937","Bayfield","Collins",NA,NA,NA,NA
"SUWS011938","Juneau","Brashier",14,"N",2,"E"
"SUWS011939","Juneau","Brashier",14,"N",2,"E"
"SUWS011940","Bayfield","Holden",45,"N",8,"W"
"SUWS011941","Bayfield","Cornell",45,"N",7,"W"
"SUWS011942","Douglas","Brashier",44,"N",11,"W"
"SUWS011943","Douglas","Thomson, John W., Jr.",46,"N",11,"W"
"SUWS011944","Douglas","Koch, Rudy G.",45,"N",12,"W"
"SUWS011945","Barron","Thomson, John W., Jr.",33,"N",10,"W"
"SUWS011947","Bayfield","Collins",45,"N",8,"W"
"SUWS011948","Bayfield","Holden",45,"N",8,"W"
"SUWS011949","Bayfield","Hjerleid",45,"N",8,"W"
"SUWS011950","Manitowoc","Brashier",NA,NA,NA,NA
"SUWS011951","Bayfield","Brashier",45,"N",8,"W"
"SUWS011955","Bayfield","Thomson, John W., Jr.",46,"N",9,"W"
"SUWS011956","Douglas","Brashier",46,"N",15,"W"
"SUWS011957","Douglas","Brashier",45,"N",12,"W"
"SUWS011958","Bayfield","Brashier",45,"N",8,"W"
"SUWS011959","Bayfield","Barnard",NA,NA,NA,NA
"SUWS011960","Bayfield","Holden",45,"N",8,"W"
"SUWS011961","Bayfield","Cornell",44,"N",8,"W"
"SUWS011962","Bayfield","Thoren",45,"N",8,"W"
"SUWS011963","Bayfield","Brashier",45,"N",8,"W"
"SUWS011964","Douglas","Koch, Rudy G.",49,"N",10,"W"
"SUWS011966","Bayfield","Koch, Rudy G.",49,"N",9,"W"
"SUWS011967","Douglas","Thomson, John W., Jr.",49,"N",13,"W"
"SUWS011968","Bayfield","Barnard",NA,NA,NA,NA
"SUWS011969","Bayfield","Holden",44,"N",7,"W"
"SUWS011970","Bayfield","Cornell",44,"N",7,"W"
"SUWS011971","Douglas","Hein, Elizabeth",46,"N",13,"W"
"SUWS011972","Douglas","Hein, Elizabeth",46,"N",13,"W"
"SUWS011973","Bayfield","Brashier",45,"N",7,"W"
"SUWS011974","Walworth","Thomson, John W., Jr.",2,"N",18,"E"
"SUWS011975","Bayfield","Cornell",43,"N",7,"W"
"SUWS011976","Douglas","Koch, Rudy G.",46,"N",15,"W"
"SUWS011977","Burnett","Castle, R.",38,"N",16,"W"
"SUWS011978","Douglas","McGovern, Scott",49,"N",14,"W"
"SUWS011979","Eau Claire","Barnard",26,"N",7,"W"
"SUWS011980","Douglas","Koch, Rudy G.",49,"N",13,"W"
"SUWS011983","Douglas","Castle, R.",NA,NA,NA,NA
"SUWS011984","Bayfield","Romans",45,"N",9,"W"
"SUWS011985","Bayfield","Holden",45,"N",8,"W"
"SUWS011987","Douglas","Thomson, John W., Jr.",49,"N",13,"W"
"SUWS011988","Douglas","Thomson, John W., Jr.",45,"N",10,"W"
"SUWS011989","Ashland","Brashier",NA,NA,NA,NA
"SUWS011990","Bayfield","Hjerleid",NA,NA,NA,NA
"SUWS011991","Ashland","Brashier",NA,NA,NA,NA
"SUWS011992","Douglas","Koch, Rudy G.",43,"N",12,"W"
"SUWS011993","Bayfield","Cherf",45,"N",8,"W"
"SUWS011994","Burnett","Brashier",40,"N",16,"W"
"SUWS011995","Pepin","Brashier",NA,NA,NA,NA
"SUWS011996","Juneau","Thomson, John W., Jr.",16,"N",3,"E"
"SUWS011997","Bayfield","Valaskey",NA,NA,NA,NA
"SUWS011998","Douglas","Stackler, Susan",46,"N",15,"W"
"SUWS011999","Douglas","Castle, R.",48,"N",12,"W"
"SUWS012000","Douglas","Castle, R.",48,"N",11,"W"
"SUWS012004","Douglas","Thomson, John W., Jr.",48,"N",10,"W"
"SUWS012005","Douglas","Thomson, John W., Jr.",48,"N",10,"W"
"SUWS012007","Bayfield","Brashier",45,"N",8,"W"
"SUWS012008","Douglas","Castle, R.",47,"N",11,"W"
"SUWS012009","Bayfield","Koch, Rudy G.",50,"N",8,"W"
"SUWS012010","Douglas","Thomson, John W., Jr.",48,"N",10,"W"
"SUWS012011","Douglas","Thomson, John W., Jr.",47," N",10,"W"
"SUWS012012","Bayfield","Brashier",45,"N",8,"W"
"SUWS012013","Bayfield","Brashier",45,"N",8,"W"
"SUWS012014","Douglas","Brashier",46,"N",12,"W"
"SUWS012015","Douglas","Davidson, Donald W.",49,"N",13,"W"
"SUWS012016","Douglas","Davidson, Donald W.",49,"N",13,"W"
"SUWS012017","Douglas","Davidson, Donald W.",49,"N",13,"W"
"SUWS012018","Douglas","Davidson, Donald W.",49,"N",13,"W"
"SUWS012019","Douglas","Davidson, Donald W.",49,"N",13,"W"
"SUWS012020","Douglas","Davidson, Donald W.",49,"N",13,"W"
"SUWS012021","Douglas","Davidson, Donald W.",49,"N",13,"W"
"SUWS012022","Douglas","Davidson, Donald W.",49,"N",13,"W"
"SUWS012023","Douglas","Koch, Rudy G.",49,"N",13,"W"
"SUWS012024","Douglas","Thomson, John W., Jr.",46,"N",10,"W"
"SUWS012025","Douglas","Thomson, John W., Jr.",45,"N",10,"W"
"SUWS012026","Marinette","Brashier",37,"N",20,"E"
"SUWS012027","Bayfield","Brashier",45,"N",8,"W"
"SUWS012028","Douglas","Castle, R.",47,"N",10,"W"
"SUWS012029","Bayfield","Brashier",45,"N",8,"W"
"SUWS012030","Bayfield","Koch, Rudy G.",48,"N",7,"W"
"SUWS012031","Bayfield","Brashier",45,"N",8,"W"
"SUWS012032","Burnett","Brashier",40,"N",16,"W"
"SUWS012033","Douglas","Hansen, Perky",49,"N",14,"W"
"SUWS012034","Douglas","Munich, Robert A.",49,"N",14,"W"
"SUWS012036","Douglas","Stackler, Susan",46,"N",15,"W"
"SUWS012037","Bayfield","Brashier",45,"N",8,"W"
"SUWS012038","Douglas","Thomson, John W., Jr.",48,"N",10,"W"
"SUWS012039","Douglas","Davidson, Donald W.",49,"N",13,"W"
"SUWS012040","Douglas","Davidson, Donald W.",49,"N",13,"W"
"SUWS012041","Douglas","Davidson, Donald W.",49,"N",13,"W"
"SUWS012042","Douglas","Davidson, Donald W.",49,"N",13,"W"
"SUWS012043","Douglas","Davidson, Donald W.",49,"N",13,"W"
"SUWS012045","Douglas","Davidson, Donald W.",49,"N",13,"W"
"SUWS012046","Douglas","Davidson, Donald W.",49,"N",13,"W"
"SUWS012047","Douglas","Thomson, John W., Jr.",49,"N",14,"W"
"SUWS012049","Douglas","Thomson, John W., Jr.",49,"N",13,"W"
"SUWS012050","Douglas","Thomson, John W., Jr.",49,"N",13,"W"
"SUWS012052","Douglas","Thomson, John W., Jr.",49,"N",13,"W"
"SUWS012053","Polk","Brashier",NA,NA,NA,NA
"SUWS012054","Douglas","Thomson, John W., Jr.",49,"N",10,"W"
"SUWS012055","Douglas","Stackler, Susan",47,"N",15,"W"
"SUWS012058","Bayfield","Hjerleid",44,"N",7,"W"
"SUWS012059","Bayfield","Valaskey",43,"N",7,"W"
"SUWS012060","Douglas","Castle, R.",49,"N",13,"W"
"SUWS012061","Douglas","Clement, G. G.",49,"N",14,"W"
"SUWS012062","Bayfield","Koch, Rudy G.",47,"N",8,"W"
"SUWS012063","Douglas","Thomson, John W., Jr.",46,"N",11,"W"
"SUWS012065","Douglas","Stackler, Susan",46,"N",15,"W"
"SUWS012067","Douglas","Smetak, Scott",48,"N",14,"W"
"SUWS012068","Douglas","Koch, Rudy G.",47,"N",14,"W"
"SUWS012069","Douglas","Bruederle, Leo P.",49,"N",12,"W"
"SUWS012070","Bayfield","Anderson, Jason",48,"N",8,"W"
"SUWS012071","Bayfield","Koch, Rudy G.",49,"N",4,"W"
"SUWS012072","Bayfield","Cherf",45,"N",8,"W"
"SUWS012073","Douglas","Munich, Robert A.",49,"N",14,"W"
"SUWS012074","Bayfield","Barnard",45,"N",7,"W"
"SUWS012076","Bayfield","Brashier",45,"N",8,"W"
"SUWS012078","Douglas","Thomson, John W., Jr.",NA,NA,NA,NA
"SUWS012079","Douglas","Koch, Rudy G.",48,"N",12,"W"
"SUWS012080","Douglas","Castle, R.",47,"N",11,"W"
"SUWS012081","Douglas","Castle, R.",49,"N",10,"W"
"SUWS012082","Bayfield","Brashier",51,"N",6,"W"
"SUWS012083","Douglas","Brashier",47,"N",14,"W"
"SUWS012084","Bayfield","Brashier",45,"N",8,"W"
"SUWS012086","Douglas","Clement, G. G.",NA,NA,NA,NA
"SUWS012087","Douglas","Castle, R.",49,"N",10,"W"
"SUWS012088","Douglas","Thomson, John W., Jr.",46,"N",11,"W"
"SUWS012089","Douglas","Brashier",48,"N",14,"W"
"SUWS012090","Douglas","Bruederle, Leo P.",49,"N",12,"W"
"SUWS012091","Bayfield","Barnard",45,"N",8,"W"
"SUWS012094","Douglas","Castle, R.",49,"N",13,"W"
"SUWS012095","Douglas","Hansen, Perky",49,"N",13,"W"
"SUWS012096","Bayfield","Anderson, Jason",NA,NA,NA,NA
"SUWS012097","Douglas","Munich, Robert A.",49,"N",13,"W"
"SUWS012098","Ashland","Brashier",NA,NA,NA,NA
"SUWS012099","Ashland","Brashier",NA,NA,NA,NA
"SUWS012100","Bayfield","Koch, Rudy G.",52,"N",4,"W "
"SUWS012101","Douglas","Davidson, Donald W.",49,"N",13,"W"
"SUWS012102","Douglas","Davidson, Donald W.",49,"N",13,"W"
"SUWS012103","Douglas","Olson, Patti",49,"N",13,"W"
"SUWS012106","Douglas","Castle, R.",49,"N",10,"W"
"SUWS012107","Bayfield","Brashier",NA,NA,NA,NA
"SUWS012108","Douglas","Younger, Patti",49,"N",13,"W"
"SUWS012109","Douglas","Sima, Bessie R.",49,"N",14,"W"
"SUWS012110","Douglas","Brashier",NA,NA,NA,NA
"SUWS012111","Bayfield","Hjerleid",45,"N",8,"W"
"SUWS012112","Dane","Thomson, John W., Jr.",NA,NA,NA,NA
"SUWS012113","Douglas","Thomson, John W., Jr.",48,"N",13,"W"
"SUWS012114","Bayfield","Castle, R.",47,"N",9,"W"
"SUWS012115","Burnett","Brashier",40,"N",16,"W"
"SUWS012117","Bayfield","Romans",45,"N",9,"W"
"SUWS012118","Douglas","Castle, R.",46,"N",10,"W"
"SUWS012119","Douglas","Thomson, John W., Jr.",47," N",10,"W"
"SUWS012125","Barron","Thomson, John W., Jr.",NA,NA,NA,NA
"SUWS012126","Burnett","Brashier",41,"N",15,"W"
"SUWS012127","Burnett","Brashier",NA,NA,NA,NA
"SUWS012128","Burnett","Brashier",NA,NA,NA,NA
"SUWS012129","Burnett","Brashier",NA,NA,NA,NA
"SUWS012130","Buffalo","Brashier",21,"N",13,"W"
"SUWS012131","Vernon","Ziegler, S. R.",14,"N",7,"W"
"SUWS012132","Fond du Lac","Leitner, Lawrence A.",13," N",19,"E"
"SUWS012133","Douglas","Thomson, John W., Jr.",48,"N",10,"W"
"SUWS012135","Douglas","",47,"N",15,"W"
"SUWS012136","Douglas","Tendrup, Lynn S.",46,"N",14,"W"
"SUWS012137","Bayfield","Collins",45,"N",8,"W"
"SUWS012138","Bayfield","Holden",45,"N",8,"W"
"SUWS012139","Douglas","Thomson, John W., Jr.",48," N",12,"W"
"SUWS012146","Douglas","Thomson, John W., Jr.",45,"N",12,"W"
"SUWS012148","Douglas","Thomson, John W., Jr.",45,"N",12,"W"
"SUWS012149","Burnett","Romans",41,"N",15,"W"
"SUWS012150","Douglas","",47,"N",15,"W"
"SUWS012152","Douglas","Koch, Rudy G.",43,"N",15,"W"
"SUWS012153","La Crosse","Konkel, Deborah",17,"N",5,"W"
"SUWS012154","Bayfield","Brashier",45,"N",8,"W"
"SUWS012161","Ashland","Mackensen",NA,NA,NA,NA
"SUWS012163","Ashland","Barnard",52,"N",2,"W"
"SUWS012164","Douglas","Smetak, Scott",49,"N",13,"W"
"SUWS012165","Douglas","Gitar",49,"N",13,"W"
"SUWS012166","Douglas","Thomson, John W., Jr.",49,"N",13,"W"
"SUWS012167","Douglas","Brashier",49,"N",14,"W"
"SUWS012168","Ashland","Brashier",NA,NA,NA,NA
"SUWS012169","Douglas","Koch, Rudy G.",49,"N",14,"W"
"SUWS012170","Douglas","Mendenhall, Paula M.",49,"N",13,"W"
"SUWS012171","Douglas","Castle, R.",49,"N",12,"W"
"SUWS012172","Bayfield","Koch, Rudy G.",52,"N",5,"W"
"SUWS012173","Douglas","Staupe, Jane",47,"N",10,"W"
"SUWS012174","Burnett","Brashier",40,"N",16,"W"
"SUWS012175","Douglas","Thomson, John W., Jr.",47," N",11,"W"
"SUWS012176","Douglas","Thomson, John W., Jr.",49,"N",14,"W"
"SUWS012177","Douglas","Castle, R.",49,"N",10,"W"
"SUWS012178","Douglas","Thomson, John W., Jr.",49,"N",13,"W"
"SUWS012179","Polk","Brashier",NA,NA,NA,NA
"SUWS012180","Douglas","Castle, R.",49,"N",10,"W"
"SUWS012181","Bayfield","Muller",45,"N",8,"W"
"SUWS012182","Douglas","Thomson, John W., Jr.",47,"N",10,"W"
"SUWS012183","Douglas","Thomson, John W., Jr.",46,"N",10,"W"
"SUWS012184","Douglas","Thomson, John W., Jr.",48,"N",14,"W"
"SUWS012185","Washburn","Thomson, John W., Jr.",NA,NA,NA,NA
"SUWS012186","Pierce","Brashier",26,"N",17,"W"
"SUWS012191","Bayfield","Barnard",46,"N",5,"W"
"SUWS012192","Dane","Cochrane, Theodore S.",NA,NA,NA,NA
"SUWS012195","Burnett","Brashier",40,"N",16,"W"
"SUWS012196","Burnett","Brashier",40,"N",16,"W"
"SUWS012197","Douglas","Hendrickson, Sue",47,"N",12,"W"
"SUWS012198","Douglas","Castle, R.",48,"N",10,"W"
"SUWS012199","Douglas","Castle, R.",48,"N",10,"W"
"SUWS012200","Douglas","Castle, R.",48,"N",10,"W"
"SUWS012201","Douglas","Thomson, John W., Jr.",49,"N",14,"W"
"SUWS012202","Douglas","Hicks, James",49,"N",14,"W"
"SUWS012203","Douglas","Younger, Patti",49,"N",13,"W"
"SUWS012204","Juneau","Brashier",14,"N",2,"E"
"SUWS012205","Juneau","Brashier",14,"N",2,"E"
"SUWS012206","Douglas","Castle, R.",49,"N",10,"W"
"SUWS012207","Douglas","Clements, Jimmy D.",NA,NA,NA,NA
"SUWS012208","Douglas","Mercedes",49,"N",14,"W"
"SUWS012210","Douglas","Smetak, Scott",49,"N",13,"W"
"SUWS012212","Bayfield","Brashier",45,"N",8,"W"
"SUWS012213","Douglas","Brashier",48,"N",14,"W"
"SUWS012214","Bayfield","Mackensen",44,"N",7,"W"
"SUWS012215","Bayfield","Cherf",45,"N",8,"W"
"SUWS012216","Bayfield","Hjerleid",45,"N",9,"W"
"SUWS012217","Bayfield","Collins",45,"N",8,"W"
"SUWS012218","Bayfield","Cornell",45,"N",7,"W"
"SUWS012219","Douglas","Clements, Jimmy D.",NA,NA,NA,NA
"SUWS012221","Bayfield","Holden",44,"N",7,"W"
"SUWS012223","Bayfield","Cherf",45,"N",8,"W"
"SUWS012224","St. Croix","Brashier",31,"N",19,"W"
"SUWS012225","Bayfield","Hjerleid",45,"N",9,"W"
"SUWS012226","Douglas","Sima, Bessie R.",49,"N",14,"W"
"SUWS012227","Bayfield","Brashier",45,"N",8,"W"
"SUWS012228","Douglas","Koch, Rudy G.",47,"N",14,"W"
"SUWS012239b","Douglas","Munich, Robert A.",45,"N",13,"W"
"SUWS012240","Sheboygan","Brashier",NA,NA,NA,NA
"SUWS012242","Bayfield","Thomson, John W., Jr.",46,"N",9,"W"
"SUWS012245","Douglas","Thomson, John W., Jr.",49,"N",14,"W"
"SUWS012247","Burnett","Castle, R.",38,"N",16,"W"
"SUWS012248","Bayfield","Holden",45,"N",7,"W"
"SUWS012249","Bayfield","Barnard",43,"N",7,"W"
"SUWS012250","Bayfield","Collins",45,"N",8,"W"
"SUWS012251","Douglas","Thomson, John W., Jr.",47,"N",10,"W"
"SUWS012252","Bayfield","Hjerleid",NA,NA,NA,NA
"SUWS012253","Bayfield","Cornell",44,"N",7,"W"
"SUWS012254","Juneau","Thomson, John W., Jr.",16,"N",3,"E"
"SUWS012255","Bayfield","Brashier",45,"N",6,"W"
"SUWS012256","Douglas","Dabydeen, Simon",49,"N",14,"W"
"SUWS012257","Sawyer","Mackensen",NA,NA,NA,NA
"SUWS012258","Bayfield","Collins",45,"N",8,"W"
"SUWS012259","Douglas","Olson, Patti",49,"N",13,"W"
"SUWS012261","Bayfield","Collins",45,"N",8,"W"
"SUWS012262","Douglas","Castle, R.",49,"N",10,"W"
"SUWS012263","Douglas","Thomson, John W., Jr.",46,"N",11,"W"
"SUWS012264","Bayfield","Cornell",45,"N",8,"W"
"SUWS012265","Bayfield","Holden",44,"N",8,"W"
"SUWS012266","Bayfield","Collins",45,"N",8,"W"
"SUWS012270","Douglas","Hansen, Perky",49,"N",13,"W"
"SUWS012271","Bayfield","Holden",44,"N",8,"W"
"SUWS012272","Douglas","Castle, R.",49,"N",10,"W"
"SUWS012273","Bayfield","Brost, Mike",48,"N",9,"W"
"SUWS012274","Douglas","Brashier",48,"N",14,"W"
"SUWS012275","Bayfield","Cornell",43,"N",7,"W"
"SUWS012276","Douglas","Munich, Robert A.",49,"N",13,"W"
"SUWS012277","Eau Claire","Mackensen",NA,NA,NA,NA
"SUWS012278","Douglas","Staupe, Jane",47,"N",10,"W"
"SUWS012279","Bayfield","Hjerleid",45,"N",7,"W"
"SUWS012281","Bayfield","Brashier",45,"N",8,"W"
"SUWS012282","Bayfield","Barnard",45,"N",7,"W"
"SUWS012283","Douglas","Bruederle, Leo P.",49,"N",13,"W"
"SUWS012284","Bayfield","Collins",45,"N",8,"W"
"SUWS012285","Bayfield","Brashier",45,"N",8,"W"
"SUWS012286","Bayfield","Hjerleid",45,"N",7,"W"
"SUWS012287","Eau Claire","Mackensen",27,"N",9,"W"
"SUWS012288","Bayfield","Cornell",45,"N",8,"W"
"SUWS012289","Bayfield","Hjerleid",NA,NA,NA,NA
"SUWS012291","Douglas","Thomson, John W., Jr.",47,"N",10,"W"
"SUWS012292","Douglas","Hicks, James",49,"N",14,"W"
"SUWS012294","Douglas","Sima, Bessie R.",49,"N",14,"W"
"SUWS012295","Bayfield","Collins",45,"N",8,"W"
"SUWS012296","Bayfield","Hjerleid",44,"N",7,"W"
"SUWS012297","Bayfield","Cornell",45,"N",8,"W"
"SUWS012298","Douglas","Castle, R.",49,"N",10,"W"
"SUWS012299","Douglas","Thomson, John W., Jr.",46,"N",11,"W"
"SUWS012300","Douglas","McGovern, Scott",49,"N",13,"W"
"SUWS012301","Douglas","Bruederle, Leo P.",NA,NA,NA,NA
"SUWS012302","Douglas","Sima, Bessie R.",49,"N",14,"W"
"SUWS012303","Douglas","Shugar, Helen",49,"N",14,"W"
"SUWS012304","Juneau","Brashier",14,"N",2,"E"
"SUWS012308","Douglas","Thomson, John W., Jr.",49,"N",10,"W"
"SUWS012309","Douglas","Thomson, John W., Jr.",49,"N",13,"W"
"SUWS012310","Douglas","Castle, R.",49,"N",12,"W"
"SUWS012311","Douglas","Thomson, John W., Jr.",46," N",10,"W"
"SUWS012313","Douglas","Thomson, John W., Jr.",47,"N",10,"W"
"SUWS012314","Douglas","Thomson, John W., Jr.",46," N",10,"W"
"SUWS012316","Douglas","McDonald, Sue",49,"N",14,"W"
"SUWS012317","Walworth","",2,"N",17,"E"
"SUWS012319","Douglas","Castle, R.",49,"N",13,"W"
"SUWS012320","Douglas","Brashier",NA,NA,NA,NA
"SUWS012321","Douglas","Koch, Rudy G.",49,"N",13,"W"
"SUWS012322","Douglas","Koch, Rudy G.",49,"N",13,"W"
"SUWS012323","Bayfield","Brashier",45,"N",8,"W"
"SUWS012324","Bayfield","Brashier",45,"N",8,"W"
"SUWS012325","Bayfield","Brashier",45,"N",8,"W"
"SUWS012326","Bayfield","Cornell",45,"N",7,"W"
"SUWS012327","Douglas","Thomson, John W., Jr.",46,"N",11,"W"
"SUWS012328","Douglas","Thomson, John W., Jr.",45,"N",11,"W"
"SUWS012329","Douglas","Collinson, Keith",49,"N",14,"W"
"SUWS012330","Bayfield","Holden",44,"N",7,"W"
"SUWS012331","Bayfield","Cornell",43,"N",7,"W"
"SUWS012334","Douglas","Castle, R.",49,"N",10,"W"
"SUWS012335","Douglas","Thomson, John W., Jr.",47,"N",15,"W"
"SUWS012336","Bayfield","Brashier",45,"N",8,"W"
"SUWS012337","Bayfield","Brashier",45,"N",8,"W"
"SUWS012338","Bayfield","Brashier",45,"N",7,"W"
"SUWS012339","Bayfield","Gunderson",45,"N",7,"W"
"SUWS012340","Bayfield","Holden",46,"N",8,"W"
"SUWS012341","Bayfield","Collins",45,"N",8,"W"
"SUWS012342","Bayfield","Janowski",45,"N",7,"W"
"SUWS012343","Douglas","Sima, Bessie R.",NA,NA,NA,NA
"SUWS012344","Douglas","Olson, Patti",49,"N",13,"W"
"SUWS012345","Douglas","Thomson, John W., Jr.",46,"N",10,"W"
"SUWS012346","Douglas","Thomson, John W., Jr.",49,"N",14,"W"
"SUWS012347","Bayfield","Cornell",45,"N",8,"W"
"SUWS012348","Bayfield","Holden",44,"N",8,"W"
"SUWS012349","Bayfield","Brashier",45,"N",8,"W"
"SUWS012350","Bayfield","Lahti, Duane",48,"N",9,"W"
"SUWS012351","Douglas","Koch, Rudy G.",47,"N",14,"W"
"SUWS012352","Douglas","Brashier",46,"N",15,"W"
"SUWS012353","Douglas","Brashier",48,"N",14,"W"
"SUWS012356","Douglas","Wasko, Walter",47,"N",12,"W"
"SUWS012357","Douglas","Brashier",46,"N",15,"W"
"SUWS012358","Douglas","Sima, Bessie R.",49,"N",14,"W"
"SUWS012359","Douglas","Mendenhall, Paula M.",49,"N",13,"W"
"SUWS012360","Douglas","Munich, Robert A.",49,"N",13,"W"
"SUWS012361","Douglas","Koch, Rudy G.",45,"N",12,"W"
"SUWS012362","Douglas","Thomson, John W., Jr.",49,"N",13,"W"
"SUWS012363","Bayfield","Holden",44,"N",7,"W"
"SUWS012364","Bayfield","Collins",44,"N",7,"W"
"SUWS012365","Bayfield","Collins",45,"N",8,"W"
"SUWS012366","Bayfield","Collins",45,"N",8,"W"
"SUWS012367","Bayfield","Hjerleid",45,"N",9,"W"
"SUWS012368","Bayfield","Barnard",45,"N",7,"W"
"SUWS012369","Bayfield","Brashier",45,"N",8,"W"
"SUWS012370","Bayfield","Brashier",45,"N",8,"W"
"SUWS012371","Bayfield","Thoren",45,"N",8,"W"
"SUWS012372","Bayfield","Cornell",43,"N",7,"W"
"SUWS012373","Bayfield","Brashier",45,"N",8,"W"
"SUWS012380","Douglas","Koch, Rudy G.",49,"N",14,"W"
"SUWS012381","Bayfield","Koch, Rudy G.",44,"N",8,"W"
"SUWS012382","Bayfield","Cornell",45,"N",8,"W"
"SUWS012383","Juneau","Thomson, John W., Jr.",16,"N",3,"E"
"SUWS012384","Douglas","Smetak, Scott",49,"N",13,"W"
"SUWS012386","Douglas","Thomson, John W., Jr.",46,"N",11,"W"
"SUWS012388","Douglas","Olson, Patti",49,"N",13,"W"
"SUWS012389","Bayfield","Brashier",45,"N",8,"W"
"SUWS012390","Douglas","Hein, Elizabeth",46,"N",13,"W"
"SUWS012391","Bayfield","Brashier",45,"N",8,"W"
"SUWS012392","Bayfield","Cornell",44,"N",8,"W"
"SUWS012393","Bayfield","Brashier",45,"N",8,"W"
"SUWS012394","Douglas","Shaw, Merton R.",45,"N",12,"W"
"SUWS012396","Bayfield","Heim, John A.",45,"N",6,"W"
"SUWS012397","Douglas","Ojanen, Joanne M.",47,"N",13,"W"
"SUWS012398","Douglas","Thomson, John W., Jr.",49,"N",14,"W"
"SUWS012399","Douglas","Thomson, John W., Jr.",49,"N",13,"W"
"SUWS012405","Douglas","Kovach, Suzan",NA,NA,NA,NA
"SUWS012406","Douglas","Gitar",49,"N",14,"W"
"SUWS012407","Douglas","Davidson, Donald W.",49,"N",13,"W"
"SUWS012408","Douglas","Thomson, John W., Jr.",46,"N",12,"W"
"SUWS012409","Douglas","Thomson, John W., Jr.",46,"N",11,"W"
"SUWS012410","Bayfield","Thomson, John W., Jr.",47,"N",9,"W"
"SUWS012411","Sheboygan","Brashier",15,"N",20,"E"
"SUWS012412","Douglas","Castle, R.",49,"N",10,"W"
"SUWS012414","Douglas","Thomson, John W., Jr.",48,"N",13,"W"
"SUWS012415","Douglas","Thomson, John W., Jr.",47,"N",11,"W"
"SUWS012416","Douglas","Munich, Robert A.",49,"N",13,"W"
"SUWS012417","Douglas","Ojanen, Joanne M.",47,"N",13,"W"
"SUWS012418","Douglas","Koch, Rudy G.",47,"N",13,"W"
"SUWS012419","Douglas","Hansen, Perky",49,"N",13,"W"
"SUWS012421","Burnett","Brashier",40,"N",16,"W"
"SUWS012422","Douglas","Thomson, John W., Jr.",45,"N",11,"W"
"SUWS012423","Polk","Brashier",33,"N",19,"W"
"SUWS012424","Douglas","Tendrup, Lynn S.",46,"N",15,"W"
"SUWS012425","Sawyer","Davis, J. D.",41,"N",7,"W"
"SUWS012426","Sawyer","Davis, J. D.",41,"N",7,"W"
"SUWS012428","Douglas","Thomson, John W., Jr.",48,"N",10,"W"
"SUWS012433","Bayfield","Thomson, John W., Jr.",47,"N",9,"W"
"SUWS012434","Douglas","Castle, R.",49,"N",10,"W"
"SUWS012436","Douglas","Tendrup, Lynn S.",46,"N",15,"W"
"SUWS012437","Douglas","Thomson, John W., Jr.",46,"N",10,"W"
"SUWS012439","Rock","Thomson, John W., Jr.",4,"N",12,"E"
"SUWS012442","Bayfield","Cornell",43,"N",7,"W"
"SUWS012443","Bayfield","Barnard",43,"N",7,"W"
"SUWS012444","Barron","Thomson, John W., Jr.",33,"N",10,"W"
"SUWS012445","Rock","Thomson, John W., Jr.",4,"N",12,"E"
"SUWS012453","Richland","Last, Robert",9,"N",2,"E"
"SUWS012463","Douglas","Thomson, John W., Jr.",45,"N",11,"W"
"SUWS012464","Douglas","Thomson, John W., Jr.",46,"N",11,"W"
"SUWS012465","Douglas","Thomson, John W., Jr.",45,"N",11,"W"
"SUWS012466","Douglas","Thomson, John W., Jr.",46,"N",11,"W"
"SUWS012467","Trempealeau","Thompson, Kathy L.",19,"N",9,"W"
"SUWS012468","Douglas","Thomson, John W., Jr.",47,"N",10,"W"
"SUWS012469","Burnett","Castle, R.",38,"N",16,"W"
"SUWS012470","Douglas","Dabydeen, Simon",49,"N",14,"W"
"SUWS012472","Polk","Brashier",NA,NA,NA,NA
"SUWS012474","La Crosse","Koch, Rudy G.",15,"N",7,"W"
"SUWS012479","Douglas","Thomson, John W., Jr.",46,"N",11,"W"
"SUWS012480","Douglas","Castle, R.",47,"N",10,"W"
"SUWS012481","Douglas","Brashier",45,"N",12,"W"
"SUWS012482","Douglas","Brashier",45,"N",12,"W"
"SUWS012483","Bayfield","Brashier",45,"N",8,"W"
"SUWS012484","Burnett","Brashier",NA,NA,NA,NA
"SUWS012485","Burnett","Castle, R.",NA,NA,NA,NA
"SUWS012486","Douglas","Thomson, John W., Jr.",46,"N",10,"W"
"SUWS012487","Burnett","Brashier",NA,NA,NA,NA
"SUWS012489","Douglas","Olson, Patti",49,"N",13,"W"
"SUWS012490","Douglas","Davidson, Donald W.",49,"N",13,"W"
"SUWS012491","Douglas","Davidson, Donald W.",49,"N",13,"W"
"SUWS012492","Douglas","Hansen, Perky",49,"N",13,"W"
"SUWS012493","Douglas","Castle, R.",49,"N",14,"W"
"SUWS012495","Douglas","Castle, R.",49,"N",14,"W"
"SUWS012502","Douglas","Castle, R.",49,"N",14,"W"
"SUWS012503","Bayfield","Anderson, Jason",NA,NA,NA,NA
"SUWS012504","Douglas","Davidson, Donald W.",49,"N",13,"W"
"SUWS012505","Bayfield","Brost, Mike",48,"N",9,"W"
"SUWS012506","Douglas","Castle, R.",45,"N",12,"W"
"SUWS012507","Douglas","Davidson, Donald W.",49,"N",13,"W"
"SUWS012509","Douglas","Hansen, Perky",49,"N",13,"W"
"SUWS012510","Douglas","Longenecker, Jean",46,"N",14,"W"
"SUWS012511","Bayfield","Brashier",45,"N",8,"W"
"SUWS012512","Bayfield","Brashier",45,"N",8,"W"
"SUWS012513","Bayfield","Brashier",45,"N",8,"W"
"SUWS012514","Douglas","Heim, John A.",47,"N",14,"W"
"SUWS012516","Bayfield","Brashier",45,"N",8,"W"
"SUWS012517","Douglas","Castle, R.",49,"N",14,"W"
"SUWS012520","Douglas","Castle, R.",49,"N",14,"W"
"SUWS012521","Douglas","Koch, Rudy G.",45,"N",12,"W"
"SUWS012522","Ashland","Brashier",NA,NA,NA,NA
"SUWS012523","Douglas","Thomson, John W., Jr.",49,"N",13,"W"
"SUWS012524","Douglas","Ojanen, Joanne M.",48,"N",14,"W"
"SUWS012525","Douglas","Heim, John A.",NA,NA,NA,NA
"SUWS012526","Ashland","Brashier",NA,NA,NA,NA
"SUWS012527","Ashland","Brashier",NA,NA,NA,NA
"SUWS012528","Douglas","Brashier",48,"N",14,"W"
"SUWS012529","Bayfield","Brashier",45,"N",8,"W"
"SUWS012530","Douglas","Thomson, John W., Jr.",49,"N",13,"W"
"SUWS012533","Douglas","Davidson, Donald W.",49,"N",13,"W"
"SUWS012534","Douglas","Castle, R.",NA,NA,NA,NA
"SUWS012535","Bayfield","Barnard",NA,NA,NA,NA
"SUWS012536","Douglas","Thomson, John W., Jr.",46,"N",11,"W"
"SUWS012537","Douglas","Olson, Patti",49,"N",13,"W"
"SUWS012538","Douglas","McC., N. V.",NA,NA,NA,NA
"SUWS012539","Douglas","Davidson, Donald W.",49,"N",13,"W"
"SUWS012540","Burnett","Castle, R.",38,"N",16,"W"
"SUWS012541","Marathon","Smetak, Scott",NA,NA,NA,NA
"SUWS012542","Douglas","Davidson, Donald W.",49,"N",13,"W"
"SUWS012543","Douglas","Thomson, John W., Jr.",48,"N",12,"W"
"SUWS012544","Douglas","Thomson, John W., Jr.",48,"N",12,"W"
"SUWS012553","La Crosse","Swanson, Steven D.",16,"N",8,"W"
"SUWS012556","St. Croix","Brashier",NA,NA,NA,NA
"SUWS012557","Douglas","Brashier",49,"N",14,"W"
"SUWS012559","La Crosse","Ziegler, S. R.",15,"N",7,"W"
"SUWS012560","Douglas","Castle, R.",49,"N",10,"W"
"SUWS012561","St. Croix","Brashier",NA,NA,NA,NA
"SUWS012562","Douglas","Brashier",48,"N",14,"W"
"SUWS012563","Juneau","Brashier",14,"N",2,"E"
"SUWS012565","Douglas","Koch, Rudy G.",47,"N",15,"W"
"SUWS012566","Bayfield","Cornell",45,"N",7,"W"
"SUWS012567","Bayfield","Brashier",45,"N",8,"W"
"SUWS012568","St. Croix","Brashier",NA,NA,NA,NA
"SUWS012570","Douglas","Collinson, Keith",49,"N",14,"W"
"SUWS012571","Douglas","Thomson, John W., Jr.",48,"N",13,"W"
"SUWS012572","Douglas","Koch, Rudy G.",47,"N",10,"W"
"SUWS012573","Bayfield","Brashier",45,"N",8,"W"
"SUWS012574","Bayfield","Brashier",45,"N",8,"W"
"SUWS012577","Pepin","Brashier",NA,NA,NA,NA
"SUWS012578","Bayfield","Collins",45,"N",8,"W"
"SUWS012579","Polk","Brashier",NA,NA,NA,NA
"SUWS012581","La Crosse","Nontelle, Deon M.",18,"N",8,"W"
"SUWS012582","Polk","Ruenzel, Judy",NA,NA,NA,NA
"SUWS012586","Marathon","Smetak, Scott",NA,NA,NA,NA
"SUWS012587","Douglas","Thomson, John W., Jr.",47,"N",10,"W"
"SUWS012588","Douglas","Brashier",48,"N",14,"W"
"SUWS012590","Chippewa","Thompson, Kathy L.",32,"N",7,"W"
"SUWS012591","Douglas","Castle, R.",49,"N",10,"W"
"SUWS012592","Douglas","McDonald, Sue",49,"N",13,"W"
"SUWS012593","Douglas","McGovern, Scott",49,"N",13,"W"
"SUWS012594","Bayfield","Smith",45,"N",8,"W"
"SUWS012595","Douglas","Tendrup, Lynn S.",49,"N",14,"W"
"SUWS012597","Douglas","Koch, Rudy G.",46,"N",15,"W"
"SUWS012599","Douglas","Thomson, John W., Jr.",46,"N",11,"W"
"SUWS012600","Douglas","Thomson, John W., Jr.",46,"N",11,"W"
"SUWS012601","Douglas","Castle, R.",49,"N",10,"W "
"SUWS012602","Douglas","Brashier",NA,NA,NA,NA
"SUWS012603","Bayfield","Gunderson",45,"N",8,"W"
"SUWS012604","Douglas","Tendrup, Lynn S.",46,"N",15,"W"
"SUWS012605","Douglas","Brashier",NA,NA,NA,NA
"SUWS012607","Douglas","Mitchell, John A.",46,"N",10,"W"
"SUWS012608","Bayfield","Thomson, John W., Jr.",48,"N",9,"W"
"SUWS012610","Douglas","Brashier",46,"N",15,"W"
"SUWS012611","Douglas","Thomson, John W., Jr.",48,"N",10,"W"
"SUWS012612","Douglas","Thomson, John W., Jr.",47,"N",14,"W"
"SUWS012613","Douglas","Brashier",46,"N",15,"W"
"SUWS012614","Douglas","Thomson, John W., Jr.",45,"N",14,"W"
"SUWS012615","Douglas","Stackler, Susan",46,"N",15,"W"
"SUWS012618","Douglas","Thomson, John W., Jr.",NA,NA,NA,NA
"SUWS012619","Douglas","Thomson, John W., Jr.",NA,NA,NA,NA
"SUWS012620","Douglas","Castle, R.",NA,NA,NA,NA
"SUWS012622","Douglas","Thomson, John W., Jr.",49,"N",13,"W"
"SUWS012623","Douglas","Koch, Rudy G.",49,"N",13,"W"
"SUWS012624","Douglas","",47,"N",15,"W"
"SUWS012625","Bayfield","Cornell",47,"N",8,"W"
"SUWS012626","Juneau","Thomson, John W., Jr.",16,"N",3,"E"
"SUWS012630","Bayfield","Longenecker, Jean",52,"N",5,"W"
"SUWS012631","Ashland","Heim, John A.",48,"N",3,"W"
"SUWS012632","Douglas","Castle, R.",48,"N",10,"W"
"SUWS012633","Douglas","Holmgren",49,"N",14,"W"
"SUWS012634","Manitowoc","Brashier",18,"N",23,"E"
"SUWS012635","Douglas","Olson, Patti",49,"N",13,"W"
"SUWS012638","Dane","Thomson, John W., Jr.",NA,NA,NA,NA
"SUWS012639","Douglas","Brashier",49,"N",13,"W"
"SUWS012640","Bayfield","Thomson, John W., Jr.",47,"N",9,"W"
"SUWS012641","Douglas","Thomson, John W., Jr.",49,"N",13,"W"
"SUWS012642","Douglas","Olson, Patti",49,"N",13,"W"
"SUWS012647","Douglas","Bruederle, Leo P.",49,"N",13,"W"
"SUWS012649","Sheboygan","Brashier",15,"N",20,"E"
"SUWS012650","Bayfield","Koch, Rudy G.",51,"N",5,"W"
"SUWS012651","Douglas","Koch, Rudy G.",48,"N",12,"W"
"SUWS012652","Douglas","Thomson, John W., Jr.",46,"N",11,"W"
"SUWS012653","Douglas","Koch, Rudy G.",47,"N",14,"W"
"SUWS012655","Douglas","Castle, R.",49,"N",10,"W"
"SUWS012656","Douglas","Thomson, John W., Jr.",48,"N",14,"W"
"SUWS012657","Douglas","Thomson, John W., Jr.",48,"N",13,"W"
"SUWS012658","Douglas","Bruederle, Leo P.",49,"N",13,"W"
"SUWS012659","Douglas","Stackler, Susan",46,"N",15,"W"
"SUWS012660","Douglas","Thomson, John W., Jr.",46,"N",10,"W"
"SUWS012661","Douglas","Thomson, John W., Jr.",49,"N",13,"W"
"SUWS012663","Douglas","Castle, R.",49,"N",10,"W"
"SUWS012664","Fond du Lac","Purtell, Harriet M.",13,"N",19,"E"
"SUWS012665","Bayfield","Brashier",45,"N",8,"W"
"SUWS012666","Douglas","Stackler, Susan",46,"N",15,"W"
"SUWS012667","Bayfield","Brashier",45,"N",8,"W"
"SUWS012668","Polk","Brashier",NA,NA,NA,NA
"SUWS012669","Douglas","Castle, R.",49,"N",14,"W"
"SUWS012671","Douglas","C., E. A.",NA,NA,NA,NA
"SUWS012672","Dane","Thomson, John W., Jr.",NA,NA,NA,NA
"SUWS012673","Columbia","Thomson, John W., Jr.",NA,NA,NA,NA
"SUWS012674","Dane","Thomson, John W., Jr.",NA,NA,NA,NA
"SUWS012675","Douglas","Dabydeen, Simon",49,"N",14,"W"
"SUWS012676","Dane","Thomson, John W., Jr.",NA,NA,NA,NA
"SUWS012677","Douglas","Thomson, John W., Jr.",49,"N",11,"W"
"SUWS012678","Douglas","Olson, Patti",49,"N",13,"W"
"SUWS012679","Douglas","Castle, R.",49,"N",10,"W"
"SUWS012681","Bayfield","Hjerleid",45,"N",7,"W"
"SUWS012682","Douglas","Brashier",46,"N",15,"W"
"SUWS012683","Bayfield","Cornell",44,"N",8,"W"
"SUWS012684","Bayfield","Brashier",45,"N",8,"W"
"SUWS012685","Bayfield","Brashier",45,"N",8,"W"
"SUWS012686","Bayfield","Brashier",45,"N",8,"W"
"SUWS012687","Douglas","",47,"N",15,"W"
"SUWS012688","Douglas","Hicks, James",49,"N",14,"W"
"SUWS012689","Price","Sima, Bessie R.",37,"N",1,"E"
"SUWS012690","Bayfield","Barnard",45,"N",7,"W"
"SUWS012691","Bayfield","Mackensen",45,"N",8,"W"
"SUWS012692","Douglas","",46,"N",11,"W"
"SUWS012693","Douglas","Stackler, Susan",47,"N",15,"W"
"SUWS012694","Douglas","Koch, Rudy G.",47,"N",14,"W"
"SUWS012696","Douglas","Olson, Patti",49,"N",13,"W"
"SUWS012698","Douglas","Thomson, John W., Jr.",49,"N",12,"W"
"SUWS012699","Douglas","Thomson, John W., Jr.",47,"N",10,"W"
"SUWS012700","Dunn","Barnard",NA,NA,NA,NA
"SUWS012702","Bayfield","Brashier",46,"N",7,"W"
"SUWS012703","Bayfield","Cherf",45,"N",8,"W"
"SUWS012704","Bayfield","Collins",NA,NA,NA,NA
"SUWS012705","Bayfield","Brashier",45,"N",8,"W"
"SUWS012706","Douglas","Thomson, John W., Jr.",47,"N",10,"W"
"SUWS012707","Bayfield","Walvoord",45,"N",8,"W"
"SUWS012708","Douglas","Castle, R.",49,"N",12,"W"
"SUWS012709","Douglas","Koch, Rudy G.",48,"N",12,"W"
"SUWS012711","Burnett","Brashier",NA,NA,NA,NA
"SUWS012712","Bayfield","Brashier",45,"N",8,"W"
"SUWS012713","Burnett","Brashier",39,"N",18,"W"
"SUWS012714","Polk","Barnard",37,"N",17,"W"
"SUWS012715","Burnett","Castle, R.",38,"N",16,"W"
"SUWS012716","Polk","Barnard",37,"N",17,"W"
"SUWS012718","Walworth","Thomson, John W., Jr.",3,"N",18,"E"
"SUWS012719","Juneau","Thomson, John W., Jr.",16,"N",3,"E"
"SUWS012720","Barron","Thomson, John W., Jr.",NA,NA,NA,NA
"SUWS012725","Douglas","Castle, R.",49,"N",10,"W"
"SUWS012726","Bayfield","Brashier",45,"N",8,"W"
"SUWS012727","Bayfield","Brashier",45,"N",8,"W"
"SUWS012728","Bayfield","Brashier",45,"N",8,"W"
"SUWS012729","Burnett","Brashier",41,"N",16,"W"
"SUWS012730","Douglas","Olson, Patti",49,"N",13,"W"
"SUWS012735","Burnett","Brashier",40,"N",16,"W"
"SUWS012736","Douglas","Brashier",46,"N",15,"W"
"SUWS012738","Douglas","Anderson, Danette",49,"N",14,"W"
"SUWS012739","La Crosse","Koch, Rudy G.",16,"N",7,"W"
"SUWS012740","Douglas","Brashier",49,"N",14,"W"
"SUWS012741","Marquette","Brashier",16,"N",11,"E"
"SUWS012742","Marathon","Smetak, Scott",NA,NA,NA,NA
"SUWS012743","Bayfield","Brashier",45,"N",8,"W"
"SUWS012744","Bayfield","Brashier",45,"N",8,"W"
"SUWS012745","Bayfield","Cornell",45,"N",8,"W"
"SUWS012752","Bayfield","Brashier",45,"N",8,"W"
"SUWS012753","Walworth","Konkel, Deborah",NA,NA,NA,NA
"SUWS012754","Vernon","Koch, Rudy G.",14,"N",7,"W"
"SUWS012755","Bayfield","Cornell",45,"N",7,"W"
"SUWS012756","Bayfield","Brashier",45,"N",8,"W"
"SUWS012757","Polk","Brashier",33,"N",19,"W"
"SUWS012758","Bayfield","Cornell",45,"N",7,"W"
"SUWS012759","Jackson","Thomson, John W., Jr.",NA,NA,NA,NA
"SUWS012760","Douglas","Thomson, John W., Jr.",46,"N",10,"W"
"SUWS012762","Douglas","Thomson, John W., Jr.",46,"N",10,"W"
"SUWS012765","Bayfield","Koch, Rudy G.",46,"N",7,"W"
"SUWS012766","Bayfield","Brashier",45,"N",8,"W"
"SUWS012767","Douglas","Castle, R.",46,"N",13,"W"
"SUWS012768","Bayfield","Brashier",45,"N",8,"W"
"SUWS012769","Douglas","Thomson, John W., Jr.",45,"N",11,"W"
"SUWS012770","Bayfield","Cherf",45,"N",8,"W"
"SUWS012771","Bayfield","Wassgren",45,"N",8,"W"
"SUWS012772","Bayfield","Brashier",44,"N",7,"W"
"SUWS012773","Bayfield","Brashier",45,"N",8,"W"
"SUWS012774","Bayfield","Brashier",45,"N",7,"W"
"SUWS012775","Bayfield","Brashier",44,"N",7,"W"
"SUWS012778","Bayfield","Cornell",44,"N",7,"W"
"SUWS012781","Douglas","Castle, R.",46,"N",15,"W"
"SUWS012787","Douglas","Charboneau, E.",NA,NA,NA,NA
"SUWS012788","Bayfield","Brashier",44,"N",7,"W"
"SUWS012789","Walworth","Thomson, John W., Jr.",2,"N",18,"E"
"SUWS012790","Douglas","Thomson, John W., Jr.",47,"N",10,"W"
"SUWS012793","Douglas","Olson, Patti",49,"N",13,"W"
"SUWS012794","Polk","Brashier",NA,NA,NA,NA
"SUWS012795","Bayfield","Cherf",45,"N",8,"W"
"SUWS012796","Washburn","Thomson, John W., Jr.",NA,NA,NA,NA
"SUWS012799","Burnett","Brashier",41,"N",16,"W"
"SUWS012801","Chippewa","Ernst, Sharon",NA,NA,NA,NA
"SUWS012804","Polk","Brashier",NA,NA,NA,NA
"SUWS012805","Monroe","Sohmer, S. H.",15,"N",4,"W"
"SUWS012806","Juneau","Brashier",14,"N",2,"E"
"SUWS012813","Douglas","Castle, R.",49,"N",10,"W"
"SUWS012819","Dane","Thomson, John W., Jr.",NA,NA,NA,NA
"SUWS012822","Douglas","Brashier",48,"N",14,"W"
"SUWS012824","Douglas","Brashier",48,"N",14,"W"
"SUWS012826","Douglas","Brashier",48,"N",14,"W"
"SUWS012827","Douglas","Brashier",48,"N",14,"W"
"SUWS012828","Douglas","Brashier",48,"N",14,"W"
"SUWS012829","Iowa","Thomson, John W., Jr.",8,"N",4,"E"
"SUWS012831","Douglas","Brashier",NA,NA,NA,NA
"SUWS012832","Douglas","Ludwig, Larry",49,"N",14,"W"
"SUWS012833","Douglas","Brashier",NA,NA,NA,NA
"SUWS012834","Bayfield","Cornell",44,"N",7,"W"
"SUWS012835","Douglas","Thoren",47,"N",10,"W"
"SUWS012836","Douglas","Thomson, John W., Jr.",47,"N",10,"W"
"SUWS012838","Douglas","Castle, R.",NA,NA,NA,NA
"SUWS012841","Bayfield","Koch, Rudy G.",44,"N",8,"W"
"SUWS012844","Juneau","Brashier",15,"N",5,"E"
"SUWS012845","Juneau","Brashier",15,"N",5,"E"
"SUWS012848","Bayfield","Janowski",45,"N",8,"W"
"SUWS012849","Bayfield","Brashier",45,"N",8,"W"
"SUWS012850","Bayfield","Brashier",45,"N",8,"W"
"SUWS012851","Bayfield","Brashier",45,"N",8,"W"
"SUWS012852","Bayfield","Barnard",NA,NA,NA,NA
"SUWS012853","Bayfield","Collins",NA,NA,NA,NA
"SUWS012854","Douglas","Castle, R.",46,"N",10,"W"
"SUWS012855","Bayfield","Smith",NA,NA,NA,NA
"SUWS012856","Douglas","Thomson, John W., Jr.",48,"N",10,"W"
"SUWS012857","Bayfield","Hjerleid",45,"N",8,"W"
"SUWS012858","Douglas","Stackler, Susan",46,"N",15,"W"
"SUWS012860","Douglas","Thomson, John W., Jr.",45,"N",11,"W"
"SUWS012861","Douglas","Thomson, John W., Jr.",49,"N",13,"W"
"SUWS012865","Douglas","Thomson, John W., Jr.",49,"N",10,"W"
"SUWS012866","Ashland","Castle, R.",NA,NA,NA,NA
"SUWS012867","Douglas","Brashier",48,"N",14,"W"
"SUWS012868","Douglas","Olson, Patti",49,"N",13,"W"
"SUWS012869","Douglas","Thomson, John W., Jr.",49,"N",13,"W"
"SUWS012871","Douglas","Brashier",46,"N",15,"W"
"SUWS012872","Pierce","Brashier",26,"N",17,"W"
"SUWS012873","Jackson","Thomson, John W., Jr.",NA,NA,NA,NA
"SUWS012874","La Crosse","Demaske, D.",15,"N",7,"W"
"SUWS012875","Bayfield","Hjerleid",44,"N",7,"W"
"SUWS012876","Bayfield","Holden",45,"N",8,"W"
"SUWS012877","Douglas","Castle, R.",49,"N",10,"W"
"SUWS012878","Douglas","Koch, Rudy G.",49,"N",13,"W"
"SUWS012880","Douglas","Thomson, John W., Jr.",47,"N",10,"W"
"SUWS012881","Bayfield","Hjerleid",45,"N",8,"W"
"SUWS012882","Douglas","Koch, Rudy G.",49,"N",13,"W"
"SUWS012883","Bayfield","Barnard",45,"N",8,"W"
"SUWS012884","Bayfield","Hjerleid",45,"N",8,"W"
"SUWS012885","Bayfield","Cornell",45,"N",8,"W"
"SUWS012886","Bayfield","Koch, Rudy G.",44,"N",8,"W"
"SUWS012887","Douglas","Thomson, John W., Jr.",46,"N",10,"W"
"SUWS012890","Bayfield","Collins",45,"N",8,"W"
"SUWS012891","Bayfield","Hjerleid",45,"N",8,"W"
"SUWS012892","Grant","Koch, Rudy G.",8,"N",3,"W"
"SUWS012893","Richland","Koch, Rudy G.",11,"N",2,"W"
"SUWS012894","Bayfield","Cornell",45,"N",8,"W"
"SUWS012895","Bayfield","Brashier",45,"N",8,"W"
"SUWS012896","Bayfield","Brashier",45,"N",8,"W"
"SUWS012897","Bayfield","Brashier",45,"N",8,"W"
"SUWS012898","Burnett","Brashier",NA,NA,NA,NA
"SUWS012899","Bayfield","Holden",45,"N",9,"W"
"SUWS012900","Douglas","Thomson, John W., Jr.",45,"N",10,"W"
"SUWS012901","Douglas","Castle, R.",46,"N",10,"W"
"SUWS012906","Douglas","Brashier",46,"N",15,"W"
"SUWS012907","Douglas","Thomson, John W., Jr.",49,"N",14,"W"
"SUWS012908","Douglas","Thomson, John W., Jr.",49,"N",14,"W"
"SUWS012909","Douglas","Castle, R.",49,"N",10,"W"
"SUWS012910","Douglas","Thomson, John W., Jr.",47,"N",10,"W"
"SUWS012911","Douglas","Koch, Rudy G.",49,"N",13,"W"
"SUWS012912","Douglas","Thomson, John W., Jr.",47,"N",10,"W"
"SUWS012913","Douglas","Brashier",48,"N",13,"W"
"SUWS012914","Bayfield","Hjerleid",42,"N",8,"W"
"SUWS012915","Bayfield","Barnard",NA,NA,NA,NA
"SUWS012916","Forest","Bauknecht, Jamie",35,"N",12,"E"
"SUWS012917","Douglas","Eisenmann, Sarah",47,"N",15,"W"
"SUWS012919","Douglas","Thomson, John W., Jr.",49,"N",10,"W"
"SUWS012921","Bayfield","Koch, Rudy G.",52,"N",4,"W "
"SUWS012924","Door","Matte, Paul",28,"N",25,"E"
"SUWS012932","Douglas","Painovich, N.",49,"N",13,"W"
"SUWS012934","Douglas","Painovich, N.",47,"N",15,"W"
"SUWS012935","Douglas","Painovich, N.",49,"N",13,"W"
"SUWS012939","Douglas","Eisenmann, Sarah",49,"N",13,"W"
"SUWS012940","Douglas","Eisenmann, Sarah",49,"N",14,"W"
"SUWS012941","Douglas","Eisenmann, Sarah",47,"N",15,"W"
"SUWS012942","Douglas","Eisenmann, Sarah",47,"N",15,"W"
"SUWS012943","Douglas","Eisenmann, Sarah",49,"N",13,"W"
"SUWS012944","Douglas","Eisenmann, Sarah",49,"N",13,"W"
"SUWS012945","Douglas","Eisenmann, Sarah",49,"N",13,"W"
"SUWS012948","Douglas","Matte, Paul",48,"N",13,"W"
"SUWS012949","Douglas","Matte, Paul",48,"N",13,"W"
"SUWS012950","Douglas","Painovich, N.",49,"N",13,"W"
"SUWS012954","Douglas","Painovich, N.",49,"N",14,"W"
"SUWS012955","Douglas","Painovich, N.",49,"N",14,"W"
"SUWS012957","Douglas","Painovich, N.",49,"N",13,"W"
"SUWS012958","Douglas","Painovich, N.",47,"N",15,"W"
"SUWS012959","Douglas","Painovich, N.",49,"N",13,"W"
"SUWS012960","Douglas","Painovich, N.",47,"N",15,"W"
"SUWS012961","Douglas","Painovich, N.",47,"N",15,"W"
"SUWS012962","Douglas","Painovich, N.",49,"N",14,"W"
"SUWS012963","Douglas","Painovich, N.",47,"N",15,"W"
"SUWS012964","Douglas","Sellwood, Scott",48,"N",14,"W"
"SUWS012965","Douglas","Sellwood, Scott",48,"N",14,"W"
"SUWS012966","Douglas","Sellwood, Scott",45,"N",12,"W"
"SUWS012967","Douglas","Sellwood, Scott",45,"N",12,"W"
"SUWS012968","Bayfield","Koch, Rudy G.",48,"N",7,"W"
"SUWS012972","Iron","Bruederle, Leo P.",47,"N",1,"W"
"SUWS012973","Douglas","Bruederle, Leo P.",NA,NA,NA,NA
"SUWS012974","Douglas","Bruederle, Leo P.",49,"N",12,"W"
"SUWS012975","Bayfield","Bruederle, Leo P.",50,"N",7,"W"
"SUWS012976","Bayfield","Bruederle, Leo P.",51,"N",7,"W"
"SUWS012977","Bayfield","Bruederle, Leo P.",50,"N",7,"W"
"SUWS012978","Bayfield","Bruederle, Leo P.",50,"N",7,"W"
"SUWS012979","Bayfield","Bruederle, Leo P.",51,"N",7,"W"
"SUWS012980","Bayfield","Bruederle, Leo P.",51,"N",7,"W"
"SUWS012981","Bayfield","Bruederle, Leo P.",50,"N",7,"W"
"SUWS012982","Bayfield","Bruederle, Leo P.",50,"N",7,"W"
"SUWS012983","Bayfield","Bruederle, Leo P.",50,"N",7,"W"
"SUWS012984","Bayfield","Bruederle, Leo P.",51,"N",7,"W"
"SUWS012985","Iron","Bruederle, Leo P.",47,"N",1,"W"
"SUWS012986","Bayfield","Bruederle, Leo P.",51,"N",6,"W"
"SUWS012987","Bayfield","Bruederle, Leo P.",51,"N",7,"W"
"SUWS012988","Iron","Bruederle, Leo P.",47,"N",1,"W"
"SUWS012989","Bayfield","Bruederle, Leo P.",51,"N",6,"W"
"SUWS012990","Bayfield","Bruederle, Leo P.",50,"N",7,"W"
"SUWS012991","Bayfield","Bruederle, Leo P.",51,"N",6,"W"
"SUWS012992","Bayfield","Bruederle, Leo P.",50,"N",7,"W"
"SUWS012993","Bayfield","Bruederle, Leo P.",51,"N",6,"W"
"SUWS012994","Bayfield","Bruederle, Leo P.",51,"N",6,"W"
"SUWS012995","Bayfield","Bruederle, Leo P.",51,"N",6,"W"
"SUWS012996","Bayfield","Bruederle, Leo P.",50,"N",7,"W"
"SUWS012997","Iron","Bruederle, Leo P.",47,"N",1,"W"
"SUWS012998","Bayfield","Bruederle, Leo P.",51,"N",6,"W"
"SUWS012999","Bayfield","Bruederle, Leo P.",51,"N",7,"W"
"SUWS013000","Bayfield","Bruederle, Leo P.",50,"N",7,"W"
"SUWS013001","Bayfield","Bruederle, Leo P.",50,"N",7,"W"
"SUWS013002","Bayfield","Bruederle, Leo P.",50,"N",7,"W"
"SUWS013003","Iron","Bruederle, Leo P.",47,"N",1,"W"
"SUWS013004","Bayfield","Bruederle, Leo P.",51,"N",7,"W"
"SUWS013005","Douglas","Bruederle, Leo P.",49,"N",13,"W"
"SUWS013006","Bayfield","Bruederle, Leo P.",51,"N",6,"W"
"SUWS013007","Bayfield","Bruederle, Leo P.",51,"N",6,"W"
"SUWS013008","Iron","Bruederle, Leo P.",47,"N",1,"W"
"SUWS013009","Iron","Bruederle, Leo P.",47,"N",1,"W"
"SUWS013010","Bayfield","Bruederle, Leo P.",50,"N",7,"W"
"SUWS013011","Douglas","Balthazar, Krista",49,"N",13,"W"
"SUWS013012","Douglas","Roche, Katie",NA,NA,NA,NA
"SUWS013013","Douglas","Roche, Katie",NA,NA,NA,NA
"SUWS013014","Douglas","Bauknecht, Jamie",47,"N",15,"W"
"SUWS013015","Douglas","Bauknecht, Jamie",47,"N",15,"W"
"SUWS013016","Douglas","Bauknecht, Jamie",47,"N",15,"W"
"SUWS013017","Douglas","Bauknecht, Jamie",47,"N",15,"W"
"SUWS013019","Douglas","Bauknecht, Jamie",47,"N",15,"W"
"SUWS013020","Douglas","Bauknecht, Jamie",47,"N",15,"W"
"SUWS013021","Douglas","Bauknecht, Jamie",47,"N",15,"W"
"SUWS013023","Douglas","Bauknecht, Jamie",49,"N",13,"W"
"SUWS013024","Douglas","Bauknecht, Jamie",47,"N",15,"W"
"SUWS013025","Douglas","Bauknecht, Jamie",49,"N",13,"W"
"SUWS013026","Douglas","Bauknecht, Jamie",49,"N",13,"W"
"SUWS013027","Douglas","Bauknecht, Jamie",49,"N",13,"W"
"SUWS013028","Douglas","Bauknecht, Jamie",49,"N",13,"W"
"SUWS013029","Douglas","Bauknecht, Jamie",49,"N",13,"W"
"SUWS013030","Douglas","Bauknecht, Jamie",49,"N",13,"W"
"SUWS013031","Douglas","Bauknecht, Jamie",49,"N",13,"W"
"SUWS013032","Douglas","Bauknecht, Jamie",48,"N",13,"W"
"SUWS013033","Forest","Bauknecht, Jamie",35,"N",12,"E"
"SUWS013034","Douglas","Bauknecht, Jamie",49,"N",14,"W"
"SUWS013035","Douglas","Bauknecht, Jamie",49,"N",14,"W"
"SUWS013037","Douglas","Bauknecht, Jamie",49,"N",14,"W"
"SUWS013038","Douglas","Bauknecht, Jamie",49,"N",14,"W"
"SUWS013039","Douglas","Bauknecht, Jamie",49,"N",14,"W"
"SUWS013040","Douglas","Bauknecht, Jamie",49,"N",14,"W"
"SUWS013044","Douglas","Messina, Stacy",48,"N",13,"W"
"SUWS013045","Douglas","Eisenmann, Sarah",47,"N",15,"W"
"SUWS013046","Douglas","Johnson, S. D.",49,"N",13,"W"
"SUWS013047","Douglas","Painovich, N.",49,"N",13,"W"
"SUWS013061","Douglas","Wagner, Christina",44,"N",12,"W"
"SUWS013062","Douglas","Wagner, Christina",44,"N",12,"W"
"SUWS013064","Douglas","Wagner, Christina",47,"N",15,"W"
"SUWS013074","Burnett","Wagner, Christina",38,"N",19,"W"
"SUWS013075","Burnett","Wagner, Christina",38,"N",19,"W"
"SUWS013076","Burnett","Wagner, Christina",NA,NA,NA,NA
"SUWS013077","Burnett","Wagner, Christina",38,"N",19,"W"
"SUWS013082","Burnett","Wagner, Christina",NA,NA,NA,NA
"SUWS013084","Douglas","Wagner, Christina",47,"N",14,"W"
"SUWS013085","Douglas","Wagner, Christina",47,"N",14,"W"
"SUWS013086","Douglas","Wagner, Christina",47,"N",14,"W"
"SUWS013089","Burnett","Wagner, Christina",38,"N",19,"W"
"SUWS0130968","Douglas","Castle, R.",NA,NA,NA,NA
"SUWS013111","Douglas","Byrns, Frank",49,"N",14,"W"
"SUWS013112","Douglas","Byrns, Frank",49,"N",13,"W"
"SUWS013113","Douglas","Byrns, Frank",49,"N",13,"W"
"SUWS013114","Douglas","Byrns, Frank",49,"N",13,"W"
"SUWS013115","Douglas","Byrns, Frank",49,"N",14,"W"
"SUWS013116","Douglas","Byrns, Frank",49,"N",13,"W"
"SUWS013117","Douglas","Byrns, Frank",49,"N",13,"W"
"SUWS013118","Douglas","Byrns, Frank",49,"N",13,"W"
"SUWS013119","Douglas","Byrns, Frank",49,"N",14,"W"
"SUWS013120","Douglas","Byrns, Frank",49,"N",13,"W"
"SUWS013121","Douglas","Byrns, Frank",49,"N",14,"W"
"SUWS013122","Douglas","Byrns, Frank",49,"N",14,"W"
"SUWS013123","Douglas","Byrns, Frank",49,"N",13,"W"
"SUWS013124","Douglas","Byrns, Frank",49,"N",13,"W"
"SUWS013125","Douglas","Byrns, Frank",49,"N",13,"W"
"SUWS013127","Douglas","Byrns, Frank",49,"N",13,"W"
"SUWS013128","Douglas","Byrns, Frank",49,"N",13,"W"
"SUWS013129","Douglas","Byrns, Frank",49,"N",13,"W"
"SUWS013140","Douglas","Byrns, Frank",48,"N",14,"W"
"SUWS013142","Douglas","Byrns, Frank",48,"N",14,"W"
"SUWS013143","Douglas","Byrns, Frank",49,"N",14,"W"
"SUWS013145","Douglas","Byrns, Frank",49,"N",14,"W"
"SUWS013146","Douglas","Byrns, Frank",48,"N",14,"W"
"SUWS013148","Douglas","Byrns, Frank",49,"N",14,"W"
"SUWS013149","Douglas","Maier, Merissa L.",47,"N",15,"W"
"SUWS013150","Douglas","Maier, Merissa L.",46,"N",15,"W"
"SUWS013151","Douglas","Maier, Merissa L.",46,"N",15,"W"
"SUWS013152","Douglas","Maier, Merissa L.",46,"N",15,"W"
"SUWS013153","Douglas","Maier, Merissa L.",47,"N",15,"W"
"SUWS013154","Douglas","Maier, Merissa L.",47,"N",15,"W"
"SUWS013155","Douglas","Maier, Merissa L.",49,"N",15,"W"
"SUWS013156","Douglas","Maier, Merissa L.",49,"N",13,"W"
"SUWS013157","Douglas","Maier, Merissa L.",49,"N",14,"W"
"SUWS013158","Douglas","Maier, Merissa L.",47,"N",15,"W"
"SUWS013160","Douglas","Maier, Merissa L.",47,"N",15,"W"
"SUWS013161","Douglas","Maier, Merissa L.",49,"N",14,"W"
"SUWS013162","Douglas","Maier, Merissa L.",49,"N",13,"W"
"SUWS013163","Douglas","Maier, Merissa L.",49,"N",14,"W"
"SUWS013164","Douglas","Maier, Merissa L.",49,"N",13,"W"
"SUWS013165","Douglas","Maier, Merissa L.",49,"N",13,"W"
"SUWS013166","Douglas","Maier, Merissa L.",49,"N",13,"W"
"SUWS013167","Douglas","Maier, Merissa L.",49,"N",14,"W"
"SUWS013168","Douglas","Maier, Merissa L.",49,"N",13,"W"
"SUWS013169","Douglas","Maier, Merissa L.",49,"N",14,"W"
"SUWS013170","Douglas","Maier, Merissa L.",49,"N",14,"W"
"SUWS013171","Douglas","Maier, Merissa L.",49,"N",13,"W"
"SUWS013172","Douglas","Maier, Merissa L.",49,"N",13,"W"
"SUWS013173","Douglas","Maier, Merissa L.",49,"N",13,"W"
"SUWS013174","Douglas","Maier, Merissa L.",49,"N",13,"W"
"SUWS013175","Douglas","Maier, Merissa L.",49,"N",13,"W"
"SUWS013176","Douglas","Maier, Merissa L.",49,"N",13,"W"
"SUWS013177","Douglas","Maier, Merissa L.",49,"N",13,"W"
"SUWS013178","Douglas","Maier, Merissa L.",49,"N",13,"W"
"SUWS013179","Douglas","Maier, Merissa L.",49,"N",13,"W"
"SUWS013180","Douglas","Maier, Merissa L.",49,"N",13,"W"
"SUWS013181","Douglas","Maier, Merissa L.",49,"N",13,"W"
"SUWS013182","Douglas","Maier, Merissa L.",49,"N",13,"W"
"SUWS013183","Douglas","Maier, Merissa L.",49,"N",13,"W"
"SUWS013184","Douglas","Maier, Merissa L.",46,"N",15,"W"
"SUWS013186","Douglas","Maier, Merissa L.",46,"N",15,"W"
"SUWS013187","Douglas","Maier, Merissa L.",46,"N",15,"W"
"SUWS013188","Douglas","Maier, Merissa L.",46,"N",15,"W"
"SUWS013189","Douglas","Maier, Merissa L.",46,"N",15,"W"
"SUWS013192","Douglas","Langenbrunner, Craig S.",47,"N",15,"W"
"SUWS013193","Douglas","Langenbrunner, Craig S.",47,"N",15,"W"
"SUWS013194","Douglas","Langenbrunner, Craig S.",47,"N",15,"W"
"SUWS013196","Douglas","Langenbrunner, Craig S.",47,"N",15,"W"
"SUWS013197","Douglas","Langenbrunner, Craig S.",47,"N",15,"W"
"SUWS013198","Douglas","Langenbrunner, Craig S.",49,"N",14,"W"
"SUWS013199","Douglas","Langenbrunner, Craig S.",47,"N",15,"W"
"SUWS013200b","Douglas","Langenbrunner, Craig S.",49,"N",14,"W"
"SUWS013202","Douglas","Langenbrunner, Craig S.",47,"N",15,"W"
"SUWS013203","Douglas","Langenbrunner, Craig S.",49,"N",14,"W"
"SUWS013204","Douglas","Langenbrunner, Craig S.",47,"N",15,"W"
"SUWS013209","Douglas","Anderson, Jeffrey A.",49,"N",14,"W"
"SUWS013210","Douglas","Anderson, Jeffrey A.",49,"N",13,"W"
"SUWS013211","Douglas","Anderson, Jeffrey A.",49,"N",13,"W"
"SUWS013212","Douglas","Anderson, Jeffrey A.",49,"N",13,"W"
"SUWS013213","Douglas","Anderson, Jeffrey A.",49,"N",13,"W"
"SUWS013214","Douglas","Anderson, Jeffrey A.",49,"N",13,"W"
"SUWS013215","Douglas","Anderson, Jeffrey A.",49,"N",13,"W"
"SUWS013216","Douglas","Anderson, Jeffrey A.",49,"N",13,"W"
"SUWS013217","Douglas","Anderson, Jeffrey A.",49,"N",13,"W"
"SUWS013221","Douglas","Anderson, Jeffrey A.",49,"N",13,"W"
"SUWS013223","Douglas","Anderson, Jeffrey A.",49,"N",13,"W"
"SUWS013224","Douglas","Anderson, Jeffrey A.",49,"N",14,"W"
"SUWS013225","Douglas","Anderson, Jeffrey A.",49,"N",14,"W"
"SUWS013226","Douglas","Anderson, Jeffrey A.",49,"N",13,"W"
"SUWS013228","Douglas","Anderson, Jeffrey A.",49,"N",14,"W"
"SUWS013231","Douglas","Anderson, Jeffrey A.",49,"N",14,"W"
"SUWS013233","Douglas","Anderson, Jeffrey A.",49,"N",14,"W"
"SUWS013236","Douglas","Anderson, Jeffrey A.",49,"N",14,"W"
"SUWS013237","Douglas","Anderson, Jeffrey A.",49,"N",13,"W"
"SUWS013238","Douglas","Anderson, Jeffrey A.",47,"N",15,"W"
"SUWS013239","Douglas","Anderson, Jeffrey A.",47,"N",15,"W"
"SUWS013240","Douglas","Anderson, Jeffrey A.",47,"N",15,"W"
"SUWS013241","Douglas","Anderson, Jeffrey A.",47,"N",15,"W"
"SUWS013242","Douglas","Anderson, Jeffrey A.",47,"N",15,"W"
"SUWS013243","Douglas","Anderson, Jeffrey A.",47,"N",15,"W"
"SUWS013244","Douglas","Anderson, Jeffrey A.",47,"N",15,"W"
"SUWS013245","Douglas","Anderson, Jeffrey A.",49,"N",14,"W"
"SUWS013246","Douglas","Anderson, Jeffrey A.",49,"N",13,"W"
"SUWS013247","Douglas","Anderson, Jeffrey A.",49,"N",14,"W"
"SUWS013248","Douglas","Moder, Jennifer A.",49,"N",13,"W"
"SUWS013249","Douglas","Moder, Jennifer A.",49,"N",13,"W"
"SUWS013250","Douglas","Moder, Jennifer A.",49,"N",13,"W"
"SUWS013251","Douglas","Moder, Jennifer A.",49,"N",13,"W"
"SUWS013252","Douglas","Moder, Jennifer A.",49,"N",13,"W"
"SUWS013253","Douglas","Moder, Jennifer A.",49,"N",13,"W"
"SUWS013254","Douglas","Moder, Jennifer A.",49,"N",13,"W"
"SUWS013255","Douglas","Moder, Jennifer A.",49,"N",13,"W"
"SUWS013256","Douglas","Moder, Jennifer A.",49,"N",13,"W"
"SUWS013257","Douglas","Moder, Jennifer A.",49,"N",13,"W"
"SUWS013258","Douglas","Moder, Jennifer A.",49,"N",14,"W"
"SUWS013259","Douglas","Moder, Jennifer A.",49,"N",14,"W"
"SUWS013260","Douglas","Moder, Jennifer A.",49,"N",14,"W"
"SUWS013261","Douglas","Moder, Jennifer A.",47,"N",15,"W"
"SUWS013262","Douglas","Moder, Jennifer A.",47,"N",15,"W"
"SUWS013263","Douglas","Moder, Jennifer A.",47,"N",15,"W"
"SUWS013264","Douglas","Moder, Jennifer A.",47,"N",15,"W"
"SUWS013265","Douglas","Moder, Jennifer A.",47,"N",15,"W"
"SUWS013266","Douglas","Moder, Jennifer A.",47,"N",15,"W"
"SUWS013268","Douglas","Moder, Jennifer A.",47,"N",15,"W"
"SUWS013269","Douglas","Moder, Jennifer A.",47,"N",15,"W"
"SUWS013270","Douglas","Moder, Jennifer A.",47,"N",15,"W"
"SUWS013271","Douglas","Moder, Jennifer A.",47,"N",15,"W"
"SUWS013272","Douglas","Neely, Chuck",47,"N",15,"W"
"SUWS013273","Douglas","Neely, Chuck",47,"N",15,"W"
"SUWS013274","Douglas","Neely, Chuck",47,"N",15,"W"
"SUWS013275","Douglas","Neely, Chuck",47,"N",15,"W"
"SUWS013276","Douglas","Neely, Chuck",47,"N",15,"W"
"SUWS013277","Douglas","Neely, Chuck",47,"N",15,"W"
"SUWS013278","Douglas","Neely, Chuck",47,"N",15,"W"
"SUWS013279","Douglas","Neely, Chuck",47,"N",15,"W"
"SUWS013280","Douglas","Neely, Chuck",49,"N",13,"W"
"SUWS013281","Douglas","Neely, Chuck",47,"N",15,"W"
"SUWS013282","Douglas","Neely, Chuck",47,"N",15,"W"
"SUWS013283","Douglas","Neely, Chuck",47,"N",15,"W"
"SUWS013284","Douglas","Neely, Chuck",47,"N",15,"W"
"SUWS013285","Douglas","Neely, Chuck",47,"N",15,"W"
"SUWS013286","Douglas","Neely, Chuck",47,"N",15,"W"
"SUWS013287","Douglas","Neely, Chuck",47,"N",15,"W"
"SUWS013288","Douglas","Neely, Chuck",47,"N",15,"W"
"SUWS013289","Douglas","Neely, Chuck",47,"N",15,"W"
"SUWS013290","Douglas","Neely, Chuck",47,"N",15,"W"
"SUWS013291","Douglas","Neely, Chuck",47,"N",15,"W"
"SUWS013292","Douglas","Neely, Chuck",47,"N",15,"W"
"SUWS013293","Douglas","Moder, Jennifer A.",49,"N",13,"W"
"SUWS013294","Douglas","Moder, Jennifer A.",49,"N",13,"W"
"SUWS013295","Douglas","Moder, Jennifer A.",49,"N",13,"W"
"SUWS013296","Douglas","Moder, Jennifer A.",49,"N",13,"W"
"SUWS013298","Douglas","Moder, Jennifer A.",49,"N",13,"W"
"SUWS013299","Douglas","Moder, Jennifer A.",49,"N",14,"W"
"SUWS013300","Douglas","Moder, Jennifer A.",49,"N",14,"W"
"SUWS013302","Douglas","Moder, Jennifer A.",49,"N",14,"W"
"SUWS013303","Douglas","Moder, Jennifer A.",47,"N",15,"W"
"SUWS013304","Douglas","Moder, Jennifer A.",47,"N",15,"W"
"SUWS013305","Douglas","Moder, Jennifer A.",47,"N",15,"W"
"SUWS013306","Douglas","Moder, Jennifer A.",47,"N",15,"W"
"SUWS013308","Douglas","Neely, Chuck",49,"N",13,"W"
"SUWS013309","Douglas","Neely, Chuck",49,"N",13,"W"
"SUWS013310","Douglas","Neely, Chuck",49,"N",13,"W"
"SUWS013311","Douglas","Neely, Chuck",49,"N",13,"W"
"SUWS013313","Douglas","Neely, Chuck",49,"N",13,"W"
"SUWS013314","Douglas","Neely, Chuck",49,"N",13,"W"
"SUWS013316","Douglas","Neely, Chuck",49,"N",14,"W"
"SUWS013318","Douglas","Neely, Chuck",49,"N",14,"W"
"SUWS013319","Douglas","Neely, Chuck",49,"N",14,"W"
"SUWS013323","Douglas","Neely, Chuck",49,"N",14,"W"
"SUWS013324","Douglas","Neely, Chuck",49,"N",14,"W"
"SUWS013325","Douglas","Neely, Chuck",49,"N",14,"W"
"SUWS013326","Douglas","Neely, Chuck",49,"N",14,"W"
"SUWS013327","Douglas","Neely, Chuck",49,"N",14,"W"
"SUWS013328","Douglas","Neely, Chuck",49,"N",14,"W"
"SUWS013332","Douglas","Stangle, Daniel C.",47,"N",15,"W"
"SUWS013337","Douglas","Stangle, Daniel C.",47,"N",15,"W"
"SUWS013340","Douglas","Stangle, Daniel C.",49,"N",14,"W"
"SUWS013341","Douglas","Stangle, Daniel C.",49,"N",14,"W"
"SUWS013345","Douglas","Stangle, Daniel C.",49,"N",14,"W"
"SUWS013346","Douglas","Stangle, Daniel C.",49,"N",13,"W"
"SUWS013347","Douglas","Stangle, Daniel C.",49,"N",14,"W"
"SUWS013350","Douglas","Stangle, Daniel C.",49,"N",13,"W"
"SUWS013351","Douglas","Stangle, Daniel C.",49,"N",14,"W"
"SUWS013354","Douglas","Stangle, Daniel C.",47,"N",15,"W"
"SUWS013355","Douglas","Stangle, Daniel C.",49,"N",13,"W"
"SUWS013356","Douglas","Stangle, Daniel C.",49,"N",13,"W"
"SUWS013357","Douglas","Stangle, Daniel C.",49,"N",13,"W"
"SUWS013358","Douglas","Stangle, Daniel C.",49,"N",13,"W"
"SUWS013360","Douglas","Stangle, Daniel C.",49,"N",14,"W"
"SUWS013361","Douglas","Stangle, Daniel C.",47,"N",15,"W"
"SUWS013363","Douglas","Stangle, Daniel C.",49,"N",13,"W"
"SUWS013364","Douglas","Stangle, Daniel C.",49,"N",13,"W"
"SUWS013365","Douglas","Stangle, Daniel C.",49,"N",13,"W"
"SUWS013366","Douglas","Stangle, Daniel C.",49,"N",13,"W"
"SUWS013368","Douglas","Stangle, Daniel C.",49,"N",13,"W"
"SUWS013369","Douglas","Weinandt, Michael J.",49,"N",13,"W"
"SUWS013370","Douglas","Weinandt, Michael J.",49,"N",13,"W"
"SUWS013371","Douglas","Weinandt, Michael J.",49,"N",13,"W"
"SUWS013372","Douglas","Weinandt, Michael J.",49,"N",13,"W"
"SUWS013373","Douglas","Weinandt, Michael J.",49,"N",13,"W"
"SUWS013374","Douglas","Weinandt, Michael J.",49,"N",13,"W"
"SUWS013375","Douglas","Weinandt, Michael J.",49,"N",13,"W"
"SUWS013376","Douglas","Weinandt, Michael J.",49,"N",13,"W"
"SUWS013377","Douglas","Weinandt, Michael J.",49,"N",13,"W"
"SUWS013378","Douglas","Weinandt, Michael J.",49,"N",13,"W"
"SUWS013379","Douglas","Weinandt, Michael J.",49,"N",13,"W"
"SUWS013380","Douglas","Weinandt, Michael J.",49,"N",13,"W"
"SUWS013381","Douglas","Weinandt, Michael J.",49,"N",13,"W"
"SUWS013382","Douglas","Weinandt, Michael J.",49,"N",13,"W"
"SUWS013383","Douglas","Weinandt, Michael J.",49,"N",13,"W"
"SUWS013384","Douglas","Weinandt, Michael J.",49,"N",13,"W"
"SUWS013385","Douglas","Weinandt, Michael J.",49,"N",14,"W"
"SUWS013386","Douglas","Weinandt, Michael J.",49,"N",14,"W"
"SUWS013387","Douglas","Weinandt, Michael J.",49,"N",14,"W"
"SUWS013388","Douglas","Weinandt, Michael J.",49,"N",14,"W"
"SUWS013389","Douglas","Weinandt, Michael J.",49,"N",14,"W"
"SUWS013390","Douglas","Weinandt, Michael J.",49,"N",14,"W"
"SUWS013391","Douglas","Weinandt, Michael J.",49,"N",14,"W"
"SUWS013392","Douglas","Weinandt, Michael J.",49,"N",14,"W"
"SUWS013393","Douglas","Weinandt, Michael J.",49,"N",14,"W"
"SUWS013394","Douglas","Weinandt, Michael J.",49,"N",14,"W"
"SUWS013395","Douglas","Weinandt, Michael J.",46,"N",15,"W"
"SUWS013396","Douglas","Weinandt, Michael J.",46,"N",15,"W"
"SUWS013397","Douglas","Weinandt, Michael J.",46,"N",15,"W"
"SUWS013398","Douglas","Weinandt, Michael J.",46,"N",15,"W"
"SUWS013399","Douglas","Weinandt, Michael J.",46,"N",15,"W"
"SUWS013400","Douglas","Weinandt, Michael J.",46,"N",15,"W"
"SUWS013401","Douglas","Weinandt, Michael J.",46,"N",15,"W"
"SUWS013402","Douglas","Weinandt, Michael J.",46,"N",15,"W"
"SUWS013404","Douglas","Weinandt, Michael J.",47,"N",15,"W"
"SUWS013405","Douglas","Weinandt, Michael J.",47,"N",15,"W"
"SUWS013406","Douglas","Weinandt, Michael J.",47,"N",15,"W"
"SUWS013407","Douglas","Weinandt, Michael J.",47,"N",15,"W"
"SUWS013408","Douglas","Weinandt, Michael J.",47,"N",15,"W"
"SUWS013409","Douglas","Weinandt, Michael J.",47,"N",15,"W"
"SUWS013412","Douglas","Langenbrunner, Craig S.",49,"N",13,"W"
"SUWS013413","Douglas","Langenbrunner, Craig S.",49,"N",13,"W"
"SUWS013417","Douglas","Langenbrunner, Craig S.",49,"N",13,"W"
"SUWS013421","Douglas","Langenbrunner, Craig S.",49,"N",14,"W"
"SUWS013423","Douglas","Langenbrunner, Craig S.",47,"N",15,"W"
"SUWS013424","Douglas","Langenbrunner, Craig S.",49,"N",14,"W"
"SUWS013427","Douglas","Langenbrunner, Craig S.",49,"N",13,"W"
"SUWS013428","Douglas","Langenbrunner, Craig S.",49,"N",14,"W"
"SUWS013430","Douglas","Langenbrunner, Craig S.",49,"N",13,"W"
"SUWS013431","Douglas","Langenbrunner, Craig S.",49,"N",13,"W"
"SUWS013433","Douglas","Langenbrunner, Craig S.",49,"N",14,"W"
"SUWS013436","Douglas","Langenbrunner, Craig S.",49,"N",14,"W"
"SUWS013441","Douglas","Watten, Joshua",49,"N",15,"W"
"SUWS013442","Douglas","Watten, Joshua",49,"N",13,"W"
"SUWS013443","Douglas","Watten, Joshua",49,"N",15,"W"
"SUWS013444","Douglas","Watten, Joshua",49,"N",13,"W"
"SUWS013445","Douglas","Watten, Joshua",49,"N",14,"W"
"SUWS013447","Douglas","Watten, Joshua",49,"N",14,"W"
"SUWS013448","Douglas","Watten, Joshua",49,"N",13,"W"
"SUWS013449","Douglas","Watten, Joshua",49,"N",14,"W"
"SUWS013450","Douglas","Watten, Joshua",49,"N",14,"W"
"SUWS013451","Douglas","Eisenmann, Sarah",49,"N",14,"W"
"SUWS013452","Douglas","Eisenmann, Sarah",49,"N",13,"W"
"SUWS013465","Douglas","Koch, Rudy G.",49,"N",14,"W"
"SUWS013543","Douglas","Behn, T.",49,"N",14,"W"
"SUWS013544","Oneida","Behn, T.",NA,NA,NA,NA
"SUWS013545","Oneida","Behn, T.",NA,NA,NA,NA
"SUWS013546","Oneida","Behn, T.",NA,NA,NA,NA
"SUWS013548","Oneida","Behn, T.",37,"N",8,"E"
"SUWS013550","Oneida","Behn, T.",NA,NA,NA,NA
"SUWS013551","Oneida","Behn, T.",NA,NA,NA,NA
"SUWS013552","Douglas","Behn, T.",49,"N",14,"W"
"SUWS013553","Douglas","Behn, T.",49,"N",14,"W"
"SUWS013554","Douglas","Behn, T.",49,"N",14,"W"
"SUWS013555","Douglas","Behn, T.",49,"N",14,"W"
"SUWS013556","Douglas","Behn, T.",NA,NA,NA,NA
"SUWS013557","Douglas","Behn, T.",NA,NA,NA,NA
"SUWS013558","Douglas","Behn, T.",NA,NA,NA,NA
"SUWS013559","Douglas","Behn, T.",49,"N",14,"W"
"SUWS013560","Douglas","Behn, T.",47,"N",13,"W"
"SUWS013561","Douglas","Behn, T.",47,"N",13,"W"
"SUWS013562","Douglas","Behn, T.",NA,NA,NA,NA
"SUWS013563","Douglas","Behn, T.",49,"N",14,"W"
"SUWS013564","Douglas","Behn, T.",NA,NA,NA,NA
"SUWS013565","Douglas","Behn, T.",NA,NA,NA,NA
"SUWS013566","Douglas","Behn, T.",49,"N",14,"W"
"SUWS013567","Douglas","Behn, T.",47,"N",13,"W"
"SUWS013568","Douglas","Behn, T.",49,"N",14,"W"
"SUWS013569","Douglas","Behn, T.",49,"N",14,"W"
"SUWS013570","Douglas","Behn, T.",49,"N",14,"W"
"SUWS013571","Douglas","Behn, T.",47,"N",13,"W"
"SUWS013572","Douglas","Behn, T.",49,"N",14,"W"
"SUWS013573","Douglas","Behn, T.",47,"N",13,"W"
"SUWS013574","Douglas","Behn, T.",49,"N",14,"W"
"SUWS013575","Douglas","Behn, T.",NA,NA,NA,NA
"SUWS013576","Douglas","Behn, T.",49,"N",14,"W"
"SUWS013577","Douglas","Behn, T.",49,"N",14,"W"
"SUWS013578","Douglas","Behn, T.",49,"N",14,"W"
"SUWS013579","Burnett","Behn, T.",39,"N",18,"W"
"SUWS013580","Douglas","Behn, T.",47,"N",13,"W"
"SUWS013581","Douglas","Behn, T.",47,"N",13,"W"
"SUWS013582","Douglas","Behn, T.",NA,NA,NA,NA
"SUWS013583","Douglas","Behn, T.",NA,NA,NA,NA
"SUWS013584","Douglas","Behn, T.",49,"N",14,"W"
"SUWS013745","Douglas","Juve, Karla",48,"N",14,"W"
"SUWS013746","Douglas","Juve, Karla",48,"N",14,"W"
"SUWS013747","Douglas","Juve, Karla",48,"N",13,"W"
"SUWS013748","Douglas","Juve, Karla",NA,NA,NA,NA
"SUWS013749","Douglas","Juve, Karla",48,"N",13,"W"
"SUWS013750","Douglas","Juve, Karla",NA,NA,NA,NA
"SUWS013751","Douglas","Juve, Karla",NA,NA,NA,NA
"SUWS013752","Douglas","Juve, Karla",48,"N",13,"W"
"SUWS013753","Douglas","Juve, Karla",48,"N",13,"W"
"SUWS013754","Douglas","Juve, Karla",48,"N",13,"W"
"SUWS013755","Douglas","Juve, Karla",49,"N",14,"W"
"SUWS013756","Douglas","Juve, Karla",49,"N",14,"W"
"SUWS013758","Douglas","Juve, Karla",48,"N",14,"W"
"SUWS013759","Douglas","Juve, Karla",49,"N",14,"W"
"SUWS013760","Douglas","Juve, Karla",48,"N",13,"W"
"SUWS013761","Douglas","Juve, Karla",48,"N",13,"W"
"SUWS013762","Douglas","Juve, Karla",48,"N",13,"W"
"SUWS013763","Douglas","Juve, Karla",NA,NA,NA,NA
"SUWS013764","Douglas","Juve, Karla",NA,NA,NA,NA
"SUWS013765","Douglas","Juve, Karla",48,"N",13,"W"
"SUWS013767","Douglas","Juve, Karla",48,"N",13,"W"
"SUWS013768","Douglas","Juve, Karla",48,"N",14,"W"
"SUWS013769","Douglas","Juve, Karla",48,"N",13,"W"
"SUWS013770","Douglas","Salomaki, Shannon",49,"N",14,"W"
"SUWS013771","Douglas","Salomaki, Shannon",49,"N",14,"W"
"SUWS013772","Douglas","Salomaki, Shannon",49,"N",14,"W"
"SUWS013773","Douglas","Salomaki, Shannon",49,"N",14,"W"
"SUWS013774","Douglas","Salomaki, Shannon",49,"N",14,"W"
"SUWS013775","Douglas","Salomaki, Shannon",49,"N",14,"W"
"SUWS013776","Sawyer","Salomaki, Shannon",NA,NA,NA,NA
"SUWS013777","Sawyer","Salomaki, Shannon",NA,NA,NA,NA
"SUWS013778","Sawyer","Salomaki, Shannon",NA,NA,NA,NA
"SUWS013779","Douglas","Salomaki, Shannon",47,"N",11,"W"
"SUWS013780","Douglas","Salomaki, Shannon",47,"N",11,"W"
"SUWS013781","Douglas","Salomaki, Shannon",47,"N",11,"W"
"SUWS013782","Douglas","Salomaki, Shannon",47,"N",11,"W"
"SUWS013783","Douglas","Salomaki, Shannon",47,"N",11,"W"
"SUWS013784","Douglas","Salomaki, Shannon",47,"N",11,"W"
"SUWS013785","Douglas","Salomaki, Shannon",47,"N",11,"W"
"SUWS013786","Douglas","Salomaki, Shannon",47,"N",11,"W"
"SUWS013788","Douglas","Salomaki, Shannon",47,"N",15,"W"
"SUWS013790","Douglas","Salomaki, Shannon",47,"N",10,"W"
"SUWS013791","Douglas","Salomaki, Shannon",47,"N",10,"W"
"SUWS013792","Douglas","Salomaki, Shannon",47,"N",11,"W"
"SUWS013793","Douglas","Salomaki, Shannon",47,"N",11,"W"
"SUWS013794","Douglas","Salomaki, Shannon",47,"N",11,"W"
"SUWS013796","Douglas","Salomaki, Shannon",47,"N",11,"W"
"SUWS013797","Douglas","Salomaki, Shannon",47,"N",11,"W"
"SUWS013798","Douglas","Salomaki, Shannon",47,"N",11,"W"
"SUWS013800","Douglas","Salomaki, Shannon",47,"N",11,"W"
"SUWS013801","Douglas","Salomaki, Shannon",47,"N",11,"W"
"SUWS013802","Douglas","Salomaki, Shannon",47,"N",11,"W"
"SUWS013803","Sawyer","Shomaki, Shannon",NA,NA,NA,NA
"SUWS013804","Douglas","Eastman, Dave",49,"N",14,"W"
"SUWS013805","Douglas","Eastman, Dave",49,"N",14,"W"
"SUWS013806","Douglas","Eastman, Dave",49,"N",14,"W"
"SUWS013807","Douglas","Eastman, Dave",49,"N",14,"W"
"SUWS013808","Douglas","Eastman, Dave",49,"N",14,"W"
"SUWS013809","Douglas","Eastman, Dave",49,"N",14,"W"
"SUWS013810","Douglas","Eastman, Dave",49,"N",14,"W"
"SUWS013812","Douglas","Eastman, Dave",49,"N",14,"W"
"SUWS013813","Douglas","Eastman, Dave",49,"N",14,"W"
"SUWS013814","Douglas","Eastman, Dave",49,"N",14,"W"
"SUWS013815","Douglas","Eastman, Dave",49,"N",14,"W"
"SUWS013816","Douglas","Eastman, Dave",49,"N",14,"W"
"SUWS013820","Douglas","Eastman, Dave",48,"N",13,"W"
"SUWS013821","Douglas","Eastman, Dave",49,"N",13,"W"
"SUWS013822","Douglas","Eastman, Dave",48,"N",13,"W"
"SUWS013824","Douglas","Bernacki, Beth",49,"N",13,"W"
"SUWS013825","Douglas","Bernacki, Beth",49,"N",13,"W"
"SUWS013828","Douglas","Bernacki, Beth",49,"N",14,"W"
"SUWS013829","Douglas","Bernacki, Beth",49,"N",13,"W"
"SUWS013832","Douglas","Bernacki, Beth",49,"N",14,"W"
"SUWS013835","Douglas","Bernacki, Beth",49,"N",14,"W"
"SUWS013838","Douglas","Bernacki, Beth",49,"N",13,"W"
"SUWS013839","Douglas","Bernacki, Beth",49,"N",14,"W"
"SUWS013841","Douglas","Bernacki, Beth",49,"N",14,"W"
"SUWS013843","Douglas","Eastman, Dave",48,"N",13,"W"
"SUWS013844","Douglas","Eastman, Dave",48,"N",13,"W"
"SUWS013845","Douglas","Eastman, Dave",48,"N",13,"W"
"SUWS013846","Douglas","Eastman, Dave",48,"N",13,"W"
"SUWS013847","Douglas","Eastman, Dave",48,"N",13,"W"
"SUWS013848","Douglas","Eastman, Dave",47,"N",15,"W"
"SUWS013849","Douglas","Eastman, Dave",47,"N",15,"W"
"SUWS013850","Douglas","Eastman, Dave",47,"N",15,"W"
"SUWS013851","Douglas","Eastman, Dave",47,"N",15,"W"
"SUWS013852","Douglas","Eastman, Dave",47,"N",15,"W"
"SUWS013854","Sawyer","Salomaki, Shannon",NA,NA,NA,NA
"SUWS013855","Douglas","Salomaki, Shannon",46,"N",10,"W"
"SUWS013856","Douglas","Salomaki, Shannon",49,"N",10,"W"
"SUWS013857","Douglas","Salomaki, Shannon",47,"N",11,"W"
"SUWS013858","Douglas","Salomaki, Shannon",47,"N",11,"W"
"SUWS013859","Douglas","Fahrney, Brian",48,"N",13,"W"
"SUWS013860","Douglas","Fahrney, Brian",49,"N",13,"W"
"SUWS013861","Douglas","Fahrney, Brian",49,"N",13,"W"
"SUWS013863","Douglas","Fahrney, Brian",49,"N",13,"W"
"SUWS013864","Douglas","Fahrney, Brian",49,"N",13,"W"
"SUWS013865","Rock","Fahrney, Brian",NA,NA,NA,NA
"SUWS013866","Rock","Fahrney, Brian",NA,NA,NA,NA
"SUWS013868","Douglas","Fahrney, Brian",49,"N",13,"W"
"SUWS013871","Douglas","Fahrney, Brian",49,"N",13,"W"
"SUWS013872","Douglas","Fahrney, Brian",49,"N",13,"W"
"SUWS013873","Douglas","Fahrney, Brian",49,"N",13,"W"
"SUWS013875","Douglas","Fahrney, Brian",49,"N",14,"W"
"SUWS013875B","Douglas","Blazevic, Ryan M.",49,"N",14,"W"
"SUWS013876","Douglas","Blazevic, Ryan M.",49,"N",14,"W"
"SUWS013877","Douglas","Blazevic, Ryan M.",49,"N",14,"W"
"SUWS013878","Douglas","Blazevic, Ryan M.",49,"N",13,"W"
"SUWS013879","Douglas","Blazevic, Ryan M.",49,"N",14,"W"
"SUWS013880","Douglas","Blazevic, Ryan M.",49,"N",14,"W"
"SUWS013881","Douglas","Blazevic, Ryan M.",47,"N",15,"W"
"SUWS013882","Douglas","Blazevic, Ryan M.",47,"N",15,"W"
"SUWS013883","Douglas","Blazevic, Ryan M.",47,"N",15,"W"
"SUWS013884","Douglas","Blazevic, Ryan M.",47,"N",15,"W"
"SUWS013885","Douglas","Blazevic, Ryan M.",47,"N",15,"W"
"SUWS013886","Douglas","Blazevic, Ryan M.",47,"N",15,"W"
"SUWS013887","Douglas","Blazevic, Ryan M.",48,"N",15,"W"
"SUWS013889","Douglas","Blazevic, Ryan M.",47,"N",15,"W"
"SUWS013890","Douglas","Blazevic, Ryan M.",49,"N",13,"W"
"SUWS013891","Douglas","Blazevic, Ryan M.",47,"N",15,"W"
"SUWS013892","Douglas","Blazevic, Ryan M.",48,"N",15,"W"
"SUWS013893","Douglas","Fahrney, Brian",49,"N",14,"W"
"SUWS013894","Douglas","Eastman, Dave",47,"N",15,"W"
"SUWS013895","Douglas","Fahrney, Brian",49,"N",13,"W"
"SUWS013896","Douglas","Fahrney, Brian",49,"N",14,"W"
"SUWS013897","Douglas","Fahrney, Brian",48,"N",13,"W"
"SUWS013898","Douglas","Fahrney, Brian",48,"N",13,"W"
"SUWS013902","Douglas","Eastman, Dave",47,"N",15,"W"
"SUWS013903","Douglas","Eastman, Dave",47,"N",15,"W"
"SUWS013904","Douglas","Eastman, Dave",48,"N",14,"W"
"SUWS013905","Douglas","Eastman, Dave",48,"N",14,"W"
"SUWS013907","Douglas","Eastman, Dave",47,"N",15,"W"
"SUWS013908","Douglas","Bernacki, Beth",49,"N",14,"W"
"SUWS013909","Douglas","Bernacki, Beth",49,"N",13,"W"
"SUWS013910","Douglas","Bernacki, Beth",49,"N",14,"W"
"SUWS013912","Douglas","Bernacki, Beth",49,"N",13,"W"
"SUWS013914","Douglas","Bernacki, Beth",49,"N",14,"W"
"SUWS013917","Douglas","Bernacki, Beth",49,"N",13,"W"
"SUWS013919","Douglas","Bernacki, Beth",49,"N",13,"W"
"SUWS013920","Douglas","Bernacki, Beth",49,"N",13,"W"
"SUWS013922","Douglas","Bernacki, Beth",49,"N",13,"W"
"SUWS013926","Douglas","Bernacki, Beth",49,"N",14,"W"
"SUWS013929","Douglas","Castle, R.",47,"N",11,"W"
"SUWS013930","Douglas","Castle, R.",NA,NA,NA,NA
"SUWS013932","Douglas","Castle, R.",49,"N",10,"W"
"SUWS013933","Douglas","Castle, R.",49,"N",10,"W"
"SUWS013935","Douglas","Schmidt, M.",NA,NA,NA,NA
"SUWS013936","Douglas","Castle, R.",NA,NA,NA,NA
"SUWS013938","Douglas","Castle, R.",49,"N",10,"W"
"SUWS013939","Douglas","Castle, R.",NA,NA,NA,NA
"SUWS013940","Douglas","Castle, R.",46,"N",15,"W"
"SUWS013942","Douglas","Castle, R.",46,"N",15,"W"
"SUWS013943","Douglas","Castle, R.",49,"N",14,"W"
"SUWS013944","Douglas","Castle, R.",NA,NA,NA,NA
"SUWS013946","Douglas","Johnson, R.",45,"N",13,"W"
"SUWS013947","Douglas","Castle, R.",49,"N",12,"W"
"SUWS013948","Douglas","Castle, R.",49,"N",10,"W"
"SUWS013949","Douglas","Castle, R.",49,"N",14,"W"
"SUWS013950","Ashland","Castle, R.",50,"N",2,"W"
"SUWS013951","Douglas","Davidson, Donald W.",48,"N",13,"W"
"SUWS013952","Douglas","Anderson, D.",NA,NA,NA,NA
"SUWS013953","Douglas","Castle, R.",NA,NA,NA,NA
"SUWS013954","Douglas","Castle, R.",49,"N",10,"W"
"SUWS013955","Douglas","Johnson, R.",45,"N",11,"W"
"SUWS013956","Douglas","Castle, R.",NA,NA,NA,NA
"SUWS013957","Douglas","Castle, R.",NA,NA,NA,NA
"SUWS013958","Douglas","Castle, R.",49,"N",10,"W"
"SUWS013959","Douglas","Castle, R.",47,"N",11,"W"
"SUWS013961","Douglas","Castle, R.",47,"N",11,"W"
"SUWS013963","Douglas","Castle, R.",47,"N",10,"W"
"SUWS013964","Douglas","Castle, R.",NA,NA,NA,NA
"SUWS013965","Douglas","Castle, R.",48,"N",13,"W"
"SUWS013966","Douglas","Anderson, D.",NA,NA,NA,NA
"SUWS013967","Douglas","Castle, R.",49,"N",10,"W"
"SUWS013969","Douglas","Johnson, R.",NA,NA,NA,NA
"SUWS013970","Douglas","Castle, R.",49,"N",14,"W"
"SUWS013971","Douglas","Castle, R.",NA,NA,NA,NA
"SUWS013971A","Burnett","Castle, R.",42,"N",14,"W"
"SUWS013972","Douglas","Castle, R.",49,"N",10,"W"
"SUWS013972b","Douglas","Castle, R.",49,"N",13,"W"
"SUWS013973","Douglas","Castle, R.",49,"N",12,"W"
"SUWS013974","Douglas","Castle, R.",46,"N",13,"W"
"SUWS013975","Douglas","Johnson, R.",45,"N",11,"W"
"SUWS013976","Douglas","Castle, R.",45,"N",13,"W"
"SUWS013977","Douglas","Castle, R.",45,"N",13,"W"
"SUWS013978","Bayfield","Castle, R.",NA,NA,NA,NA
"SUWS013979","Douglas","Hein, Elizabeth",46,"N",13,"W"
"SUWS013980","Douglas","Hein, Elizabeth",46,"N",13,"W"
"SUWS013981","Douglas","Hein, Elizabeth",46,"N",13,"W"
"SUWS013982","Douglas","Hein, Elizabeth",46,"N",13,"W"
"SUWS013983","Douglas","Hein, Elizabeth",46,"N",13,"W"
"SUWS013984","Douglas","Hein, Elizabeth",46,"N",13,"W"
"SUWS013985","Douglas","Hein, Elizabeth",46,"N",13,"W"
"SUWS013986","Douglas","Hein, Elizabeth",46,"N",13,"W"
"SUWS013987","Douglas","Hein, Elizabeth",46,"N",13,"W"
"SUWS013988","Douglas","Anderson, D.",NA,NA,NA,NA
"SUWS013989","Douglas","Castle, R.",49,"N",14,"W"
"SUWS013990","Douglas","Castle, R.",NA,NA,NA,NA
"SUWS013991","Douglas","Castle, R.",NA,NA,NA,NA
"SUWS013992","Douglas","Castle, R.",49,"N",12,"W "
"SUWS013993","Douglas","Castle, R.",49,"N",10,"W"
"SUWS013994","Douglas","Castle, R.",NA,NA,NA,NA
"SUWS013996","Douglas","Castle, R.",49,"N",12,"W"
"SUWS014002","Douglas","Castle, R.",46,"N",11,"W"
"SUWS014003","Douglas","Castle, R.",46,"N",11,"W"
"SUWS014004","Douglas","Castle, R.",49,"N",10,"W"
"SUWS014005","Douglas","Castle, R.",46,"N",11,"W"
"SUWS014006","Douglas","Castle, R.",46,"N",11,"W"
"SUWS014007","Douglas","Castle, R.",48,"N",12,"W"
"SUWS014008","Douglas","Castle, R.",47,"N",10,"W"
"SUWS014009","Douglas","Castle, R.",47,"N",10,"W"
"SUWS014010","Douglas","Castle, R.",47,"N",10,"W"
"SUWS014011","Douglas","Castle, R.",47,"N",10,"W"
"SUWS014012","Douglas","Castle, R.",47,"N",10,"W"
"SUWS014013","Douglas","Castle, R.",47,"N",11,"W"
"SUWS014014","Douglas","Castle, R.",47,"N",11,"W"
"SUWS014015","Douglas","Castle, R.",49,"N",14,"W"
"SUWS014016","Douglas","Castle, R.",48,"N",10,"W"
"SUWS014018","Douglas","Castle, R.",48,"N",14,"W"
"SUWS014021","Douglas","Castle, R.",49,"N",13,"W"
"SUWS014022","Douglas","Castle, R.",49,"N",10,"W"
"SUWS014023","Douglas","Castle, R.",49,"N",10,"W"
"SUWS014024","Douglas","Castle, R.",49,"N",10,"W"
"SUWS014025","Douglas","Castle, R.",49,"N",10,"W"
"SUWS014027","Douglas","Bruederle, Leo P.",49,"N",11,"W"
"SUWS014028","Douglas","Bruederle, Leo P.",49,"N",11,"W"
"SUWS014029","Douglas","Bruederle, Leo P.",49,"N",11,"W"
"SUWS014030","Douglas","Bruederle, Leo P.",49,"N",13,"W"
"SUWS014031","Douglas","Bruederle, Leo P.",49,"N",13,"W"
"SUWS014032","Douglas","Bruederle, Leo P.",49,"N",13,"W"
"SUWS014033","Douglas","Bruederle, Leo P.",49,"N",13,"W"
"SUWS014034","Douglas","Bruederle, Leo P.",49,"N",13,"W"
"SUWS014035","Douglas","Bruederle, Leo P.",49,"N",11,"W"
"SUWS014036","Douglas","Bruederle, Leo P.",49,"N",11,"W"
"SUWS014037","Douglas","Bruederle, Leo P.",49,"N",11,"W"
"SUWS014038","Douglas","Bruederle, Leo P.",49,"N",11,"W"
"SUWS014039","Douglas","Bruederle, Leo P.",49,"N",13,"W"
"SUWS014040","Douglas","Bruederle, Leo P.",49,"N",13,"W"
"SUWS014041","Douglas","Bruederle, Leo P.",49,"N",13,"W"
"SUWS014042","Douglas","Koch, Rudy G.",45,"N",11,"W"
"SUWS014043","Douglas","Bruederle, Leo P.",49,"N",11,"W"
"SUWS014044","Douglas","Bruederle, Leo P.",49,"N",11,"W"
"SUWS014045","Douglas","Bruederle, Leo P.",49,"N",13,"W"
"SUWS014046","Douglas","Bruederle, Leo P.",49,"N",11,"W"
"SUWS014047","Douglas","Bruederle, Leo P.",49,"N",12,"W"
"SUWS014048","Douglas","Bruederle, Leo P.",49,"N",11,"W"
"SUWS014049","Douglas","Bruederle, Leo P.",NA,NA,NA,NA
"SUWS014050","Douglas","Bruederle, Leo P.",49,"N",11,"W"
"SUWS014051","Douglas","Bruederle, Leo P.",49,"N",11,"W"
"SUWS014052","Douglas","Bruederle, Leo P.",49,"N",11,"W"
"SUWS014053","Douglas","Bruederle, Leo P.",49,"N",11,"W"
"SUWS014054","Douglas","Bruederle, Leo P.",49,"N",13,"W"
"SUWS014055","Douglas","Bruederle, Leo P.",49,"N",12,"W"
"SUWS014057","Ashland","Koch, Rudy G.",51,"N",3,"W"
"SUWS014058","Douglas","Brashier",49,"N",13,"W"
"SUWS014059","Richland","Nee, M.",NA,NA,NA,NA
"SUWS014060","La Crosse","Nontelle, Deon M.",16,"N",7,"W"
"SUWS014061","La Crosse","Nontelle, Deon M.",16,"N",7,"W"
"SUWS014062","Buffalo","Hornung, Tom",20,"N",12,"W"
"SUWS014063","La Crosse","Demaske, D.",15,"N",7,"W"
"SUWS014064","Bayfield","Banks, J. A.",45,"N",8,"W"
"SUWS014067","La Crosse","Demaske, D.",15,"N",7,"W"
"SUWS014068","La Crosse","Demaske, D.",15,"N",7,"W"
"SUWS014069","La Crosse","Nontelle, Deon M.",18,"N",8,"W"
"SUWS014070","La Crosse","Demaske, D.",15,"N",7,"W"
"SUWS014071","La Crosse","Sohmer, S. H.",17,"N",8,"W"
"SUWS014072","Buffalo","Hornung, Tom",20,"N",12,"W"
"SUWS014073","Sawyer","Davis, J. D.",41,"N",7,"W"
"SUWS014074","La Crosse","Sohmer, S. H.",15,"N",7,"W"
"SUWS014075","La Crosse","Sohmer, S. H.",16,"N",7,"W"
"SUWS014077","La Crosse","Nontelle, Deon M.",16,"N",7,"W"
"SUWS014078","La Crosse","Demaske, D.",15,"N",7,"W"
"SUWS014079","La Crosse","Demaske, D.",15,"N",7,"W"
"SUWS014080","La Crosse","Nontelle, Deon M.",16,"N",7,"W"
"SUWS014081","Ashland","Koch, Rudy G.",49,"N",3,"W"
"SUWS014082","Vernon","Ziegler, S. R.",14,"N",7,"W"
"SUWS014083","La Crosse","Nontelle, Deon M.",18,"N",8,"W"
"SUWS014084","La Crosse","Nontelle, Deon M.",16,"N",7,"W"
"SUWS014085","Douglas","Thomson, John W., Jr.",47,"N",10,"W"
"SUWS014086","La Crosse","Kott, Bonnie K.",15,"N",7,"W"
"SUWS014087","Douglas","Olson, Patti",49,"N",13,"W"
"SUWS014088","Douglas","Olson, Patti",49,"N",13,"W"
"SUWS014089","Douglas","Olson, Patti",49,"N",13,"W"
"SUWS014090","Douglas","Hendrickson, Sue",49,"N",14,"W"
"SUWS014091","La Crosse","Swanson, Steven D.",16,"N",7,"W"
"SUWS014092","Vernon","Sohmer, S. H.",14,"N",7,"W"
"SUWS014093","Ashland","Clements, Jimmy D.",53,"N",2,"W"
"SUWS014105","La Crosse","Nontelle, Deon M.",16,"N",7,"W"
"SUWS014106","Douglas","Brashier",46,"N",15,"W"
"SUWS014107","Ashland","Team 4",52,"N",2,"W"
"SUWS014108","La Crosse","Demaske, D.",15,"N",7,"W"
"SUWS014109","Douglas","Olson, Patti",49,"N",13,"W"
"SUWS014110","Douglas","Olson, Patti",49,"N",13,"W"
"SUWS014111","Vernon","Sohmer, S. H.",14,"N",4,"W"
"SUWS014112","Ashland","Koch, Rudy G.",49,"N",3,"W"
"SUWS014113","La Crosse","Nontelle, Deon M.",18,"N",5,"W"
"SUWS014114","La Crosse","Demaske, D.",15,"N",7,"W"
"SUWS014115","La Crosse","Nontelle, Deon M.",16,"N",7,"W"
"SUWS014116","La Crosse","Demaske, D.",15,"N",7,"W"
"SUWS014119","Douglas","Tendrup, Lynn S.",46,"N",15,"W"
"SUWS014120","Vernon","Sohmer, S. H.",14,"N",7,"W"
"SUWS014121","Trempealeau","Demaske, D.",18,"N",9,"W"
"SUWS014122","La Crosse","Ruhser, Jean C.",18,"N",6,"W"
"SUWS014123","La Crosse","Nontelle, Deon M.",17,"N",5,"W"
"SUWS014124","Douglas","Olson, Patti",49,"N",13,"W"
"SUWS014125","Vernon","Sohmer, S. H.",14,"N",4,"W"
"SUWS014126","La Crosse","Sohmer, S. H.",NA,NA,NA,NA
"SUWS014127","Vernon","Sohmer, S. H.",14,"N",4,"W"
"SUWS014128","La Crosse","Nontelle, Deon M.",18,"N",8,"W"
"SUWS014130","La Crosse","Sohmer, S. H.",15,"N",5,"W"
"SUWS014132","Sawyer","Davis, J. D.",41,"N",7,"W"
"SUWS014133","Douglas","Olson, Patti",49,"N",13,"W"
"SUWS014134","Trempealeau","Lenser, Gregory J.",19,"N",9,"W"
"SUWS014135","La Crosse","Lenser, G.",15,"N",7,"W"
"SUWS014137","La Crosse","Sohmer, S. H.",15,"N",5,"W"
"SUWS014138","Trempealeau","Demaske, D.",18,"N",9,"W"
"SUWS014139","Trempealeau","Sohmer, S. H.",18,"N",9,"W"
"SUWS014140","Trempealeau","Demaske, D.",18,"N",9,"W"
"SUWS014141","Monroe","Sohmer, S. H.",17,"N",3,"W"
"SUWS014142","La Crosse","Sohmer, S. H.",17,"N",8,"W"
"SUWS014143","Douglas","Koch, Rudy G.",44,"N",14,"W"
"SUWS014144","Douglas","Stackler, Susan",46,"N",15,"W"
"SUWS014145","La Crosse","Dawson, Verdel",16,"N",7,"W"
"SUWS014147","La Crosse","Demaske, D.",15,"N",7,"W"
"SUWS014149","Douglas","Olson, Patti",49,"N",13,"W"
"SUWS014150","Douglas","Olson, Patti",49,"N",13,"W"
"SUWS014163","Douglas","Fahrney, Brian",49,"N",13,"W"
"SUWS014185","Douglas","Dabydeen, Simon",49,"N",14,"W"
"SUWS014186","Douglas","Thomson, John W., Jr.",46,"N",11,"W"
"SUWS014187","Douglas","Thomson, John W., Jr.",44,"N",12,"W"
"SUWS014188","Douglas","Smetak, Scott",49,"N",13,"W"
"SUWS014189","Douglas","Thomson, John W., Jr.",45,"N",12,"W"
"SUWS014190","Barron","Thomson, John W., Jr.",33,"N",10,"W"
"SUWS014191","Douglas","Koch, Rudy G.",45,"N",12,"W"
"SUWS014192","Douglas","Thomson, John W., Jr.",47,"N",10,"W"
"SUWS014193","Bayfield","Brost, Mike",48,"N",9,"W"
"SUWS014194","Vernon","Ziegler, S. R.",14,"N",7,"W"
"SUWS014195","Douglas","Mitchell, John A.",46,"N",10,"W"
"SUWS014196","Douglas","Mendenhall, Paula M.",49,"N",13,"W"
"SUWS014197","Douglas","Stackler, Susan",46,"N",15,"W"
"SUWS014198","Douglas","Brashier",46,"N",15,"W"
"SUWS014200","Bayfield","Brashier",45,"N",8,"W"
"SUWS014201","Douglas","Castle, R.",49,"N",10,"W"
"SUWS014202","Douglas","Bruederle, Leo P.",49,"N",13,"W"
"SUWS014203","Douglas","Castle, R.",49,"N",10,"W"
"SUWS014204","Douglas","C., E. A.",NA,NA,NA,NA
"SUWS014205","Douglas","Thomson, John W., Jr.",NA,NA,NA,NA
"SUWS014206","Douglas","Stackler, Susan",46,"N",15,"W"
"SUWS014207","Douglas","Hicks, James",49,"N",14,"W"
"SUWS014208","Douglas","Brost, Mike",49,"N",14,"W"
"SUWS014209","Douglas","Thomson, John W., Jr.",46," N",10,"W"
"SUWS014211","Douglas","Castle, R.",49,"N",14,"W"
"SUWS014212","Douglas","Clements, Jimmy D.",NA,NA,NA,NA
"SUWS014215","Douglas","Thomson, John W., Jr.",49,"N",14,"W"
"SUWS014216","Douglas","Thomson, John W., Jr.",47,"N",11,"W"
"SUWS014219","Douglas","Koch, Rudy G.",46,"N",14,"W"
"SUWS014220","Douglas","Thomson, John W., Jr.",NA,NA,NA,NA
"SUWS014221","Douglas","Thomson, John W., Jr.",46,"N",11,"W"
"SUWS014222","Douglas","Thomson, John W., Jr.",47,"N",10,"W"
"SUWS014223","Douglas","Koch, Rudy G.",47,"N",14,"W"
"SUWS014226","Douglas","Brashier",46,"N",15,"W"
"SUWS014227","Bayfield","Valaskey",45,"N",8,"W"
"SUWS014228","Douglas","Thomson, John W., Jr.",46," N",10,"W"
"SUWS014229","Bayfield","Janowski",45,"N",8,"W"
"SUWS014231","Douglas","Stackler, Susan",46,"N",15,"W"
"SUWS014233","La Crosse","Koch, Rudy G.",16,"N",7,"W"
"SUWS014234","La Crosse","Nontelle, Deon M.",15,"N",7,"W"
"SUWS014235","Douglas","Brashier",46,"N",15,"W"
"SUWS014236","La Crosse","Nontelle, Deon M.",17,"N",6,"W"
"SUWS014237","Douglas","Lahti, Duane",45,"N",11,"W"
"SUWS014238","Douglas","Castle, R.",47,"N",11,"W"
"SUWS014239","Bayfield","Brashier",46,"N",7,"W"
"SUWS014240","Douglas","Brashier",46,"N",15,"W"
"SUWS014241","Douglas","Koch, Rudy G.",49,"N",13,"W"
"SUWS014242","Douglas","Thomson, John W., Jr.",47,"N",15,"W"
"SUWS014243","Douglas","Thomson, John W., Jr.",46,"N",10,"W"
"SUWS014244","Douglas","Castle, R.",49,"N",10,"W"
"SUWS014245","Douglas","Swanson, Denny",46,"N",13,"W"
"SUWS014246","Burnett","Brashier",40,"N",16,"W"
"SUWS014248","Bayfield","Collins",45,"N",8,"W"
"SUWS014249","Bayfield","Brashier",45,"N",8,"W"
"SUWS014250","Bayfield","Collins",45,"N",8,"W"
"SUWS014251","Douglas","Koch, Rudy G.",48,"N",12,"W"
"SUWS014252","Bayfield","Cornell",44,"N",8,"W"
"SUWS014253","St. Croix","Holden",29,"N",19,"W"
"SUWS014254","Bayfield","Castle, R.",47,"N",9,"W"
"SUWS014255","Bayfield","Hjerleid",45,"N",8,"W"
"SUWS014256","Bayfield","Hjerleid",45,"N",7,"W"
"SUWS014257","Bayfield","Mackensen",45,"N",8,"W"
"SUWS014258","Douglas","Brashier",48,"N",14,"W"
"SUWS014259","Douglas","Thomson, John W., Jr.",47,"N",10,"W"
"SUWS014260","Vernon","Sohmer, S. H.",14,"N",6,"W"
"SUWS014261","Douglas","Thomson, John W., Jr.",49,"N",13,"W"
"SUWS014263","La Crosse","Nontelle, Deon M.",15,"N",7,"W"
"SUWS014264","Polk","Brashier",NA,NA,NA,NA
"SUWS014265","Douglas","Bruederle, Leo P.",49,"N",13,"W"
"SUWS014266","Douglas","Thomson, John W., Jr.",46,"N",11,"W"
"SUWS014276","Douglas","Thomson, John W., Jr.",45,"N",11,"W"
"SUWS014277","Douglas","Castle, R.",49,"N",10,"W"
"SUWS014278","Juneau","Brashier",15,"N",5,"E"
"SUWS014279","Douglas","Thomson, John W., Jr.",NA,NA,NA,NA
"SUWS014280","Douglas","Anderson, Jason",49,"N",14,"W"
"SUWS014281","Bayfield","Koch, Rudy G.",44,"N",8,"W"
"SUWS014282","Bayfield","Koch, Rudy G.",44,"N",8,"W"
"SUWS014283","Bayfield","Hjerleid",44,"N",8,"W"
"SUWS014284","Bayfield","Hjerleid",44,"N",8,"W"
"SUWS014285","Bayfield","Cornell",45,"N",7,"W"
"SUWS014287","Bayfield","Brashier",45,"N",8,"W"
"SUWS014288","Bayfield","Brashier",45,"N",8,"W"
"SUWS014289","Douglas","Olson, Patti",49,"N",13,"W"
"SUWS014290","Douglas","Castle, R.",49,"N",10,"W"
"SUWS014291","Douglas","Munich, Robert A.",49,"N",14,"W"
"SUWS014292","Bayfield","Brashier",45,"N",8,"W"
"SUWS014293","Juneau","Brashier",15,"N",5,"E"
"SUWS014294","Bayfield","Brashier",45,"N",8,"W"
"SUWS014296","St. Croix","Brashier",31,"N",19,"W"
"SUWS014298","Dodge","Christian, John R.",12,"N",15,"E"
"SUWS014300","Douglas","Thomson, John W., Jr.",48,"N",12,"W"
"SUWS014301","Douglas","Castle, R.",49,"N",10,"W"
"SUWS014302","Douglas","Koch, Rudy G.",44,"N",10,"W"
"SUWS014303","Douglas","Castle, R.",49,"N",11,"W"
"SUWS014306","Douglas","Thomson, John W., Jr.",45,"N",10,"W"
"SUWS014307","Douglas","Thomson, John W., Jr.",46,"N",10,"W"
"SUWS014309","Douglas","Brashier",48,"N",14,"W"
"SUWS014310","Douglas","Brashier",48,"N",13,"W"
"SUWS014311","Douglas","Stackler, Susan",47,"N",15,"W"
"SUWS014316","Douglas","Stackler, Susan",46,"N",15,"W"
"SUWS014318","Douglas","Mendenhall, Paula M.",49,"N",13,"W"
"SUWS014319","Douglas","Thomson, John W., Jr.",47,"N",10,"W"
"SUWS014320","Douglas","Koch, Rudy G.",49,"N",14,"W"
"SUWS014323","Richland","Koch, Rudy G.",9,"N",2,"W"
"SUWS014325","Douglas","Koch, Rudy G.",48,"N",14,"W"
"SUWS014327","Douglas","Thomson, John W., Jr.",47,"N",10,"W"
"SUWS014328","Bayfield","Barnard",43,"N",7,"W"
"SUWS014329","Bayfield","Brashier",45,"N",7,"W"
"SUWS014330","Bayfield","Brashier",46,"N",5,"W"
"SUWS014331","Burnett","Castle, R.",40,"N",16,"W"
"SUWS014332","Douglas","Dabydeen, Simon",49,"N",14,"W"
"SUWS014333","Douglas","Koch, Rudy G.",47,"N",14,"W"
"SUWS014334","Eau Claire","Mackensen",25,"N",6,"W"
"SUWS014335","Bayfield","Severson, Bob",45,"N",7,"W"
"SUWS014336","Bayfield","Collins",45,"N",8,"W"
"SUWS014337","Bayfield","Hjerleid",45,"N",8,"W"
"SUWS014338","St. Croix","Holden",29,"N",19,"W"
"SUWS014339","Bayfield","Brashier",45,"N",8,"W"
"SUWS014340","Bayfield","Hjerleid",45,"N",8,"W"
"SUWS014341","Bayfield","Cornell",44,"N",8,"W"
"SUWS014342","Douglas","Thomson, John W., Jr.",47,"N",10,"W"
"SUWS014344","Kenosha","Salamun, Peter J.",1,"N",23,"E"
"SUWS014345","Douglas","Thomson, John W., Jr.",45,"N",12,"W"
"SUWS014346","Walworth","Thomson, John W., Jr.",4,"N",16,"E"
"SUWS014347","Douglas","Castle, R.",49,"N",10,"W"
"SUWS014348","Douglas","Brashier",48,"N",14,"W"
"SUWS014349","Douglas","Brashier",48,"N",13,"W"
"SUWS014350","Douglas","Tendrup, Lynn S.",47,"N",15,"W"
"SUWS014352","Douglas","Castle, R.",49,"N",10,"W"
"SUWS014353","Douglas","Thomson, John W., Jr.",47,"N",14,"W"
"SUWS014354","Douglas","Thomson, John W., Jr.",NA,NA,NA,NA
"SUWS014355","Bayfield","Jolhaug, Mark K.",49,"N",9,"W"
"SUWS014358","Douglas","Thomson, John W., Jr.",NA,NA,NA,NA
"SUWS014359","Douglas","Koch, Rudy G.",47,"N",14,"W"
"SUWS014360","Bayfield","Brashier",45,"N",8,"W"
"SUWS014362","Bayfield","Brashier",45,"N",7,"W"
"SUWS014363","Barron","Thomson, John W., Jr.",33,"N",10,"W"
"SUWS014364","Douglas","Ojanen, Joanne M.",47,"N",13,"W"
"SUWS014368","Burnett","Brashier",40,"N",16,"W"
"SUWS014369","Douglas","Thomson, John W., Jr.",46,"N",10,"W"
"SUWS014370","Bayfield","Heim, John A.",48,"N",7,"W"
"SUWS014372","Douglas","Castle, R.",47,"N",11,"W"
"SUWS014374","Douglas","Koch, Rudy G.",47,"N",14,"W"
"SUWS014376","Douglas","Thomson, John W., Jr.",46,"N",10,"W"
"SUWS014379","Iowa","Thomson, John W., Jr.",8,"N",3,"E"
"SUWS014381","Douglas","Thomson, John W., Jr.",46,"N",11,"W"
"SUWS014382","Douglas","Thomson, John W., Jr.",45,"N",11,"W"
"SUWS014385","Brown","Trick, Joel A.",24,"N",21,"E"
"SUWS014386","La Crosse","Konkel, Deborah",17,"N",5,"W"
"SUWS014387","Douglas","Castle, R.",49,"N",10,"W"
"SUWS014388","Bayfield","Thomson, John W., Jr.",46,"N",9,"W"
"SUWS014389","Bayfield","Anderson, Jason",48,"N",8,"W"
"SUWS014390","Douglas","Thomson, John W., Jr.",46,"N",10,"W"
"SUWS014391","Douglas","Thomson, John W., Jr.",46,"N",10,"W"
"SUWS014392","Douglas","Castle, R.",46,"N",10,"W"
"SUWS014393","Douglas","Brashier",46,"N",15,"W"
"SUWS014394","Douglas","Thomson, John W., Jr.",47,"N",10,"W"
"SUWS014397","Douglas","Ojanen, Joanne M.",47,"N",13,"W"
"SUWS014399","Douglas","Younger, Patti",49,"N",13,"W"
"SUWS014400","Douglas","Olson, Patti",49,"N",13,"W"
"SUWS014401","Douglas","Thomson, John W., Jr.",46,"N",10,"W"
"SUWS014402","Bayfield","Barnard",43,"N",7,"W"
"SUWS014403","Douglas","Thomson, John W., Jr.",49,"N",14,"W"
"SUWS014405","Douglas","Dabydeen, Simon",49,"N",14,"W"
"SUWS014406","Douglas","Castle, R.",49,"N",10,"W"
"SUWS014407","Douglas","Kristiansen, Stein",49,"N",14,"W"
"SUWS014408","Douglas","Brost, Mike",49,"N",14,"W"
"SUWS014409","Douglas","Koch, Rudy G.",49,"N",14,"W"
"SUWS014410","Douglas","Castle, R.",49,"N",10,"W"
"SUWS014412","Douglas","Thomson, John W., Jr.",47,"N",11,"W"
"SUWS014414","Bayfield","Thomson, John W., Jr.",46,"N",9,"W"
"SUWS014415","Douglas","Thomson, John W., Jr.",47,"N",13,"W"
"SUWS014416","Douglas","Brashier",47,"N",14,"W"
"SUWS014417","Douglas","Ojanen, Joanne M.",49,"N",14,"W"
"SUWS014424","Douglas","Thomson, John W., Jr.",47,"N",11,"W"
"SUWS014425","Polk","Knuf, Phillip",36,"N",16,"W"
"SUWS014429","Polk","Brashier",33,"N",19,"W"
"SUWS014432","Douglas","Longenecker, Jean",49,"N",13,"W"
"SUWS014433","Douglas","Brashier",49,"N",14,"W"
"SUWS014434","Douglas","Castle, R.",49,"N",14,"W"
"SUWS014435","Douglas","Stackler, Susan",47,"N",15,"W"
"SUWS014436","Douglas","Hicks, James",49,"N",14,"W"
"SUWS014437","Douglas","Brashier",49,"N",14,"W"
"SUWS014439","Douglas","McGovern, Scott",49,"N",13,"W"
"SUWS014440","Douglas","Hansen, Perky",49,"N",13,"W"
"SUWS014441","Douglas","Hansen, Perky",49,"N",13,"W"
"SUWS014442","Douglas","Munich, Robert A.",49,"N",13,"W"
"SUWS014443","Douglas","Castle, R.",49,"N",10,"W"
"SUWS014444","Douglas","Munich, Robert A.",49,"N",13,"W"
"SUWS014445","Douglas","Anderson, Jeffrey A.",49,"N",13,"W"
"SUWS014446","Douglas","Heim, John A.",49,"N",13,"W"
"SUWS014447","Douglas","Smetak, Scott",49,"N",13,"W"
"SUWS014448","Douglas","Brost, Mike",49,"N",14,"W"
"SUWS014450","Douglas","Olson, Patti",49,"N",13,"W"
"SUWS014451","Douglas","Castle, R.",49,"N",10,"W"
"SUWS014452","Douglas","Brashier",48,"N",13,"W"
"SUWS014453","Douglas","Mendenhall, Paula M.",49,"N",13,"W"
"SUWS014454","Bayfield","Brashier",NA,NA,NA,NA
"SUWS014455","Douglas","Thomson, John W., Jr.",49,"N",14,"W"
"SUWS014456","Douglas","Brashier",48,"N",14,"W"
"SUWS014457","Douglas","Anderson, D.",NA,NA,NA,NA
"SUWS014458","Douglas","Castle, R.",49,"N",10,"W"
"SUWS014461","Walworth","Thomson, John W., Jr.",4,"N",16,"E"
"SUWS014490","Douglas","Goette, Lance",47,"N",15,"W"
"SUWS014491","Douglas","Gunaratna, Lasitha",49,"N",14,"W"
"SUWS014492","Douglas","Gunaratna, Lasitha",49,"N",14,"W"
"SUWS014494","Douglas","Gunaratna, Lasitha",49,"N",14,"W"
"SUWS014495","Douglas","Stack, Anne",47,"N",15,"W"
"SUWS014496","Douglas","Stack, Anne",47,"N",15,"W"
"SUWS014497","Douglas","Stack, Anne",47,"N",15,"W"
"SUWS014499","Douglas","Stack, Anne",49,"N",14,"W"
"SUWS014500","Douglas","Stack, Anne",49,"N",14,"W"
"SUWS014501","Douglas","Stack, Anne",49,"N",14,"W"
"SUWS014502","Douglas","Stack, Anne",49,"N",14,"W"
"SUWS014503","Douglas","Stack, Anne",49,"N",14,"W"
"SUWS014504","Douglas","Stack, Anne",49,"N",14,"W"
"SUWS014505","Douglas","Stack, Anne",49,"N",14,"W"
"SUWS014508","Douglas","Morris, Casey",49,"N",14,"W"
"SUWS014509","Douglas","Singhurst, Cary",47,"N",15,"W"
"SUWS014510","Douglas","Singhurst, Cary",49,"N",14,"W"
"SUWS014511","Douglas","Singhurst, Cary",47,"N",15,"W"
"SUWS014512","Douglas","Tanton, Corey",47,"N",15,"W"
"SUWS014513","Douglas","Tanton, Corey",47,"N",15,"W"
"SUWS014515","Douglas","Anderson, Derek S.",47,"N",15,"W"
"SUWS014516","Douglas","Anderson, Derek S.",47,"N",15,"W"
"SUWS014517","Polk","Anderson, Derek S.",33,"N",17,"W"
"SUWS014518","Polk","Anderson, Derek S.",33,"N",17,"W"
"SUWS014519","Polk","Anderson, Derek S.",33,"N",17,"W"
"SUWS014520","Polk","Anderson, Derek S.",33,"N",17,"W"
"SUWS014521","Douglas","Anderson, Derek S.",49,"N",14,"W"
"SUWS014522","Douglas","Anderson, Derek S.",49,"N",13,"W"
"SUWS014523","Douglas","Anderson, Derek S.",49,"N",13,"W"
"SUWS014524","Douglas","Tanton, Corey",48,"N",14,"W"
"SUWS014525","Douglas","Tanton, Corey",47,"N",15,"W"
"SUWS014526","Douglas","Tanton, Corey",46,"N",12,"W"
"SUWS014527","Douglas","Christiansen, Joy",49,"N",14,"W"
"SUWS014528","Douglas","Christiansen, Joy",47,"N",15,"W"
"SUWS014529","Douglas","Christiansen, Joy",47,"N",15,"W"
"SUWS014530","Douglas","Christiansen, Joy",47,"N",15,"W"
"SUWS014531","Douglas","Christiansen, Joy",47,"N",15,"W"
"SUWS014532","Douglas","Christiansen, Joy",49,"N",14,"W"
"SUWS014533","Douglas","Christiansen, Joy",48,"N",15,"W"
"SUWS014534","Douglas","Christiansen, Joy",49,"N",14,"W"
"SUWS014535","Douglas","Christiansen, Joy",49,"N",14,"W"
"SUWS014536","Douglas","Christiansen, Joy",49,"N",14,"W"
"SUWS014537","Douglas","Christiansen, Joy",49,"N",14,"W"
"SUWS014538","Douglas","Christiansen, Joy",49,"N",14,"W"
"SUWS014539","Douglas","Christiansen, Joy",49,"N",14,"W"
"SUWS014540","Douglas","Christiansen, Joy",47,"N",15,"W"
"SUWS014541","Douglas","Moullette, Elyse",49,"N",14,"W"
"SUWS014542","Douglas","Moullette, Elyse",47,"N",15,"W"
"SUWS014543","Douglas","Moullette, Elyse",48,"N",15,"W"
"SUWS014544","Douglas","Moullette, Elyse",49,"N",14,"W"
"SUWS014545","Douglas","Moullette, Elyse",48,"N",15,"W"
"SUWS014546","Douglas","Moullette, Elyse",49,"N",14,"W"
"SUWS014547","Douglas","Moullette, Elyse",47,"N",15,"W"
"SUWS014548","Walworth","Moullette, Elyse",NA,NA,NA,NA
"SUWS014549","Douglas","Moullette, Elyse",47,"N",15,"W"
"SUWS014550","Douglas","Moullette, Elyse",48,"N",15,"W"
"SUWS014551","Douglas","Moullette, Elyse",47,"N",15,"W"
"SUWS014553","Douglas","Gervais, Tom",49,"N",14,"W"
"SUWS014554","Douglas","Gervais, Tom",49,"N",14,"W"
"SUWS014555","Douglas","Gervais, Tom",49,"N",14,"W"
"SUWS014556","Douglas","Gervais, Tom",47,"N",15,"W"
"SUWS014557","Douglas","Gervais, Tom",49,"N",14,"W"
"SUWS014558","Douglas","Gervais, Tom",47,"N",15,"W"
"SUWS014559","Douglas","Gervais, Tom",47,"N",15,"W"
"SUWS014560","Douglas","Gervais, Tom",47,"N",15,"W"
"SUWS014561","Douglas","Gervais, Tom",47,"N",15,"W"
"SUWS014562","Douglas","Gervais, Tom",47,"N",15,"W"
"SUWS014563","Douglas","Goette, Lance",49,"N",14,"W"
"SUWS014564","Douglas","Goette, Lance",49,"N",14,"W"
"SUWS014565","Douglas","Larson, Bradley B.",49,"N",14,"W"
"SUWS014566","Douglas","Larson, Bradley B.",47,"N",15,"W"
"SUWS014567","Douglas","Larson, Bradley B.",47,"N",15,"W"
"SUWS014568","Douglas","Larson, Bradley B.",47,"N",15,"W"
"SUWS014569","Douglas","Tanton, Corey",49,"N",14,"W"
"SUWS014570","Douglas","Tanton, Corey",49,"N",14,"W"
"SUWS014571","Douglas","Tanton, Corey",49,"N",14,"W"
"SUWS014572","Douglas","Tanton, Corey",49,"N",14,"W"
"SUWS014574","Douglas","Gunaratna, Lasitha",49,"N",14,"W"
"SUWS014575","Douglas","Gunaratna, Lasitha",46,"N",12,"W"
"SUWS014576","Douglas","Larson, Bradley B.",49,"N",14,"W"
"SUWS014577","Douglas","Larson, Bradley B.",49,"N",14,"W"
"SUWS014578","Douglas","Singhurst, Cary",47,"N",15,"W"
"SUWS014579","Douglas","Singhurst, Cary",49,"N",14,"W"
"SUWS014580","Douglas","Singhurst, Cary",49,"N",14,"W"
"SUWS014581","Douglas","Singhurst, Cary",49,"N",14,"W"
"SUWS014582","Oneida","Singhurst, Cary",36,"N",9,"E"
"SUWS014583","Oneida","Singhurst, Cary",36,"N",9,"E"
"SUWS014585","Douglas","Honermann, April",49,"N",14,"W"
"SUWS014588","Douglas","Gunaratna, Lasitha",46,"N",12,"W"
"SUWS014589","Douglas","Gunaratna, Lasitha",49,"N",14,"W"
"SUWS014591","Douglas","Larson, Bradley B.",47,"N",15,"W"
"SUWS014592","Douglas","Larson, Bradley B.",47,"N",15,"W"
"SUWS014593","Douglas","Gunaratna, Lasitha",47,"N",15,"W"
"SUWS014594","Douglas","Gunaratna, Lasitha",49,"N",14,"W"
"SUWS014597","Douglas","Gunaratna, Lasitha",NA,NA,NA,NA
"SUWS014598","Douglas","Morris, Casey",49,"N",14,"W"
"SUWS014604","Douglas","Morris, Casey",49,"N",14,"W"
"SUWS014605","Douglas","Morris, Casey",49,"N",14,"W"
"SUWS014608","Douglas","Morris, Casey",49,"N",14,"W"
"SUWS014609","Douglas","Morris, Casey",49,"N",14,"W"
"SUWS014612","Douglas","Morris, Casey",49,"N",14,"W"
"SUWS014613","Douglas","Morris, Casey",49,"N",14,"W"
"SUWS014616","Douglas","Morris, Casey",49,"N",14,"W"
"SUWS014620","Douglas","Morris, Casey",47,"N",15,"W"
"SUWS014626","Douglas","Morris, Casey",49,"N",14,"W"
"SUWS014629","Douglas","Morris, Casey",49,"N",14,"W"
"SUWS014630","Douglas","Moullette, Elyse",48,"N",15,"W"
"SUWS014632","Douglas","Moullette, Elyse",49,"N",14,"W"
"SUWS014634","Douglas","Moullette, Elyse",48,"N",15,"W"
"SUWS014636","Douglas","Moullette, Elyse",47,"N",15,"W"
"SUWS014637","Douglas","Moullette, Elyse",47,"N",15,"W"
"SUWS014638","Douglas","Moullette, Elyse",48,"N",15,"W"
"SUWS014642","Douglas","Moullette, Elyse",48,"N",15,"W"
"SUWS014643","Douglas","Moullette, Elyse",49,"N",14,"W"
"SUWS014644","Douglas","Moullette, Elyse",49,"N",14,"W"
"SUWS014645","Douglas","Moullette, Elyse",49,"N",14,"W"
"SUWS014646","Douglas","Moullette, Elyse",49,"N",14,"W"
"SUWS014647","Douglas","Moullette, Elyse",49,"N",14,"W"
"SUWS014648","Douglas","Moullette, Elyse",49,"N",14,"W"
"SUWS014649","Douglas","Moullette, Elyse",47,"N",15,"W"
"SUWS014650","Douglas","Moullette, Elyse",49,"N",14,"W"
"SUWS014651","Douglas","Moullette, Elyse",49,"N",14,"W"
"SUWS014652","Douglas","Moullette, Elyse",49,"N",14,"W"
"SUWS014653","Douglas","Moullette, Elyse",49,"N",14,"W"
"SUWS014655","Douglas","Christiansen, Joy",47,"N",15,"W"
"SUWS014659","Douglas","Christiansen, Joy",49,"N",14,"W"
"SUWS014660","Douglas","Christiansen, Joy",49,"N",14,"W"
"SUWS014663","Douglas","Christiansen, Joy",49,"N",14,"W"
"SUWS014664","Douglas","Christiansen, Joy",49,"N",14,"W"
"SUWS014665","Douglas","Christiansen, Joy",49,"N",14,"W"
"SUWS014666","Douglas","Christiansen, Joy",49,"N",14,"W"
"SUWS014668","Douglas","Tanton, Corey",49,"N",14,"W"
"SUWS014669","Douglas","Tanton, Corey",47,"N",15,"W"
"SUWS014670","Douglas","Tanton, Corey",49,"N",14,"W"
"SUWS014671","Douglas","Tanton, Corey",49,"N",14,"W"
"SUWS014674","Douglas","Tanton, Corey",49,"N",14,"W"
"SUWS014677","Douglas","Goette, Lance",47,"N",15,"W"
"SUWS014679","Douglas","Goette, Lance",47,"N",15,"W"
"SUWS014682","Douglas","Goette, Lance",NA,NA,NA,NA
"SUWS014683","Douglas","Goette, Lance",49,"N",14,"W"
"SUWS014684","Douglas","Goette, Lance",49,"N",14,"W"
"SUWS014685","Douglas","Goette, Lance",49,"N",14,"W"
"SUWS014686","Douglas","Goette, Lance",49,"N",14,"W"
"SUWS014687","Douglas","Goette, Lance",49,"N",14,"W"
"SUWS014688","Douglas","Goette, Lance",49,"N",14,"W"
"SUWS014689","Douglas","Goette, Lance",49,"N",14,"W"
"SUWS014690","Douglas","Goette, Lance",49,"N",14,"W"
"SUWS014691","Douglas","Goette, Lance",49,"N",14,"W"
"SUWS014692","Douglas","Goette, Lance",49,"N",14,"W"
"SUWS014693","Douglas","Goette, Lance",49,"N",14,"W"
"SUWS014695","Douglas","Goette, Lance",49,"N",14,"W"
"SUWS014698","Douglas","Goette, Lance",49,"N",14,"W"
"SUWS014699","Douglas","Goette, Lance",49,"N",14,"W"
"SUWS014700","Douglas","Goette, Lance",49,"N",14,"W"
"SUWS014704","Douglas","Gervais, Tom",47,"N",15,"W"
"SUWS014705","Douglas","Gervais, Tom",47,"N",15,"W"
"SUWS014706","Douglas","Gervais, Tom",49,"N",14,"W"
"SUWS014707","Douglas","Gervais, Tom",49,"N",14,"W"
"SUWS014708","Douglas","Gervais, Tom",49,"N",14,"W"
"SUWS014712","Douglas","Gervais, Tom",49,"N",14,"W"
"SUWS014714","Douglas","Gervais, Tom",49,"N",14,"W"
"SUWS014715","Douglas","Gervais, Tom",49,"N",14,"W"
"SUWS014735","Douglas","Honermann, April",49,"N",14,"W"
"SUWS014744","Douglas","Larson, Bradley B.",47,"N",15,"W"
"SUWS014745","Douglas","Larson, Bradley B.",47,"N",15,"W"
"SUWS014746","Douglas","Larson, Bradley B.",47,"N",15,"W"
"SUWS014747","Douglas","Larson, Bradley B.",49,"N",14,"W"
"SUWS014748","Douglas","Larson, Bradley B.",49,"N",14,"W"
"SUWS014749","Douglas","Larson, Bradley B.",49,"N",14,"W"
"SUWS014750","Douglas","Larson, Bradley B.",49,"N",14,"W"
"SUWS014752","Douglas","Larson, Bradley B.",49,"N",14,"W"
"SUWS014753","Douglas","Larson, Bradley B.",49,"N",14,"W"
"SUWS014755","Douglas","Larson, Bradley B.",49,"N",14,"W"
"SUWS014756","Douglas","Larson, Bradley B.",49,"N",14,"W"
"SUWS014757","Douglas","Larson, Bradley B.",49,"N",14,"W"
"SUWS014760","Douglas","Larson, Bradley B.",49,"N",14,"W"
"SUWS014761","Douglas","Larson, Bradley B.",49,"N",14,"W"
"SUWS014762","Barron","Larson, Bradley B.",35,"N",11,"W"
"SUWS014763","Barron","Larson, Bradley B.",35,"N",11,"W"
"SUWS014764","Barron","Larson, Bradley B.",35,"N",11,"W"
"SUWS014765","Barron","Larson, Bradley B.",35,"N",11,"W"
"SUWS014767","Barron","Larson, Bradley B.",35,"N",11,"W"
"SUWS014768","Barron","Larson, Bradley B.",35,"N",11,"W"
"SUWS014769","Barron","Larson, Bradley B.",35,"N",11,"W"
"SUWS014770","Douglas","Anderson, Derek S.",49,"N",13,"W"
"SUWS014771","Douglas","Anderson, Derek S.",47,"N",15,"W"
"SUWS014772","Douglas","Anderson, Derek S.",47,"N",15,"W"
"SUWS014773","Douglas","Anderson, Derek S.",47,"N",15,"W"
"SUWS014774","Douglas","Anderson, Derek S.",47,"N",15,"W"
"SUWS014775","Douglas","Larson, Bradley B.",49,"N",14,"W"
"SUWS014776","Douglas","Anderson, Derek S.",47,"N",15,"W"
"SUWS014777","Douglas","Anderson, Derek S.",49,"N",13,"W"
"SUWS014778","Douglas","Anderson, Derek S.",49,"N",13,"W"
"SUWS014779","Douglas","Anderson, Derek S.",49,"N",13,"W"
"SUWS014780","Douglas","Anderson, Derek S.",49,"N",13,"W"
"SUWS014781","Douglas","Anderson, Derek S.",49,"N",14,"W"
"SUWS014782","Douglas","Anderson, Derek S.",49,"N",14,"W"
"SUWS014783","Douglas","Anderson, Derek S.",49,"N",14,"W"
"SUWS014784","Douglas","Anderson, Derek S.",49,"N",14,"W"
"SUWS014786","Douglas","Anderson, Derek S.",49,"N",14,"W"
"SUWS014787","Douglas","Anderson, Derek S.",49,"N",14,"W"
"SUWS014788","Douglas","Anderson, Derek S.",49,"N",14,"W"
"SUWS014789","Douglas","Anderson, Derek S.",49,"N",14,"W"
"SUWS014791","Douglas","Anderson, Derek S.",49,"N",14,"W"
"SUWS014792","Douglas","Anderson, Derek S.",49,"N",14,"W"
"SUWS014793","Douglas","Anderson, Derek S.",49,"N",14,"W"
"SUWS014796","Polk","Anderson, Derek S.",33,"N",17,"W"
"SUWS014797","Polk","Anderson, Derek S.",33,"N",17,"W"
"SUWS014799","Polk","Anderson, Derek S.",33,"N",17,"W"
"SUWS014800","Polk","Anderson, Derek S.",33,"N",17,"W"
"SUWS014801","Polk","Anderson, Derek S.",33,"N",17,"W"
"SUWS014802","Polk","Anderson, Derek S.",33,"N",18,"W"
"SUWS014803","Polk","Anderson, Derek S.",33,"N",18,"W"
"SUWS014808","Ashland","Anderson, Derek S.",48,"N",4,"W"
"SUWS014809","Ashland","Anderson, Derek S.",48,"N",4,"W"
"SUWS014810","Polk","Anderson, Derek S.",33,"N",17,"W"
"SUWS014814","Douglas","Christiansen, Joy",49,"N",14,"W"
"SUWS014815","Douglas","Christiansen, Joy",49,"N",14,"W"
"SUWS014816","Douglas","Christiansen, Joy",49,"N",14,"W"
"SUWS014817","Douglas","Christiansen, Joy",49,"N",14,"W"
"SUWS014818","Douglas","Christiansen, Joy",49,"N",14,"W"
"SUWS014819","Douglas","Christiansen, Joy",48,"N",15,"W"
"SUWS014821","Douglas","Christiansen, Joy",49,"N",14,"W"
"SUWS014823","Douglas","Stack, Anne",49,"N",14,"W"
"SUWS014825","Douglas","Stack, Anne",49,"N",14,"W"
"SUWS014826","Douglas","Stack, Anne",49,"N",14,"W"
"SUWS014827","Douglas","Stack, Anne",49,"N",14,"W"
"SUWS014828","Douglas","Stack, Anne",49,"N",14,"W"
"SUWS014829","Douglas","Stack, Anne",49,"N",14,"W"
"SUWS014830","Douglas","Stack, Anne",49,"N",14,"W"
"SUWS014831","Douglas","Stack, Anne",49,"N",14,"W"
"SUWS014833","Douglas","Stack, Anne",49,"N",14,"W"
"SUWS014834","Douglas","Stack, Anne",49,"N",14,"W"
"SUWS014835","Douglas","Stack, Anne",49,"N",14,"W"
"SUWS014836","Douglas","Stack, Anne",49,"N",14,"W"
"SUWS014837","Douglas","Stack, Anne",49,"N",14,"W"
"SUWS014838","Douglas","Stack, Anne",49,"N",14,"W"
"SUWS014839","Douglas","Stack, Anne",49,"N",14,"W"
"SUWS014840","Douglas","Stack, Anne",49,"N",14,"W"
"SUWS014841","Douglas","Stack, Anne",49,"N",14,"W"
"SUWS014842","Douglas","Stack, Anne",49,"N",14,"W"
"SUWS014843","Douglas","Stack, Anne",49,"N",14,"W"
"SUWS014844","Douglas","Stack, Anne",47,"N",15,"W"
"SUWS014845","Douglas","Stack, Anne",47,"N",15,"W"
"SUWS014846","Douglas","Stack, Anne",47,"N",15,"W"
"SUWS014849","Polk","Anderson, Derek S.",33,"N",17,"W"
"SUWS014850","Polk","Anderson, Derek S.",33,"N",17,"W"
"SUWS014851","Polk","Anderson, Derek S.",33,"N",17,"W"
"SUWS014852","Polk","Anderson, Derek S.",33,"N",17,"W"
"SUWS014853","Polk","Anderson, Derek S.",33,"N",17,"W"
"SUWS014854","Polk","Anderson, Derek S.",33,"N",17,"W"
"SUWS014855","Polk","Anderson, Derek S.",33,"N",17,"W"
"SUWS014856","Polk","Anderson, Derek S.",33,"N",17,"W"
"SUWS014857","Polk","Anderson, Derek S.",33,"N",17,"W"
"SUWS014858","Polk","Anderson, Derek S.",33,"N",17,"W"
"SUWS014859","Polk","Anderson, Derek S.",33,"N",17,"W"
"SUWS014860","Polk","Anderson, Derek S.",33,"N",17,"W"
"SUWS014861","Polk","Anderson, Derek S.",33,"N",17,"W"
"SUWS014862","Polk","Anderson, Derek S.",33,"N",17,"W"
"SUWS014863","Polk","Anderson, Derek S.",33,"N",17,"W"
"SUWS014864","Polk","Anderson, Derek S.",33,"N",17,"W"
"SUWS014865","Polk","Anderson, Derek S.",33,"N",17,"W"
"SUWS014866","Polk","Anderson, Derek S.",33,"N",17,"W"
"SUWS014867","Polk","Anderson, Derek S.",33,"N",17,"W"
"SUWS014868","Polk","Anderson, Derek S.",33,"N",17,"W"
"SUWS014869","Polk","Anderson, Derek S.",33,"N",17,"W"
"SUWS014870","Polk","Anderson, Derek S.",33,"N",17,"W"
"SUWS014871","Polk","Anderson, Derek S.",33,"N",17,"W"
"SUWS014872","Polk","Anderson, Derek S.",33,"N",17,"W"
"SUWS014873","Polk","Anderson, Derek S.",33,"N",17,"W"
"SUWS014874","Polk","Anderson, Derek S.",33,"N",17,"W"
"SUWS014875","Polk","Anderson, Derek S.",33,"N",17,"W"
"SUWS014876","Polk","Anderson, Derek S.",33,"N",17,"W"
"SUWS014877","Polk","Anderson, Derek S.",33,"N",17,"W"
"SUWS014878","Polk","Anderson, Derek S.",33,"N",17,"W"
"SUWS014879","Polk","Anderson, Derek S.",33,"N",17,"W"
"SUWS014880","Polk","Anderson, Derek S.",33,"N",17,"W"
"SUWS014881","Polk","Anderson, Derek S.",33,"N",17,"W"
"SUWS014882","Polk","Anderson, Derek S.",33,"N",17,"W"
"SUWS014883","Polk","Anderson, Derek S.",33,"N",17,"W"
"SUWS014884","Polk","Anderson, Derek S.",33,"N",17,"W"
"SUWS014886","Polk","Anderson, Derek S.",33,"N",17,"W"
"SUWS014888","Polk","Anderson, Derek S.",33,"N",17,"W"
"SUWS014889","Polk","Anderson, Derek S.",33,"N",17,"W"
"SUWS014890","Polk","Anderson, Derek S.",33,"N",17,"W"
"SUWS014891","Polk","Anderson, Derek S.",33,"N",17,"W"
"SUWS014892","Polk","Anderson, Derek S.",33,"N",17,"W"
"SUWS014893","Polk","Anderson, Derek S.",33,"N",17,"W"
"SUWS014894","Polk","Anderson, Derek S.",33,"N",17,"W"
"SUWS014899","Polk","Anderson, Derek S.",33,"N",17,"W"
"SUWS014900","Polk","Anderson, Derek S.",33,"N",17,"W"
"SUWS014901","Polk","Anderson, Derek S.",33,"N",17,"W"
"SUWS014902","Polk","Anderson, Derek S.",33,"N",17,"W"
"SUWS014903","Polk","Anderson, Derek S.",33,"N",17,"W"
"SUWS014904","Polk","Anderson, Derek S.",36,"N",16,"W"
"SUWS014905","Polk","Anderson, Derek S.",36,"N",16,"W"
"SUWS014906","Polk","Anderson, Derek S.",36,"N",16,"W"
"SUWS014907","Polk","Anderson, Derek S.",36,"N",16,"W"
"SUWS014908","Polk","Anderson, Derek S.",36,"N",16,"W"
"SUWS014909","Polk","Anderson, Derek S.",36,"N",16,"W"
"SUWS014910","Polk","Anderson, Derek S.",33,"N",17,"W"
"SUWS014911","Polk","Anderson, Derek S.",33,"N",17,"W"
"SUWS014912","Polk","Anderson, Derek S.",36,"N",16,"W"
"SUWS014913","Polk","Anderson, Derek S.",33,"N",17,"W"
"SUWS014914","Polk","Anderson, Derek S.",33,"N",17,"W"
"SUWS014915","Polk","Anderson, Derek S.",33,"N",17,"W"
"SUWS014916","Polk","Anderson, Derek S.",33,"N",17,"W"
"SUWS014917","Polk","Anderson, Derek S.",33,"N",17,"W"
"SUWS014918","Polk","Anderson, Derek S.",33,"N",17,"W"
"SUWS014919","Polk","Anderson, Derek S.",33,"N",17,"W"
"SUWS014920","Polk","Anderson, Derek S.",33,"N",17,"W"
"SUWS014921","Polk","Anderson, Derek S.",33,"N",17,"W"
"SUWS014922","Polk","Anderson, Derek S.",33,"N",17,"W"
"SUWS014923","Polk","Anderson, Derek S.",33,"N",17,"W"
"SUWS014924","Polk","Anderson, Derek S.",33,"N",17,"W"
"SUWS014925","Polk","Anderson, Derek S.",33,"N",17,"W"
"SUWS014926","Polk","Anderson, Derek S.",33,"N",17,"W"
"SUWS014927","Polk","Anderson, Derek S.",33,"N",17,"W"
"SUWS014928","Polk","Anderson, Derek S.",33,"N",17,"W"
"SUWS014929","Polk","Anderson, Derek S.",36,"N",19,"W"
"SUWS014930","Polk","Anderson, Derek S.",36,"N",19,"W"
"SUWS014931","Polk","Anderson, Derek S.",36,"N",16,"W"
"SUWS014932","Polk","Anderson, Derek S.",36,"N",19,"W"
"SUWS014933","Polk","Anderson, Derek S.",36,"N",16,"W"
"SUWS014934","Polk","Anderson, Derek S.",33,"N",17,"W"
"SUWS014935","Polk","Anderson, Derek S.",36,"N",16,"W"
"SUWS014936","Polk","Anderson, Derek S.",33,"N",17,"W"
"SUWS014937","Polk","Anderson, Derek S.",33,"N",17,"W"
"SUWS014938","Polk","Anderson, Derek S.",33,"N",17,"W"
"SUWS014939","Polk","Anderson, Derek S.",33,"N",17,"W"
"SUWS014940","Polk","Anderson, Derek S.",33,"N",17,"W"
"SUWS014941","Polk","Anderson, Derek S.",33,"N",17,"W"
"SUWS014942","Polk","Anderson, Derek S.",33,"N",17,"W"
"SUWS014943","Polk","Anderson, Derek S.",33,"N",17,"W"
"SUWS014944","Polk","Anderson, Derek S.",33,"N",17,"W"
"SUWS014945","Polk","Anderson, Derek S.",33,"N",17,"W"
"SUWS014946","Polk","Anderson, Derek S.",33,"N",17,"W"
"SUWS014947","Polk","Anderson, Derek S.",33,"N",17,"W"
"SUWS014948","Polk","Anderson, Derek S.",33,"N",17,"W"
"SUWS014949","Polk","Anderson, Derek S.",36,"N",16,"W"
"SUWS014950","Polk","Anderson, Derek S.",36,"N",16,"W"
"SUWS014951","Polk","Anderson, Derek S.",36,"N",16,"W"
"SUWS014952","Polk","Anderson, Derek S.",36,"N",16,"W"
"SUWS014953","Polk","Anderson, Derek S.",36,"N",16,"W"
"SUWS014954","Polk","Anderson, Derek S.",36,"N",16,"W"
"SUWS014955","Polk","Anderson, Derek S.",33,"N",17,"W"
"SUWS014956","Polk","Anderson, Derek S.",33,"N",17,"W"
"SUWS014957","Polk","Anderson, Derek S.",33,"N",17,"W"
"SUWS014958","Polk","Anderson, Derek S.",33,"N",17,"W"
"SUWS014959","Polk","Anderson, Derek S.",33,"N",17,"W"
"SUWS014960","Polk","Anderson, Derek S.",36,"N",16,"W"
"SUWS014961","Polk","Anderson, Derek S.",36,"N",16,"W"
"SUWS014962","Polk","Anderson, Derek S.",36,"N",16,"W"
"SUWS014963","Polk","Anderson, Derek S.",33,"N",17,"W"
"SUWS014964","Polk","Anderson, Derek S.",33,"N",17,"W"
"SUWS014965","Polk","Anderson, Derek S.",36,"N",16,"W"
"SUWS014966","Polk","Anderson, Derek S.",33,"N",17,"W"
"SUWS014967","Polk","Anderson, Derek S.",36,"N",16,"W"
"SUWS014968","Polk","Anderson, Derek S.",36,"N",16,"W"
"SUWS014969","Polk","Anderson, Derek S.",33,"N",17,"W"
"SUWS014970","Polk","Anderson, Derek S.",33,"N",17,"W"
"SUWS014971","Polk","Anderson, Derek S.",33,"N",17,"W"
"SUWS014972","Polk","Anderson, Derek S.",33,"N",17,"W"
"SUWS014973","Polk","Anderson, Derek S.",33,"N",17,"W"
"SUWS014974","Polk","Anderson, Derek S.",33,"N",17,"W"
"SUWS014975","Polk","Anderson, Derek S.",33,"N",17,"W"
"SUWS014976","Polk","Anderson, Derek S.",33,"N",17,"W"
"SUWS014977","Polk","Anderson, Derek S.",33,"N",17,"W"
"SUWS014978","Polk","Anderson, Derek S.",33,"N",17,"W"
"SUWS014979","Polk","Anderson, Derek S.",33,"N",17,"W"
"SUWS014980","Polk","Anderson, Derek S.",33,"N",17,"W"
"SUWS014981","Polk","Anderson, Derek S.",33,"N",17,"W"
"SUWS014982","Polk","Anderson, Derek S.",33,"N",17,"W"
"SUWS014983","Polk","Anderson, Derek S.",33,"N",17,"W"
"SUWS014984","Polk","Anderson, Derek S.",33,"N",17,"W"
"SUWS014985","Polk","Anderson, Derek S.",33,"N",17,"W"
"SUWS014986","Douglas","Anderson, Derek S.",49,"N",13,"W"
"SUWS014987","Douglas","Anderson, Derek S.",49,"N",13,"W"
"SUWS014989","Douglas","Castle, R.",48,"N",13,"W"
"SUWS014991","Ashland","Castle, R.",48,"N",4,"W"
"SUWS014992","Douglas","Koch, Rudy G.",49,"N",13,"W"
"SUWS014993","Douglas","Thomson, John W., Jr.",49,"N",13,"W"
"SUWS014994","Douglas","Castle, R.",49,"N",10,"W"
"SUWS014995","Douglas","Clements, Jimmy D.",49,"N",14,"W"
"SUWS014996","Bayfield","Brashier",44,"N",7,"W"
"SUWS014997","Bayfield","Hjerleid",45,"N",8,"W"
"SUWS014998","Bayfield","Holden",45,"N",8,"W"
"SUWS014999","Bayfield","Collins",45,"N",8,"W"
"SUWS015000","Douglas","Brashier",49,"N",14,"W"
"SUWS015001","Bayfield","Barnard",45,"N",7,"W"
"SUWS015002","Bayfield","Collins",45,"N",8,"W"
"SUWS015003","Bayfield","Brashier",45,"N",8,"W"
"SUWS015004","Douglas","Castle, R.",47,"N",11,"W"
"SUWS015005","Bayfield","Cornell",44,"N",8,"W"
"SUWS015008","Iron","Bjork, Ann",45,"N",1,"W"
"SUWS015009","Bayfield","Barnard",44,"N",7,"W"
"SUWS015010","Bayfield","Brashier",45,"N",7,"W"
"SUWS015011","Bayfield","Collins",45,"N",8,"W"
"SUWS015012","Bayfield","Barnard",44,"N",7,"W"
"SUWS015013","Douglas","Castle, R.",45,"N",13,"W"
"SUWS015014","Bayfield","Cornell",44,"N",8,"W"
"SUWS015015","Douglas","Castle, R.",49,"N",10,"W"
"SUWS015016","Douglas","Brashier",48,"N",12,"W"
"SUWS015017","Bayfield","Hjerleid",44,"N",8,"W"
"SUWS015018","Bayfield","Brashier",45,"N",8,"W"
"SUWS015019","Douglas","Castle, R.",47,"N",10,"W"
"SUWS015020","Douglas","Thomson, John W., Jr.",47,"N",10,"W"
"SUWS015021","Bayfield","Longenecker, Jean",51,"N",5,"W"
"SUWS015022","Walworth","Thomson, John W., Jr.",2,"N",18,"E"
"SUWS015023","Douglas","",47,"N",15,"W"
"SUWS015024","Bayfield","Cornell",45,"N",8,"W"
"SUWS015025","Douglas","Thomson, John W., Jr.",49,"N",14,"W"
"SUWS015026","Douglas","Younger, Patti",49,"N",13,"W"
"SUWS015027","Douglas","Castle, R.",49,"N",10,"W"
"SUWS015028","Bayfield","Holden",45,"N",8,"W"
"SUWS015029","Bayfield","Hjerleid",44,"N",8,"W"
"SUWS015030","Bayfield","Collins",45,"N",8,"W"
"SUWS015031","Bayfield","Brashier",45,"N",8,"W"
"SUWS015032","Douglas","Castle, R.",49,"N",12,"W"
"SUWS015033","Bayfield","Brashier",45,"N",8,"W"
"SUWS015034","Walworth","Thomson, John W., Jr.",NA,NA,NA,NA
"SUWS015035","Bayfield","Cornell",44,"N",8,"W"
"SUWS015040","Douglas","Thomson, John W., Jr.",46,"N",10,"W"
"SUWS015041","Douglas","Thomson, John W., Jr.",47," N",10,"W"
"SUWS015042","Douglas","Thomson, John W., Jr.",45,"N",11,"W"
"SUWS015043","Douglas","Thomson, John W., Jr.",49,"N",13,"W"
"SUWS015044","Douglas","Thomson, John W., Jr.",46,"N",10,"W"
"SUWS015047","Chippewa","Thomson, John W., Jr.",NA,NA,NA,NA
"SUWS015048","Douglas","Thomson, John W., Jr.",49,"N",14,"W"
"SUWS015051","Juneau","Brashier",15,"N",5,"E"
"SUWS015052","Juneau","Brashier",15,"N",5,"E"
"SUWS015053","Douglas","Ojanen, Joanne M.",47,"N",13,"W"
"SUWS015054","Bayfield","Brost, Mike",48,"N",9,"W"
"SUWS015055","Douglas","Castle, R.",49,"N",10,"W"
"SUWS015056","Bayfield","Cherf",45,"N",7,"W"
"SUWS015057","Douglas","Thomson, John W., Jr.",NA,NA,NA,NA
"SUWS015058","Douglas","Stackler, Susan",46,"N",15,"W"
"SUWS015060","Bayfield","Koch, Rudy G.",48,"N",5,"W"
"SUWS015062","Bayfield","Brashier",45,"N",8,"W"
"SUWS015070","Douglas","Thomson, John W., Jr.",47,"N",10,"W"
"SUWS015071","Douglas","Thomson, John W., Jr.",49," N",10,"W"
"SUWS015072","Douglas","Castle, R.",49,"N",10,"W"
"SUWS015073","Douglas","Thomson, John W., Jr.",47," N",10,"W"
"SUWS015074","Douglas","Castle, R.",47,"N",11,"W"
"SUWS015075","Douglas","Koch, Rudy G.",49,"N",13,"W"
"SUWS015185","Bayfield","Hjerleid",45,"N",7,"W"
"SUWS015197","Bayfield","Holden",45,"N",8,"W"
"SUWS015198","Walworth","Thomson, John W., Jr.",2,"N",17,"E"
"SUWS015199","Bayfield","Cornell",45,"N",8,"W"
"SUWS015202","Douglas","Fassett, Norman C.",45,"N",11,"W"
"SUWS015203","Bayfield","Stackler, Susan",51,"N",6,"W"
"SUWS015204","Douglas","Koch, Rudy G.",49,"N",10,"W"
"SUWS015205","Douglas","Thomson, John W., Jr.",NA,NA,NA,NA
"SUWS015206","Bayfield","Koch, Rudy G.",51,"N",5,"W"
"SUWS015207","Douglas","Thomson, John W., Jr.",NA,NA,NA,NA
"SUWS015212","Douglas","Thomson, John W., Jr.",49,"N",13,"W"
"SUWS015214","Douglas","Castle, R.",45,"N",13,"W"
"SUWS015215","Burnett","Brashier",40,"N",16,"W"
"SUWS015216","Douglas","Swanson, Denny",46,"N",13,"W"
"SUWS015217","Walworth","Thomson, John W., Jr.",NA,NA,NA,NA
"SUWS015218","Douglas","Thomson, John W., Jr.",46,"N",10,"W"
"SUWS015219","Jackson","Thomson, John W., Jr.",NA,NA,NA,NA
"SUWS015220","Bayfield","Mackensen",47,"N",8,"W"
"SUWS015221","Douglas","Thomson, John W., Jr.",49,"N",13,"W"
"SUWS015222","Douglas","Koch, Rudy G.",49,"N",13,"W"
"SUWS015224","Douglas","Castle, R.",47,"N",11,"W"
"SUWS015226","Douglas","Hendrickson, Sue",49,"N",14,"W"
"SUWS015227","Douglas","Castle, R.",49,"N",14,"W"
"SUWS015229","Douglas","Thomson, John W., Jr.",46,"N",11,"W"
"SUWS015230","Douglas","Brashier",NA,NA,NA,NA
"SUWS015231","Douglas","Mendenhall, Paula M.",49,"N",13,"W"
"SUWS015233","Bayfield","Brashier",45,"N",8,"W"
"SUWS015234","Douglas","Brashier",46,"N",10,"W"
"SUWS015235","Bayfield","Collins",45,"N",8,"W"
"SUWS015236","Vilas","Smith, W. A.",40,"N",7,"E"
"SUWS015238","Douglas","Stackler, Susan",46,"N",15,"W"
"SUWS015239","Ashland","Koch, Rudy G.",51,"N",2,"W"
"SUWS015241","Buffalo","Luttenton, Mark",20,"N",12,"W"
"SUWS015244","Vernon","Ziegler, S. R.",14,"N",7,"W"
"SUWS015245","Grant","Koch, Rudy G.",8,"N",3,"W"
"SUWS015247","Douglas","Brashier",46,"N",15,"W"
"SUWS015248","Douglas","Castle, R.",49,"N",10,"W"
"SUWS015249","Douglas","Thomson, John W., Jr.",47,"N",10,"W"
"SUWS015250","Douglas","Martin, Bonita",47,"N",12,"W"
"SUWS015251","Douglas","Thomson, John W., Jr.",46,"N",10,"W"
"SUWS015252","Bayfield","Thomson, John W., Jr.",48,"N",9,"W"
"SUWS015253","Bayfield","Holden",45,"N",8,"W"
"SUWS015254","St. Croix","Brashier",31,"N",19,"W"
"SUWS015255","St. Croix","Brashier",31,"N",19,"W"
"SUWS015256","Bayfield","Stock, Dawn",48,"N",5,"W"
"SUWS015258","Douglas","Koch, Rudy G.",43,"N",11,"W"
"SUWS015259","Burnett","Castle, R.",38,"N",16,"W"
"SUWS015260","Marquette","Brashier",16,"N",11,"E"
"SUWS015261","Marquette","Brashier",16,"N",11,"E"
"SUWS015262","Douglas","Castle, R.",NA,NA,NA,NA
"SUWS015263","Walworth","Thomson, John W., Jr.",NA,NA,NA,NA
"SUWS015265","Bayfield","Barnard",45,"N",8,"W"
"SUWS015266","Bayfield","Holden",NA,NA,NA,NA
"SUWS015267","Douglas","Thomson, John W., Jr.",46,"N",11,"W"
"SUWS015268","Bayfield","Koch, Rudy G.",44,"N",8,"W"
"SUWS015270","Douglas","Koch, Rudy G.",49,"N",13,"W"
"SUWS015271","Douglas","Bruederle, Leo P.",49,"N",12,"W"
"SUWS015272","Douglas","Thomson, John W., Jr.",45,"N",11,"W"
"SUWS015273","Bayfield","Barnard",46,"N",8,"W"
"SUWS015274","Douglas","Hein, Elizabeth",46,"N",13,"W"
"SUWS015275","Douglas","Thomson, John W., Jr.",49,"N",13,"W"
"SUWS015276","Washburn","Thomson, John W., Jr.",NA,NA,NA,NA
"SUWS015278","Burnett","Brashier",41,"N",16,"W"
"SUWS015279","Bayfield","Holden",44,"N",9,"W"
"SUWS015280","Bayfield","Thomson, John W., Jr.",46,"N",9,"W"
"SUWS015281","Ashland","Barnard",44,"N",2,"W"
"SUWS015282","Douglas","Hein, Elizabeth",46,"N",13,"W"
"SUWS015283","Douglas","Thomson, John W., Jr.",48,"N",10,"W"
"SUWS015284","Bayfield","Brashier",45,"N",8,"W"
"SUWS015285","Bayfield","Holden",44,"N",7,"W"
"SUWS015286","Douglas","Castle, R.",47,"N",10,"W"
"SUWS015287","Douglas","Olson, Patti",49,"N",13,"W"
"SUWS015289","Douglas","Castle, R.",49,"N",10,"W"
"SUWS015290","Bayfield","Cornell",43,"N",7,"W"
"SUWS015291","Bayfield","Barnard",NA,NA,NA,NA
"SUWS015292","Bayfield","Brashier",45,"N",8,"W"
"SUWS015293","Bayfield","Hjerleid",44,"N",8,"W"
"SUWS015294","Douglas","Thomson, John W., Jr.",46,"N",12,"W"
"SUWS015296","Douglas","Thomson, John W., Jr.",48,"N",14,"W"
"SUWS015297","Bayfield","Brashier",45,"N",8,"W"
"SUWS015298","Douglas","Thomson, John W., Jr.",45,"N",11,"W"
"SUWS015301","Douglas","Olson, Patti",49,"N",13,"W"
"SUWS015302","Douglas","Brashier",45,"N",12,"W"
"SUWS015303","Douglas","Castle, R.",49,"N",10,"W"
"SUWS015304","Douglas","Thomson, John W., Jr.",45,"N",11,"W"
"SUWS015305","Douglas","Johnson, R.",45,"N",11,"W"
"SUWS015306","Douglas","Thomson, John W., Jr.",46," N",10,"W"
"SUWS015309","Bayfield","Brashier",45,"N",8,"W"
"SUWS015310","Douglas","Thomson, John W., Jr.",49,"N",13,"W"
"SUWS015313","Douglas","Thomson, John W., Jr.",45,"N",11,"W"
"SUWS015314","Douglas","Brashier",44,"N",11,"W"
"SUWS015315","St. Croix","Brashier",31,"N",19,"W"
"SUWS015317","Douglas","Brashier",44,"N",11,"W"
"SUWS015318","Douglas","Behn, T.",49,"N",14,"W"
"SUWS015319","Douglas","Davidson, Donald W.",49,"N",13,"W"
"SUWS015320","Douglas","Davidson, Donald W.",49,"N",13,"W"
"SUWS015321","Douglas","Thomson, John W., Jr.",48,"N",10,"W"
"SUWS015322","Douglas","Brashier",48,"N",14,"W"
"SUWS015323","Douglas","Ojanen, Joanne M.",47,"N",13,"W"
"SUWS015326","Douglas","Olson, Patti",49,"N",13,"W"
"SUWS015327","Douglas","Thomson, John W., Jr.",47,"N",14,"W"
"SUWS015331","Douglas","Thomson, John W., Jr.",46,"N",10,"W"
"SUWS015332","Douglas","Thomson, John W., Jr.",46,"N",10,"W"
"SUWS015333","Pierce","Brashier",26,"N",17,"W"
"SUWS015334","Douglas","Thomson, John W., Jr.",48,"N",12,"W"
"SUWS015335","Bayfield","Stackler, Susan",48,"N",6,"W"
"SUWS015337","Douglas","Thomson, John W., Jr.",47," N",10,"W"
"SUWS015338","Douglas","Stackler, Susan",46,"N",15,"W"
"SUWS015339","Douglas","Castle, R.",49,"N",10,"W"
"SUWS015340","Douglas","Ojanen, Joanne M.",49,"N",14,"W"
"SUWS015341","Douglas","Martin, Bonita",49,"N",14,"W"
"SUWS015342","Douglas","Koch, Rudy G.",49,"N",13,"W"
"SUWS015343","Douglas","Brashier",48,"N",14,"W"
"SUWS015344","Douglas","Thomson, John W., Jr.",46,"N",11,"W"
"SUWS015346","Douglas","Thomson, John W., Jr.",49,"N",13,"W"
"SUWS015347","Douglas","Behn, T.",49,"N",14,"W"
"SUWS015348","Douglas","Castle, R.",49,"N",10,"W"
"SUWS015349","Douglas","Bruederle, Leo P.",49,"N",13,"W"
"SUWS015350","Douglas","Thomson, John W., Jr.",46,"N",11,"W"
"SUWS015352","Douglas","Koch, Rudy G.",47,"N",15,"W"
"SUWS015354","Douglas","Koch, Rudy G.",49,"N",14,"W"
"SUWS015359","Douglas","Munich, Robert A.",49,"N",13,"W"
"SUWS015360","Douglas","Hansen, Perky",49,"N",13,"W"
"SUWS015361","Douglas","Martin, Bonita",47,"N",12,"W"
"SUWS015362","Marathon","Smetak, Scott",NA,NA,NA,NA
"SUWS015363","Bayfield","Anderson, Jason",NA,NA,NA,NA
"SUWS015364","Bayfield","Anderson, Jason",NA,NA,NA,NA
"SUWS015365","Bayfield","Heim, John A.",45,"N",5,"W"
"SUWS015366","Bayfield","Heim, John A.",45,"N",5,"W"
"SUWS015367","Bayfield","Cornell",44,"N",8,"W"
"SUWS015368","Douglas","Clements, Jimmy D.",NA,NA,NA,NA
"SUWS015369","Ashland","Koch, Rudy G.",51,"N",1,"W"
"SUWS015370","Polk","Brashier",33,"N",19,"W"
"SUWS015371","Bayfield","Holden",45,"N",8,"W"
"SUWS015372","Bayfield","Mackensen",NA,NA,NA,NA
"SUWS015373","Bayfield","Brashier",45,"N",8,"W"
"SUWS015374","Bayfield","Collins",45,"N",8,"W"
"SUWS015375","Bayfield","Holden",44,"N",7,"W"
"SUWS015376","Bayfield","Barnard",43,"N",7,"W"
"SUWS015377","Bayfield","Hjerleid",45,"N",8,"W "
"SUWS015378","Bayfield","Brashier",45,"N",8,"W"
"SUWS015379","Douglas","Castle, R.",49,"N",10,"W"
"SUWS015382","Douglas","Brashier",46,"N",15,"W"
"SUWS015384","Douglas","Anderson, D.",NA,NA,NA,NA
"SUWS015385","Douglas","Castle, R.",NA,NA,NA,NA
"SUWS015386","Douglas","Koch, Rudy G.",49,"N",14,"W"
"SUWS015387","Douglas","Thomson, John W., Jr.",48,"N",13,"W"
"SUWS015388","Bayfield","Barnard",43,"N",7,"W"
"SUWS015389","Bayfield","Collins",45,"N",8,"W"
"SUWS015390","Douglas","Thomson, John W., Jr.",46,"N",11,"W"
"SUWS015391","Douglas","Thomson, John W., Jr.",49,"N",10,"W"
"SUWS015392","Douglas","Thomson, John W., Jr.",49,"N",10,"W"
"SUWS015393","Douglas","Thomson, John W., Jr.",47,"N",10,"W"
"SUWS015394","Douglas","Thomson, John W., Jr.",48,"N",12,"W"
"SUWS015395","Douglas","Anderson, Jason",49,"N",14,"W"
"SUWS015396","Douglas","Martin, Bonita",47,"N",12,"W"
"SUWS015397","Douglas","Brashier",46,"N",15,"W"
"SUWS015398","Douglas","Stackler, Susan",47,"N",15,"W"
"SUWS015399","Douglas","Dabydeen, Simon",49,"N",14,"W"
"SUWS015400","Bayfield","Thomson, John W., Jr.",46,"N",9,"W"
"SUWS015401","Douglas","Thomson, John W., Jr.",46,"N",10,"W"
"SUWS015402","Douglas","Castle, R.",49,"N",10,"W"
"SUWS015403","Douglas","Thomson, John W., Jr.",47,"N",10,"W"
"SUWS015404","Douglas","Thomson, John W., Jr.",47,"N",10,"W"
"SUWS015405","Douglas","Ojanen, Joanne M.",49,"N",13,"W"
"SUWS015407","Douglas","Castle, R.",49,"N",13,"W"
"SUWS015409","Douglas","Koch, Rudy G.",49,"N",14,"W"
"SUWS015411","Douglas","Brashier",48,"N",13,"W"
"SUWS015412","Douglas","Thomson, John W., Jr.",47,"N",10,"W"
"SUWS015413","Douglas","Thomson, John W., Jr.",49,"N",14,"W"
"SUWS015415","Douglas","Castle, R.",49,"N",10,"W"
"SUWS015416","Douglas","Brashier",46,"N",15,"W"
"SUWS015417","Douglas","Brashier",44,"N",14,"W"
"SUWS015418","Douglas","Koch, Rudy G.",48,"N",12,"W"
"SUWS015420","Douglas","Stackler, Susan",46,"N",15,"W"
"SUWS015421","Trempealeau","Thompson, Kathy L.",19,"N",9,"W"
"SUWS015422","Douglas","Brashier",48,"N",13,"W"
"SUWS015423","Douglas","Castle, R.",49,"N",10,"W"
"SUWS015424","Douglas","Thomson, John W., Jr.",47,"N",11,"W"
"SUWS015425","Douglas","Thomson, John W., Jr.",47,"N",10,"W"
"SUWS015426","Douglas","Brashier",46,"N",15,"W"
"SUWS015427","Douglas","Thomson, John W., Jr.",NA,NA,NA,NA
"SUWS015429","Douglas","Castle, R.",49,"N",10,"W"
"SUWS015430","Douglas","Thomson, John W., Jr.",46,"N",10,"W"
"SUWS015431","Douglas","Thomson, John W., Jr.",45,"N",10,"W"
"SUWS015432","Douglas","C., E. A.",NA,NA,NA,NA
"SUWS015433","Douglas","Thomson, John W., Jr.",NA,NA,NA,NA
"SUWS015435","Douglas","Thomson, John W., Jr.",47,"N",10,"W"
"SUWS015436","Douglas","Thomson, John W., Jr.",49,"N",10,"W"
"SUWS015437","Douglas","Castle, R.",49,"N",10,"W"
"SUWS015438","Douglas","Brashier",46,"N",15,"W"
"SUWS015439","Douglas","Castle, R.",49,"N",10,"W"
"SUWS015441","Douglas","Ojanen, Joanne M.",47,"N",13,"W"
"SUWS015442","Douglas","Anderson, Jason",49,"N",14,"W"
"SUWS015443","Waukesha","Duffie, Judy",5,"N",17,"E"
"SUWS015445","Douglas","Thomson, John W., Jr.",NA,NA,NA,NA
"SUWS015446","Douglas","Thomson, John W., Jr.",NA,NA,NA,NA
"SUWS015447","Douglas","Ludwig, Larry",49,"N",14,"W"
"SUWS015452","Douglas","Thomson, John W., Jr.",46,"N",11,"W"
"SUWS015453","Douglas","Thomson, John W., Jr.",NA,NA,NA,NA
"SUWS015454","Douglas","Thomson, John W., Jr.",48,"N",10,"W"
"SUWS015455","Douglas","Thomson, John W., Jr.",46,"N",10,"W"
"SUWS015456","Douglas","Stackler, Susan",46,"N",15,"W"
"SUWS015457","Douglas","Thomson, John W., Jr.",46,"N",10,"W"
"SUWS015458","Douglas","Koch, Rudy G.",47,"N",14,"W"
"SUWS015459","Douglas","Koch, Rudy G.",46,"N",15,"W"
"SUWS015460","Douglas","Hein, Elizabeth",46,"N",13,"W"
"SUWS015461","Douglas","Thomson, John W., Jr.",46,"N",10,"W"
"SUWS015462","Douglas","Thomson, John W., Jr.",46,"N",10,"W"
"SUWS015463","Douglas","Koch, Rudy G.",48,"N",12,"W"
"SUWS015464","Douglas","Castle, R.",46,"N",10,"W"
"SUWS015465","Polk","Brashier",NA,NA,NA,NA
"SUWS015466","Douglas","Thomson, John W., Jr.",47,"N",14,"W"
"SUWS015467","Burnett","Brashier",41,"N",16,"W"
"SUWS015468","Walworth","Thomson, John W., Jr.",NA,NA,NA,NA
"SUWS015469","Douglas","Thomson, John W., Jr.",45,"N",11,"W"
"SUWS015470","Douglas","Koch, Rudy G.",45,"N",12,"W"
"SUWS015471","La Crosse","Demaske, D.",15,"N",7,"W"
"SUWS015472","Douglas","Castle, R.",49,"N",14,"W"
"SUWS015473","Douglas","Castle, R.",49,"N",14,"W"
"SUWS015474","Douglas","Thomson, John W., Jr.",47,"N",10,"W"
"SUWS015479","Douglas","Mendenhall, Paula M.",49,"N",13,"W"
"SUWS015481","La Crosse","Koch, Rudy G.",15,"N",7,"W"
"SUWS015482","Douglas","Thomson, John W., Jr.",47,"N",10,"W"
"SUWS015483","Sauk","Thomson, John W., Jr.",NA,NA,NA,NA
"SUWS015484","Douglas","Brashier",46,"N",15,"W"
"SUWS015485","Douglas","Stackler, Susan",46,"N",15,"W"
"SUWS015487","Douglas","Brashier",46,"N",15,"W"
"SUWS015491","Douglas","Thomson, John W., Jr.",49,"N",10,"W"
"SUWS015492","Douglas","Thomson, John W., Jr.",NA,NA,NA,NA
"SUWS015493","Douglas","Thomson, John W., Jr.",NA,NA,NA,NA
"SUWS015494","Douglas","Castle, R.",48,"N",10,"W"
"SUWS015498","Douglas","Thomson, John W., Jr.",46," N",10,"W"
"SUWS015499","Douglas","Castle, R.",47,"N",10,"W"
"SUWS015500","Douglas","Thomson, John W., Jr.",46,"N",10,"W"
"SUWS015501","Burnett","Brashier",41,"N",16,"W"
"SUWS015502","Burnett","Brashier",41,"N",16,"W"
"SUWS015507","Douglas","Koch, Rudy G.",48,"N",12,"W"
"SUWS015508","Douglas","Castle, R.",49,"N",10,"W"
"SUWS015509","Manitowoc","Brashier",18,"N",23,"E"
"SUWS015510","Bayfield","Brashier",48,"N",8,"W"
"SUWS015511","Douglas","Thomson, John W., Jr.",47,"N",10,"W"
"SUWS015512","Bayfield","Hjerleid",44,"N",7,"W"
"SUWS015513","St. Croix","Holden",29,"N",19,"W"
"SUWS015514","Douglas","Koch, Rudy G.",46,"N",14,"W"
"SUWS015515","Bayfield","Collins",45,"N",8,"W"
"SUWS015516","Sawyer","Barnard",NA,NA,NA,NA
"SUWS015518","Bayfield","Brashier",45,"N",8,"W"
"SUWS015519","Bayfield","Cornell",NA,NA,NA,NA
"SUWS015523","Douglas","Castle, R.",49,"N",10,"W"
"SUWS015524","Douglas","Brashier",49,"N",13,"W"
"SUWS015525","Douglas","Castle, R.",49,"N",13,"W"
"SUWS015526","Douglas","Munich, Robert A.",49,"N",13,"W"
"SUWS015527","Douglas","Hansen, Perky",49,"N",13,"W"
"SUWS015528","Douglas","McGovern, Scott",49,"N",13,"W"
"SUWS015529","Douglas","Castle, R.",47,"N",10,"W"
"SUWS015530","Douglas","Castle, R.",46,"N",11,"W"
"SUWS015533","Douglas","Castle, R.",47,"N",10,"W"
"SUWS015534","Douglas","Castle, R.",49,"N",10,"W"
"SUWS015536","Douglas","Castle, R.",NA,NA,NA,NA
"SUWS015537","Douglas","Castle, R.",45,"N",13,"W"
"SUWS015538","Douglas","Castle, R.",47,"N",11,"W"
"SUWS015539","Douglas","Hein, Elizabeth",46,"N",13,"W"
"SUWS015542","Douglas","Castle, R.",48,"N",10,"W "
"SUWS015543","Douglas","Castle, R.",NA,NA,NA,NA
"SUWS015544","Bayfield","Cornell",45,"N",8,"W"
"SUWS015548","Douglas","Olson, Patti",49,"N",13,"W"
"SUWS015549","Bayfield","Holden",44,"N",7,"W"
"SUWS015550","Douglas","Castle, R.",49,"N",12,"W"
"SUWS015551","Douglas","Koch, Rudy G.",47,"N",14,"W"
"SUWS015552","Douglas","Thomson, John W., Jr.",49,"N",14,"W"
"SUWS015553","Bayfield","Thomson, John W., Jr.",45,"N",9,"W"
"SUWS015554","Bayfield","Thomson, John W., Jr.",45,"N",9,"W"
"SUWS015555","Douglas","Castle, R.",NA,NA,NA,NA
"SUWS015556","Douglas","Thomson, John W., Jr.",45,"N",11,"W"
"SUWS015557","Douglas","Thomson, John W., Jr.",44,"N",12,"W"
"SUWS015558","Douglas","Brashier",NA,NA,NA,NA
"SUWS015559","Polk","Brashier",NA,NA,NA,NA
"SUWS015560","Douglas","Koch, Rudy G.",49,"N",13,"W"
"SUWS015561","Douglas","Thomson, John W., Jr.",NA,NA,NA,NA
"SUWS015566","Trempealeau","Demaske, D.",18,"N",9,"W"
"SUWS015567","Iron","Koch, Rudy G.",46,"N",2,"E"
"SUWS015570","Barron","Harvey, Karen",32,"N",10,"W"
"SUWS015572","Douglas","Koch, Rudy G.",47,"N",14,"W"
"SUWS015573","Douglas","Thomson, John W., Jr.",47,"N",14,"W"
"SUWS015574","Douglas","Koch, Rudy G.",45,"N",12,"W"
"SUWS015575","Iron","Koch, Rudy G.",45,"N",2,"E"
"SUWS015576","Douglas","Koch, Rudy G.",47,"N",14,"W"
"SUWS015577","Bayfield","Anderson, Jason",NA,NA,NA,NA
"SUWS015578","Ashland","Harriman, Neil A.",44,"N",2,"W"
"SUWS015579","Ashland","Iltis, Hugh H.",44,"N",2,"W"
"SUWS015580","Vilas","Smith, W. A.",40,"N",7,"E"
"SUWS015583","La Crosse","Pellett, T. D.",17,"N",8,"W"
"SUWS015584","Bayfield","Thoren",45,"N",8,"W"
"SUWS015585","Douglas","Stackler, Susan",46,"N",15,"W"
"SUWS015587","Bayfield","Fassett, Norman C.",47,"N",8,"W"
"SUWS015589","Douglas","Castle, R.",49,"N",10,"W"
"SUWS015590","Washburn","Koch, Rudy G.",42,"N",13,"W"
"SUWS015592","Bayfield","Sohmer, S. H.",45,"N",8,"W"
"SUWS015599","Bayfield","Koch, Rudy G.",45,"N",5,"W"
"SUWS015600","Ashland","Smith, W. A.",48,"N",2,"W"
"SUWS015602","Douglas","Koch, Rudy G.",49,"N",13,"W"
"SUWS015603","Marinette","Iltis, Hugh H.",31,"N",19,"E"
"SUWS015605","Douglas","Koch, Rudy G.",46,"N",14,"W"
"SUWS015606","Douglas","Thomson, John W., Jr.",47,"N",10,"W"
"SUWS015607","Bayfield","Koch, Rudy G.",44,"N",8,"W"
"SUWS015608","Richland","Koch, Rudy G.",11,"N",2,"W"
"SUWS015609","Bayfield","Koch, Rudy G.",44,"N",8,"W"
"SUWS015611","Douglas","Dabydeen, Simon",49,"N",14,"W"
"SUWS015612","Bayfield","Koch, Rudy G.",45,"N",7,"W"
"SUWS015613","Ashland","Koch, Rudy G.",42,"N",2,"W"
"SUWS015614","Trempealeau","Demaske, D.",18,"N",9,"W"
"SUWS015615","Douglas","Koch, Rudy G.",47,"N",14,"W"
"SUWS015617","Trempealeau","Sohmer, S. H.",18,"N",9,"W"
"SUWS015618","Trempealeau","Sohmer, S. H.",18,"N",9,"W"
"SUWS015619","Monroe","Sohmer, S. H.",15,"N",4,"W"
"SUWS015622","Bayfield","Koch, Rudy G.",46,"N",8,"W"
"SUWS015624","Trempealeau","Sohmer, S. H.",18,"N",9,"W"
"SUWS015625","Bayfield","Koch, Rudy G.",44,"N",8,"W"
"SUWS015626","La Crosse","Sohmer, S. H.",17,"N",8,"W"
"SUWS015627","Bayfield","Koch, Rudy G.",48,"N",7,"W"
"SUWS015628","Douglas","Thomson, John W., Jr.",46,"N",10,"W"
"SUWS015629","Ashland","Koch, Rudy G.",49,"N",3,"W"
"SUWS015630","Monroe","Sohmer, S. H.",17,"N",3,"W"
"SUWS015631","Douglas","Thomson, John W., Jr.",46,"N",11,"W"
"SUWS015632","Outagamie","Harriman, Neil A.",22,"N",15,"E"
"SUWS015633","Bayfield","Koch, Rudy G.",45,"N",7,"W"
"SUWS015635","Bayfield","Koch, Rudy G.",45,"N",7,"W"
"SUWS015636","Monroe","Sohmer, S. H.",17,"N",3,"W"
"SUWS015637","Ashland","Koch, Rudy G.",42,"N",2,"W"
"SUWS015638","Douglas","Thomson, John W., Jr.",48,"N",14,"W"
"SUWS015639","Douglas","Thomson, John W., Jr.",49,"N",10,"W"
"SUWS015640","Monroe","Sohmer, S. H.",15,"N",4,"W"
"SUWS015642","Trempealeau","Sohmer, S. H.",18,"N",9,"W"
"SUWS015644","La Crosse","Swanson, Steven D.",15,"N",7,"W"
"SUWS015645","Iron","Koch, Rudy G.",46,"N",2,"E"
"SUWS015646","Richland","Koch, Rudy G.",9,"N",2,"W"
"SUWS015647","Douglas","Thomson, John W., Jr.",47,"N",15,"W"
"SUWS015648","Douglas","Martin, Bonita",49,"N",14,"W"
"SUWS015649","Douglas","Koch, Rudy G.",45,"N",11,"W"
"SUWS015650","Iron","Koch, Rudy G.",47,"N",1,"W"
"SUWS015651","Washburn","Koch, Rudy G.",41,"N",12,"W"
"SUWS015652","Iron","Koch, Rudy G.",47,"N",1,"W"
"SUWS015653","Bayfield","Koch, Rudy G.",46,"N",8,"W"
"SUWS015654","Douglas","Thomson, John W., Jr.",45,"N",11,"W"
"SUWS015655","Douglas","Thomson, John W., Jr.",49,"N",11,"W"
"SUWS015656","Bayfield","Sohmer, S. H.",45,"N",8,"W"
"SUWS015657","Douglas","Thomson, John W., Jr.",46,"N",10,"W"
"SUWS015658","Bayfield","Koch, Rudy G.",44,"N",7,"W"
"SUWS015659","La Crosse","Sohmer, S. H.",15,"N",7,"W"
"SUWS015660","La Crosse","Sohmer, S. H.",15,"N",7,"W"
"SUWS015661","Douglas","Castle, R.",NA,NA,NA,NA
"SUWS015663","Douglas","Thomson, John W., Jr.",49,"N",14,"W"
"SUWS015664","Washburn","Koch, Rudy G.",41,"N",12,"W"
"SUWS015665","La Crosse","Nontelle, Deon M.",15,"N",6,"W"
"SUWS015666","Bayfield","Koch, Rudy G.",46,"N",8,"W"
"SUWS015667","Ashland","Koch, Rudy G.",49,"N",3,"W"
"SUWS015668","Douglas","Thomson, John W., Jr.",45,"N",14,"W"
"SUWS015669","Burnett","Koch, Rudy G.",41,"N",16,"W"
"SUWS015670","Ashland","Koch, Rudy G.",42,"N",2,"W"
"SUWS015671","Douglas","Koch, Rudy G.",47,"N",14,"W"
"SUWS015672","Bayfield","Sohmer, S. H.",45,"N",8,"W"
"SUWS015673","Trempealeau","Sohmer, S. H.",18,"N",9,"W"
"SUWS015675","Bayfield","Thomson, John W., Jr.",45,"N",9,"W"
"SUWS015677","Trempealeau","Sohmer, S. H.",18,"N",9,"W"
"SUWS015678","Ashland","Koch, Rudy G.",NA,NA,NA,NA
"SUWS015679","Bayfield","Koch, Rudy G.",46,"N",8,"W"
"SUWS015680","Douglas","Thomson, John W., Jr.",45,"N",11,"W"
"SUWS015681","Bayfield","Koch, Rudy G.",52,"N",4,"W "
"SUWS015682","La Crosse","Sohmer, S. H.",16,"N",6,"W"
"SUWS015683","Dane","Stout, A. B.",NA,NA,NA,NA
"SUWS015684","Douglas","Thomson, John W., Jr.",48,"N",13,"W"
"SUWS015685","Douglas","Thomson, John W., Jr.",47,"N",10,"W"
"SUWS015686","Douglas","Koch, Rudy G.",47,"N",10,"W"
"SUWS015687","Waukesha","Cull, Irene",7," N",18,"E"
"SUWS015688","Ashland","Koch, Rudy G.",42,"N",2,"W"
"SUWS015689","Trempealeau","Demaske, D.",18,"N",9,"W"
"SUWS015690","Trempealeau","Demaske, D.",18,"N",9,"W"
"SUWS015691","Bayfield","Spoor, William J., Jr.",45,"N",8,"W"
"SUWS015692","Bayfield","Koch, Rudy G.",49,"N",4,"W"
"SUWS015693","Bayfield","Sohmer, S. H.",45,"N",8,"W"
"SUWS015694","Trempealeau","Thompson, Kathy L.",19,"N",9,"W"
"SUWS015695","Waukesha","Leitner, Lawrence A.",5," N",20,"E"
"SUWS015697","Bayfield","Koch, Rudy G.",44,"N",7,"W"
"SUWS015698","Douglas","Koch, Rudy G.",47,"N",14,"W"
"SUWS015699","Bayfield","Koch, Rudy G.",44,"N",7,"W"
"SUWS015701","Ashland","Koch, Rudy G.",49,"N",3,"W"
"SUWS015702","La Crosse","Thorne, R. F.",18,"N",7,"W"
"SUWS015703","Price","Koch, Rudy G.",40,"N",1,"E"
"SUWS015704","Douglas","Thomson, John W., Jr.",45,"N",11,"W"
"SUWS015705","Vernon","Sohmer, S. H.",14,"N",7,"W"
"SUWS015706","Douglas","Castle, R.",49,"N",14,"W"
"SUWS015707","La Crosse","Sohmer, S. H.",15,"N",7,"W"
"SUWS015708","Buffalo","Koch, Rudy G.",19,"N",11,"W"
"SUWS015709","Buffalo","Koch, Rudy G.",19,"N",11,"W"
"SUWS015713","Brown","Fewless, Gary",24,"N",21,"E"
"SUWS015714","Monroe","Sohmer, S. H.",17,"N",3,"W"
"SUWS015716","La Crosse","Sohmer, S. H.",15,"N",7,"W"
"SUWS015718","Ashland","Koch, Rudy G.",49,"N",3,"W"
"SUWS015719","Vernon","Ziegler, S. R.",14,"N",7,"W"
"SUWS015720","Marinette","Koch, Rudy G.",36,"N",21,"E"
"SUWS015721","Douglas","Koch, Rudy G.",49,"N",13,"W"
"SUWS015722","Bayfield","Koch, Rudy G.",47,"N",8,"W"
"SUWS015723","Bayfield","Ziegler, S. R.",45,"N",8,"W"
"SUWS015724","Bayfield","Thomson, John W., Jr.",47,"N",9,"W"
"SUWS015727","La Crosse","Nontelle, Deon M.",17,"N",5,"W"
"SUWS015728","Ashland","Pellett, T. D.",48,"N",2,"W"
"SUWS015729","Monroe","Sohmer, S. H.",17,"N",3,"W"
"SUWS015730","Iron","Koch, Rudy G.",44,"N",2,"E"
"SUWS015732","La Crosse","Sohmer, S. H.",17,"N",8,"W"
"SUWS015734","Douglas","Thomson, John W., Jr.",47,"N",11,"W"
"SUWS015736","Douglas","Hein, Elizabeth",46,"N",13,"W"
"SUWS015738","Ashland","Koch, Rudy G.",42,"N",2,"W"
"SUWS015739","Bayfield","Wassgren",45,"N",8,"W"
"SUWS015740","Bayfield","Chen, Jane Meau",46,"N",7,"W"
"SUWS015741","Ashland","Koch, Rudy G.",53,"N",3,"W"
"SUWS015742","Douglas","Thomson, John W., Jr.",46,"N",14,"W"
"SUWS015743","Douglas","Hein, Elizabeth",46,"N",13,"W"
"SUWS015744","Douglas","Koch, Rudy G.",46,"N",15,"W"
"SUWS015745","Douglas","Thomson, John W., Jr.",47,"N",11,"W"
"SUWS015746","Douglas","Brashier",46,"N",15,"W"
"SUWS015747","Douglas","Bucholdt, Norma",43,"N",11,"W"
"SUWS015748","Bayfield","Koch, Rudy G.",47,"N",8,"W"
"SUWS015749","Bayfield","Koch, Rudy G.",46,"N",8,"W"
"SUWS015750","Douglas","Koch, Rudy G.",46,"N",14,"W"
"SUWS015751","Douglas","Brashier",46,"N",15,"W"
"SUWS015754","Ashland","Koch, Rudy G.",49,"N",3,"W"
"SUWS015755","Ashland","Koch, Rudy G.",51,"N",1,"W"
"SUWS015756","Douglas","Watson, Dale",49,"N",13,"W"
"SUWS015757","Buffalo","Witkiewicz, E. J.",20,"N",12,"W"
"SUWS015760","Douglas","Thomson, John W., Jr.",49,"N",14,"W"
"SUWS015761","Bayfield","Sohmer, S. H.",45,"N",8,"W"
"SUWS015762","Douglas","Hein, Elizabeth",46,"N",13,"W"
"SUWS015763","Bayfield","Koch, Rudy G.",50,"N",8,"W"
"SUWS015764","La Crosse","Nontelle, Deon M.",16,"N",7,"W"
"SUWS015765","La Crosse","Sohmer, S. H.",15,"N",5,"W"
"SUWS015766","Bayfield","Koch, Rudy G.",50,"N",6,"W"
"SUWS015767","Iron","Koch, Rudy G.",45,"N",3,"E"
"SUWS015768","Chippewa","Sohmer, S. H.",NA,NA,NA,NA
"SUWS015769","Douglas","McGovern, Scott",49,"N",13,"W"
"SUWS015770","La Crosse","Sohmer, S. H.",17,"N",8,"W"
"SUWS015771","Bayfield","Koch, Rudy G.",50,"N",6,"W"
"SUWS015772","Douglas","Koch, Rudy G.",49,"N",13,"W"
"SUWS015774","Douglas","Thomson, John W., Jr.",47,"N",10,"W"
"SUWS015777","Douglas","Thomson, John W., Jr.",46,"N",10,"W"
"SUWS015778","Douglas","Thomson, John W., Jr.",47,"N",10,"W"
"SUWS015779","Douglas","Koch, Rudy G.",48,"N",12,"W"
"SUWS015780","Douglas","Thomson, John W., Jr.",46," N",10,"W"
"SUWS015781","Adams","Shinners, L. H.",19,"N",6,"E"
"SUWS015782","Douglas","Thomson, John W., Jr.",45,"N",10,"W"
"SUWS015783","Bayfield","Thomson, John W., Jr.",46,"N",9,"W"
"SUWS015787","Douglas","Castle, R.",49,"N",10,"W"
"SUWS015788","Douglas","Mendenhall, Paula M.",49,"N",13,"W"
"SUWS015791","Dane","Miller, Regis B.",7,"N",7,"E"
"SUWS015792","Bayfield","Heim, John A.",48,"N",7,"W"
"SUWS015794","Burnett","Johnson, R.",NA,NA,NA,NA
"SUWS015797","Douglas","Castle, R.",49,"N",10,"W"
"SUWS015798","Douglas","Thomson, John W., Jr.",49,"N",14,"W"
"SUWS015804","La Crosse","Demaske, D.",15,"N",7,"W"
"SUWS015806","Dodge","Christian, John R.",12,"N",16,"E"
"SUWS015807","Douglas","Thomson, John W., Jr.",45,"N",10,"W"
"SUWS015809","La Crosse","Demaske, D.",15,"N",7,"W"
"SUWS015810","Douglas","Koch, Rudy G.",49,"N",13,"W"
"SUWS015811","Douglas","Thomson, John W., Jr.",49,"N",13,"W"
"SUWS015814","Bayfield","Longenecker, Jean",52,"N",5,"W"
"SUWS015815","Douglas","Castle, R.",49,"N",10,"W"
"SUWS015816","Sheboygan","Shinners, L. H.",NA,NA,NA,NA
"SUWS015819","Ashland","Ugent, Donald",44,"N",3,"W "
"SUWS015822","Douglas","Thomson, John W., Jr.",46,"N",10,"W"
"SUWS015823","Bayfield","Mooring, Margaret",49,"N",6,"W"
"SUWS015825","Iron","Koch, Rudy G.",46,"N",2,"E"
"SUWS015826","Bayfield","Koch, Rudy G.",49,"N",5,"W"
"SUWS015830","Rock","Thomson, John W., Jr.",4,"N",12,"E"
"SUWS015831","Richland","Nee, M.",10,"N",1,"E"
"SUWS015832","Douglas","Thomson, John W., Jr.",47,"N",10,"W"
"SUWS015833","La Crosse","Nontelle, Deon M.",16,"N",7,"W"
"SUWS015834","Fond du Lac","Leitner, Lawrence A.",14," N",15,"E"
"SUWS015835","Douglas","Thomson, John W., Jr.",49,"N",13,"W"
"SUWS015837","Ashland","Koch, Rudy G.",49,"N",3,"W"
"SUWS015840","Douglas","Mendenhall, Paula M.",49,"N",13,"W"
"SUWS015841","Douglas","Castle, R.",49,"N",10,"W"
"SUWS015842","Bayfield","Koch, Rudy G.",52,"N",4,"W "
"SUWS015843","Douglas","Olson, Patti",49,"N",13,"W"
"SUWS015844","Douglas","Thomson, John W., Jr.",49,"N",14,"W"
"SUWS015847","Vernon","Ziegler, S. R.",14,"N",7,"W"
"SUWS015848","Racine","Shinners, L. H.",3,"N",19,"E"
"SUWS015850","Vernon","Smith, W. A.",13,"N",2,"W"
"SUWS015852","Trempealeau","Sohmer, S. H.",18,"N",9,"W"
"SUWS015854","Douglas","Lahti, Duane",47,"N",10,"W"
"SUWS015855","Trempealeau","Thompson, Kathy L.",19,"N",9,"W"
"SUWS015856","La Crosse","Hartley, Thomas G.",16,"N",6,"W"
"SUWS015857","Iron","Koch, Rudy G.",44,"N",2,"E"
"SUWS015858","Douglas","Koch, Rudy G.",43,"N",15,"W"
"SUWS015859","Douglas","Koch, Rudy G.",46,"N",12,"W"
"SUWS015860","Bayfield","Koch, Rudy G.",51,"N",4,"W"
"SUWS015861","Douglas","Koch, Rudy G.",43,"N",11,"W"
"SUWS015862","Bayfield","Koch, Rudy G.",44,"N",8,"W"
"SUWS015863","Douglas","Thomson, John W., Jr.",49,"N",14,"W"
"SUWS015867","Douglas","Castle, R.",49,"N",10,"W "
"SUWS015870","Ashland","Koch, Rudy G.",49,"N",3,"W"
"SUWS015871","Burnett","Koch, Rudy G.",42,"N",15,"W"
"SUWS015872","Trempealeau","Sohmer, S. H.",18,"N",9,"W"
"SUWS015873","Trempealeau","Sohmer, S. H.",18,"N",9,"W"
"SUWS015874","Trempealeau","Hartley, Thomas G.",18,"N",8,"W"
"SUWS015875","Iowa","Nee, M.",8,"N",5,"E"
"SUWS015876","Monroe","Konkel, Deborah",17,"N",2,"W"
"SUWS015877","Bayfield","Koch, Rudy G.",45,"N",7,"W"
"SUWS015878","Burnett","Koch, Rudy G.",41,"N",16,"W"
"SUWS015879","Bayfield","Koch, Rudy G.",51,"N",5,"W"
"SUWS015881","Vernon","Ziegler, S. R.",14,"N",7,"W"
"SUWS015884","Vernon","Sohmer, S. H.",14,"N",7,"W"
"SUWS015885","La Crosse","Nontelle, Deon M.",16,"N",7,"W"
"SUWS015887","Douglas","Castle, R.",49,"N",10,"W"
"SUWS015888","La Crosse","Nontelle, Deon M.",17,"N",7,"W"
"SUWS015889","Douglas","Collinson, Keith",49,"N",14,"W"
"SUWS015890","La Crosse","Nontelle, Deon M.",15,"N",7,"W"
"SUWS015891","Douglas","Thomson, John W., Jr.",46,"N",11,"W"
"SUWS015894","Trempealeau","Sohmer, S. H.",18,"N",9,"W"
"SUWS015896","Bayfield","Thomson, John W., Jr.",46,"N",9,"W"
"SUWS015897","Buffalo","Witkiewicz, E. J.",20,"N",12,"W"
"SUWS015898","La Crosse","Swanson, Steven D.",NA,NA,NA,NA
"SUWS015899","Buffalo","Witkiewicz, E. J.",20,"N",12,"W"
"SUWS015900","Vernon","Swanson, Steven D.",14,"N",7,"W"
"SUWS015903","Washington","Leitner, Lawrence A.",12,"N",19,"E"
"SUWS015904","Trempealeau","Demaske, D.",18,"N",9,"W"
"SUWS015906","Douglas","Thomson, John W., Jr.",47,"N",14,"W"
"SUWS015907","Douglas","Thomson, John W., Jr.",46,"N",10,"W"
"SUWS015909","Iron","Koch, Rudy G.",45,"N",3,"E"
"SUWS015910","Marathon","Anderson, Roger C.",27,"N",8,"E"
"SUWS015912","Ashland","Smith, W. A.",48,"N",2,"W"
"SUWS015914","La Crosse","Nontelle, Deon M.",15,"N",7,"W"
"SUWS015916","Trempealeau","Demaske, D.",18,"N",9,"W"
"SUWS015917","Douglas","Thomson, John W., Jr.",48,"N",13,"W"
"SUWS015925","Dane","Miller, Regis B.",7,"N",7,"E"
"SUWS015926","Winnebago","Rill, Katherine D.",18," N",16,"E"
"SUWS015927","Winnebago","Parfitt, Bruce",20," N",16,"E"
"SUWS015928","Richland","Koch, Rudy G.",8,"N",1,"E"
"SUWS015929","Trempealeau","Sohmer, S. H.",18,"N",9,"W"
"SUWS015930","Sauk","Cochrane, Theodore S.",10,"N",6,"E"
"SUWS015931","La Crosse","Konkel, Deborah",17,"N",5,"W"
"SUWS015933","Sauk","Cochrane, Theodore S.",10,"N",6,"E"
"SUWS015938","Grant","Nee, M.",3,"N",5,"W"
"SUWS015939","Trempealeau","Sohmer, S. H.",18,"N",9,"W"
"SUWS015940","Richland","Cochrane, Theodore S.",8,"N",2,"E"
"SUWS015941","Trempealeau","Sohmer, S. H.",18,"N",9,"W"
"SUWS015942","Trempealeau","Nelson, C. J.",18,"N",9,"W"
"SUWS015943","Douglas","Castle, R.",49,"N",14,"W"
"SUWS015944","Douglas","Stackler, Susan",46,"N",15,"W"
"SUWS015945","Douglas","Thomson, John W., Jr.",46,"N",10,"W"
"SUWS015946","Douglas","Thomson, John W., Jr.",49,"N",10,"W"
"SUWS015947","Bayfield","Koch, Rudy G.",50,"N",8,"W"
"SUWS015948","Douglas","Castle, R.",49,"N",10,"W"
"SUWS015949","Bayfield","Koch, Rudy G.",50,"N",8,"W"
"SUWS015951","Douglas","Hansen, Perky",49,"N",13,"W"
"SUWS015952","Douglas","Munich, Robert A.",49,"N",13,"W"
"SUWS015953","Douglas","Thomson, John W., Jr.",49,"N",10,"W"
"SUWS015954","Ashland","Pellett, T. D.",48,"N",2,"W"
"SUWS015955","Douglas","Thomson, John W., Jr.",46,"N",10,"W"
"SUWS015956","La Crosse","Severson, S.",17,"N",7,"W"
"SUWS015957","Douglas","Thomson, John W., Jr.",49,"N",10,"W"
"SUWS015958","Price","Koch, Rudy G.",39,"N",1,"E"
"SUWS015959","Douglas","Mendenhall, Paula M.",49,"N",13,"W"
"SUWS015960","Bayfield","Brost, Mike",48,"N",9,"W"
"SUWS015961","Douglas","Castle, R.",47,"N",10,"W"
"SUWS015963","Douglas","Munich, Robert A.",46,"N",14,"W"
"SUWS015964","Douglas","Hansen, Perky",49,"N",13,"W"
"SUWS015965","Monroe","Hughes, Eileen G.",17,"N",4,"W"
"SUWS015966","Douglas","Castle, R.",NA,NA,NA,NA
"SUWS015971","Douglas","Stewart, Mary",46,"N",14,"W"
"SUWS015972","Washburn","Koch, Rudy G.",37,"N",11,"W"
"SUWS015974","Douglas","Johnson, R.",NA,NA,NA,NA
"SUWS015976","La Crosse","Sefton, D. F.",15,"N",7,"W"
"SUWS015977","La Crosse","Sohmer, S. H.",17,"N",8,"W"
"SUWS015979","Douglas","Stackler, Susan",46,"N",15,"W"
"SUWS015980","Douglas","Clement, G. G.",NA,NA,NA,NA
"SUWS015981","Bayfield","Thomson, John W., Jr.",48,"N",9,"W"
"SUWS015988","Juneau","Brashier",14,"N",2,"E"
"SUWS015992","Douglas","Castle, R.",47,"N",10,"W"
"SUWS015993","La Crosse","Ziegler, S. R.",15,"N",7,"W"
"SUWS015994","Douglas","Castle, R.",47,"N",10,"W"
"SUWS015995","Douglas","Koch, Rudy G.",48,"N",12,"W"
"SUWS016003","Douglas","Hein, Elizabeth",46,"N",13,"W"
"SUWS016005","Douglas","Anderson, Jason",49,"N",14,"W"
"SUWS016006","Douglas","Brost, Mike",49,"N",13,"W"
"SUWS016007","Douglas","C., E. H.",49,"N",14,"W"
"SUWS016008","Douglas","Castle, R.",49,"N",10,"W"
"SUWS016009","Douglas","Thomson, John W., Jr.",48,"N",13,"W"
"SUWS016010","Ashland","Team 6",47,"N",2,"W"
"SUWS016011","Iron","Koch, Rudy G.",46,"N",1,"W"
"SUWS016012","Douglas","Brashier",46,"N",15,"W"
"SUWS016013","Ashland","Koch, Rudy G.",49,"N",3,"W"
"SUWS016020","Douglas","Mitchell, John A.",46,"N",10,"W"
"SUWS016021","Douglas","Shaw, Merton R.",49,"N",14,"W"
"SUWS016022","Manitowoc","Brashier",18,"N",23,"E"
"SUWS0160224","Winnebago","Skinner, Dean",18,"N",16,"E"
"SUWS016023","Ashland","Clements, Jimmy D.",52,"N",3,"W"
"SUWS016024","Winnebago","Skinner, Dean",18,"N",16,"E"
"SUWS016027","Douglas","Stone, Kurt",48,"N",13,"W"
"SUWS016028","La Crosse","Sohmer, S. H.",15,"N",5,"W"
"SUWS016029","La Crosse","Brendel, William J.",15,"N",5,"W"
"SUWS016038","Douglas","C., E. H.",NA,NA,NA,NA
"SUWS016039","Douglas","Thomson, John W., Jr.",46,"N",10,"W"
"SUWS016040","Bayfield","Brashier",45,"N",8,"W"
"SUWS016041","Douglas","Clement, G. G.",NA,NA,NA,NA
"SUWS016042","Douglas","Castle, R.",49,"N",10,"W"
"SUWS016043","Douglas","Castle, R.",49,"N",10,"W"
"SUWS016044","Douglas","Castle, R.",49,"N",10,"W"
"SUWS016045","Douglas","Mitchell, John A.",49,"N",12,"W"
"SUWS016046","Douglas","Brashier",NA,NA,NA,NA
"SUWS016048","Douglas","Brashier",48,"N",14,"W"
"SUWS016049","Ashland","Team 5",NA,NA,NA,NA
"SUWS016050","Bayfield","Koch, Rudy G.",46,"N",8,"W"
"SUWS016051","Douglas","Koch, Rudy G.",45,"N",12,"W"
"SUWS016052","Douglas","Dabydeen, Simon",49,"N",14,"W"
"SUWS016053","Douglas","Shaw, Merton R.",49,"N",14,"W"
"SUWS016056","Douglas","Shaw, Merton R.",49,"N",14,"W"
"SUWS016058","Douglas","Thomson, John W., Jr.",48,"N",10,"W"
"SUWS016059","Iron","Koch, Rudy G.",46,"N",2,"E"
"SUWS016060","Bayfield","Koch, Rudy G.",49,"N",5,"W"
"SUWS016061","Douglas","Thomson, John W., Jr.",46,"N",11,"W"
"SUWS016062","Bayfield","Thomson, John W., Jr.",43,"N",7,"W"
"SUWS016063","Douglas","Hein, Elizabeth",46,"N",13,"W"
"SUWS016065","Douglas","Martin, Bonita",49,"N",13,"W"
"SUWS016069","Douglas","Koch, Rudy G.",47,"N",14,"W"
"SUWS016070","Chippewa","Thompson, Kathy L.",32,"N",7,"W"
"SUWS016071","Ashland","Team 6",NA,NA,NA,NA
"SUWS016075","Bayfield","Koch, Rudy G.",47,"N",8,"W"
"SUWS016076","Bayfield","Koch, Rudy G.",46,"N",8,"W"
"SUWS016077","Douglas","Shaw, Merton R.",46,"N",14,"W"
"SUWS016078","Douglas","Koch, Rudy G.",46,"N",15,"W"
"SUWS016079","Douglas","Brashier",47,"N",14,"W"
"SUWS016080","Douglas","Thomson, John W., Jr.",46,"N",11,"W"
"SUWS016081","Bayfield","Cherf",45,"N",8,"W"
"SUWS016082","Bayfield","Wassgren",45,"N",8,"W"
"SUWS016083","Bayfield","Gunderson",45,"N",8,"W"
"SUWS016084","Douglas","Thomson, John W., Jr.",NA,NA,NA,NA
"SUWS016085","Bayfield","Valaskey",45,"N",8,"W"
"SUWS016086","Douglas","Hein, Elizabeth",46,"N",13,"W"
"SUWS016087","Douglas","",49,"N",14,"W"
"SUWS016088","Burnett","Brashier",41,"N",16,"W"
"SUWS016089","Ashland","Clements, Jimmy D.",52,"N",3,"W"
"SUWS016090","Iron","Koch, Rudy G.",44,"N",2,"E"
"SUWS016092","Douglas","Castle, R.",NA,NA,NA,NA
"SUWS016093","Bayfield","Muller",45,"N",8,"W"
"SUWS016095","Richland","Koch, Rudy G.",9,"N",2,"W"
"SUWS016096","Douglas","Koch, Rudy G.",49,"N",13,"W"
"SUWS016097","Douglas","Shaw, Merton R.",49,"N",14,"W"
"SUWS016098","Burnett","Brashier",40,"N",16,"W"
"SUWS016099","Douglas","McGovern, Scott",49,"N",13,"W"
"SUWS016100","Douglas","Thomson, John W., Jr.",49,"N",13,"W"
"SUWS016101","Douglas","Brashier",49,"N",13,"W"
"SUWS016103","Douglas","Olson, Patti",49,"N",13,"W"
"SUWS016104","Douglas","Mendenhall, Paula M.",49,"N",13,"W"
"SUWS016105","Douglas","Koch, Rudy G.",49,"N",13,"W"
"SUWS016106","Douglas","Munich, Robert A.",49,"N",13,"W"
"SUWS016107","Douglas","Koch, Rudy G.",45,"N",12,"W"
"SUWS016108","Ashland","Team 3",52,"N",2,"W"
"SUWS016109","Douglas","Castle, R.",49,"N",10,"W"
"SUWS016110","Ashland","Clements, Jimmy D.",52,"N",2,"W"
"SUWS016111","Bayfield","Koch, Rudy G.",50,"N",8,"W"
"SUWS016112","Bayfield","Koch, Rudy G.",52,"N",4,"W "
"SUWS016113","Douglas","Thomson, John W., Jr.",48,"N",13,"W"
"SUWS016114","Bayfield","Walvoord",45,"N",8,"W"
"SUWS016115","Douglas","Brashier",NA,NA,NA,NA
"SUWS016117","Ashland","Koch, Rudy G.",52,"N",3,"W"
"SUWS016118","Ashland","Clements, Jimmy D.",52,"N",3,"W"
"SUWS016119","Douglas","Brashier",46,"N",15,"W"
"SUWS016120","Ashland","Team 5",52,"N",2,"W"
"SUWS016128","Douglas","Jack, Gloria",49,"N",14,"W"
"SUWS016130","Douglas","Staupe, Jane",45,"N",14,"W"
"SUWS016131","Marinette","Brashier",37,"N",20,"E"
"SUWS016133","Ashland","Ludwig, Larry",45,"N",2,"W"
"SUWS016134","Fond du Lac","Skinner, Dean",16,"N",15,"E"
"SUWS016136","Pierce","Brashier",26,"N",17,"W"
"SUWS016137","Bayfield","Ladish, Mark",47,"N",8,"W"
"SUWS016138","Bayfield","Koch, Rudy G.",52,"N",4,"W"
"SUWS016139","Douglas","Castle, R.",47,"N",11,"W"
"SUWS016140","Douglas","Castle, R.",47,"N",10,"W"
"SUWS016141","Bayfield","Schmitt, Betty",45,"N",8,"W"
"SUWS016142","Douglas","Castle, R.",49,"N",10,"W"
"SUWS016143","Douglas","Koch, Rudy G.",45,"N",12,"W"
"SUWS016144","Douglas","Brashier",46,"N",15,"W"
"SUWS016145","Douglas","Jones, L. M.",46,"N",11,"W"
"SUWS016146","Bayfield","Mitchell, John A.",46,"N",8,"W"
"SUWS016147","Douglas","Thomson, John W., Jr.",47,"N",14,"W"
"SUWS016148","Douglas","Anderson, Mark",47,"N",12,"W"
"SUWS016149","Douglas","Hein, Elizabeth",46,"N",13,"W"
"SUWS016150","Douglas","Tendrup, Lynn S.",46,"N",15,"W"
"SUWS016151","Douglas","Shaw, Merton R.",45,"N",12,"W"
"SUWS016152","Douglas","Koch, Rudy G.",47,"N",14,"W"
"SUWS016153","Douglas","Staupe, Jane",45,"N",14,"W"
"SUWS016154","Douglas","Brashier",46,"N",15,"W"
"SUWS016155","Douglas","Brashier",46,"N",15,"W"
"SUWS016156","Trempealeau","Demaske, D.",18,"N",9,"W"
"SUWS016157","La Crosse","Bahr, D.",15,"N",5,"W"
"SUWS016158","La Crosse","Reik, Renee P.",17,"N",8,"W"
"SUWS016161","Douglas","Koch, Rudy G.",45,"N",12,"W"
"SUWS016162","La Crosse","Trapp, K.",18,"N",7,"W"
"SUWS016163","Douglas","Brashier",48,"N",14,"W"
"SUWS016164","Douglas","Jones, L. M.",48,"N",14,"W"
"SUWS016165","Douglas","Brashier",48,"N",14,"W"
"SUWS016166","Monroe","Sohmer, S. H.",15,"N",4,"W"
"SUWS016167","Monroe","Sohmer, S. H.",15,"N",4,"W"
"SUWS016178","Douglas","Castle, R.",NA,NA,NA,NA
"SUWS016179","Douglas","Thomson, John W., Jr.",49,"N",14,"W"
"SUWS016180","Douglas","",NA,NA,NA,NA
"SUWS016181","Douglas","Lahti, Duane",47,"N",10,"W"
"SUWS016182","Douglas","Flemm, John",NA,NA,NA,NA
"SUWS016183","Douglas","Castle, R.",49,"N",14,"W"
"SUWS016186","La Crosse","Swanson, Steven D.",16,"N",7,"W"
"SUWS016187","Iowa","Davis, J. D.",8,"N",5,"E"
"SUWS016189","Bayfield","Brashier",45,"N",8,"W"
"SUWS016191","Bayfield","Brashier",45,"N",8,"W"
"SUWS016192","Douglas","Clement, G. G.",49,"N",14,"W"
"SUWS016193","Bayfield","Brashier",45,"N",8,"W"
"SUWS016194","Ashland","Team 2",NA,NA,NA,NA
"SUWS016195","Douglas","Hein, Elizabeth",46,"N",13,"W"
"SUWS016196","Douglas","",49,"N",14,"W"
"SUWS016197","Douglas","Hendrickson, Sue",46,"N",11,"W"
"SUWS016198","Douglas","Koch, Rudy G.",43,"N",11,"W"
"SUWS016199","Douglas","Jacobson, Roy",46,"N",14,"W"
"SUWS016200","Douglas","Thomson, John W., Jr.",46,"N",11,"W"
"SUWS016201","Douglas","Mitchell, John A.",46,"N",10,"W"
"SUWS016202","Douglas","Thomson, John W., Jr.",49,"N",13,"W"
"SUWS016203","Douglas","Koch, Rudy G.",47,"N",15,"W"
"SUWS016205","Iron","Koch, Rudy G.",46,"N",2,"E"
"SUWS016206","Douglas","Thomson, John W., Jr.",49,"N",14,"W"
"SUWS016208","Richland","Koch, Rudy G.",9,"N",2,"W"
"SUWS016210","Trempealeau","Brendel, William J.",18,"N",9,"W"
"SUWS016212","Douglas","Clement, G. G.",49,"N",14,"W"
"SUWS016214","Bayfield","Cherf",45,"N",8,"W"
"SUWS016215","Douglas","",49,"N",14,"W"
"SUWS016221","Polk","Brashier",33,"N",19,"W"
"SUWS016224","La Crosse","Demaske, D.",15,"N",7,"W"
"SUWS016227","Douglas","Castle, R.",43,"N",14,"W"
"SUWS016229","Trempealeau","Sohmer, S. H.",18,"N",9,"W"
"SUWS016230","Trempealeau","Nelson, C. J.",18,"N",8,"W"
"SUWS016231","Bayfield","Brashier",45,"N",7,"W"
"SUWS016232","Douglas","Johnson, R.",NA,NA,NA,NA
"SUWS016233","Douglas","Thomson, John W., Jr.",47,"N",10,"W"
"SUWS016234","Bayfield","Brashier",44,"N",7,"W"
"SUWS016236","Bayfield","Koch, Rudy G.",52,"N",4,"W "
"SUWS016237","Douglas","Tendrup, Lynn S.",46,"N",15,"W"
"SUWS016238","Ashland","Koch, Rudy G.",51,"N",3,"W"
"SUWS016239","Douglas","Brashier",46,"N",15,"W"
"SUWS016240","Douglas","Olson, Patti",49,"N",13,"W"
"SUWS016241","Bayfield","Thomson, John W., Jr.",48,"N",9,"W"
"SUWS016242","Douglas","Castle, R.",46,"N",13,"W"
"SUWS016243","Douglas","Brashier",46,"N",15,"W"
"SUWS016244","Ashland","Koch, Rudy G.",51,"N",3,"W"
"SUWS016245","Bayfield","Koch, Rudy G.",44,"N",7,"W"
"SUWS016246","Douglas","Koch, Rudy G.",49,"N",14,"W"
"SUWS016247","Ashland","Team 1",52,"N",2,"W"
"SUWS016248","Douglas","Tendrup, Lynn S.",46,"N",15,"W"
"SUWS016249","Ashland","Koch, Rudy G.",52,"N",3,"W"
"SUWS016254","Bayfield","Brashier",44,"N",7,"W"
"SUWS016255","Bayfield","Brashier",44,"N",7,"W"
"SUWS016256","Douglas","Romans",46,"N",12,"W"
"SUWS016257","Door","Brashier",27,"N",26,"E"
"SUWS016258","Douglas","Castle, R.",46,"N",10,"W"
"SUWS016259","Douglas","Koch, Rudy G.",46,"N",14,"W"
"SUWS016260","Bayfield","Brashier",45,"N",8,"W"
"SUWS016261","Douglas","Thomson, John W., Jr.",46,"N",10,"W"
"SUWS016262","Ashland","Koch, Rudy G.",51,"N",3,"W"
"SUWS016263","Douglas","Brashier",46,"N",15,"W"
"SUWS016264","Ashland","Team 1",NA,NA,NA,NA
"SUWS016265","Douglas","Castle, R.",47,"N",10,"W"
"SUWS016266","Douglas","Mitchell, John A.",46,"N",10,"W"
"SUWS016267","Ashland","Koch, Rudy G.",NA,NA,NA,NA
"SUWS016272","Douglas","Thomson, John W., Jr.",45,"N",11,"W"
"SUWS016273","Douglas","Johnson, R.",45,"N",11,"W"
"SUWS016274","Douglas","Thomson, John W., Jr.",46,"N",11,"W"
"SUWS016275","Douglas","Hein, Elizabeth",46,"N",13,"W"
"SUWS016276","Bayfield","Koch, Rudy G.",44,"N",8,"W"
"SUWS016277","Ashland","Koch, Rudy G.",52,"N",3,"W"
"SUWS016278","Bayfield","Mitchell, John A.",46,"N",8,"W"
"SUWS016279","Douglas","Castle, R.",49,"N",10,"W"
"SUWS016280","Douglas","",47,"N",11,"W"
"SUWS016281","Douglas","Castle, R.",NA,NA,NA,NA
"SUWS016282","Douglas","Thomson, John W., Jr.",45,"N",11,"W"
"SUWS016283","Douglas","Tendrup, Lynn S.",47,"N",15,"W"
"SUWS016284","Douglas","",46,"N",10,"W"
"SUWS016285","Bayfield","Koch, Rudy G.",52,"N",4,"W "
"SUWS016286","Douglas","Thomson, John W., Jr.",49,"N",11,"W"
"SUWS016287","Douglas","Bruederle, Leo P.",49,"N",13,"W"
"SUWS016288","Douglas","Thomson, John W., Jr.",49,"N",13,"W"
"SUWS016289","Walworth","Thomson, John W., Jr.",2,"N",18,"E"
"SUWS016290","Ashland","Koch, Rudy G.",NA,NA,NA,NA
"SUWS016291","Douglas","Shaw, Merton R.",NA,NA,NA,NA
"SUWS016292","Douglas","Van Buskirk, M.",46,"N",13,"W"
"SUWS016293","Douglas","Dabydeen, Simon",49,"N",14,"W"
"SUWS016294","Douglas","Johnson, R.",45,"N",11,"W"
"SUWS016295","Douglas","Thomson, John W., Jr.",47,"N",10,"W"
"SUWS016296","Douglas","Thomson, John W., Jr.",48,"N",12,"W"
"SUWS016297","Bayfield","Brashier",45,"N",8,"W"
"SUWS016298","Bayfield","Brashier",45,"N",7,"W"
"SUWS016300","Douglas","Thomson, John W., Jr.",45,"N",10,"W"
"SUWS016301","Douglas","Tendrup, Lynn S.",49,"N",14,"W"
"SUWS016302","Douglas","Koch, Rudy G.",49,"N",14,"W"
"SUWS016303","Ashland","Koch, Rudy G.",49,"N",3,"W"
"SUWS016304","Douglas","Thomson, John W., Jr.",48,"N",12,"W"
"SUWS016305","Polk","Anderson, Derek S.",33,"N",17,"W"
"SUWS016306","Polk","Anderson, Derek S.",33,"N",17,"W"
"SUWS016307","Polk","Anderson, Derek S.",33,"N",17,"W"
"SUWS016308","Polk","Anderson, Derek S.",33,"N",17,"W"
"SUWS016309","Polk","Anderson, Derek S.",33,"N",17,"W"
"SUWS016310","Polk","Anderson, Derek S.",33,"N",17,"W"
"SUWS016311","Polk","Anderson, Derek S.",33,"N",17,"W"
"SUWS016312","Polk","Anderson, Derek S.",33,"N",17,"W"
"SUWS016313","Polk","Anderson, Derek S.",36,"N",16,"W"
"SUWS016314","Polk","Anderson, Derek S.",36,"N",16,"W"
"SUWS016315","Polk","Anderson, Derek S.",36,"N",16,"W"
"SUWS016316","Polk","Anderson, Derek S.",36,"N",16,"W"
"SUWS016317","Polk","Anderson, Derek S.",36,"N",16,"W"
"SUWS016318","Polk","Anderson, Derek S.",36,"N",16,"W"
"SUWS016319","Polk","Anderson, Derek S.",36,"N",16,"W"
"SUWS016320","Polk","Anderson, Derek S.",36,"N",16,"W"
"SUWS016321","Polk","Anderson, Derek S.",36,"N",19,"W"
"SUWS016322","Douglas","Anderson, Derek S.",49,"N",13,"W"
"SUWS016323","Douglas","Anderson, Derek S.",49,"N",13,"W"
"SUWS016324","Douglas","Anderson, Derek S.",45," N",15,"W"
"SUWS016325","Douglas","Anderson, Derek S.",45," N",15,"W"
"SUWS016326","Polk","Anderson, Derek S.",33,"N",17,"W"
"SUWS016327","Polk","Anderson, Derek S.",33,"N",17,"W"
"SUWS016328","Polk","Anderson, Derek S.",33,"N",17,"W"
"SUWS016329","Polk","Anderson, Derek S.",33,"N",17,"W"
"SUWS016330","Polk","Anderson, Derek S.",33,"N",17,"W"
"SUWS016331","Polk","Anderson, Derek S.",33,"N",17,"W"
"SUWS016332","Polk","Anderson, Derek S.",33,"N",17,"W"
"SUWS016333","Polk","Anderson, Derek S.",33,"N",17,"W"
"SUWS016334","Polk","Anderson, Derek S.",NA,NA,NA,NA
"SUWS016335","Polk","Anderson, Derek S.",33,"N",17,"W"
"SUWS016336","Polk","Anderson, Derek S.",33,"N",17,"W"
"SUWS016337","Polk","Anderson, Derek S.",33,"N",17,"W"
"SUWS016338","Polk","Anderson, Derek S.",33,"N",17,"W"
"SUWS016339","Polk","Anderson, Derek S.",33,"N",17,"W"
"SUWS016340","Polk","Anderson, Derek S.",33,"N",17,"W"
"SUWS016341","Polk","Anderson, Derek S.",33,"N",17,"W"
"SUWS016342","Polk","Anderson, Derek S.",33,"N",17,"W"
"SUWS016343","Douglas","Anderson, Derek S.",49,"N",13,"W"
"SUWS016344","Polk","Anderson, Derek S.",33,"N",17,"W"
"SUWS016345","Polk","Anderson, Derek S.",33,"N",17,"W"
"SUWS016346","Polk","Anderson, Derek S.",32,"N",19,"W"
"SUWS016347","Polk","Anderson, Derek S.",33,"N",17,"W"
"SUWS016348","Polk","Anderson, Derek S.",33,"N",17,"W"
"SUWS016349","Polk","Anderson, Derek S.",33,"N",17,"W"
"SUWS016350","Polk","Anderson, Derek S.",36,"N",16,"W"
"SUWS016351","Polk","Anderson, Derek S.",33,"N",17,"W"
"SUWS016352","Polk","Anderson, Derek S.",33,"N",17,"W"
"SUWS016353","Polk","Anderson, Derek S.",33,"N",17,"W"
"SUWS016354","Polk","Anderson, Derek S.",33,"N",17,"W"
"SUWS016355","Polk","Anderson, Derek S.",33,"N",17,"W"
"SUWS016356","Polk","Anderson, Derek S.",35,"N",19,"W"
"SUWS016357","Polk","Anderson, Derek S.",33,"N",17,"W"
"SUWS016358","Polk","Anderson, Derek S.",33,"N",17,"W"
"SUWS016359","Polk","Anderson, Derek S.",33,"N",17,"W"
"SUWS016360","Polk","Anderson, Derek S.",33,"N",17,"W"
"SUWS016361","Polk","Anderson, Derek S.",33,"N",17,"W"
"SUWS016362","Polk","Anderson, Derek S.",32,"N",19,"W"
"SUWS016363","Polk","Anderson, Derek S.",33,"N",17,"W"
"SUWS016365","Polk","Anderson, Derek S.",33,"N",17,"W"
"SUWS016366","Polk","Anderson, Derek S.",33,"N",17,"W"
"SUWS016367","Polk","Anderson, Derek S.",33,"N",17,"W"
"SUWS016368","Polk","Anderson, Derek S.",33,"N",17,"W"
"SUWS016369","Polk","Anderson, Derek S.",33,"N",17,"W"
"SUWS016370","Polk","Anderson, Derek S.",36,"N",16,"W"
"SUWS016371","Polk","Anderson, Derek S.",36,"N",16,"W"
"SUWS016372","Polk","Anderson, Derek S.",36,"N",16,"W"
"SUWS016373","Polk","Anderson, Derek S.",33,"N",17,"W"
"SUWS016374","Polk","Anderson, Derek S.",33,"N",17,"W"
"SUWS016375","Polk","Anderson, Derek S.",36,"N",16,"W"
"SUWS016376","Polk","Anderson, Derek S.",33,"N",17,"W"
"SUWS016377","Polk","Anderson, Derek S.",33,"N",17,"W"
"SUWS016378","Polk","Anderson, Derek S.",32,"N",19,"W"
"SUWS016379","Polk","Anderson, Derek S.",33,"N",17,"W"
"SUWS016380","Polk","Anderson, Derek S.",33,"N",17,"W"
"SUWS016381","Polk","Anderson, Derek S.",33,"N",17,"W"
"SUWS016382","Polk","Anderson, Derek S.",36,"N",16,"W"
"SUWS016383","Polk","Anderson, Derek S.",33,"N",17,"W"
"SUWS016384","Polk","Anderson, Derek S.",33,"N",17,"W"
"SUWS016385","Polk","Anderson, Derek S.",33,"N",17,"W"
"SUWS016386","Polk","Anderson, Derek S.",33,"N",17,"W"
"SUWS016387","Polk","Anderson, Derek S.",33,"N",17,"W"
"SUWS016388","Polk","Anderson, Derek S.",33,"N",17,"W"
"SUWS016389","Polk","Anderson, Derek S.",33,"N",17,"W"
"SUWS016390","Polk","Anderson, Derek S.",33,"N",17,"W"
"SUWS016391","Polk","Anderson, Derek S.",33,"N",17,"W"
"SUWS016392","Polk","Anderson, Derek S.",33,"N",17,"W"
"SUWS016393","Polk","Anderson, Derek S.",33,"N",17,"W"
"SUWS016394","Polk","Anderson, Derek S.",33,"N",17,"W"
"SUWS016395","Polk","Anderson, Derek S.",33,"N",17,"W"
"SUWS016396","Polk","Anderson, Derek S.",33,"N",17,"W"
"SUWS016397","Polk","Anderson, Derek S.",33,"N",17,"W"
"SUWS016398","Douglas","Anderson, Derek S.",49,"N",13,"W"
"SUWS016399","Polk","Anderson, Derek S.",33,"N",17,"W"
"SUWS016400","Polk","Anderson, Derek S.",36,"N",19,"W"
"SUWS016401","Polk","Anderson, Derek S.",33,"N",17,"W"
"SUWS016402","Polk","Anderson, Derek S.",33,"N",17,"W"
"SUWS016403","Polk","Anderson, Derek S.",36,"N",19,"W"
"SUWS016404","Polk","Anderson, Derek S.",36,"N",16,"W"
"SUWS016405","Polk","Anderson, Derek S.",33,"N",17,"W"
"SUWS016406","Polk","Anderson, Derek S.",33,"N",17,"W"
"SUWS016407","Polk","Anderson, Derek S.",33,"N",17,"W"
"SUWS016408","Polk","Anderson, Derek S.",33,"N",17,"W"
"SUWS016409","Polk","Anderson, Derek S.",33,"N",18,"W"
"SUWS016410","Polk","Anderson, Derek S.",33,"N",17,"W"
"SUWS016411","Polk","Anderson, Derek S.",33,"N",17,"W"
"SUWS016412","Polk","Anderson, Derek S.",36,"N",16,"W"
"SUWS016413","Polk","Anderson, Derek S.",33,"N",18,"W"
"SUWS016414","Polk","Anderson, Derek S.",33,"N",17,"W"
"SUWS016415","Polk","Anderson, Derek S.",33,"N",17,"W"
"SUWS016416","Polk","Anderson, Derek S.",33,"N",17,"W"
"SUWS016417","Polk","Anderson, Derek S.",33,"N",17,"W"
"SUWS016418","Polk","Anderson, Derek S.",33,"N",17,"W"
"SUWS016419","Polk","Anderson, Derek S.",36,"N",16,"W"
"SUWS016420","Polk","Anderson, Derek S.",36,"N",16,"W"
"SUWS016421","Polk","Anderson, Derek S.",36,"N",16,"W"
"SUWS016422","Polk","Anderson, Derek S.",36,"N",16,"W"
"SUWS016423","Polk","Anderson, Derek S.",36,"N",19,"W"
"SUWS016424","Polk","Anderson, Derek S.",36,"N",19,"W"
"SUWS016425","Polk","Anderson, Derek S.",36,"N",19,"W"
"SUWS016426","Polk","Anderson, Derek S.",36,"N",20,"W"
"SUWS016427","Polk","Anderson, Derek S.",36,"N",20,"W"
"SUWS016428","Polk","Anderson, Derek S.",36,"N",20,"W"
"SUWS016429","Polk","Anderson, Derek S.",36,"N",20,"W"
"SUWS016430","Polk","Anderson, Derek S.",36,"N",20,"W"
"SUWS016431","Polk","Anderson, Derek S.",36,"N",20,"W"
"SUWS016432","Polk","Anderson, Derek S.",36,"N",20,"W"
"SUWS016433","Polk","Anderson, Derek S.",36,"N",20,"W"
"SUWS016434","Polk","Anderson, Derek S.",33,"N",17,"W"
"SUWS016435","Polk","Anderson, Derek S.",33,"N",17,"W"
"SUWS016436","Polk","Anderson, Derek S.",33,"N",17,"W"
"SUWS016437","Polk","Anderson, Derek S.",33,"N",17,"W"
"SUWS016438","Polk","Anderson, Derek S.",33,"N",17,"W"
"SUWS016439","Douglas","Anderson, Derek S.",49,"N",13,"W"
"SUWS016440","Douglas","Anderson, Derek S.",49,"N",13,"W"
"SUWS016441","Polk","Anderson, Derek S.",33,"N",17,"W"
"SUWS016442","Polk","Anderson, Derek S.",33,"N",17,"W"
"SUWS016443","Polk","Anderson, Derek S.",36,"N",19,"W"
"SUWS016444","Polk","Anderson, Derek S.",33,"N",17,"W"
"SUWS016445","Polk","Anderson, Derek S.",36,"N",16,"W"
"SUWS016446","Polk","Anderson, Derek S.",36,"N",16,"W"
"SUWS016447","Polk","Anderson, Derek S.",36,"N",20,"W"
"SUWS016448","Polk","Anderson, Derek S.",36,"N",20,"W"
"SUWS016449","Polk","Anderson, Derek S.",36,"N",16,"W"
"SUWS016450","Polk","Anderson, Derek S.",36,"N",19,"W"
"SUWS016451","Polk","Anderson, Derek S.",36,"N",19,"W"
"SUWS016452","Polk","Anderson, Derek S.",36,"N",19,"W"
"SUWS016453","Polk","Anderson, Derek S.",36,"N",20,"W"
"SUWS016454","Polk","Anderson, Derek S.",36,"N",20,"W"
"SUWS016455","Polk","Anderson, Derek S.",33,"N",17,"W"
"SUWS016456","Polk","Anderson, Derek S.",33,"N",17,"W"
"SUWS016457","Polk","Anderson, Derek S.",33,"N",17,"W"
"SUWS016458","Polk","Anderson, Derek S.",33,"N",17,"W"
"SUWS016459","Polk","Anderson, Derek S.",36,"N",19,"W"
"SUWS016460","Douglas","Anderson, Derek S.",49,"N",13,"W"
"SUWS016461","Polk","Anderson, Derek S.",33,"N",17,"W"
"SUWS016462","Polk","Anderson, Derek S.",33,"N",17,"W"
"SUWS016463","Polk","Anderson, Derek S.",33,"N",17,"W"
"SUWS016464","Polk","Anderson, Derek S.",33,"N",17,"W"
"SUWS016465","Polk","Anderson, Derek S.",33,"N",17,"W"
"SUWS016466","Polk","Anderson, Derek S.",33,"N",17,"W"
"SUWS016467","Polk","Anderson, Derek S.",33,"N",17,"W"
"SUWS016468","Polk","Anderson, Derek S.",33,"N",17,"W"
"SUWS016469","Polk","Anderson, Derek S.",33,"N",17,"W"
"SUWS016470","Douglas","Anderson, Derek S.",45," N",15,"W"
"SUWS016471","Polk","Anderson, Derek S.",33,"N",17,"W"
"SUWS016472","Polk","Anderson, Derek S.",36,"N",20,"W"
"SUWS016473","Polk","Anderson, Derek S.",33,"N",17,"W"
"SUWS016474","Douglas","Neely, Chuck",49,"N",13,"W"
"SUWS016475","Douglas","Neely, Chuck",49,"N",13,"W"
"SUWS016476","Douglas","Neely, Chuck",49,"N",13,"W"
"SUWS016477","Douglas","Neely, Chuck",49,"N",13,"W"
"SUWS016478","Douglas","Neely, Chuck",49,"N",13,"W"
"SUWS016479","Douglas","Neely, Chuck",49,"N",13,"W"
"SUWS016480","Douglas","Neely, Chuck",49,"N",13,"W"
"SUWS016481","Douglas","Buman, Sarah",49,"N",14,"W"
"SUWS016482","Douglas","Anderson, Lisa",49,"N",13,"W"
"SUWS016483","Bayfield","Anderson, Lisa",50,"N",8,"W"
"SUWS016484","Douglas","Buman, Sarah",49,"N",14,"W"
"SUWS016485","Douglas","Buman, Sarah",49,"N",14,"W"
"SUWS016487","Douglas","Buman, Sarah",49,"N",14,"W"
"SUWS016488","Douglas","Buman, Sarah",49,"N",14,"W"
"SUWS016489","Douglas","Buman, Sarah",49,"N",14,"W"
"SUWS016490","Douglas","Buman, Sarah",49,"N",14,"W"
"SUWS016491","Douglas","Buman, Sarah",49,"N",14,"W"
"SUWS016492","Douglas","Buman, Sarah",47,"N",15,"W"
"SUWS016493","Douglas","Buman, Sarah",47,"N",15,"W"
"SUWS016494","Douglas","Buman, Sarah",47,"N",15,"W"
"SUWS016495","Douglas","Buman, Sarah",47,"N",15,"W"
"SUWS016496","Bayfield","Anderson, Lisa",50,"N",8,"W"
"SUWS016497","Bayfield","Anderson, Lisa",50,"N",8,"W"
"SUWS016498","Bayfield","Anderson, Lisa",50,"N",8,"W"
"SUWS016499","Bayfield","Anderson, Lisa",50,"N",8,"W"
"SUWS016500","Bayfield","Anderson, Lisa",50,"N",8,"W"
"SUWS016501","Bayfield","Anderson, Lisa",50,"N",8,"W"
"SUWS016502","Bayfield","Anderson, Lisa",50,"N",8,"W"
"SUWS016503","Bayfield","Anderson, Lisa",50,"N",8,"W"
"SUWS016504","Bayfield","Anderson, Lisa",50,"N",8,"W"
"SUWS016505","Bayfield","Anderson, Lisa",50,"N",8,"W"
"SUWS016506","Bayfield","Anderson, Lisa",50,"N",8,"W"
"SUWS016507","Bayfield","Anderson, Lisa",50,"N",8,"W"
"SUWS016508","Bayfield","Anderson, Lisa",50,"N",8,"W"
"SUWS016509","Bayfield","Anderson, Lisa",50,"N",8,"W"
"SUWS016510","Bayfield","Anderson, Lisa",50,"N",8,"W"
"SUWS016511","Bayfield","Anderson, Lisa",50,"N",8,"W"
"SUWS016512","Douglas","Anderson, Lisa",49,"N",13,"W"
"SUWS016513","Bayfield","Anderson, Lisa",50,"N",8,"W"
"SUWS016514","Bayfield","Anderson, Lisa",50,"N",8,"W"
"SUWS016515","Bayfield","Anderson, Lisa",50,"N",8,"W"
"SUWS016516","Bayfield","Anderson, Lisa",50,"N",8,"W"
"SUWS016517","Bayfield","Anderson, Lisa",50,"N",8,"W"
"SUWS016518","Douglas","Anderson, Lisa",49,"N",13,"W"
"SUWS016519","Douglas","Anderson, Lisa",49,"N",13,"W"
"SUWS016520","Bayfield","Anderson, Lisa",50,"N",8,"W"
"SUWS016521","Bayfield","Anderson, Lisa",50,"N",8,"W"
"SUWS016522","Douglas","Anderson, Lisa",49,"N",13,"W"
"SUWS016523","Bayfield","Anderson, Lisa",50,"N",8,"W"
"SUWS016524","Bayfield","Anderson, Lisa",50,"N",8,"W"
"SUWS016525","Bayfield","Anderson, Lisa",50,"N",8,"W"
"SUWS016526","Bayfield","Anderson, Lisa",50,"N",8,"W"
"SUWS016527","Bayfield","Anderson, Lisa",50,"N",8,"W"
"SUWS016528","Bayfield","Anderson, Lisa",50,"N",8,"W"
"SUWS016529","Bayfield","Anderson, Lisa",50,"N",8,"W"
"SUWS016530","Bayfield","Anderson, Lisa",50,"N",8,"W"
"SUWS016531","Bayfield","Anderson, Lisa",50,"N",8,"W"
"SUWS016532","Bayfield","Anderson, Lisa",50,"N",8,"W"
"SUWS016533","Bayfield","Anderson, Lisa",50,"N",8,"W"
"SUWS016534","Bayfield","Anderson, Lisa",50,"N",8,"W"
"SUWS016535","Bayfield","Anderson, Lisa",50,"N",8,"W"
"SUWS016536","Bayfield","Anderson, Lisa",50,"N",8,"W"
"SUWS016537","Bayfield","Anderson, Lisa",50,"N",8,"W"
"SUWS016538","Bayfield","Anderson, Lisa",50,"N",8,"W"
"SUWS016539","Bayfield","Anderson, Lisa",50,"N",8,"W"
"SUWS016540","Bayfield","Anderson, Lisa",50,"N",8,"W"
"SUWS016541","Bayfield","Anderson, Lisa",50,"N",8,"W"
"SUWS016542","Bayfield","Anderson, Lisa",50,"N",8,"W"
"SUWS016543","Bayfield","Anderson, Lisa",50,"N",8,"W"
"SUWS016544","Bayfield","Anderson, Lisa",50,"N",8,"W"
"SUWS016545","Bayfield","Anderson, Lisa",50,"N",8,"W"
"SUWS016546","Bayfield","Anderson, Lisa",50,"N",8,"W"
"SUWS016547","Douglas","Ribich, Joel",49,"N",14,"W"
"SUWS016548","Douglas","Ribich, Joel",49,"N",14,"W"
"SUWS016549","Douglas","Ribich, Joel",49,"N",14,"W"
"SUWS016550","Douglas","Ribich, Joel",49,"N",14,"W"
"SUWS016551","Douglas","Ribich, Joel",49,"N",14,"W"
"SUWS016552","Douglas","Ribich, Joel",49,"N",14,"W"
"SUWS016553","Douglas","Ribich, Joel",49,"N",14,"W"
"SUWS016554","Douglas","Ribich, Joel",49,"N",14,"W"
"SUWS016555","Douglas","Ribich, Joel",49,"N",14,"W"
"SUWS016556","Douglas","Ribich, Joel",49,"N",14,"W"
"SUWS016558","Bayfield","Hoagland, Beth A.",50,"N",8,"W"
"SUWS016559","Bayfield","Hoagland, Beth A.",50,"N",8,"W"
"SUWS016560","Bayfield","Hoagland, Beth A.",50,"N",8,"W"
"SUWS016561","Washington","Hoagland, Beth A.",12,"N",20,"E"
"SUWS016562","Bayfield","Hoagland, Beth A.",50,"N",8,"W"
"SUWS016563","Bayfield","Hoagland, Beth A.",50,"N",8,"W"
"SUWS016564","Bayfield","Hoagland, Beth A.",50,"N",8,"W"
"SUWS016565","Douglas","Hoagland, Beth A.",49,"N",13,"W"
"SUWS016566","Bayfield","Hoagland, Beth A.",50,"N",8,"W"
"SUWS016567","Douglas","Hoagland, Beth A.",49,"N",13,"W"
"SUWS016568","Bayfield","Hoagland, Beth A.",50,"N",8,"W"
"SUWS016569","Bayfield","Hoagland, Beth A.",50,"N",8,"W"
"SUWS016570","Bayfield","Hoagland, Beth A.",50,"N",8,"W"
"SUWS016576","Douglas","Brandt, Jessica",49,"N",14,"W"
"SUWS016581","Douglas","Pearson, Tyrus",47,"N",13,"W "
"SUWS016582","Douglas","Pearson, Tyrus",47,"N",13,"W"
"SUWS016583","Douglas","Rogers, Michele",49,"N",14,"W"
"SUWS016585","Bayfield","Hoagland, Beth A.",50,"N",8,"W"
"SUWS016587","Douglas","Hoagland, Beth A.",49,"N",13,"W"
"SUWS016588","Douglas","Hoagland, Beth A.",49,"N",13,"W"
"SUWS016590","Douglas","Pearson, Tyrus",47,"N",13,"W "
"SUWS016591","Douglas","Benson, Robert J.W.",49,"N",13,"W"
"SUWS016592","Douglas","Rogers, Michele",49,"N",14,"W"
"SUWS016593","Douglas","Rogers, Michele",49,"N",14,"W"
"SUWS016594","Douglas","Rogers, Michele",49,"N",14,"W"
"SUWS016595","Douglas","Rogers, Michele",49,"N",14,"W"
"SUWS016596","Douglas","Benson, Robert J.W.",48,"N",14,"W"
"SUWS016597","Douglas","Benson, Robert J.W.",49,"N",14,"W"
"SUWS016598","Douglas","Benson, Robert J.W.",48,"N",14,"W"
"SUWS016600","Douglas","Brandt, Jessica",49,"N",13,"W"
"SUWS016601","Douglas","Benson, Robert J.W.",49,"N",13,"W"
"SUWS016602","Douglas","Benson, Robert J.W.",47,"N",14,"W"
"SUWS016603","Douglas","Benson, Robert J.W.",47,"N",14,"W"
"SUWS016604","Douglas","Benson, Robert J.W.",49,"N",14,"W"
"SUWS016605","Douglas","Benson, Robert J.W.",49,"N",14,"W"
"SUWS016606","Douglas","Benson, Robert J.W.",49,"N",14,"W"
"SUWS016607","Douglas","Benson, Robert J.W.",49,"N",14,"W"
"SUWS016608","Douglas","Benson, Robert J.W.",49,"N",14,"W"
"SUWS016610","Douglas","Benson, Robert J.W.",49,"N",14,"W"
"SUWS016611","Douglas","Benson, Robert J.W.",48,"N",14,"W"
"SUWS016612","Douglas","Benson, Robert J.W.",49,"N",14,"W"
"SUWS016620","Douglas","Brandt, Jessica",49,"N",14,"W"
"SUWS016627","Douglas","Leverington, Chris",49,"N",14,"W"
"SUWS016628","Douglas","Leverington, Chris",49,"N",14,"W"
"SUWS016629","Douglas","Johnson, Jamie",49,"N",14,"W"
"SUWS016630","Douglas","Johnson, Jamie",NA,NA,NA,NA
"SUWS016632","Douglas","Brandt, Jessica",49,"N",13,"W"
"SUWS016633","Douglas","Brandt, Jessica",49,"N",14,"W"
"SUWS016634","Rusk","Verdegan, Joseph",NA,NA,NA,NA
"SUWS016635","Douglas","Main, Jonathan",46,"N",15,"W"
"SUWS016636","Douglas","Brandt, Jessica",49,"N",13,"W"
"SUWS016637","Douglas","Brandt, Jessica",49,"N",13,"W"
"SUWS016638","Douglas","Brandt, Jessica",49,"N",14,"W"
"SUWS016639","Douglas","Brandt, Jessica",49,"N",13,"W"
"SUWS016641","Douglas","Pearson, Tyrus",NA,NA,NA,NA
"SUWS016642","Douglas","Pearson, Tyrus",NA,NA,NA,NA
"SUWS016643","Douglas","Pearson, Tyrus",49,"N",14,"W"
"SUWS016644","Douglas","Pearson, Tyrus",NA,NA,NA,NA
"SUWS016645","Douglas","Pearson, Tyrus",NA,NA,NA,NA
"SUWS016646","Douglas","Pearson, Tyrus",NA,NA,NA,NA
"SUWS016647","Douglas","Pearson, Tyrus",49,"N",14,"W"
"SUWS016648","Douglas","Pearson, Tyrus",49,"N",14,"W"
"SUWS016649","Douglas","Pearson, Tyrus",49,"N",14,"W"
"SUWS016650","Douglas","Pearson, Tyrus",49,"N",14,"W"
"SUWS016651","Douglas","Dahl, Nathan",49,"N",14,"W"
"SUWS016653","Douglas","Dahl, Nathan",49,"N",14,"W"
"SUWS016657","Douglas","Dahl, Nathan",49,"N",14,"W"
"SUWS016658","Douglas","Dahl, Nathan",49,"N",14,"W"
"SUWS016659","Douglas","Dahl, Nathan",49,"N",14,"W"
"SUWS016660","Douglas","Dahl, Nathan",49,"N",14,"W"
"SUWS016661","Douglas","Main, Jonathan",49,"N",14,"W"
"SUWS016662","Douglas","Pearson, Tyrus",49,"N",14,"W"
"SUWS016664","Douglas","Moullette, Elyse",48,"N",15,"W"
"SUWS016666","Douglas","Gunaratna, Lasitha",49,"N",14,"W"
"SUWS016667","Douglas","Stack, Anne",49,"N",14,"W"
"SUWS016672","Douglas","Ribich, Karissa Louise",49,"N",14,"W"
"SUWS016673","Douglas","Ribich, Karissa Louise",49,"N",14,"W"
"SUWS016674","Douglas","Ribich, Karissa Louise",49,"N",14,"W"
"SUWS016676","Douglas","Roth, Jessica",49,"N",13,"W"
"SUWS016677","Douglas","Roth, Jessica",46,"N",15,"W"
"SUWS016678","Douglas","Roth, Jessica",46,"N",15,"W"
"SUWS016680","Douglas","Roth, Jessica",46,"N",15,"W"
"SUWS016681","Douglas","Roth, Jessica",46,"N",15,"W"
"SUWS016682","Douglas","Roth, Jessica",46,"N",15,"W"
"SUWS016684","Douglas","Roth, Jessica",49,"N",14,"W"
"SUWS016685","Douglas","Rogers, Michele",49,"N",14,"W"
"SUWS016686","Douglas","Rogers, Michele",49,"N",14,"W"
"SUWS016687","Douglas","Rogers, Michele",47,"N",10,"W"
"SUWS016688","Douglas","Rogers, Michele",47,"N",10,"W"
"SUWS016689","Douglas","Rogers, Michele",47,"N",10,"W"
"SUWS016690","Douglas","Rogers, Michele",47,"N",10,"W"
"SUWS016691","Douglas","Rogers, Michele",47,"N",10,"W"
"SUWS016692","Douglas","Rogers, Michele",47,"N",10,"W"
"SUWS016693","Douglas","Rogers, Michele",49,"N",13,"W"
"SUWS016694","Douglas","Rogers, Michele",49,"N",13,"W"
"SUWS016695","Douglas","Pearson, Tyrus",49,"N",14,"W"
"SUWS016696","Douglas","Pearson, Tyrus",49,"N",14,"W"
"SUWS016697","Douglas","Pearson, Tyrus",49,"N",14,"W"
"SUWS016698","Douglas","Pearson, Tyrus",49,"N",14,"W"
"SUWS016700","Douglas","Dahl, Nathan",49,"N",14,"W"
"SUWS016702","Douglas","Pearson, Tyrus",49,"N",14,"W"
"SUWS016704","Douglas","Pearson, Tyrus",NA,NA,NA,NA
"SUWS016705","Douglas","Pearson, Tyrus",NA,NA,NA,NA
"SUWS016706","Douglas","Pearson, Tyrus",NA,NA,NA,NA
"SUWS016707","Douglas","Pearson, Tyrus",49,"N",14,"W"
"SUWS016708","Douglas","Pearson, Tyrus",NA,NA,NA,NA
"SUWS016709","Douglas","Pearson, Tyrus",49,"N",14,"W"
"SUWS016710","Douglas","Main, Jonathan",46,"N",15,"W"
"SUWS016711","Douglas","Main, Jonathan",NA,NA,NA,NA
"SUWS016713","Douglas","Singhurst, Cary",49,"N",13,"W"
"SUWS016714","Oneida","Singhurst, Cary",NA,NA,NA,NA
"SUWS016715","Douglas","Davidson, Donald W.",45,"N",15,"W"
"SUWS016716","Douglas","Davidson, Donald W.",45,"N",15,"W"
"SUWS016717","Douglas","Davidson, Donald W.",45,"N",15,"W"
"SUWS016718","Ashland","Davidson, Donald W.",52,"N",2,"W"
"SUWS016719","Bayfield","Davidson, Donald W.",50,"N",4,"W"
"SUWS016720","Ashland","Davidson, Donald W.",52,"N",2,"W"
"SUWS016721","Ashland","Davidson, Donald W.",52,"N",2,"W"
"SUWS016722","Ashland","Davidson, Donald W.",52,"N",2,"W"
"SUWS016723","Ashland","Davidson, Donald W.",52,"N",2,"W"
"SUWS016724","Douglas","Anderson, Derek S.",46,"N",12,"W"
"SUWS016725","Douglas","Anderson, Derek S.",47,"N",14,"W"
"SUWS016726","Douglas","Anderson, Derek S.",47,"N",14,"W"
"SUWS016727","Douglas","Anderson, Derek S.",47,"N",14,"W"
"SUWS016728","Douglas","Anderson, Derek S.",47,"N",14,"W"
"SUWS016729","Douglas","Anderson, Derek S.",47,"N",14,"W"
"SUWS016730","Polk","Anderson, Derek S.",33,"N",17,"W"
"SUWS016731","Vilas","Anderson, Derek S.",42,"N",5,"E"
"SUWS016732","Vilas","Anderson, Derek S.",42,"N",5,"E"
"SUWS016733","Vilas","Anderson, Derek S.",42,"N",5,"E"
"SUWS016734","Langlade","Anderson, Derek S.",33,"N",10,"E"
"SUWS016735","Langlade","Anderson, Derek S.",33,"N",10,"E"
"SUWS016736","Langlade","Anderson, Derek S.",33,"N",10,"E"
"SUWS016737","Douglas","Anderson, Derek S.",47,"N",14,"W"
"SUWS016738","Douglas","Anderson, Derek S.",47,"N",14,"W"
"SUWS016739","Douglas","Anderson, Derek S.",47,"N",14,"W"
"SUWS016740","Douglas","Anderson, Derek S.",47,"N",14,"W"
"SUWS016741","Douglas","Anderson, Derek S.",47,"N",14,"W"
"SUWS016742","Douglas","Anderson, Derek S.",47,"N",14,"W"
"SUWS016743","Douglas","Anderson, Derek S.",47,"N",14,"W"
"SUWS016744","Douglas","Anderson, Derek S.",47,"N",14,"W"
"SUWS016745","Douglas","Anderson, Derek S.",47,"N",14,"W"
"SUWS016746","Douglas","Anderson, Derek S.",47,"N",14,"W"
"SUWS016747","Douglas","Anderson, Derek S.",47,"N",14,"W"
"SUWS016748","Douglas","Anderson, Derek S.",47,"N",14,"W"
"SUWS016749","Douglas","Anderson, Derek S.",47,"N",14,"W"
"SUWS016750","Douglas","Anderson, Derek S.",47,"N",14,"W"
"SUWS016751","Douglas","Anderson, Derek S.",47,"N",14,"W"
"SUWS016752","Douglas","Anderson, Derek S.",47,"N",14,"W"
"SUWS016753","Douglas","Anderson, Derek S.",47,"N",14,"W"
"SUWS016754","Oneida","Anderson, Derek S.",NA,NA,NA,NA
"SUWS016755","Langlade","Anderson, Derek S.",33,"N",10,"E"
"SUWS016756","Douglas","Anderson, Derek S.",47,"N",14,"W"
"SUWS016757","Douglas","Anderson, Derek S.",47,"N",14,"W"
"SUWS016758","Douglas","Anderson, Derek S.",47,"N",14,"W"
"SUWS016759","Douglas","Anderson, Derek S.",47,"N",14,"W"
"SUWS016760","Douglas","Anderson, Derek S.",47,"N",14,"W"
"SUWS016761","Douglas","Anderson, Derek S.",47,"N",14,"W"
"SUWS016762","Douglas","Anderson, Derek S.",47,"N",15,"W"
"SUWS016763","Douglas","Anderson, Derek S.",47,"N",14,"W"
"SUWS016764","Manitowoc","Anderson, Derek S.",21,"N",22,"E"
"SUWS016765","Manitowoc","Anderson, Derek S.",NA,NA,NA,NA
"SUWS016766","Langlade","Anderson, Derek S.",33,"N",10,"E"
"SUWS016767","Vilas","Anderson, Derek S.",42,"N",5,"E"
"SUWS016768","Langlade","Anderson, Derek S.",33,"N",10,"E"
"SUWS016769","Langlade","Anderson, Derek S.",33,"N",10,"E"
"SUWS016770","Langlade","Anderson, Derek S.",33,"N",10,"E"
"SUWS016771","Douglas","Anderson, Derek S.",47,"N",14,"W"
"SUWS016772","Douglas","Wershofen, Justin",49,"N",14,"W"
"SUWS016773","Douglas","Wershofen, Justin",49,"N",13,"W"
"SUWS016774","Rusk","Verdegan, Joseph",35,"N",6,"W"
"SUWS016775","Douglas","Verdegan, Joseph",46,"N",15,"W"
"SUWS016776","Douglas","Wershofen, Justin",49,"N",13,"W"
"SUWS016777","Forest","Kopetzky, Jonathan",34,"N",13,"E"
"SUWS016778","Forest","Kopetzky, Jonathan",34,"N",13,"E"
"SUWS016779","Douglas","Kopetzky, Jonathan",46,"N",15,"W"
"SUWS016780","Douglas","Kopetzky, Jonathan",49,"N",14,"W"
"SUWS016781","Douglas","Schlapper, Matt",49,"N",14,"W"
"SUWS016782","Douglas","Schlapper, Matt",48,"N",10,"W"
"SUWS016783","Douglas","Jurkowski, Melissa",NA,NA,NA,NA
"SUWS016784","Douglas","Jurkowski, Melissa",NA,NA,NA,NA
"SUWS016785","Douglas","Roth, Jessica",49,"N",14,"W"
"SUWS016786","Douglas","Roth, Jessica",49,"N",14,"W"
"SUWS016787","Forest","Roth, Jessica",34,"N",13,"E"
"SUWS016788","Forest","Roth, Jessica",34,"N",13,"E"
"SUWS016789","Rusk","Verdegan, Joseph",36,"N",6,"W"
"SUWS016790","Rusk","Verdegan, Joseph",35,"N",6,"W"
"SUWS016791","Rusk","Verdegan, Joseph",35,"N",6,"W"
"SUWS016792","Rusk","Verdegan, Joseph",35,"N",6,"W"
"SUWS016823","Polk","Anderson, Derek S.",33,"N",17,"W"
"SUWS016824","Douglas","Moullette, Elyse",47,"N",15,"W"
"SUWS016826","Douglas","Schlapper, Matt",49,"N",10,"W"
"SUWS016827","Langlade","Anderson, Derek S.",33,"N",10,"E"
"SUWS016829","Douglas","Tanton, Corey",49,"N",14,"W"
"SUWS016830","Douglas","Tanton, Corey",49,"N",14,"W"
"SUWS016831","Douglas","Tanton, Corey",49,"N",14,"W"
"SUWS016832","Douglas","Tanton, Corey",49,"N",14,"W"
"SUWS016833","Douglas","Tanton, Corey",49,"N",14,"W"
"SUWS016834","Douglas","Tanton, Corey",48,"N",12,"W"
"SUWS016835","Douglas","Tanton, Corey",48,"N",12,"W"
"SUWS016836","Douglas","Tanton, Corey",49,"N",14,"W"
"SUWS016837","Douglas","Tanton, Corey",49,"N",14,"W"
"SUWS016838","Douglas","Tanton, Corey",49,"N",14,"W"
"SUWS016839","Douglas","Tanton, Corey",49,"N",14,"W"
"SUWS016840","Douglas","Tanton, Corey",49,"N",14,"W"
"SUWS016841","Douglas","Tanton, Corey",49,"N",13,"W"
"SUWS016842","Douglas","Tanton, Corey",49,"N",14,"W"
"SUWS016843","Douglas","Tanton, Corey",48,"N",12,"W"
"SUWS016844","Douglas","Tanton, Corey",49,"N",13,"W"
"SUWS016845","Douglas","Tanton, Corey",49,"N",13,"W"
"SUWS016846","Douglas","Tanton, Corey",49,"N",13,"W"
"SUWS016847","Douglas","Tanton, Corey",48,"N",12,"W"
"SUWS016848","Douglas","Tanton, Corey",49,"N",14,"W"
"SUWS016849","Douglas","Tanton, Corey",49,"N",13,"W"
"SUWS016850","Douglas","Tanton, Corey",49,"N",13,"W"
"SUWS016851","Douglas","Tanton, Corey",49,"N",13,"W"
"SUWS016852","Douglas","Tanton, Corey",49,"N",13,"W"
"SUWS016853","Douglas","Tanton, Corey",49,"N",13,"W"
"SUWS016854","Douglas","Tanton, Corey",49,"N",13,"W"
"SUWS016855","Douglas","Tanton, Corey",49,"N",13,"W"
"SUWS016856","Douglas","Tanton, Corey",48,"N",12,"W"
"SUWS016857","Douglas","Tanton, Corey",48,"N",12,"W"
"SUWS016858","Douglas","Tanton, Corey",48,"N",12,"W"
"SUWS016859","Douglas","Tanton, Corey",49,"N",14,"W"
"SUWS016860","Douglas","Tanton, Corey",49,"N",14,"W"
"SUWS016861","Douglas","Tanton, Corey",49,"N",14,"W"
"SUWS016862","Douglas","Tanton, Corey",49,"N",14,"W"
"SUWS016863","Douglas","Tanton, Corey",49,"N",14,"W"
"SUWS016864","Douglas","Tanton, Corey",49,"N",14,"W"
"SUWS016865","Douglas","Tanton, Corey",49,"N",14,"W"
"SUWS016866","Douglas","Tanton, Corey",49,"N",14,"W"
"SUWS016867","Douglas","Tanton, Corey",49,"N",13,"W"
"SUWS016868","Douglas","Tanton, Corey",49,"N",14,"W"
"SUWS016869","Douglas","Neely, Chuck",49,"N",13,"W"
"SUWS016870","Douglas","Neely, Chuck",49,"N",13,"W"
"SUWS016871","Douglas","Neely, Chuck",49,"N",13,"W"
"SUWS016872","Douglas","Tanton, Corey",49,"N",13,"W"
"SUWS016873","Douglas","Tanton, Corey",49,"N",14,"W"
"SUWS016874","Barron","Larson, Bradley B.",35,"N",11,"W"
"SUWS016875","Douglas","Tanton, Corey",48,"N",12,"W"
"SUWS016876","Douglas","Larson, Bradley B.",49,"N",14,"W"
"SUWS016877","Douglas","Larson, Bradley B.",49,"N",14,"W"
"SUWS016878","Douglas","Larson, Bradley B.",49,"N",14,"W"
"SUWS016879","Douglas","Larson, Bradley B.",49,"N",14,"W"
"SUWS016880","Douglas","Larson, Bradley B.",49,"N",14,"W"
"SUWS016881","Douglas","Larson, Bradley B.",49,"N",14,"W"
"SUWS016882","Douglas","Larson, Bradley B.",49,"N",14,"W"
"SUWS016883","Barron","Larson, Bradley B.",35,"N",11,"W"
"SUWS016884","Barron","Larson, Bradley B.",35,"N",11,"W"
"SUWS016885","Barron","Larson, Bradley B.",35,"N",11,"W"
"SUWS016886","Barron","Larson, Bradley B.",35,"N",11,"W"
"SUWS016887","Barron","Larson, Bradley B.",35,"N",11,"W"
"SUWS016888","Barron","Larson, Bradley B.",35,"N",11,"W"
"SUWS016889","Barron","Larson, Bradley B.",35,"N",11,"W"
"SUWS016890","Barron","Larson, Bradley B.",35,"N",11,"W"
"SUWS016891","Barron","Larson, Bradley B.",35,"N",11,"W"
"SUWS016892","Barron","Larson, Bradley B.",35,"N",11,"W"
"SUWS016894","Polk","Anderson, Derek S.",NA,NA,NA,NA
"SUWS016895","Polk","Anderson, Derek S.",NA,NA,NA,NA
"SUWS016896","Polk","Anderson, Derek S.",NA,NA,NA,NA
"SUWS016897","Polk","Anderson, Derek S.",NA,NA,NA,NA
"SUWS016898","Polk","Anderson, Derek S.",NA,NA,NA,NA
"SUWS016899","Douglas","Anderson, Derek S.",49,"N",14,"W"
"SUWS016900","Douglas","Anderson, Derek S.",49,"N",14,"W"
"SUWS016901","Douglas","Anderson, Derek S.",49,"N",14,"W"
"SUWS016902","Douglas","Anderson, Derek S.",49,"N",14,"W"
"SUWS016903","Douglas","Anderson, Derek S.",49,"N",14,"W"
"SUWS016904","Douglas","Anderson, Derek S.",49,"N",14,"W"
"SUWS016905","Douglas","Anderson, Derek S.",49,"N",14,"W"
"SUWS016906","Douglas","Anderson, Derek S.",49,"N",13,"W"
"SUWS016907","Polk","Anderson, Derek S.",NA,NA,NA,NA
"SUWS016908","Douglas","Anderson, Derek S.",49,"N",14,"W"
"SUWS016909","Douglas","Anderson, Derek S.",49,"N",14,"W"
"SUWS016910","Polk","Anderson, Derek S.",NA,NA,NA,NA
"SUWS016921","Barron","Larson, Bradley B.",35,"N",11,"W"
"SUWS016935","Douglas","Langenbrunner, Craig S.",49,"N",14,"W"
"SUWS016936","Douglas","Langenbrunner, Craig S.",49,"N",14,"W"
"SUWS016938","Douglas","Langenbrunner, Craig S.",49,"N",14,"W"
"SUWS016939","Douglas","Langenbrunner, Craig S.",49,"N",14,"W"
"SUWS016963","Douglas","Langenbrunner, Craig S.",49,"N",13,"W"
"SUWS016964","Douglas","Langenbrunner, Craig S.",49,"N",13,"W"
"SUWS016965","Douglas","Langenbrunner, Craig S.",49,"N",14,"W"
"SUWS016968","Douglas","Langenbrunner, Craig S.",49,"N",14,"W"
"SUWS016977","Douglas","Langenbrunner, Craig S.",49,"N",14,"W"
"SUWS016983","Douglas","Langenbrunner, Craig S.",49,"N",14,"W"
"SUWS016984","Douglas","Langenbrunner, Craig S.",49,"N",13,"W"
"SUWS016985","Douglas","Langenbrunner, Craig S.",49,"N",13,"W"
"SUWS016989","Douglas","Langenbrunner, Craig S.",49,"N",13,"W"
"SUWS017000","Douglas","Watten, Joshua",48,"N",10,"W"
"SUWS017012","Douglas","Watten, Joshua",49,"N",14,"W"
"SUWS017013","Douglas","Watten, Joshua",49,"N",14,"W"
"SUWS017015","Douglas","Watten, Joshua",49,"N",14,"W"
"SUWS017016","Douglas","Watten, Joshua",48,"N",10,"W"
"SUWS017017","Douglas","Watten, Joshua",49,"N",14,"W"
"SUWS017018","Douglas","Watten, Joshua",49,"N",14,"W"
"SUWS017020","Douglas","McGovern, Scott",49,"N",13,"W"
"SUWS017021","Douglas","Thomson, John W., Jr.",NA,NA,NA,NA
"SUWS017023","Douglas","Castle, R.",49,"N",10,"W"
"SUWS017024","Outagamie","Mollerskov, Al",22,"N",16,"E"
"SUWS017025","Douglas","Castle, R.",48,"N",14,"W"
"SUWS017026","Ashland","Koch, Rudy G.",49,"N",3,"W"
"SUWS017044","Barron","Larson, Bradley B.",35,"N",11,"W"
"SUWS017045","Barron","Larson, Bradley B.",35,"N",11,"W"
"SUWS017046","Douglas","Larson, Bradley B.",49,"N",14,"W"
"SUWS017047","Barron","Larson, Bradley B.",35,"N",11,"W"
"SUWS017048","Barron","Larson, Bradley B.",35,"N",11,"W"
"SUWS017049","Barron","Larson, Bradley B.",35,"N",11,"W"
"SUWS017051","Douglas","Langenbrunner, Craig S.",49,"N",13,"W"
"SUWS017052","Douglas","Langenbrunner, Craig S.",49,"N",13,"W"
"SUWS017053","Douglas","Langenbrunner, Craig S.",49,"N",14,"W"
"SUWS017058","Douglas","Langenbrunner, Craig S.",49,"N",14,"W"
"SUWS017061","Douglas","Langenbrunner, Craig S.",49,"N",14,"W"
"SUWS017062","Douglas","Langenbrunner, Craig S.",49,"N",14,"W"
"SUWS017063","Douglas","Langenbrunner, Craig S.",49,"N",14,"W"
"SUWS017064","Douglas","Langenbrunner, Craig S.",49,"N",14,"W"
"SUWS017065","Douglas","Langenbrunner, Craig S.",49,"N",13,"W"
"SUWS017072","Douglas","Langenbrunner, Craig S.",49,"N",13,"W"
"SUWS017073","Douglas","Langenbrunner, Craig S.",49,"N",13,"W"
"SUWS017078","Douglas","Langenbrunner, Craig S.",49,"N",14,"W"
"SUWS017079","Douglas","Langenbrunner, Craig S.",49,"N",14,"W"
"SUWS017082","Douglas","Anderson, Derek S.",47,"N",14,"W"
"SUWS017083","Douglas","Anderson, Derek S.",46,"N",14,"W"
"SUWS017085","Douglas","Anderson, Derek S.",49,"N",14,"W"
"SUWS017086","Douglas","Anderson, Derek S.",47,"N",14,"W"
"SUWS017087","Douglas","Anderson, Derek S.",49,"N",10,"W"
"SUWS017088","Douglas","Anderson, Derek S.",46,"N",14,"W"
"SUWS017089","Douglas","Anderson, Derek S.",49,"N",10,"W"
"SUWS017090","Price","Anderson, Derek S.",38,"N",2,"W"
"SUWS017091","Douglas","Anderson, Derek S.",49,"N",14,"W"
"SUWS017092","Douglas","Anderson, Derek S.",47,"N",14,"W"
"SUWS017093","Douglas","Anderson, Derek S.",47,"N",15,"W"
"SUWS017094","Douglas","Anderson, Derek S.",46,"N",14,"W"
"SUWS017095","Price","Anderson, Derek S.",38,"N",2,"W"
"SUWS017096","Douglas","Anderson, Derek S.",49,"N",14,"W"
"SUWS017097","Douglas","Anderson, Derek S.",47,"N",14,"W"
"SUWS017098","Douglas","Anderson, Derek S.",49,"N",10,"W"
"SUWS017099","Price","Anderson, Derek S.",38,"N",1,"E"
"SUWS017100","Douglas","Anderson, Derek S.",47,"N",14,"W"
"SUWS017101","Douglas","Anderson, Derek S.",46,"N",13,"W"
"SUWS017102","Price","Anderson, Derek S.",38,"N",1,"E"
"SUWS017103","Douglas","Anderson, Derek S.",49,"N",14,"W"
"SUWS017104","Douglas","Anderson, Derek S.",47,"N",14,"W"
"SUWS017105","Douglas","Anderson, Derek S.",46,"N",13,"W"
"SUWS017106","Ashland","Anderson, Derek S.",41,"N",1,"W"
"SUWS017107","Price","Anderson, Derek S.",38,"N",2,"W"
"SUWS017110","Douglas","Anderson, Derek S.",49," N",13,"W"
"SUWS017112","Douglas","Anderson, Derek S.",48," N",13,"W"
"SUWS017113","Douglas","Anderson, Derek S.",48," N",13,"W"
"SUWS017116","Burnett","Anderson, Derek S.",40,"N",16,"W"
"SUWS017117","Burnett","Anderson, Derek S.",41,"N",15,"W"
"SUWS017118","Burnett","Anderson, Derek S.",41,"N",15,"W"
"SUWS017119","Burnett","Anderson, Derek S.",41,"N",15,"W"
"SUWS017120","Burnett","Anderson, Derek S.",41,"N",15,"W"
"SUWS017121","Burnett","Anderson, Derek S.",42,"N",14,"W"
"SUWS017122","Burnett","Anderson, Derek S.",42,"N",14,"W"
"SUWS017123","Burnett","Anderson, Derek S.",42,"N",14,"W"
"SUWS017124","Burnett","Anderson, Derek S.",NA,NA,NA,NA
"SUWS017125","Burnett","Anderson, Derek S.",NA,NA,NA,NA
"SUWS017126","Burnett","Anderson, Derek S.",NA,NA,NA,NA
"SUWS017127","Burnett","Anderson, Derek S.",NA,NA,NA,NA
"SUWS017128","Burnett","Anderson, Derek S.",NA,NA,NA,NA
"SUWS017129","Burnett","Anderson, Derek S.",NA,NA,NA,NA
"SUWS017405","Douglas","Stauff, Janelle",48,"N",12,"W"
"SUWS017406","Douglas","Bergman, Nils",48,"N",12,"W"
"SUWS017408","Douglas","Bergman, Nils",48,"N",12,"W"
"SUWS017411","Douglas","Bergman, Nils",48,"N",12,"W"
"SUWS017417","Douglas","Stauff, Janelle",48,"N",12,"W"
"SUWS017418","Douglas","Crook, Trista",48,"N",12,"W"
"SUWS017419","Douglas","Crook, Trista",48,"N",12,"W"
"SUWS017420","Douglas","Bergman, Nils",48,"N",12,"W"
"SUWS017421","Douglas","Stauff, Janelle",48,"N",12,"W"
"SUWS017422","Douglas","Stauff, Janelle",48,"N",12,"W"
"SUWS017423","Douglas","Stauff, Janelle",48,"N",12,"W"
"SUWS017426","Douglas","Stauff, Janelle",48,"N",12,"W"
"SUWS017427","Douglas","Stauff, Janelle",48,"N",12,"W"
"SUWS017428","Douglas","Stauff, Janelle",48,"N",12,"W"
"SUWS017429","Douglas","Hlina, Paul",48,"N",12,"W"
"SUWS017432","Douglas","Stauff, Janelle",48,"N",12,"W"
"SUWS017434","Douglas","Hlina, Paul",48,"N",12,"W"
"SUWS017435","Douglas","Hlina, Paul",48,"N",12,"W"
"SUWS017437","Douglas","Hlina, Paul",48,"N",12,"W"
"SUWS017440","Douglas","Senti, Peter",48,"N",12,"W"
"SUWS017441","Douglas","Hlina, Paul",48,"N",12,"W"
"SUWS017446","Douglas","Hlina, Paul",48,"N",12,"W"
"SUWS017448","Douglas","Senti, Peter",48,"N",12,"W"
"SUWS017449","Douglas","Anderson, Derek S.",48,"N",12,"W"
"SUWS017453","Douglas","Bergman, Nils",48,"N",12,"W"
"SUWS017454","Douglas","Anderson, Derek S.",48,"N",12,"W"
"SUWS017455","Douglas","Davidson, Donald W.",48,"N",12,"W"
"SUWS017456","Douglas","Bergman, Nils",48,"N",12,"W"
"SUWS017457","Douglas","Bergman, Nils",48,"N",12,"W"
"SUWS017458","Douglas","Davidson, Donald W.",48,"N",12,"W"
"SUWS017459","Douglas","Anderson, Derek S.",48,"N",12,"W"
"SUWS017460","Douglas","Stauff, Janelle",48,"N",12,"W"
"SUWS017461","Douglas","Stauff, Janelle",48,"N",12,"W"
"SUWS017462","Douglas","Crook, Trista",48,"N",12,"W"
"SUWS017464","Douglas","Hlina, Paul",48,"N",12,"W"
"SUWS017465","Douglas","Bergman, Nils",48,"N",12,"W"
"SUWS017466","Douglas","Stauff, Janelle",48,"N",12,"W"
"SUWS017467","Douglas","Davidson, Donald W.",48,"N",12,"W"
"SUWS017470","Douglas","Stauff, Janelle",48,"N",12,"W"
"SUWS017471","Douglas","Bergman, Nils",48,"N",12,"W"
"SUWS017472","Douglas","Stauff, Janelle",48,"N",12,"W"
"SUWS017473","Douglas","Hlina, Paul",48,"N",12,"W"
"SUWS017474","Douglas","Stauff, Janelle",48,"N",12,"W"
"SUWS017475","Douglas","Crook, Trista",48,"N",12,"W"
"SUWS017477","Douglas","Bergman, Nils",48,"N",12,"W"
"SUWS017478","Douglas","Senti, Peter",48,"N",12,"W"
"SUWS017479","Douglas","Anderson, Derek S.",48,"N",12,"W"
"SUWS017480","Douglas","Hlina, Paul",48,"N",12,"W"
"SUWS017481","Douglas","Stauff, Janelle",48,"N",12,"W"
"SUWS017483","Douglas","Senti, Peter",48,"N",12,"W"
"SUWS017484","Douglas","Senti, Peter",48,"N",12,"W"
"SUWS017488","Douglas","Stauff, Janelle",48,"N",12,"W"
"SUWS017489","Douglas","Stauff, Janelle",48,"N",12,"W"
"SUWS017490","Douglas","Stauff, Janelle",48,"N",12,"W"
"SUWS017491","Douglas","Crook, Trista",48,"N",12,"W"
"SUWS017492","Douglas","Hlina, Paul",48,"N",12,"W"
"SUWS017497","Douglas","Hlina, Matt",48,"N",12,"W"
"SUWS017499","Douglas","Anderson, Derek S.",48,"N",12,"W"
"SUWS017500","Douglas","Stauff, Janelle",48,"N",12,"W"
"SUWS017504","Douglas","Bergman, Nils",48,"N",12,"W"
"SUWS017505","Douglas","Stauff, Janelle",48,"N",12,"W"
"SUWS017508","Douglas","Stauff, Janelle",48,"N",12,"W"
"SUWS017509","Douglas","Anderson, Derek S.",48,"N",12,"W"
"SUWS017511","Douglas","Crook, Trista",48,"N",12,"W"
"SUWS017512","Douglas","Anderson, Derek S.",48,"N",12,"W"
"SUWS017513","Douglas","Hlina, Paul",48,"N",12,"W"
"SUWS017514","Douglas","Crook, Trista",48,"N",12,"W"
"SUWS017515","Douglas","Crook, Trista",45,"N",12,"W"
"SUWS017516","Douglas","Crook, Trista",45,"N",12,"W"
"SUWS017518","Douglas","Crook, Trista",45,"N",12,"W"
"SUWS017519","Douglas","Anderson, Derek S.",45,"N",12,"W"
"SUWS017520","Douglas","Stauff, Janelle",45,"N",12,"W"
"SUWS017521","Douglas","Bergman, Nils",45,"N",12,"W"
"SUWS017522","Douglas","Crook, Trista",45,"N",12,"W"
"SUWS017524","Douglas","Crook, Trista",45,"N",12,"W"
"SUWS017525","Douglas","Stauff, Janelle",45,"N",12,"W"
"SUWS017526","Douglas","Stauff, Janelle",45,"N",12,"W"
"SUWS017527","Douglas","Stauff, Janelle",45,"N",12,"W"
"SUWS017528","Douglas","Bergman, Nils",45,"N",12,"W"
"SUWS017530","Douglas","Anderson, Derek S.",48,"N",12,"W"
"SUWS017531","Douglas","Anderson, Derek S.",48,"N",12,"W"
"SUWS017532","Douglas","Anderson, Derek S.",48,"N",12,"W"
"SUWS017533","Douglas","Senti, Peter",48,"N",12,"W"
"SUWS017535","Douglas","Davidson, Donald W.",48,"N",12,"W"
"SUWS017537","Douglas","Davidson, Donald W.",48,"N",12,"W"
"SUWS017538","Douglas","Hlina, Paul",48,"N",12,"W"
"SUWS017539","Douglas","Anderson, Derek S.",48,"N",12,"W"
"SUWS017542","Douglas","Senti, Peter",48,"N",12,"W"
"SUWS017544","Douglas","Bergman, Nils",48,"N",12,"W"
"SUWS017545","Douglas","Hlina, Paul",48,"N",12,"W"
"SUWS017547","Douglas","Anderson, Derek S.",48,"N",12,"W"
"SUWS017549","Douglas","Davidson, Donald W.",48,"N",12,"W"
"SUWS017553","Douglas","Bergman, Nils",48,"N",12,"W"
"SUWS017555","Douglas","Senti, Peter",48,"N",12,"W"
"SUWS017556","Douglas","Anderson, Derek S.",48,"N",12,"W"
"SUWS017557","Douglas","Anderson, Derek S.",48,"N",12,"W"
"SUWS017559","Douglas","Davidson, Donald W.",48,"N",12,"W"
"SUWS017560","Douglas","Davidson, Donald W.",48,"N",12,"W"
"SUWS017561","Douglas","Davidson, Donald W.",48,"N",12,"W"
"SUWS017562","Douglas","Hlina, Paul",48,"N",12,"W"
"SUWS017563","Douglas","Hlina, Paul",48,"N",12,"W"
"SUWS017564","Douglas","Hlina, Paul",48,"N",12,"W"
"SUWS017565","Douglas","Hlina, Paul",48,"N",12,"W"
"SUWS017567","Douglas","Stauff, Janelle",48,"N",12,"W"
"SUWS017569","Douglas","Stauff, Janelle",48,"N",12,"W"
"SUWS017570","Douglas","Senti, Peter",48,"N",12,"W"
"SUWS017571","Douglas","Anderson, Derek S.",48,"N",12,"W"
"SUWS017574","Douglas","Crook, Trista",48,"N",12,"W"
"SUWS017576","Douglas","Anderson, Derek S.",48,"N",12,"W"
"SUWS017577","Douglas","Crook, Trista",48,"N",12,"W"
"SUWS017579","Douglas","Stauff, Janelle",48,"N",12,"W"
"SUWS017582","Douglas","Senti, Peter",48,"N",12,"W"
"SUWS017585","Douglas","Stauff, Janelle",48,"N",12,"W"
"SUWS017586","Douglas","Bergman, Nils",48,"N",12,"W"
"SUWS017588","Douglas","Bergman, Nils",48,"N",12,"W"
"SUWS017589","Douglas","Stauff, Janelle",48,"N",12,"W"
"SUWS017590","Douglas","Davidson, Donald W.",48,"N",12,"W"
"SUWS017591","Douglas","Senti, Peter",48,"N",12,"W"
"SUWS017592","Douglas","Stauff, Janelle",48,"N",12,"W"
"SUWS017593","Douglas","Bergman, Nils",48,"N",12,"W"
"SUWS017595","Douglas","Bergman, Nils",48,"N",12,"W"
"SUWS017596","Douglas","Hlina, Paul",48,"N",12,"W"
"SUWS017600","Douglas","Bergman, Nils",48,"N",12,"W"
"SUWS017601","Douglas","Senti, Peter",48,"N",12,"W"
"SUWS017603","Douglas","Stauff, Janelle",48,"N",12,"W"
"SUWS017604","Douglas","Bergman, Nils",48,"N",12,"W"
"SUWS017605","Douglas","Crook, Trista",48,"N",12,"W"
"SUWS017606","Douglas","Crook, Trista",48,"N",12,"W"
"SUWS017607","Douglas","Davidson, Donald W.",48,"N",12,"W"
"SUWS017609","Douglas","Crook, Trista",48,"N",12,"W"
"SUWS017610","Douglas","Stauff, Janelle",48,"N",12,"W"
"SUWS017611","Douglas","Crook, Trista",48,"N",12,"W"
"SUWS017613","Douglas","Bergman, Nils",48,"N",12,"W"
"SUWS017615","Douglas","Bergman, Nils",48,"N",12,"W"
"SUWS017616","Douglas","Bergman, Nils",48,"N",12,"W"
"SUWS017618","Douglas","Stauff, Janelle",48,"N",12,"W"
"SUWS017619","Douglas","Bergman, Nils",48,"N",12,"W"
"SUWS017620","Douglas","Crook, Trista",48,"N",12,"W"
"SUWS017621","Douglas","Crook, Trista",48,"N",12,"W"
"SUWS017622","Douglas","Bergman, Nils",48,"N",12,"W"
"SUWS017624","Douglas","Stauff, Janelle",48,"N",12,"W"
"SUWS017625","Douglas","Anderson, Derek S.",48,"N",12,"W"
"SUWS017628","Douglas","Anderson, Derek S.",48,"N",12,"W"
"SUWS017630","Douglas","Davidson, Donald W.",48,"N",12,"W"
"SUWS017631","Douglas","Anderson, Derek S.",48,"N",12,"W"
"SUWS017632","Douglas","Senti, Peter",48,"N",12,"W"
"SUWS017634","Douglas","Crook, Trista",48,"N",12,"W"
"SUWS017636","Douglas","Anderson, Derek S.",48,"N",12,"W"
"SUWS017637","Douglas","Davidson, Donald W.",48,"N",12,"W"
"SUWS017638","Douglas","Bergman, Nils",48,"N",12,"W"
"SUWS017641","Douglas","Crook, Trista",48,"N",12,"W"
"SUWS017644","Douglas","Bergman, Nils",48,"N",12,"W"
"SUWS017645","Douglas","Anderson, Derek S.",48,"N",12,"W"
"SUWS017646","Douglas","Senti, Peter",48,"N",12,"W"
"SUWS017651","Douglas","Hlina, Paul",48,"N",12,"W"
"SUWS017653","Douglas","Bergman, Nils",48,"N",12,"W"
"SUWS017654","Douglas","Bergman, Nils",48,"N",12,"W"
"SUWS017659","Douglas","Anderson, Derek S.",48,"N",12,"W"
"SUWS017660","Douglas","Stauff, Janelle",48,"N",12,"W"
"SUWS017663","Douglas","Crook, Trista",48,"N",12,"W"
"SUWS017669","Douglas","Davidson, Donald W.",48,"N",12,"W"
"SUWS017670","Douglas","Crook, Trista",48,"N",12,"W"
"SUWS017672","Douglas","Crook, Trista",48,"N",12,"W"
"SUWS017674","Douglas","Crook, Trista",48,"N",12,"W"
"SUWS017675","Douglas","Stauff, Janelle",48,"N",12,"W"
"SUWS017677","Douglas","Anderson, Derek S.",48,"N",12,"W"
"SUWS017682","Douglas","Bergman, Nils",48,"N",12,"W"
"SUWS017683","Douglas","Bergman, Nils",48,"N",12,"W"
"SUWS017685","Douglas","Stauff, Janelle",48,"N",12,"W"
"SUWS017686","Douglas","Stauff, Janelle",48,"N",12,"W"
"SUWS017688","Douglas","Davidson, Donald W.",48,"N",12,"W"
"SUWS017689","Douglas","Hlina, Paul",48,"N",12,"W"
"SUWS017690","Douglas","Bergman, Nils",48,"N",12,"W"
"SUWS017692","Douglas","Anderson, Derek S.",48,"N",12,"W"
"SUWS017693","Douglas","Anderson, Derek S.",48,"N",12,"W"
"SUWS017694","Douglas","Crook, Trista",48,"N",12,"W"
"SUWS017696","Douglas","Anderson, Derek S.",48,"N",12,"W"
"SUWS017697","Douglas","Anderson, Derek S.",48,"N",12,"W"
"SUWS017698","Douglas","Anderson, Derek S.",48,"N",12,"W"
"SUWS017700","Douglas","Crook, Trista",48,"N",12,"W"
"SUWS017703","Douglas","Davidson, Donald W.",48,"N",12,"W"
"SUWS017704","Douglas","Crook, Trista",48,"N",12,"W"
"SUWS017705","Douglas","Stauff, Janelle",48,"N",12,"W"
"SUWS017706","Douglas","Senti, Peter",48,"N",12,"W"
"SUWS017707","Douglas","Crook, Trista",48,"N",12,"W"
"SUWS017708","Douglas","Senti, Peter",48,"N",12,"W"
"SUWS017710","Douglas","Crook, Trista",48,"N",12,"W"
"SUWS017711","Douglas","Crook, Trista",48,"N",12,"W"
"SUWS017712","Douglas","Hlina, Paul",48,"N",12,"W"
"SUWS017715","Douglas","Crook, Trista",48,"N",12,"W"
"SUWS017716","Douglas","Anderson, Derek S.",48,"N",12,"W"
"SUWS017718","Douglas","Stauff, Janelle",48,"N",12,"W"
"SUWS017719","Douglas","Stauff, Janelle",48,"N",12,"W"
"SUWS017723","Douglas","Hlina, Paul",48,"N",12,"W"
"SUWS017724","Douglas","Crook, Trista",48,"N",12,"W"
"SUWS017726","Douglas","Anderson, Derek S.",48,"N",12,"W"
"SUWS017728","Douglas","Senti, Peter",48,"N",12,"W"
"SUWS017729","Douglas","Senti, Peter",48,"N",12,"W"
"SUWS017730","Douglas","Hlina, Paul",48,"N",12,"W"
"SUWS017731","Douglas","Stauff, Janelle",48,"N",12,"W"
"SUWS017733","Douglas","Crook, Trista",48,"N",12,"W"
"SUWS017734","Douglas","Crook, Trista",48,"N",12,"W"
"SUWS017735","Douglas","Senti, Peter",48,"N",12,"W"
"SUWS017736","Douglas","Bergman, Nils",48,"N",12,"W"
"SUWS017737","Douglas","Anderson, Derek S.",48,"N",12,"W"
"SUWS017738","Douglas","Anderson, Derek S.",48,"N",12,"W"
"SUWS017739","Douglas","Stauff, Janelle",48,"N",12,"W"
"SUWS017741","Douglas","Anderson, Derek S.",48,"N",12,"W"
"SUWS017743","Douglas","Senti, Peter",48,"N",12,"W"
"SUWS017744","Douglas","Bergman, Nils",48,"N",12,"W"
"SUWS017745","Douglas","Davidson, Donald W.",48,"N",12,"W"
"SUWS017746","Douglas","Stauff, Janelle",48,"N",12,"W"
"SUWS017747","Douglas","Davidson, Donald W.",48,"N",12,"W"
"SUWS017748","Douglas","Stauff, Janelle",48,"N",12,"W"
"SUWS017751","Douglas","Bergman, Nils",48,"N",12,"W"
"SUWS017752","Douglas","Anderson, Derek S.",48,"N",12,"W"
"SUWS017753","Douglas","Crook, Trista",48,"N",12,"W"
"SUWS017754","Douglas","Stauff, Janelle",48,"N",12,"W"
"SUWS017755","Douglas","Senti, Peter",48,"N",12,"W"
"SUWS017756","Douglas","Bergman, Nils",48,"N",12,"W"
"SUWS017758","Douglas","Senti, Peter",48,"N",12,"W"
"SUWS017760","Douglas","Crook, Trista",48,"N",12,"W"
"SUWS017761","Douglas","Bergman, Nils",48,"N",12,"W"
"SUWS017763","Douglas","Bergman, Nils",48,"N",12,"W"
"SUWS017764","Douglas","Senti, Peter",48,"N",12,"W"
"SUWS017766","Douglas","Crook, Trista",48,"N",12,"W"
"SUWS017769","Douglas","Crook, Trista",48,"N",12,"W"
"SUWS017770","Douglas","Bergman, Nils",48,"N",12,"W"
"SUWS017771","Douglas","Bergman, Nils",48,"N",12,"W"
"SUWS017772","Douglas","Bergman, Nils",48,"N",12,"W"
"SUWS017774","Douglas","Stauff, Janelle",48,"N",12,"W"
"SUWS017777","Douglas","Stauff, Janelle",48,"N",12,"W"
"SUWS017779","Douglas","Bergman, Nils",48,"N",12,"W"
"SUWS017782","Douglas","Crook, Trista",48,"N",12,"W"
"SUWS017784","Douglas","Senti, Peter",48,"N",12,"W"
"SUWS017785","Douglas","Bergman, Nils",48,"N",12,"W"
"SUWS017791","Douglas","Crook, Trista",48,"N",12,"W"
"SUWS017792","Douglas","Stauff, Janelle",48,"N",12,"W"
"SUWS017793","Douglas","Stauff, Janelle",48,"N",12,"W"
"SUWS017794","Douglas","Bergman, Nils",48,"N",12,"W"
"SUWS017798","Douglas","Anderson, Derek S.",48,"N",12,"W"
"SUWS017799","Douglas","Crook, Trista",48,"N",12,"W"
"SUWS017803","Douglas","Bergman, Nils",48,"N",12,"W"
"SUWS017806","Douglas","Crook, Trista",48,"N",12,"W"
"SUWS017807","Douglas","Hlina, Paul",48,"N",12,"W"
"SUWS017808","Douglas","Crook, Trista",48,"N",12,"W"
"SUWS017810","Douglas","Stauff, Janelle",48,"N",12,"W"
"SUWS017811","Douglas","Bergman, Nils",48,"N",12,"W"
"SUWS017813","Douglas","Bergman, Nils",48,"N",12,"W"
"SUWS017815","Douglas","Senti, Peter",48,"N",12,"W"
"SUWS017817","Douglas","Bergman, Nils",48,"N",12,"W"
"SUWS017818","Douglas","Senti, Peter",48,"N",12,"W"
"SUWS017819","Douglas","Crook, Trista",48,"N",12,"W"
"SUWS017820","Douglas","Hlina, Paul",48,"N",12,"W"
"SUWS017821","Douglas","Stauff, Janelle",48,"N",12,"W"
"SUWS017822","Douglas","Anderson, Derek S.",48,"N",12,"W"
"SUWS017824","Douglas","Senti, Peter",48,"N",12,"W"
"SUWS017827","Douglas","Stauff, Janelle",48,"N",12,"W"
"SUWS017828","Douglas","Stauff, Janelle",48,"N",12,"W"
"SUWS017829","Douglas","Stauff, Janelle",48,"N",12,"W"
"SUWS017831","Douglas","Anderson, Derek S.",48,"N",12,"W"
"SUWS017834","Douglas","Anderson, Derek S.",48,"N",12,"W"
"SUWS017838","Douglas","Crook, Trista",48,"N",12,"W"
"SUWS017842","Douglas","Crook, Trista",48,"N",12,"W"
"SUWS017843","Douglas","Bergman, Nils",48,"N",12,"W"
"SUWS017845","Douglas","Senti, Peter",48,"N",12,"W"
"SUWS017847","Douglas","Hlina, Paul",48,"N",12,"W"
"SUWS017848","Douglas","Anderson, Derek S.",48,"N",12,"W"
"SUWS017850","Douglas","Senti, Peter",48,"N",12,"W"
"SUWS017851","Douglas","Senti, Peter",48,"N",12,"W"
"SUWS017853","Douglas","Crook, Trista",48,"N",12,"W"
"SUWS017855","Douglas","Stauff, Janelle",48,"N",12,"W"
"SUWS017856","Douglas","Bergman, Nils",48,"N",12,"W"
"SUWS017857","Douglas","Crook, Trista",48,"N",12,"W"
"SUWS017858","Douglas","Anderson, Derek S.",48,"N",12,"W"
"SUWS017859","Douglas","Stauff, Janelle",48,"N",12,"W"
"SUWS017861","Douglas","Stauff, Janelle",48,"N",12,"W"
"SUWS017862","Douglas","Bergman, Nils",48,"N",12,"W"
"SUWS017863","Douglas","Crook, Trista",48,"N",12,"W"
"SUWS017864","Douglas","Stauff, Janelle",48,"N",12,"W"
"SUWS017865","Douglas","Crook, Trista",48,"N",12,"W"
"SUWS017866","Douglas","Crook, Trista",48,"N",12,"W"
"SUWS017868","Douglas","Davidson, Donald W.",48,"N",12,"W"
"SUWS017870","Douglas","Bergman, Nils",48,"N",12,"W"
"SUWS017871","Douglas","Crook, Trista",48,"N",12,"W"
"SUWS017875","Douglas","Bergman, Nils",48,"N",12,"W"
"SUWS017876","Douglas","Hlina, Paul",48,"N",12,"W"
"SUWS017877","Douglas","Anderson, Derek S.",48,"N",12,"W"
"SUWS017880","Douglas","Hlina, Matt",48,"N",12,"W"
"SUWS017883","Douglas","Anderson, Derek S.",48,"N",12,"W"
"SUWS017885","Douglas","Hlina, Matt",48,"N",12,"W"
"SUWS017888","Douglas","Crook, Trista",48,"N",12,"W"
"SUWS017890","Douglas","Stauff, Janelle",48,"N",12,"W"
"SUWS017893","Douglas","Hlina, Paul",48,"N",12,"W"
"SUWS017894","Douglas","Anderson, Derek S.",48,"N",12,"W"
"SUWS017895","Douglas","Bergman, Nils",48,"N",12,"W"
"SUWS017896","Douglas","Anderson, Derek S.",48,"N",12,"W"
"SUWS017899","Douglas","Anderson, Derek S.",48,"N",12,"W"
"SUWS017900","Douglas","Bergman, Nils",48,"N",12,"W"
"SUWS017901","Douglas","Bergman, Nils",48,"N",12,"W"
"SUWS017905","Douglas","Hlina, Paul",45,"N",12,"W"
"SUWS017906","Douglas","Crook, Trista",45,"N",12,"W"
"SUWS017909","Douglas","Bergman, Nils",48,"N",12,"W"
"SUWS017910","Douglas","Hlina, Paul",48,"N",12,"W"
"SUWS017917","Douglas","Crook, Trista",45,"N",12,"W"
"SUWS017918","Douglas","Davidson, Donald W.",48,"N",12,"W"
"SUWS017919","Douglas","Davidson, Donald W.",45,"N",12,"W"
"SUWS017939","Douglas","Bergman, Nils",48,"N",12,"W"
"SUWS017940","Douglas","Stauff, Janelle",45,"N",12,"W"
"SUWS017941","Douglas","Crook, Trista",48,"N",12,"W"
"SUWS017943","Douglas","Hlina, Paul",48,"N",12,"W"
"SUWS017944","Douglas","Bergman, Nils",48,"N",12,"W"
"SUWS017948","Douglas","Crook, Trista",48,"N",12,"W"
"SUWS017949","Douglas","Hlina, Paul",48,"N",12,"W"
"SUWS017956","Douglas","Hlina, Paul",48,"N",12,"W"
"SUWS017959","Douglas","Davidson, Donald W.",48,"N",12,"W"
"SUWS017973","Douglas","Bergman, Nils",48,"N",12,"W"
"SUWS017975","Douglas","Davidson, Donald W.",48,"N",12,"W"
"SUWS017976","Douglas","Davidson, Donald W.",48,"N",12,"W"
"SUWS017978","Douglas","Hlina, Paul",48,"N",12,"W"
"SUWS017979","Douglas","Hlina, Paul",48,"N",12,"W"
"SUWS017980","Douglas","Bergman, Nils",48,"N",12,"W"
"SUWS017981","Douglas","Hlina, Paul",48,"N",12,"W"
"SUWS017984","Douglas","Hlina, Paul",48,"N",12,"W"
"SUWS017990","Douglas","Hlina, Paul",48,"N",12,"W"
"SUWS017992","Douglas","Crook, Trista",48,"N",12,"W"
"SUWS017993","Douglas","Davidson, Donald W.",48,"N",12,"W"
"SUWS018000","Douglas","Bergman, Nils",48,"N",12,"W"
"SUWS018003","Douglas","Hlina, Paul",48,"N",12,"W"
"SUWS018005","Douglas","Hlina, Paul",48,"N",12,"W"
"SUWS018006","Douglas","Hlina, Paul",48,"N",12,"W"
"SUWS018007","Douglas","Hlina, Paul",48,"N",12,"W"
"SUWS018009","Douglas","Hlina, Paul",48,"N",12,"W"
"SUWS018010","Douglas","Bergman, Nils",48,"N",12,"W"
"SUWS018013","Douglas","Crook, Trista",48,"N",12,"W"
"SUWS018014","Douglas","Stauff, Janelle",48,"N",12,"W"
"SUWS018016","Douglas","Hlina, Paul",48,"N",12,"W"
"SUWS018018","Douglas","Hlina, Paul",48,"N",12,"W"
"SUWS018022","Douglas","Bergman, Nils",48,"N",12,"W"
"SUWS018023","Douglas","Stauff, Janelle",48,"N",12,"W"
"SUWS018025","Douglas","Davidson, Donald W.",48,"N",12,"W"
"SUWS018026","Douglas","Hlina, Paul",48,"N",12,"W"
"SUWS018033","Douglas","Pearson, Greta",48,"N",12,"W"
"SUWS018035","Douglas","Pearson, Greta",48,"N",12,"W"
"SUWS018039","Douglas","Pearson, Greta",48,"N",12,"W"
"SUWS018046","Douglas","Pearson, Greta",48,"N",12,"W"
"SUWS018050","Douglas","Schmitz, Katie",48,"N",12,"W"
"SUWS018061","Douglas","Hlina, Benjamin",48,"N",12,"W"
"SUWS018063","Douglas","Anderson, Derek S.",48,"N",12,"W"
"SUWS018064","Douglas","Hlina, Benjamin",48,"N",12,"W"
"SUWS018065","Douglas","Hlina, Benjamin",48,"N",12,"W"
"SUWS018066","Douglas","Hlina, Benjamin",48,"N",12,"W"
"SUWS018067","Douglas","Hlina, Benjamin",48,"N",12,"W"
"SUWS018068","Douglas","Hlina, Benjamin",48,"N",12,"W"
"SUWS018069","Douglas","Hlina, Benjamin",48,"N",12,"W"
"SUWS018071","Douglas","Hlina, Benjamin",48,"N",12,"W"
"SUWS018074","Douglas","Hlina, Benjamin",48,"N",12,"W"
"SUWS018079","Douglas","Anderson, Derek S.",48,"N",12,"W"
"SUWS018081","Douglas","Anderson, Derek S.",48,"N",12,"W"
"SUWS018083","Douglas","Anderson, Derek S.",48,"N",12,"W"
"SUWS018084","Douglas","Anderson, Derek S.",48,"N",12,"W"
"SUWS018085","Douglas","Anderson, Derek S.",48,"N",12,"W"
"SUWS018087","Douglas","Anderson, Derek S.",48,"N",12,"W"
"SUWS010000","Ashland","Thoren",NA,NA,NA,NA
"SUWS010006","Douglas","Fassett, Norman C.",45," N",11,"W"
"SUWS010010","Ashland","Heim, Mike",45,"N",4,"W"
"SUWS010012","Ashland","Johnson, Robbye",44,"N",4,"W"
"SUWS010018","Oneida","Krawczyk, J.",39,"N",7,"E"
"SUWS010019","Douglas","Zirngibl, William",45,"N",14,"W"
"SUWS010023","Bayfield","Raatz",45,"N",8,"W"
"SUWS010027","Bayfield","Brashier",45,"N",8,"W"
"SUWS010031","Bayfield","Brashier",45,"N",8,"W"
"SUWS010033","Bayfield","Parrish",45,"N",8,"W"
"SUWS010037","Ashland","Heim, Mike",45,"N",4,"W"
"SUWS010040","Ashland","Heim, Mike",45,"N",4,"W"
"SUWS010048","Douglas","Zirngibl, William",46,"N",14,"W"
"SUWS010049","Douglas","Zirngibl, William",46,"N",14,"W"
"SUWS010050","Ashland","Johnson, Robbye",45,"N",4,"W"
"SUWS010051","Bayfield","Smith",45,"N",8,"W"
"SUWS010054","Bayfield","Walvoord",45,"N",8,"W"
"SUWS010078","Douglas","Smith, C. W.",49,"N",14,"W"
"SUWS010090","Bayfield","Brashier",45,"N",8,"W"
"SUWS010091","Bayfield","Cherf",45,"N",8,"W"
"SUWS010095","Bayfield","Grage",45,"N",8,"W"
"SUWS010098","Bayfield","Raatz",45,"N",8,"W"
"SUWS010098b","Ashland","Thoren",NA,NA,NA,NA
"SUWS010113","Bayfield","Brashier",45,"N",8,"W"
"SUWS010115","Douglas","Rounce",49,"N",14,"W"
"SUWS010117","Bayfield","Valaskey",45,"N",8,"W"
"SUWS010138","Bayfield","Parrish",45,"N",8,"W"
"SUWS010150","Bayfield","Cherf",45,"N",8,"W"
"SUWS010159","Bayfield","Thoren",45,"N",8,"W"
"SUWS010164","Bayfield","Janowski",45,"N",8,"W"
"SUWS010167","Douglas","Jacobson, J. R.",47," N",10,"W"
"SUWS010169","Douglas","Fassett, Norman C.",47,"N",10,"W"
"SUWS010187","Douglas","Jacobson, J. R.",47," N",10,"W"
"SUWS010190","Douglas","Jacobson, J. R.",47," N",10,"W"
"SUWS010191","Douglas","Jacobson, J. R.",46," N",10,"W"
"SUWS010196","Ashland","Smith, W. A.",48,"N",2,"W"
"SUWS010199","Douglas","Lund, F. E.",44," N",12,"W"
"SUWS010207","Douglas","Jacobson, J. R.",46," N",10,"W"
"SUWS010208","Douglas","Jacobson, J. R.",46," N",10,"W"
"SUWS010210","Douglas","Fassett, Norman C.",46," N",10,"W"
"SUWS010213","Douglas","Jacobson, J. R.",46," N",10,"W"
"SUWS010217","Douglas","Jacobson, J. R.",46," N",10,"W"
"SUWS010218","Douglas","Jacobson, J. R.",47," N",10,"W"
"SUWS010219","Douglas","Jacobson, J. R.",46," N",10,"W"
"SUWS010222","Douglas","Jacobson, J. R.",46," N",10,"W"
"SUWS010227","Douglas","Jacobson, J. R.",47," N",10,"W"
"SUWS010230","Douglas","Jacobson, J. R.",46," N",10,"W"
"SUWS010318","Manitowoc","Romans",18,"N",23,"E"
"SUWS010326","Bayfield","Valaskey",45,"N",8,"W"
"SUWS010336","Douglas","Jacobson, J. R.",46," N",10,"W"
"SUWS010351","Juneau","Romans",14,"N",2,"E"
"SUWS010356","Vilas","Pellett, T. D.",40,"N",7,"E"
"SUWS010364","Douglas","Smith, C. W.",49,"N",14,"W"
"SUWS010499","Douglas","Rounce",49,"N",14,"W"
"SUWS010500","Douglas","Rounce",49,"N",14,"W"
"SUWS010538","Douglas","Bruederle, Leo P.",49,"N",13,"W"
"SUWS010576","Bayfield","Smith",45,"N",8,"W"
"SUWS010591","Douglas","Johnson, R.",NA,NA,NA,NA
"SUWS010602","Douglas","Castle, R.",45,"N",11,"W"
"SUWS010606","Douglas","Castle, R.",45,"N",13,"W"
"SUWS010629","Douglas","Collins, Matt",49,"N",13,"W"
"SUWS010629b","Douglas","Collins, Matt",49,"N",13,"W"
"SUWS010643","Douglas","Collins, Matt",49,"N",13,"W"
"SUWS010671","Douglas","Collins, Matt",49,"N",14,"W"
"SUWS010672","Douglas","Collins, Matt",49,"N",13,"W"
"SUWS010673","Douglas","Collins, Matt",49,"N",13,"W"
"SUWS010682","Douglas","Collins, Matt",49,"N",13,"W"
"SUWS010683","Douglas","Collins, Matt",49,"N",13,"W"
"SUWS010705","Douglas","Jones, Brashier",NA,NA,NA,NA
"SUWS010706","Douglas","Jones, Brashier",NA,NA,NA,NA
"SUWS010708","Douglas","Romans",46,"N",15,"W"
"SUWS010709","Douglas","Romans",46,"N",15,"W"
"SUWS010714","Douglas","Romans",46,"N",15,"W"
"SUWS010715","Douglas","Romans",46,"N",15,"W"
"SUWS010719","Douglas","Romans",45,"N",12,"W"
"SUWS010720","Bayfield","Gunderson",45,"N",8,"W"
"SUWS010721","Bayfield","Janowski",45,"N",8,"W"
"SUWS010723","Bayfield","Thoren",45,"N",8,"W"
"SUWS010724","Douglas","Jacobson, J. R.",49," N",10,"W"
"SUWS010725","Bayfield","Brashier",45,"N",7,"W"
"SUWS010726","Burnett","Romans",40,"N",16,"W"
"SUWS010732","Douglas","Jacobson, J. R.",46," N",10,"W"
"SUWS010737","Douglas","Romans",48,"N",14,"W"
"SUWS010740","Douglas","Romans",48,"N",14,"W"
"SUWS010744","Douglas","Romans",48,"N",14,"W"
"SUWS010747","Douglas","Jacobson, J. R.",47," N",10,"W"
"SUWS010749","Bayfield","Thoren",45,"N",8,"W"
"SUWS010751","Bayfield","Cherf",45,"N",8,"W"
"SUWS010752","Polk","Romans",NA,NA,NA,NA
"SUWS010754","Bayfield","Brashier",45,"N",8,"W"
"SUWS010755","Bayfield","Brashier",45,"N",8,"W"
"SUWS010756","Bayfield","Brashier",45,"N",7,"W"
"SUWS010757","Bayfield","Brashier",NA,NA,NA,NA
"SUWS010758","Bayfield","Brashier",45,"N",8,"W"
"SUWS010759","Bayfield","Brashier",45,"N",8,"W"
"SUWS010760","Bayfield","Brashier",45,"N",8,"W"
"SUWS010761","Bayfield","Brashier",45,"N",8,"W"
"SUWS010762","Bayfield","Brashier",45,"N",8,"W"
"SUWS010763","Juneau","Romans",14,"N",2,"E"
"SUWS010764","Bayfield","Valaskey",45,"N",8,"W"
"SUWS010767","Douglas","Romans",46,"N",15,"W"
"SUWS010768","Douglas","Romans",NA,NA,NA,NA
"SUWS010774","Douglas","Jones, Brashier",NA,NA,NA,NA
"SUWS010779","Bayfield","Brashier",45,"N",7,"W"
"SUWS010780","Bayfield","Brashier",45,"N",8,"W"
"SUWS010781","Bayfield","Cherf",45,"N",8,"W"
"SUWS010782","Bayfield","Brashier",45,"N",7,"W"
"SUWS010784","Burnett","Romans",40,"N",16,"W"
"SUWS010785","Bayfield","Gunderson",45,"N",8,"W"
"SUWS010786","Bayfield","Janowski",45,"N",8,"W"
"SUWS010789","Bayfield","Brashier",45,"N",8,"W"
"SUWS010790","Bayfield","Brashier",45,"N",8,"W"
"SUWS010792","Bayfield","Brashier",45,"N",8,"W"
"SUWS010793","Bayfield","Brashier",44,"N",8,"W"
"SUWS010795","Douglas","Romans",48,"N",14,"W"
"SUWS010796","Pepin","Romans",23,"N",15,"W"
"SUWS010797","Juneau","Romans",14,"N",2,"E"
"SUWS010798","Pepin","Romans",23,"N",15,"W"
"SUWS010805","Oconto","Romans",27,"N",20,"E"
"SUWS010812","Douglas","Jacobson, J. R.",49," N",10,"W"
"SUWS010816","Bayfield","Brashier",NA,NA,NA,NA
"SUWS010817","Bayfield","Brashier",45,"N",8,"W"
"SUWS010824","St. Croix","Brashier",29,"N",19,"W"
"SUWS010833","Bayfield","Romans",45,"N",8,"W"
"SUWS010836","Douglas","Romans",NA,NA,NA,NA
"SUWS010838","Bayfield","Brashier",46,"N",5,"W"
"SUWS010844","Bayfield","Brashier",44,"N",8,"W"
"SUWS010845","Polk","Romans",NA,NA,NA,NA
"SUWS010846","Bayfield","Brashier",NA,NA,NA,NA
"SUWS010847","Bayfield","Brashier",44,"N",8,"W"
"SUWS010849","Douglas","Romans",49,"N",14,"W"
"SUWS010856","Bayfield","Thoren",45,"N",8,"W"
"SUWS010857","Bayfield","Brashier",NA,NA,NA,NA
"SUWS010859","Bayfield","Brashier",46,"N",5,"W"
"SUWS010860","Bayfield","Brashier",46,"N",5,"W"
"SUWS010862","Douglas","Romans",48,"N",14,"W"
"SUWS010863","Bayfield","Brashier",45,"N",8,"W"
"SUWS010864","Bayfield","Brashier",46,"N",5,"W"
"SUWS010868","Oconto","Romans",27,"N",20,"E"
"SUWS010869","Bayfield","Romans",45,"N",7,"W"
"SUWS010873","Douglas","Romans",46,"N",15,"W"
"SUWS010876","Bayfield","Cherf",45,"N",8,"W"
"SUWS010904b","La Crosse","Sohmer, S. H.",16,"N",7,"W"
"SUWS010915","Bayfield","Gall",45,"N",8,"W"
"SUWS010916","Bayfield","Grage",45,"N",8,"W"
"SUWS010925","Douglas","Jacobson, J. R.",48," N",10,"W"
"SUWS010938","Bayfield","Brashier",51,"N",6,"W"
"SUWS010952","Bayfield","Brashier",45,"N",7,"W"
"SUWS010955","Douglas","Smith, C. W.",49,"N",14,"W"
"SUWS010966","Douglas","Fassett, Norman C.",46,"N",10,"W"
"SUWS010972","Bayfield","Smith",45,"N",8,"W"
"SUWS010973","Bayfield","Walvoord",45,"N",8,"W"
"SUWS010977","Bayfield","Walvoord",45,"N",8,"W"
"SUWS010994","Bayfield","Ruff",45,"N",8,"W"
"SUWS010999","Bayfield","Janowski",45,"N",8,"W"
"SUWS011000","Bayfield","Thoren",45,"N",8,"W"
"SUWS011014","Douglas","Collins, Matt",49,"N",13,"W"
"SUWS011034","Douglas","Smith, C. W.",49,"N",14,"W"
"SUWS011043","Douglas","Collins, Matt",49,"N",13,"W"
"SUWS011044","Douglas","Collins, Matt",49,"N",13,"W"
"SUWS011047","Bayfield","Grage",45,"N",8,"W"
"SUWS011048","Bayfield","Gall",45,"N",8,"W"
"SUWS011070","Bayfield","Walvoord",45,"N",8,"W"
"SUWS011071","Bayfield","Grage",45,"N",8,"W"
"SUWS011072","Bayfield","Gunderson",45,"N",8,"W"
"SUWS011074","Douglas","Jacobson, J. R.",47," N",10,"W"
"SUWS011076","Bayfield","Walvoord",45,"N",8,"W"
"SUWS011078","Bayfield","Grage",45,"N",8,"W"
"SUWS011081","Douglas","Collins, Matt",49,"N",13,"W"
"SUWS011082","Douglas","Collins, Matt",49,"N",13,"W"
"SUWS011083","Bayfield","Janowski",45,"N",8,"W"
"SUWS011084","Bayfield","Smith",45,"N",8,"W"
"SUWS011090","Bayfield","Walvoord",45,"N",8,"W"
"SUWS011091","Bayfield","Gall",45,"N",8,"W"
"SUWS011092","Bayfield","Grage",45,"N",8,"W"
"SUWS011104","Pierce","Romans",26,"N",17,"W"
"SUWS011105","Juneau","Romans",14,"N",2,"E"
"SUWS011113","Bayfield","Gunderson",45,"N",8,"W"
"SUWS011115","Bayfield","Thoren",45,"N",8,"W"
"SUWS011118","Douglas","Romans",46,"N",15,"W"
"SUWS011119","Douglas","Johnson, R.",NA,NA,NA,NA
"SUWS011123","Bayfield","Brashier",45,"N",8,"W"
"SUWS011124","Bayfield","Parrish",45,"N",8,"W"
"SUWS011125","Bayfield","Janowski",45,"N",8,"W"
"SUWS011126","Bayfield","Walvoord",45,"N",8,"W"
"SUWS011128","Bayfield","Brashier",45,"N",8,"W"
"SUWS011130","Burnett","Romans",41,"N",15,"W"
"SUWS011154","Douglas","Romans",46,"N",15,"W"
"SUWS011161","Douglas","Brashier",49,"N",14,"W"
"SUWS011173","Bayfield","Brashier",45,"N",8,"W"
"SUWS011177","Bayfield","Brashier",45,"N",8,"W"
"SUWS011178","Bayfield","Brashier",NA,NA,NA,NA
"SUWS011181","Bayfield","Brashier",45,"N",8,"W"
"SUWS011183","Bayfield","Brashier",45,"N",6,"W"
"SUWS011187","Bayfield","Brashier",44,"N",9,"W"
"SUWS011198","Bayfield","Brashier",43,"N",7,"W"
"SUWS011199","Bayfield","Brashier",45,"N",8,"W"
"SUWS011200","Bayfield","Brashier",44,"N",8,"W"
"SUWS011201","Bayfield","Janowski",45,"N",8,"W"
"SUWS011202","Bayfield","Cherf",45,"N",8,"W"
"SUWS011211","Polk","Romans",NA,NA,NA,NA
"SUWS011212","Polk","Romans",NA,NA,NA,NA
"SUWS011213","Dunn","Brashier",NA,NA,NA,NA
"SUWS011218","Juneau","Fassett, Norman C.",16,"N",3,"E"
"SUWS011227","Douglas","Brashier",NA,NA,NA,NA
"SUWS011229","Bayfield","Brashier",43,"N",7,"W"
"SUWS011238","Douglas","Smith, C. W.",49,"N",14,"W"
"SUWS011239","Bayfield","Grage",45,"N",8,"W"
"SUWS011241","Douglas","Romans",48,"N",14,"W"
"SUWS011242","Bayfield","Brashier",45,"N",8,"W"
"SUWS011243","Bayfield","Brashier",45,"N",8,"W"
"SUWS011245","Douglas","Thoren",47,"N",10,"W"
"SUWS011263","Bayfield","Grage",45,"N",8,"W"
"SUWS011264","Bayfield","Brashier",45,"N",8,"W"
"SUWS011265","Bayfield","Brashier",45,"N",8,"W"
"SUWS011266","Bayfield","Brashier",45,"N",8,"W"
"SUWS011267","Bayfield","Brashier",45,"N",8,"W"
"SUWS011269","Bayfield","Brashier",45,"N",8,"W"
"SUWS011271","Bayfield","Ruff",45,"N",8,"W"
"SUWS011273","Bayfield","Romans",45,"N",8,"W"
"SUWS011274","Bayfield","Brashier",NA,NA,NA,NA
"SUWS011275","Bayfield","Brashier",NA,NA,NA,NA
"SUWS011276","St. Croix","Romans",NA,NA,NA,NA
"SUWS011281","Douglas","C., E. A.",49,"N",14,"W"
"SUWS011285","Douglas","Romans",47,"N",14,"W"
"SUWS011288","Bayfield","Brashier",NA,NA,NA,NA
"SUWS011291","Bayfield","Brashier",45,"N",8,"W"
"SUWS011292","Bayfield","Brashier",44,"N",7,"W"
"SUWS011294","Bayfield","Brashier",45,"N",8,"W"
"SUWS011296","Bayfield","Walvoord",45,"N",8,"W"
"SUWS011302","Douglas","Romans",46,"N",15,"W"
"SUWS011304","Douglas","Romans",46,"N",15,"W"
"SUWS011306","Douglas","McC., N. V.",NA,NA,NA,NA
"SUWS011309","Bayfield","Brashier",NA,NA,NA,NA
"SUWS011316","Bayfield","Brashier",45,"N",8,"W"
"SUWS011317","Bayfield","Brashier",45,"N",8,"W"
"SUWS011319","Douglas","Romans",46,"N",15,"W"
"SUWS011320","Douglas","Romans",44,"N",14,"W"
"SUWS011321","Douglas","McC., N. V.",NA,NA,NA,NA
"SUWS011324","Bayfield","Brashier",45,"N",8,"W"
"SUWS011325","Bayfield","Brashier",45,"N",8,"W"
"SUWS011326","Bayfield","Brashier",45,"N",9,"W"
"SUWS011327","Ashland","Parrish",NA,NA,NA,NA
"SUWS011328","Douglas","Romans",46,"N",15,"W"
"SUWS011332","Bayfield","Brashier",45,"N",7,"W"
"SUWS011333","Bayfield","Brashier",45,"N",7,"W"
"SUWS011335","Douglas","Brashier",49,"N",14,"W"
"SUWS011336","Bayfield","Grage",45,"N",6,"W"
"SUWS011337","Douglas","Romans",49,"N",14,"W"
"SUWS011347","Douglas","Jacobson, J. R.",47," N",10,"W"
"SUWS011349","Bayfield","Janowski",45,"N",8,"W"
"SUWS011351","Bayfield","Smith",45,"N",8,"W"
"SUWS011365","Bayfield","Brashier",NA,NA,NA,NA
"SUWS011366","Bayfield","Romans",45,"N",8,"W"
"SUWS011367","Bayfield","Cherf",45,"N",8,"W"
"SUWS011368","Bayfield","Valaskey",45,"N",8,"W"
"SUWS011369","Bayfield","Brashier",NA,NA,NA,NA
"SUWS011374","Ashland","Smith, W. A.",48,"N",2,"W"
"SUWS011385","Douglas","Romans",46,"N",15,"W"
"SUWS011386","Douglas","Romans",48,"N",14,"W"
"SUWS011387","Douglas","Romans",48,"N",14,"W"
"SUWS011388","Douglas","Romans",46,"N",15,"W"
"SUWS011389","Douglas","Romans",46,"N",15,"W"
"SUWS011391","Douglas","Romans",45,"N",12,"W"
"SUWS011393","Douglas","Romans",48,"N",14,"W"
"SUWS011395","Douglas","Romans",44,"N",12,"W"
"SUWS011396","Door","Romans",NA,NA,NA,NA
"SUWS011401","Douglas","Romans",48,"N",14,"W"
"SUWS011406","Douglas","Brashier",45,"N",10,"W"
"SUWS011407","Washburn","Brashier",NA,NA,NA,NA
"SUWS011408","Douglas","Brashier",45,"N",10,"W"
"SUWS011409","Burnett","Castle, R.",NA,NA,NA,NA
"SUWS011410","Burnett","Romans",40,"N",16,"W"
"SUWS011411","Burnett","Romans",40,"N",16,"W"
"SUWS011415","Douglas","Romans",46,"N",15,"W"
"SUWS011421","Douglas","Romans",46,"N",15,"W"
"SUWS011423","Douglas","Romans",46,"N",15,"W"
"SUWS011424","Bayfield","Romans",45,"N",7,"W"
"SUWS011425","Burnett","Brashier",42,"N",14,"W"
"SUWS011426","Douglas","Romans",48,"N",14,"W"
"SUWS011428","Douglas","Romans",48,"N",14,"W"
"SUWS011429","Douglas","Romans",48,"N",14,"W"
"SUWS011430","Douglas","Romans",46,"N",12,"W"
"SUWS011431","Douglas","Romans",46,"N",15,"W"
"SUWS011438","Douglas","Romans",45,"N",14,"W"
"SUWS011442","Bayfield","Walvoord",45,"N",8,"W"
"SUWS011443","Bayfield","Grage",45,"N",8,"W"
"SUWS011450","Vernon","Leykom, M. F.",14,"N",7,"W"
"SUWS011455","Douglas","Collins, Matt",49,"N",13,"W"
"SUWS011456","Douglas","Collins, Matt",49,"N",13,"W"
"SUWS011468","Bayfield","Smith",45,"N",8,"W"
"SUWS011469","Bayfield","Valaskey",45,"N",8,"W"
"SUWS011470","Bayfield","Gunderson",45,"N",8,"W"
"SUWS011479","Douglas","Collins, Matt",49,"N",13,"W"
"SUWS011482","Bayfield","Brashier",45,"N",8,"W"
"SUWS011482b","Douglas","Collins, Matt",49,"N",13,"W"
"SUWS011486b","Douglas","Jacobson, J. R.",49," N",10,"W"
"SUWS011488","Vernon","Leykom, M. F.",14,"N",7,"W"
"SUWS011522","Douglas","Jacobson, J. R.",49," N",10,"W"
"SUWS011523","Douglas","Collins, Matt",49,"N",13,"W"
"SUWS011524","Douglas","Collins, Matt",49,"N",13,"W"
"SUWS011530","Douglas","Fassett, Norman C.",45,"N",11,"W"
"SUWS011532","Douglas","Jacobson, J. R.",48,"N",10,"W"
"SUWS011537","Bayfield","Romans",51,"N",6,"W"
"SUWS011545","Eau Claire","Brashier",NA,NA,NA,NA
"SUWS011546","Douglas","Romans",44,"N",11,"W"
"SUWS011547","Douglas","Jacobson, J. R.",47,"N",10,"W"
"SUWS011548","Douglas","Fassett, Norman C.",49,"N",12,"W"
"SUWS011553","Douglas","Romans",46,"N",15,"W"
"SUWS011554","Douglas","Romans",46,"N",15,"W"
"SUWS011555","Bayfield","Brashier",44,"N",8,"W"
"SUWS011557","Bayfield","Brashier",45,"N",8,"W"
"SUWS011558","Douglas","Brashier",49,"N",14,"W"
"SUWS011559","Douglas","Castle, R.",49,"N",13,"W"
"SUWS011560","Douglas","Romans",46,"N",15,"W"
"SUWS011561","Bayfield","Romans",44,"N",7,"W"
"SUWS011562","Douglas","Jacobson, J. R.",47,"N",10,"W"
"SUWS011563","St. Croix","Brashier",31,"N",19,"W"
"SUWS011564","Bayfield","Valaskey",45,"N",8,"W"
"SUWS011565","Bayfield","Brashier",43,"N",7,"W"
"SUWS011566","Bayfield","Brashier",43,"N",7,"W"
"SUWS011572","Bayfield","Brashier",45,"N",8,"W"
"SUWS011574","Bayfield","Brashier",45,"N",8,"W"
"SUWS011576","Douglas","Romans",46,"N",15,"W"
"SUWS011577","Bayfield","Parrish",45,"N",8,"W"
"SUWS011578","Bayfield","Brashier",45,"N",8,"W"
"SUWS011579","Douglas","Romans",46,"N",15,"W"
"SUWS011580","Bayfield","Brashier",45,"N",8,"W"
"SUWS011582","Marquette","Romans",16,"N",11,"E"
"SUWS011587","Douglas","Fassett, Norman C.",49,"N",14,"W"
"SUWS011590","Bayfield","Brashier",46,"N",5,"W"
"SUWS011591","Bayfield","Brashier",45,"N",8,"W"
"SUWS011598","Douglas","Romans",48,"N",10,"W"
"SUWS011605","Bayfield","Thoren",45,"N",8,"W"
"SUWS011607","Bayfield","Brashier",44,"N",7,"W"
"SUWS011610","Bayfield","Wassgren",45,"N",8,"W"
"SUWS011615","Douglas","Jacobson, J. R.",46,"N",10,"W"
"SUWS011617","Bayfield","Brashier",45,"N",7,"W"
"SUWS011618","Bayfield","Brashier",45,"N",8,"W"
"SUWS011619","Bayfield","Brashier",46,"N",5,"W"
"SUWS011621","Bayfield","Brashier",44,"N",7,"W"
"SUWS011622","Bayfield","Brashier",45,"N",7,"W"
"SUWS011623","Bayfield","Brashier",45,"N",8,"W"
"SUWS011624","Bayfield","Thoren",45,"N",8,"W"
"SUWS011625","Bayfield","Cherf",45,"N",8,"W"
"SUWS011628","Bayfield","Brashier",45,"N",8,"W"
"SUWS011630","Douglas","Romans",48,"N",14,"W"
"SUWS011631","Douglas","Brashier",49,"N",13,"W"
"SUWS011632","St. Croix","Romans",31,"N",19,"W"
"SUWS011649","Bayfield","Brashier",NA,NA,NA,NA
"SUWS011663","Douglas","Romans",46,"N",15,"W"
"SUWS011669","Douglas","Johnson, R.",46,"N",13,"W"
"SUWS011674","Bayfield","Brashier",NA,NA,NA,NA
"SUWS011675","Ashland","Brashier",44,"N",2,"W"
"SUWS011676","Bayfield","Walvoord",45,"N",8,"W"
"SUWS011689","Bayfield","Grage",45,"N",8,"W"
"SUWS011690","Douglas","Romans",46,"N",15,"W"
"SUWS011694","Washburn","Brashier",NA,NA,NA,NA
"SUWS011706","Bayfield","Walvoord",45,"N",8,"W"
"SUWS011707","Washburn","Brashier",NA,NA,NA,NA
"SUWS011713","Bayfield","Brashier",NA,NA,NA,NA
"SUWS011715","Douglas","Romans",48,"N",14,"W"
"SUWS011720","Douglas","Romans",46,"N",15,"W"
"SUWS011722","Bayfield","Brashier",45,"N",8,"W"
"SUWS011723","Bayfield","Thoren",45,"N",8,"W"
"SUWS011727","Bayfield","Brashier",45,"N",8,"W"
"SUWS011731","Bayfield","Brashier",45,"N",7,"W"
"SUWS011733","Bayfield","Brashier",45,"N",8,"W"
"SUWS011734","Bayfield","Brashier",45,"N",8,"W"
"SUWS011736","Bayfield","Brashier",45,"N",7,"W"
"SUWS011738","Bayfield","Brashier",45,"N",8,"W"
"SUWS011740","Douglas","Romans",46,"N",15,"W"
"SUWS011741","Bayfield","Brashier",45,"N",8,"W"
"SUWS011754","Douglas","Romans",48,"N",14,"W"
"SUWS011755","Douglas","Romans",48,"N",14,"W"
"SUWS011756","Douglas","Johnson, R.",45,"N",11,"W"
"SUWS011758","Bayfield","Brashier",NA,NA,NA,NA
"SUWS011759","Bayfield","Brashier",NA,NA,NA,NA
"SUWS011760","Bayfield","Walvoord",47,"N",8,"W"
"SUWS011761","Bayfield","Brashier",47,"N",8,"W"
"SUWS011762","Bayfield","Smith",47,"N",8,"W"
"SUWS011763","Bayfield","Cherf",45,"N",8,"W"
"SUWS011764","Bayfield","Brashier",NA,NA,NA,NA
"SUWS011765","Bayfield","Brashier",44,"N",7,"W"
"SUWS011766","Bayfield","Grage",47,"N",8,"W"
"SUWS011769","Bayfield","Thoren",45,"N",8,"W"
"SUWS011770","Bayfield","Valaskey",45,"N",8,"W"
"SUWS011772","Douglas","Romans",48,"N",12,"W"
"SUWS011779","Douglas","Rounce",49,"N",14,"W"
"SUWS011781","Bayfield","Thoren",45,"N",8,"W"
"SUWS011782","Bayfield","Brashier",NA,NA,NA,NA
"SUWS011783","Bayfield","Romans",45,"N",8,"W"
"SUWS011785","Bayfield","Brashier",NA,NA,NA,NA
"SUWS011790","Douglas","Romans",48,"N",14,"W"
"SUWS011792","Bayfield","Brashier",NA,NA,NA,NA
"SUWS011795","Bayfield","Brashier",45,"N",8,"W"
"SUWS011797","Bayfield","Brashier",45,"N",7,"W"
"SUWS011798","Bayfield","Brashier",45,"N",8,"W"
"SUWS011800","Douglas","Romans",48,"N",14,"W"
"SUWS011803","Bayfield","Valaskey",45,"N",8,"W"
"SUWS011804","Bayfield","Thoren",45,"N",8,"W"
"SUWS011805","Bayfield","Brashier",45,"N",8,"W"
"SUWS011809","Douglas","Romans",47,"N",10,"W"
"SUWS011810","Bayfield","Brashier",NA,NA,NA,NA
"SUWS011811","Bayfield","Brashier",45,"N",8,"W"
"SUWS011813","Bayfield","Valaskey",45,"N",8,"W"
"SUWS011814","Bayfield","Walvoord",45,"N",8,"W"
"SUWS011815","Douglas","Smith, C. W.",49,"N",14,"W"
"SUWS011816","Bayfield","Brashier",45,"N",8,"W"
"SUWS011822","Douglas","Brashier",49,"N",14,"W"
"SUWS011824","Douglas","Brashier",NA,NA,NA,NA
"SUWS011826","Douglas","Romans",46,"N",15,"W"
"SUWS011827","Douglas","Romans",46,"N",15,"W"
"SUWS011828","Bayfield","Brashier",45,"N",8,"W"
"SUWS011829","Bayfield","Janowski",45,"N",8,"W"
"SUWS011831","Douglas","Jacobson, J. R.",47,"N",10,"W"
"SUWS011843","Douglas","Romans",48,"N",14,"W"
"SUWS011847","Douglas","Romans",46,"N",15,"W"
"SUWS011850","Douglas","Collins, Matt",NA,NA,NA,NA
"SUWS011851","Douglas","Collins, Matt",NA,NA,NA,NA
"SUWS011857","Douglas","Castle, R.",NA,NA,NA,NA
"SUWS011861","Douglas","Romans",48,"N",14,"W"
"SUWS011862","Douglas","Romans",48,"N",14,"W"
"SUWS011867","Douglas","Romans",48,"N",14,"W"
"SUWS011868","Manitowoc","Romans",18,"N",23,"E"
"SUWS011870","Douglas","Romans",46,"N",15,"W"
"SUWS011871","Bayfield","Romans",44,"N",7,"W"
"SUWS011875","Douglas","Johnson, R.",45,"N",11,"W"
"SUWS011877","Douglas","Castle, R.",NA,NA,NA,NA
"SUWS011878","Douglas","Jacobson, J. R.",47,"N",10,"W"
"SUWS011881","Douglas","Romans",48,"N",14,"W"
"SUWS011886","Douglas","Brashier",NA,NA,NA,NA
"SUWS011892","Douglas","Jacobson, J. R.",46,"N",10,"W"
"SUWS011895","Bayfield","Brashier",NA,NA,NA,NA
"SUWS011896","Douglas","Romans",44,"N",12,"W"
"SUWS011898","Douglas","Romans",48,"N",14,"W"
"SUWS011899","Douglas","Romans",48,"N",14,"W"
"SUWS011900","Douglas","Romans",46,"N",15,"W"
"SUWS011903","Bayfield","Walvoord",45,"N",8,"W"
"SUWS011906","Douglas","Collins, Matt",49,"N",13,"W"
"SUWS011917","Bayfield","Brashier",NA,NA,NA,NA
"SUWS011918","Bayfield","Brashier",45,"N",7,"W"
"SUWS011920","Douglas","Brashier",46,"N",15,"W"
"SUWS011921","Bayfield","Thoren",45,"N",8,"W"
"SUWS011922","Bayfield","Cherf",45,"N",8,"W"
"SUWS011923","St. Croix","Romans",31,"N",19,"W"
"SUWS011925","Douglas","Jacobson, J. R.",49," N",10,"W"
"SUWS011937","Bayfield","Brashier",NA,NA,NA,NA
"SUWS011938","Juneau","Romans",14,"N",2,"E"
"SUWS011939","Juneau","Romans",14,"N",2,"E"
"SUWS011940","Bayfield","Brashier",45,"N",8,"W"
"SUWS011941","Bayfield","Brashier",45,"N",7,"W"
"SUWS011942","Douglas","Romans",44,"N",11,"W"
"SUWS011947","Bayfield","Brashier",45,"N",8,"W"
"SUWS011948","Bayfield","Brashier",45,"N",8,"W"
"SUWS011949","Bayfield","Brashier",45,"N",8,"W"
"SUWS011950","Manitowoc","Romans",NA,NA,NA,NA
"SUWS011951","Bayfield","Grage",45,"N",8,"W"
"SUWS011956","Douglas","Collins",46,"N",15,"W"
"SUWS011957","Douglas","Romans",45,"N",12,"W"
"SUWS011958","Bayfield","Romans",45,"N",8,"W"
"SUWS011959","Bayfield","Brashier",NA,NA,NA,NA
"SUWS011960","Bayfield","Brashier",45,"N",8,"W"
"SUWS011961","Bayfield","Brashier",44,"N",8,"W"
"SUWS011962","Bayfield","Brashier",45,"N",8,"W"
"SUWS011963","Bayfield","Parrish",45,"N",8,"W"
"SUWS011968","Bayfield","Brashier",NA,NA,NA,NA
"SUWS011969","Bayfield","Brashier",44,"N",7,"W"
"SUWS011970","Bayfield","Brashier",44,"N",7,"W"
"SUWS011973","Bayfield","Romans",45,"N",7,"W"
"SUWS011975","Bayfield","Brashier",43,"N",7,"W"
"SUWS011979","Eau Claire","Brashier",26,"N",7,"W"
"SUWS011984","Bayfield","Brashier",45,"N",9,"W"
"SUWS011985","Bayfield","Brashier",45,"N",8,"W"
"SUWS011989","Ashland","Romans",NA,NA,NA,NA
"SUWS011990","Bayfield","Brashier",NA,NA,NA,NA
"SUWS011991","Ashland","Gall",NA,NA,NA,NA
"SUWS011993","Bayfield","Brashier",45,"N",8,"W"
"SUWS011994","Burnett","Romans",40,"N",16,"W"
"SUWS011995","Pepin","Romans",NA,NA,NA,NA
"SUWS011997","Bayfield","Brashier",NA,NA,NA,NA
"SUWS012005","Douglas","Fassett, Norman C.",48,"N",10,"W"
"SUWS012007","Bayfield","Walvoord",45,"N",8,"W"
"SUWS012012","Bayfield","Gall",45,"N",8,"W"
"SUWS012013","Bayfield","Janowski",45,"N",8,"W"
"SUWS012014","Douglas","Romans",46,"N",12,"W"
"SUWS012015","Douglas","Collins, Matt",49,"N",13,"W"
"SUWS012016","Douglas","Collins, Matt",49,"N",13,"W"
"SUWS012017","Douglas","Collins, Matt",49,"N",13,"W"
"SUWS012018","Douglas","Collins, Matt",49,"N",13,"W"
"SUWS012019","Douglas","Collins, Matt",49,"N",13,"W"
"SUWS012020","Douglas","Collins, Matt",49,"N",13,"W"
"SUWS012021","Douglas","Collins, Matt",49,"N",13,"W"
"SUWS012022","Douglas","Collins, Matt",49,"N",13,"W"
"SUWS012026","Marinette","Romans",37,"N",20,"E"
"SUWS012027","Bayfield","Gall",45,"N",8,"W"
"SUWS012029","Bayfield","Janowski",45,"N",8,"W"
"SUWS012031","Bayfield","Walvoord",45,"N",8,"W"
"SUWS012032","Burnett","Romans",40,"N",16,"W"
"SUWS012037","Bayfield","Gall",45,"N",8,"W"
"SUWS012039","Douglas","Collins, Matt",49,"N",13,"W"
"SUWS012040","Douglas","Collins, Matt",49,"N",13,"W"
"SUWS012041","Douglas","Collins, Matt",49,"N",13,"W"
"SUWS012042","Douglas","Collins, Matt",49,"N",13,"W"
"SUWS012043","Douglas","Collins, Matt",49,"N",13,"W"
"SUWS012045","Douglas","Collins, Matt",49,"N",13,"W"
"SUWS012046","Douglas","Collins, Matt",49,"N",13,"W"
"SUWS012047","Douglas","Smith, C. W.",49,"N",14,"W"
"SUWS012053","Polk","Romans",NA,NA,NA,NA
"SUWS012058","Bayfield","Brashier",44,"N",7,"W"
"SUWS012059","Bayfield","Brashier",43,"N",7,"W"
"SUWS012072","Bayfield","Brashier",45,"N",8,"W"
"SUWS012074","Bayfield","Brashier",45,"N",7,"W"
"SUWS012076","Bayfield","Gunderson",45,"N",8,"W"
"SUWS012082","Bayfield","Romans",51,"N",6,"W"
"SUWS012083","Douglas","Romans",47,"N",14,"W"
"SUWS012084","Bayfield","Gall",45,"N",8,"W"
"SUWS012089","Douglas","Romans",48,"N",14,"W"
"SUWS012091","Bayfield","Brashier",45,"N",8,"W"
"SUWS012098","Ashland","Walvoord",NA,NA,NA,NA
"SUWS012099","Ashland","Raatz",NA,NA,NA,NA
"SUWS012101","Douglas","Collins, Matt",49,"N",13,"W"
"SUWS012102","Douglas","Collins, Matt",49,"N",13,"W"
"SUWS012107","Bayfield","Thoren",NA,NA,NA,NA
"SUWS012108","Douglas","Bruederle, Leo P.",49,"N",13,"W"
"SUWS012110","Douglas","Romans",NA,NA,NA,NA
"SUWS012111","Bayfield","Brashier",45,"N",8,"W"
"SUWS012115","Burnett","Romans",40,"N",16,"W"
"SUWS012117","Bayfield","Brashier",45,"N",9,"W"
"SUWS012126","Burnett","Romans",41,"N",15,"W"
"SUWS012127","Burnett","Smith",NA,NA,NA,NA
"SUWS012128","Burnett","Wassgren",NA,NA,NA,NA
"SUWS012129","Burnett","Romans",NA,NA,NA,NA
"SUWS012130","Buffalo","Romans",21,"N",13,"W"
"SUWS012131","Vernon","Leykom, M. F.",14,"N",7,"W"
"SUWS012133","Douglas","Jacobson, J. R.",48,"N",10,"W"
"SUWS012136","Douglas","Stackler, Susan",46,"N",14,"W"
"SUWS012137","Bayfield","Brashier",45,"N",8,"W"
"SUWS012138","Bayfield","Brashier",45,"N",8,"W"
"SUWS012149","Burnett","Brashier",41,"N",15,"W"
"SUWS012154","Bayfield","Grage",45,"N",8,"W"
"SUWS012161","Ashland","Brashier",NA,NA,NA,NA
"SUWS012163","Ashland","Brashier",52,"N",2,"W"
"SUWS012165","Douglas","Rounce",49,"N",13,"W"
"SUWS012167","Douglas","Romans",49,"N",14,"W"
"SUWS012168","Ashland","Romans",NA,NA,NA,NA
"SUWS012174","Burnett","Romans",40,"N",16,"W"
"SUWS012179","Polk","Romans",NA,NA,NA,NA
"SUWS012181","Bayfield","Brashier",45,"N",8,"W"
"SUWS012186","Pierce","Romans",26,"N",17,"W"
"SUWS012191","Bayfield","Brashier",46,"N",5,"W"
"SUWS012195","Burnett","Romans",40,"N",16,"W"
"SUWS012196","Burnett","Romans",40,"N",16,"W"
"SUWS012203","Douglas","Bruederle, Leo P.",49,"N",13,"W"
"SUWS012204","Juneau","Romans",14,"N",2,"E"
"SUWS012205","Juneau","Romans",14,"N",2,"E"
"SUWS012212","Bayfield","Thoren",45,"N",8,"W"
"SUWS012213","Douglas","Romans",48,"N",14,"W"
"SUWS012214","Bayfield","Brashier",44,"N",7,"W"
"SUWS012215","Bayfield","Brashier",45,"N",8,"W"
"SUWS012216","Bayfield","Brashier",45,"N",9,"W"
"SUWS012217","Bayfield","Brashier",45,"N",8,"W"
"SUWS012218","Bayfield","Brashier",45,"N",7,"W"
"SUWS012221","Bayfield","Brashier",44,"N",7,"W"
"SUWS012223","Bayfield","Brashier",45,"N",8,"W"
"SUWS012224","St. Croix","Romans",31,"N",19,"W"
"SUWS012225","Bayfield","Brashier",45,"N",9,"W"
"SUWS012227","Bayfield","Thoren",45,"N",8,"W"
"SUWS012240","Sheboygan","Romans",NA,NA,NA,NA
"SUWS012248","Bayfield","Brashier",45,"N",7,"W"
"SUWS012249","Bayfield","Brashier",43,"N",7,"W"
"SUWS012250","Bayfield","Brashier",45,"N",8,"W"
"SUWS012252","Bayfield","Brashier",NA,NA,NA,NA
"SUWS012255","Bayfield","Grage",45,"N",6,"W"
"SUWS012257","Sawyer","Brashier",NA,NA,NA,NA
"SUWS012258","Bayfield","Brashier",45,"N",8,"W"
"SUWS012261","Bayfield","Brashier",45,"N",8,"W"
"SUWS012264","Bayfield","Brashier",45,"N",8,"W"
"SUWS012265","Bayfield","Brashier",44,"N",8,"W"
"SUWS012266","Bayfield","Brashier",45,"N",8,"W"
"SUWS012271","Bayfield","Brashier",44,"N",8,"W"
"SUWS012274","Douglas","Romans",48,"N",14,"W"
"SUWS012275","Bayfield","Brashier",43,"N",7,"W"
"SUWS012277","Eau Claire","Brashier",NA,NA,NA,NA
"SUWS012279","Bayfield","Brashier",45,"N",7,"W"
"SUWS012281","Bayfield","Smith",45,"N",8,"W"
"SUWS012282","Bayfield","Brashier",45,"N",7,"W"
"SUWS012284","Bayfield","Brashier",45,"N",8,"W"
"SUWS012285","Bayfield","Wassgren",45,"N",8,"W"
"SUWS012286","Bayfield","Brashier",45,"N",7,"W"
"SUWS012287","Eau Claire","Brashier",27,"N",9,"W"
"SUWS012288","Bayfield","Brashier",45,"N",8,"W"
"SUWS012289","Bayfield","Brashier",NA,NA,NA,NA
"SUWS012295","Bayfield","Brashier",45,"N",8,"W"
"SUWS012296","Bayfield","Brashier",44,"N",7,"W"
"SUWS012297","Bayfield","Brashier",45,"N",8,"W"
"SUWS012301","Douglas","Clements, Jimmy",NA,NA,NA,NA
"SUWS012304","Juneau","Romans",14,"N",2,"E"
"SUWS012308","Douglas","Fassett, Norman C.",49,"N",10,"W"
"SUWS012311","Douglas","Jacobson, J. R.",46," N",10,"W"
"SUWS012313","Douglas","Jacobson, J. R.",47,"N",10,"W"
"SUWS012320","Douglas","Romans",NA,NA,NA,NA
"SUWS012323","Bayfield","Walvoord",45,"N",8,"W"
"SUWS012324","Bayfield","Thoren",45,"N",8,"W"
"SUWS012325","Bayfield","Smith",45,"N",8,"W"
"SUWS012326","Bayfield","Brashier",45,"N",7,"W"
"SUWS012330","Bayfield","Brashier",44,"N",7,"W"
"SUWS012331","Bayfield","Brashier",43,"N",7,"W"
"SUWS012336","Bayfield","Romans",45,"N",8,"W"
"SUWS012337","Bayfield","Romans",45,"N",8,"W"
"SUWS012338","Bayfield","Wassgren",45,"N",7,"W"
"SUWS012339","Bayfield","Brashier",45,"N",7,"W"
"SUWS012340","Bayfield","Brashier",46,"N",8,"W"
"SUWS012341","Bayfield","Brashier",45,"N",8,"W"
"SUWS012342","Bayfield","Brashier",45,"N",7,"W"
"SUWS012345","Douglas","Jacobson, J. R.",46,"N",10,"W"
"SUWS012347","Bayfield","Brashier",45,"N",8,"W"
"SUWS012348","Bayfield","Brashier",44,"N",8,"W"
"SUWS012349","Bayfield","Grage",45,"N",8,"W"
"SUWS012352","Douglas","Romans",46,"N",15,"W"
"SUWS012353","Douglas","Romans",48,"N",14,"W"
"SUWS012357","Douglas","Romans",46,"N",15,"W"
"SUWS012363","Bayfield","Brashier",44,"N",7,"W"
"SUWS012364","Bayfield","Brashier",44,"N",7,"W"
"SUWS012365","Bayfield","Brashier",45,"N",8,"W"
"SUWS012366","Bayfield","Brashier",45,"N",8,"W"
"SUWS012367","Bayfield","Brashier",45,"N",9,"W"
"SUWS012368","Bayfield","Brashier",45,"N",7,"W"
"SUWS012369","Bayfield","Romans",45,"N",8,"W"
"SUWS012370","Bayfield","Cherf",45,"N",8,"W"
"SUWS012371","Bayfield","Brashier",45,"N",8,"W"
"SUWS012372","Bayfield","Brashier",43,"N",7,"W"
"SUWS012373","Bayfield","Romans",45,"N",8,"W"
"SUWS012382","Bayfield","Brashier",45,"N",8,"W"
"SUWS012389","Bayfield","Muller",45,"N",8,"W"
"SUWS012391","Bayfield","Walvoord",45,"N",8,"W"
"SUWS012392","Bayfield","Brashier",44,"N",8,"W"
"SUWS012393","Bayfield","Valaskey",45,"N",8,"W"
"SUWS012406","Douglas","Rounce",49,"N",14,"W"
"SUWS012407","Douglas","Collins, Matt",49,"N",13,"W"
"SUWS012411","Sheboygan","Romans",15,"N",20,"E"
"SUWS012421","Burnett","Romans",40,"N",16,"W"
"SUWS012423","Polk","Romans",33,"N",19,"W"
"SUWS012424","Douglas","Stackler, Susan",46,"N",15,"W"
"SUWS012428","Douglas","Jacobson, J. R.",48,"N",10,"W"
"SUWS012433","Bayfield","Fassett, Norman C.",47,"N",9,"W"
"SUWS012436","Douglas","Stackler, Susan",46,"N",15,"W"
"SUWS012437","Douglas","Fassett, Norman C.",46,"N",10,"W"
"SUWS012442","Bayfield","Brashier",43,"N",7,"W"
"SUWS012443","Bayfield","Brashier",43,"N",7,"W"
"SUWS012472","Polk","Romans",NA,NA,NA,NA
"SUWS012481","Douglas","Romans",45,"N",12,"W"
"SUWS012482","Douglas","Romans",45,"N",12,"W"
"SUWS012483","Bayfield","Grage",45,"N",8,"W"
"SUWS012484","Burnett","Romans",NA,NA,NA,NA
"SUWS012487","Burnett","Cherf",NA,NA,NA,NA
"SUWS012490","Douglas","Collins, Matt",49,"N",13,"W"
"SUWS012491","Douglas","Collins, Matt",49,"N",13,"W"
"SUWS012504","Douglas","Collins, Matt",49,"N",13,"W"
"SUWS012507","Douglas","Collins, Matt",49,"N",13,"W"
"SUWS012511","Bayfield","Walvoord",45,"N",8,"W"
"SUWS012512","Bayfield","Gunderson",45,"N",8,"W"
"SUWS012513","Bayfield","Parrish",45,"N",8,"W"
"SUWS012516","Bayfield","Gall",45,"N",8,"W"
"SUWS012522","Ashland","Thoren",NA,NA,NA,NA
"SUWS012526","Ashland","Roatz",NA,NA,NA,NA
"SUWS012527","Ashland","Valaskey",NA,NA,NA,NA
"SUWS012528","Douglas","Romans",48,"N",14,"W"
"SUWS012529","Bayfield","Cherf",45,"N",8,"W"
"SUWS012535","Bayfield","Brashier",NA,NA,NA,NA
"SUWS012538","Douglas","C., E. A.",NA,NA,NA,NA
"SUWS012539","Douglas","Collins, Matt",49,"N",13,"W"
"SUWS012542","Douglas","Collins, Matt",49,"N",13,"W"
"SUWS012543","Douglas","Fassett, Norman C.",48,"N",12,"W"
"SUWS012556","St. Croix","Romans",NA,NA,NA,NA
"SUWS012557","Douglas","Romans",49,"N",14,"W"
"SUWS012559","La Crosse","Leykom, M. F.",15,"N",7,"W"
"SUWS012561","St. Croix","Romans",NA,NA,NA,NA
"SUWS012562","Douglas","Romans",48,"N",14,"W"
"SUWS012563","Juneau","Romans",14,"N",2,"E"
"SUWS012566","Bayfield","Brashier",45,"N",7,"W"
"SUWS012567","Bayfield","Walvoord",45,"N",8,"W"
"SUWS012568","St. Croix","Romans",NA,NA,NA,NA
"SUWS012573","Bayfield","Cherf",45,"N",8,"W"
"SUWS012574","Bayfield","Thoren",45,"N",8,"W"
"SUWS012577","Pepin","Romans",NA,NA,NA,NA
"SUWS012578","Bayfield","Brashier",45,"N",8,"W"
"SUWS012579","Polk","Romans",NA,NA,NA,NA
"SUWS012588","Douglas","Romans",48,"N",14,"W"
"SUWS012594","Bayfield","Brashier",45,"N",8,"W"
"SUWS012602","Douglas","Romans",NA,NA,NA,NA
"SUWS012603","Bayfield","Brashier",45,"N",8,"W"
"SUWS012605","Douglas","Romans",NA,NA,NA,NA
"SUWS012610","Douglas","Romans",46,"N",15,"W"
"SUWS012613","Douglas","Romans",46,"N",15,"W"
"SUWS012625","Bayfield","Brashier",47,"N",8,"W"
"SUWS012633","Douglas","Brashier",49,"N",14,"W"
"SUWS012634","Manitowoc","Romans",18,"N",23,"E"
"SUWS012639","Douglas","Romans",49,"N",13,"W"
"SUWS012649","Sheboygan","Romans",15,"N",20,"E"
"SUWS012660","Douglas","Fassett, Norman C.",46,"N",10,"W"
"SUWS012665","Bayfield","Parrish",45,"N",8,"W"
"SUWS012667","Bayfield","Ruff",45,"N",8,"W"
"SUWS012668","Polk","Romans",NA,NA,NA,NA
"SUWS012671","Douglas","McC., N. V.",NA,NA,NA,NA
"SUWS012681","Bayfield","Brashier",45,"N",7,"W"
"SUWS012682","Douglas","Romans",46,"N",15,"W"
"SUWS012683","Bayfield","Brashier",44,"N",8,"W"
"SUWS012684","Bayfield","Walvoord",45,"N",8,"W"
"SUWS012685","Bayfield","Thoren",45,"N",8,"W"
"SUWS012686","Bayfield","Janowski",45,"N",8,"W"
"SUWS012690","Bayfield","Brashier",45,"N",7,"W"
"SUWS012691","Bayfield","Brashier",45,"N",8,"W"
"SUWS012699","Douglas","Jacobson, J. R.",47,"N",10,"W"
"SUWS012700","Dunn","Brashier",NA,NA,NA,NA
"SUWS012702","Bayfield","Romans",46,"N",7,"W"
"SUWS012703","Bayfield","Brashier",45,"N",8,"W"
"SUWS012704","Bayfield","Brashier",NA,NA,NA,NA
"SUWS012705","Bayfield","Janowski",45,"N",8,"W"
"SUWS012706","Douglas","Jacobson, J. R.",47,"N",10,"W"
"SUWS012707","Bayfield","Brashier",45,"N",8,"W"
"SUWS012711","Burnett","Romans",NA,NA,NA,NA
"SUWS012712","Bayfield","Smith",45,"N",8,"W"
"SUWS012713","Burnett","Grage",39,"N",18,"W"
"SUWS012714","Polk","Brashier",37,"N",17,"W"
"SUWS012716","Polk","Brashier",37,"N",17,"W"
"SUWS012726","Bayfield","Raatz",45,"N",8,"W"
"SUWS012727","Bayfield","Janowski",45,"N",8,"W"
"SUWS012729","Burnett","Romans",41,"N",16,"W"
"SUWS012735","Burnett","Romans",40,"N",16,"W"
"SUWS012736","Douglas","Romans",46,"N",15,"W"
"SUWS012740","Douglas","Romans",49,"N",14,"W"
"SUWS012741","Marquette","Romans",16,"N",11,"E"
"SUWS012743","Bayfield","Walvoord",45,"N",8,"W"
"SUWS012744","Bayfield","Janowski",45,"N",8,"W"
"SUWS012745","Bayfield","Brashier",45,"N",8,"W"
"SUWS012752","Bayfield","Parrish",45,"N",8,"W"
"SUWS012755","Bayfield","Brashier",45,"N",7,"W"
"SUWS012756","Bayfield","Thoren",45,"N",8,"W"
"SUWS012757","Polk","Romans",33,"N",19,"W"
"SUWS012758","Bayfield","Brashier",45,"N",7,"W"
"SUWS012766","Bayfield","Cherf",45,"N",8,"W"
"SUWS012767","Douglas","Johnson, R.",46,"N",13,"W"
"SUWS012768","Bayfield","Paulsen",45,"N",8,"W"
"SUWS012770","Bayfield","Brashier",45,"N",8,"W"
"SUWS012771","Bayfield","Brashier",45,"N",8,"W"
"SUWS012772","Bayfield","Romans",44,"N",7,"W"
"SUWS012773","Bayfield","Thoren",45,"N",8,"W"
"SUWS012774","Bayfield","Walvoord",45,"N",7,"W"
"SUWS012775","Bayfield","Romans",44,"N",7,"W"
"SUWS012778","Bayfield","Brashier",44,"N",7,"W"
"SUWS012788","Bayfield","Romans",44,"N",7,"W"
"SUWS012790","Douglas","Jacobson, J. R.",47,"N",10,"W"
"SUWS012794","Polk","Romans",NA,NA,NA,NA
"SUWS012795","Bayfield","Brashier",45,"N",8,"W"
"SUWS012799","Burnett","Romans",41,"N",16,"W"
"SUWS012804","Polk","Romans",NA,NA,NA,NA
"SUWS012806","Juneau","Romans",14,"N",2,"E"
"SUWS012822","Douglas","Romans",48,"N",14,"W"
"SUWS012824","Douglas","Romans",48,"N",14,"W"
"SUWS012826","Douglas","Romans",48,"N",14,"W"
"SUWS012827","Douglas","Romans",48,"N",14,"W"
"SUWS012828","Douglas","Romans",48,"N",14,"W"
"SUWS012831","Douglas","Romans",NA,NA,NA,NA
"SUWS012833","Douglas","Romans",NA,NA,NA,NA
"SUWS012834","Bayfield","Brashier",44,"N",7,"W"
"SUWS012835","Douglas","Brashier",47,"N",10,"W"
"SUWS012844","Juneau","Romans",15,"N",5,"E"
"SUWS012845","Juneau","Romans",15,"N",5,"E"
"SUWS012848","Bayfield","Brashier",45,"N",8,"W"
"SUWS012849","Bayfield","Valaskey",45,"N",8,"W"
"SUWS012850","Bayfield","Thoren",45,"N",8,"W"
"SUWS012851","Bayfield","Romans",45,"N",8,"W"
"SUWS012852","Bayfield","Brashier",NA,NA,NA,NA
"SUWS012853","Bayfield","Brashier",NA,NA,NA,NA
"SUWS012855","Bayfield","Brashier",NA,NA,NA,NA
"SUWS012856","Douglas","Jacobson, J. R.",48,"N",10,"W"
"SUWS012857","Bayfield","Brashier",45,"N",8,"W"
"SUWS012865","Douglas","Fassett, Norman C.",49,"N",10,"W"
"SUWS012867","Douglas","Romans",48,"N",14,"W"
"SUWS012871","Douglas","Romans",46,"N",15,"W"
"SUWS012872","Pierce","Romans",26,"N",17,"W"
"SUWS012875","Bayfield","Brashier",44,"N",7,"W"
"SUWS012876","Bayfield","Brashier",45,"N",8,"W"
"SUWS012880","Douglas","Jacobson, J. R.",47,"N",10,"W"
"SUWS012881","Bayfield","Brashier",45,"N",8,"W"
"SUWS012883","Bayfield","Brashier",45,"N",8,"W"
"SUWS012884","Bayfield","Brashier",45,"N",8,"W"
"SUWS012885","Bayfield","Brashier",45,"N",8,"W"
"SUWS012887","Douglas","Jacobson, J. R.",46,"N",10,"W"
"SUWS012890","Bayfield","Brashier",45,"N",8,"W"
"SUWS012891","Bayfield","Brashier",45,"N",8,"W"
"SUWS012894","Bayfield","Brashier",45,"N",8,"W"
"SUWS012895","Bayfield","Janowski",45,"N",8,"W"
"SUWS012896","Bayfield","Walvoord",45,"N",8,"W"
"SUWS012897","Bayfield","Valaskey",45,"N",8,"W"
"SUWS012898","Burnett","Romans",NA,NA,NA,NA
"SUWS012899","Bayfield","Brashier",45,"N",9,"W"
"SUWS012906","Douglas","Romans",46,"N",15,"W"
"SUWS012907","Douglas","Smith, C. W.",49,"N",14,"W"
"SUWS012912","Douglas","Jacobson, J. R.",47,"N",10,"W"
"SUWS012913","Douglas","Romans",48,"N",13,"W"
"SUWS012914","Bayfield","Brashier",42,"N",8,"W"
"SUWS012915","Bayfield","Brashier",NA,NA,NA,NA
"SUWS012919","Douglas","Jacobson, J. R.",49,"N",10,"W"
"SUWS012973","Douglas","Clements, Jimmy",NA,NA,NA,NA
"SUWS013940","Douglas","Johnson, R.",46,"N",15,"W"
"SUWS013942","Douglas","Johnson, R.",46,"N",15,"W"
"SUWS013943","Douglas","Davidson, Donald W.",49,"N",14,"W"
"SUWS013944","Douglas","Johnson, R.",NA,NA,NA,NA
"SUWS013946","Douglas","Castle, R.",45,"N",13,"W"
"SUWS013951","Douglas","Castle, R.",48,"N",13,"W"
"SUWS013952","Douglas","Johnson, R.",NA,NA,NA,NA
"SUWS013953","Douglas","Anderson, D.",NA,NA,NA,NA
"SUWS013955","Douglas","Castle, R.",45,"N",11,"W"
"SUWS013966","Douglas","Johnson, R.",NA,NA,NA,NA
"SUWS013969","Douglas","Anderson, D.",NA,NA,NA,NA
"SUWS013974","Douglas","Johnson, R.",46,"N",13,"W"
"SUWS013975","Douglas","Castle, R.",45,"N",11,"W"
"SUWS013976","Douglas","Johnson, R.",45,"N",13,"W"
"SUWS013977","Douglas","Johnson, R.",45,"N",13,"W"
"SUWS013988","Douglas","Castle, R.",NA,NA,NA,NA
"SUWS014049","Douglas","Clements, Jimmy",NA,NA,NA,NA
"SUWS014058","Douglas","Romans",49,"N",13,"W"
"SUWS014085","Douglas","Jacobson, J. R.",47,"N",10,"W"
"SUWS014106","Douglas","Romans",46,"N",15,"W"
"SUWS014134","Trempealeau","Stetzer, Gerald W.",19,"N",9,"W"
"SUWS014139","Trempealeau","Demaske, D.",18,"N",9,"W"
"SUWS014142","La Crosse","Nontelle, Deon M.",17,"N",8,"W"
"SUWS014194","Vernon","Leykom, M. F.",14,"N",7,"W"
"SUWS014198","Douglas","Romans",46,"N",15,"W"
"SUWS014200","Bayfield","Grage",45,"N",8,"W"
"SUWS014204","Douglas","McC., N. V.",NA,NA,NA,NA
"SUWS014226","Douglas","Romans",46,"N",15,"W"
"SUWS014227","Bayfield","Brashier",45,"N",8,"W"
"SUWS014229","Bayfield","Brashier",45,"N",8,"W"
"SUWS014235","Douglas","Romans",46,"N",15,"W"
"SUWS014239","Bayfield","Valaskey",46,"N",7,"W"
"SUWS014240","Douglas","Romans",46,"N",15,"W"
"SUWS014243","Douglas","Jacobson, J. R.",46,"N",10,"W"
"SUWS014246","Burnett","Romans",40,"N",16,"W"
"SUWS014248","Bayfield","Brashier",45,"N",8,"W"
"SUWS014249","Bayfield","Romans",45,"N",8,"W"
"SUWS014250","Bayfield","Brashier",45,"N",8,"W"
"SUWS014252","Bayfield","Brashier",44,"N",8,"W"
"SUWS014253","St. Croix","Brashier",29,"N",19,"W"
"SUWS014255","Bayfield","Brashier",45,"N",8,"W"
"SUWS014256","Bayfield","Brashier",45,"N",7,"W"
"SUWS014257","Bayfield","Brashier",45,"N",8,"W"
"SUWS014258","Douglas","Romans",48,"N",14,"W"
"SUWS014264","Polk","Romans",NA,NA,NA,NA
"SUWS014266","Douglas","Jacobson, J. R.",46,"N",11,"W"
"SUWS014276","Douglas","Fassett, Norman C.",45,"N",11,"W"
"SUWS014278","Juneau","Romans",15,"N",5,"E"
"SUWS014283","Bayfield","Brashier",44,"N",8,"W"
"SUWS014284","Bayfield","Brashier",44,"N",8,"W"
"SUWS014285","Bayfield","Brashier",45,"N",7,"W"
"SUWS014287","Bayfield","Valaskey",45,"N",8,"W"
"SUWS014288","Bayfield","Romans",45,"N",8,"W"
"SUWS014292","Bayfield","Romans",45,"N",8,"W"
"SUWS014293","Juneau","Romans",15,"N",5,"E"
"SUWS014294","Bayfield","Cherf",45,"N",8,"W"
"SUWS014296","St. Croix","Romans",31,"N",19,"W"
"SUWS014309","Douglas","Romans",48,"N",14,"W"
"SUWS014310","Douglas","Romans",48,"N",13,"W"
"SUWS014327","Douglas","Jacobson, J. R.",47,"N",10,"W"
"SUWS014328","Bayfield","Brashier",43,"N",7,"W"
"SUWS014329","Bayfield","Grage",45,"N",7,"W"
"SUWS014330","Bayfield","Romans",46,"N",5,"W"
"SUWS014334","Eau Claire","Brashier",25,"N",6,"W"
"SUWS014336","Bayfield","Brashier",45,"N",8,"W"
"SUWS014337","Bayfield","Brashier",45,"N",8,"W"
"SUWS014338","St. Croix","Brashier",29,"N",19,"W"
"SUWS014339","Bayfield","Parrish",45,"N",8,"W"
"SUWS014340","Bayfield","Brashier",45,"N",8,"W"
"SUWS014341","Bayfield","Brashier",44,"N",8,"W"
"SUWS014348","Douglas","Romans",48,"N",14,"W"
"SUWS014349","Douglas","Romans",48,"N",13,"W"
"SUWS014360","Bayfield","Romans",45,"N",8,"W"
"SUWS014362","Bayfield","Grage",45,"N",7,"W"
"SUWS014368","Burnett","Romans",40,"N",16,"W"
"SUWS014382","Douglas","Fassett, Norman C.",45,"N",11,"W"
"SUWS014393","Douglas","Romans",46,"N",15,"W"
"SUWS014399","Douglas","Bruederle, Leo P.",49,"N",13,"W"
"SUWS014402","Bayfield","Brashier",43,"N",7,"W"
"SUWS014403","Douglas","Smith, C. W.",49,"N",14,"W"
"SUWS014416","Douglas","Romans",47,"N",14,"W"
"SUWS014429","Polk","Romans",33,"N",19,"W"
"SUWS014433","Douglas","Romans",49,"N",14,"W"
"SUWS014437","Douglas","Romans",49,"N",14,"W"
"SUWS014452","Douglas","Romans",48,"N",13,"W"
"SUWS014454","Bayfield","Grage",NA,NA,NA,NA
"SUWS014456","Douglas","Romans",48,"N",14,"W"
"SUWS014457","Douglas","Castle, R.",NA,NA,NA,NA
"SUWS014772","Douglas","Davidson, Donald W.",47,"N",15,"W"
"SUWS014904","Polk","Davidson, Donald W.",36,"N",16,"W"
"SUWS014905","Polk","Davidson, Donald W.",36,"N",16,"W"
"SUWS014906","Polk","Davidson, Donald W.",36,"N",16,"W"
"SUWS014907","Polk","Davidson, Donald W.",36,"N",16,"W"
"SUWS014908","Polk","Davidson, Donald W.",36,"N",16,"W"
"SUWS014909","Polk","Davidson, Donald W.",36,"N",16,"W"
"SUWS014935","Polk","Davidson, Donald W.",36,"N",16,"W"
"SUWS014949","Polk","Davidson, Donald W.",36,"N",16,"W"
"SUWS014950","Polk","Davidson, Donald W.",36,"N",16,"W"
"SUWS014951","Polk","Davidson, Donald W.",36,"N",16,"W"
"SUWS014952","Polk","Davidson, Donald W.",36,"N",16,"W"
"SUWS014953","Polk","Davidson, Donald W.",36,"N",16,"W"
"SUWS014954","Polk","Davidson, Donald W.",36,"N",16,"W"
"SUWS014965","Polk","Davidson, Donald W.",36,"N",16,"W"
"SUWS014966","Polk","Davidson, Donald W.",33,"N",17,"W"
"SUWS014967","Polk","Davidson, Donald W.",36,"N",16,"W"
"SUWS014968","Polk","Davidson, Donald W.",36,"N",16,"W"
"SUWS014986","Douglas","Branstad, David A.",49,"N",13,"W"
"SUWS014987","Douglas","Branstad, David A.",49,"N",13,"W"
"SUWS014996","Bayfield","Romans",44,"N",7,"W"
"SUWS014997","Bayfield","Brashier",45,"N",8,"W"
"SUWS014998","Bayfield","Brashier",45,"N",8,"W"
"SUWS014999","Bayfield","Brashier",45,"N",8,"W"
"SUWS015000","Douglas","Romans",49,"N",14,"W"
"SUWS015001","Bayfield","Brashier",45,"N",7,"W"
"SUWS015002","Bayfield","Brashier",45,"N",8,"W"
"SUWS015003","Bayfield","Thoren",45,"N",8,"W"
"SUWS015005","Bayfield","Brashier",44,"N",8,"W"
"SUWS015009","Bayfield","Brashier",44,"N",7,"W"
"SUWS015010","Bayfield","Grage",45,"N",7,"W"
"SUWS015011","Bayfield","Brashier",45,"N",8,"W"
"SUWS015012","Bayfield","Brashier",44,"N",7,"W"
"SUWS015013","Douglas","Johnson, R.",45,"N",13,"W"
"SUWS015014","Bayfield","Brashier",44,"N",8,"W"
"SUWS015016","Douglas","Romans",48,"N",12,"W"
"SUWS015017","Bayfield","Brashier",44,"N",8,"W"
"SUWS015018","Bayfield","Thoren",45,"N",8,"W"
"SUWS015020","Douglas","Jacobson, J. R.",47,"N",10,"W"
"SUWS015024","Bayfield","Brashier",45,"N",8,"W"
"SUWS015026","Douglas","Bruederle, Leo P.",49,"N",13,"W"
"SUWS015028","Bayfield","Brashier",45,"N",8,"W"
"SUWS015029","Bayfield","Brashier",44,"N",8,"W"
"SUWS015030","Bayfield","Brashier",45,"N",8,"W"
"SUWS015031","Bayfield","Grage",45,"N",8,"W"
"SUWS015033","Bayfield","Romans",45,"N",8,"W"
"SUWS015035","Bayfield","Brashier",44,"N",8,"W"
"SUWS015040","Douglas","Jacobson, J. R.",46,"N",10,"W"
"SUWS015041","Douglas","Jacobson, J. R.",47," N",10,"W"
"SUWS015042","Douglas","Jacobson, J. R.",45,"N",11,"W"
"SUWS015044","Douglas","Jacobson, J. R.",46,"N",10,"W"
"SUWS015051","Juneau","Romans",15,"N",5,"E"
"SUWS015052","Juneau","Romans",15,"N",5,"E"
"SUWS015056","Bayfield","Brashier",45,"N",7,"W"
"SUWS015062","Bayfield","Raatz",45,"N",8,"W"
"SUWS015070","Douglas","Jacobson, J. R.",47,"N",10,"W"
"SUWS015071","Douglas","Jacobson, J. R.",49," N",10,"W"
"SUWS015185","Bayfield","Brashier",45,"N",7,"W"
"SUWS015197","Bayfield","Brashier",45,"N",8,"W"
"SUWS015199","Bayfield","Brashier",45,"N",8,"W"
"SUWS015214","Douglas","Johnson, R.",45,"N",13,"W"
"SUWS015215","Burnett","Romans",40,"N",16,"W"
"SUWS015220","Bayfield","Brashier",47,"N",8,"W"
"SUWS015230","Douglas","Romans",NA,NA,NA,NA
"SUWS015233","Bayfield","Smith",45,"N",8,"W"
"SUWS015234","Douglas","Romans",46,"N",10,"W"
"SUWS015235","Bayfield","Brashier",45,"N",8,"W"
"SUWS015236","Vilas","Pellett, T. D.",40,"N",7,"E"
"SUWS015247","Douglas","Romans",46,"N",15,"W"
"SUWS015251","Douglas","Jacobson, J. R.",46,"N",10,"W"
"SUWS015253","Bayfield","Brashier",45,"N",8,"W"
"SUWS015254","St. Croix","Romans",31,"N",19,"W"
"SUWS015255","St. Croix","Romans",31,"N",19,"W"
"SUWS015260","Marquette","Romans",16,"N",11,"E"
"SUWS015261","Marquette","Romans",16,"N",11,"E"
"SUWS015265","Bayfield","Brashier",45,"N",8,"W"
"SUWS015266","Bayfield","Brashier",NA,NA,NA,NA
"SUWS015273","Bayfield","Brashier",46,"N",8,"W"
"SUWS015278","Burnett","Romans",41,"N",16,"W"
"SUWS015279","Bayfield","Brashier",44,"N",9,"W"
"SUWS015281","Ashland","Brashier",44,"N",2,"W"
"SUWS015284","Bayfield","Cherf",45,"N",8,"W"
"SUWS015285","Bayfield","Brashier",44,"N",7,"W"
"SUWS015290","Bayfield","Brashier",43,"N",7,"W"
"SUWS015291","Bayfield","Brashier",NA,NA,NA,NA
"SUWS015292","Bayfield","Romans",45,"N",8,"W"
"SUWS015293","Bayfield","Brashier",44,"N",8,"W"
"SUWS015297","Bayfield","Smith",45,"N",8,"W"
"SUWS015302","Douglas","Romans",45,"N",12,"W"
"SUWS015305","Douglas","Castle, R.",45,"N",11,"W"
"SUWS015309","Bayfield","Walvoord",45,"N",8,"W"
"SUWS015314","Douglas","Romans",44,"N",11,"W"
"SUWS015315","St. Croix","Romans",31,"N",19,"W"
"SUWS015317","Douglas","Romans",44,"N",11,"W"
"SUWS015319","Douglas","Collins, Matt",49,"N",13,"W"
"SUWS015320","Douglas","Collins, Matt",49,"N",13,"W"
"SUWS015322","Douglas","Romans",48,"N",14,"W"
"SUWS015331","Douglas","Fassett, Norman C.",46,"N",10,"W"
"SUWS015333","Pierce","Romans",26,"N",17,"W"
"SUWS015337","Douglas","Jacobson, J. R.",47," N",10,"W"
"SUWS015343","Douglas","Romans",48,"N",14,"W"
"SUWS015367","Bayfield","Brashier",44,"N",8,"W"
"SUWS015370","Polk","Romans",33,"N",19,"W"
"SUWS015371","Bayfield","Brashier",45,"N",8,"W"
"SUWS015372","Bayfield","Brashier",NA,NA,NA,NA
"SUWS015373","Bayfield","Valaskey",45,"N",8,"W"
"SUWS015374","Bayfield","Brashier",45,"N",8,"W"
"SUWS015375","Bayfield","Brashier",44,"N",7,"W"
"SUWS015376","Bayfield","Brashier",43,"N",7,"W"
"SUWS015377","Bayfield","Brashier",45,"N",8,"W "
"SUWS015378","Bayfield","Walvoord",45,"N",8,"W"
"SUWS015382","Douglas","Romans",46,"N",15,"W"
"SUWS015384","Douglas","Castle, R.",NA,NA,NA,NA
"SUWS015388","Bayfield","Brashier",43,"N",7,"W"
"SUWS015389","Bayfield","Brashier",45,"N",8,"W"
"SUWS015391","Douglas","Jacobson, J. R.",49,"N",10,"W"
"SUWS015392","Douglas","Fassett, Norman C.",49,"N",10,"W"
"SUWS015397","Douglas","Romans",46,"N",15,"W"
"SUWS015411","Douglas","Romans",48,"N",13,"W"
"SUWS015416","Douglas","Romans",46,"N",15,"W"
"SUWS015417","Douglas","Romans",44,"N",14,"W"
"SUWS015422","Douglas","Romans",48,"N",13,"W"
"SUWS015424","Douglas","Fassett, Norman C.",47,"N",11,"W"
"SUWS015426","Douglas","Romans",46,"N",15,"W"
"SUWS015436","Douglas","Fassett, Norman C.",49,"N",10,"W"
"SUWS015438","Douglas","Romans",46,"N",15,"W"
"SUWS015465","Polk","Romans",NA,NA,NA,NA
"SUWS015467","Burnett","Romans",41,"N",16,"W"
"SUWS015484","Douglas","Romans",46,"N",15,"W"
"SUWS015487","Douglas","Romans",46,"N",15,"W"
"SUWS015491","Douglas","Jacobson, J. R.",49,"N",10,"W"
"SUWS015501","Burnett","Romans",41,"N",16,"W"
"SUWS015502","Burnett","Romans",41,"N",16,"W"
"SUWS015509","Manitowoc","Romans",18,"N",23,"E"
"SUWS015510","Bayfield","Romans",48,"N",8,"W"
"SUWS015512","Bayfield","Brashier",44,"N",7,"W"
"SUWS015513","St. Croix","Brashier",29,"N",19,"W"
"SUWS015515","Bayfield","Brashier",45,"N",8,"W"
"SUWS015516","Sawyer","Brashier",NA,NA,NA,NA
"SUWS015518","Bayfield","Cherf",45,"N",8,"W"
"SUWS015519","Bayfield","Brashier",NA,NA,NA,NA
"SUWS015524","Douglas","Romans",49,"N",13,"W"
"SUWS015537","Douglas","Johnson, R.",45,"N",13,"W"
"SUWS015544","Bayfield","Brashier",45,"N",8,"W"
"SUWS015549","Bayfield","Brashier",44,"N",7,"W"
"SUWS015552","Douglas","Smith, C. W.",49,"N",14,"W"
"SUWS015558","Douglas","Romans",NA,NA,NA,NA
"SUWS015559","Polk","Romans",NA,NA,NA,NA
"SUWS015580","Vilas","Pellett, T. D.",40,"N",7,"E"
"SUWS015584","Bayfield","Brashier",45,"N",8,"W"
"SUWS015600","Ashland","Pellett, T. D.",48,"N",2,"W"
"SUWS015617","Trempealeau","Demaske, D.",18,"N",9,"W"
"SUWS015618","Trempealeau","Demaske, D.",18,"N",9,"W"
"SUWS015624","Trempealeau","Demaske, D.",18,"N",9,"W"
"SUWS015626","La Crosse","Nontelle, Deon M.",17,"N",8,"W"
"SUWS015628","Douglas","Jacobson, J. R.",46,"N",10,"W"
"SUWS015642","Trempealeau","Demaske, D.",18,"N",9,"W"
"SUWS015657","Douglas","Jacobson, J. R.",46,"N",10,"W"
"SUWS015685","Douglas","Jacobson, J. R.",47,"N",10,"W"
"SUWS015702","La Crosse","Hartley, R. T.",18,"N",7,"W"
"SUWS015724","Bayfield","Jacobson, J. R.",47,"N",9,"W"
"SUWS015728","Ashland","Smith, W. A.",48,"N",2,"W"
"SUWS015739","Bayfield","Brashier",45,"N",8,"W"
"SUWS015746","Douglas","Romans",46,"N",15,"W"
"SUWS015751","Douglas","Romans",46,"N",15,"W"
"SUWS015760","Douglas","Fassett, Norman C.",49,"N",14,"W"
"SUWS015774","Douglas","Jacobson, J. R.",47,"N",10,"W"
"SUWS015780","Douglas","Jacobson, J. R.",46," N",10,"W"
"SUWS015781","Adams","Catenhusen, John",19,"N",6,"E"
"SUWS015819","Ashland","Weber, P.",44,"N",3,"W "
"SUWS015852","Trempealeau","Demaske, D.",18,"N",9,"W"
"SUWS015872","Trempealeau","Demaske, D.",18,"N",9,"W"
"SUWS015873","Trempealeau","Demaske, D.",18,"N",9,"W"
"SUWS015881","Vernon","Leykom, M. F.",14,"N",7,"W"
"SUWS015894","Trempealeau","Demaske, D.",18,"N",9,"W"
"SUWS015930","Sauk","Cochrane, Barbara A.",10,"N",6,"E"
"SUWS015933","Sauk","Cochrane, Barbara A.",10,"N",6,"E"
"SUWS015939","Trempealeau","Demaske, D.",18,"N",9,"W"
"SUWS015940","Richland","Cochrane, Barbara A.",8,"N",2,"E"
"SUWS015941","Trempealeau","Demaske, D.",18,"N",9,"W"
"SUWS015945","Douglas","Fassett, Norman C.",46,"N",10,"W"
"SUWS015946","Douglas","Jacobson, J. R.",49,"N",10,"W"
"SUWS015953","Douglas","Jacobson, J. R.",49,"N",10,"W"
"SUWS015954","Ashland","Smith, W. A.",48,"N",2,"W"
"SUWS015955","Douglas","Jacobson, J. R.",46,"N",10,"W"
"SUWS015957","Douglas","Jacobson, J. R.",49,"N",10,"W"
"SUWS015988","Juneau","Romans",14,"N",2,"E"
"SUWS015993","La Crosse","Leykom, M. F.",15,"N",7,"W"
"SUWS016012","Douglas","Romans",46,"N",15,"W"
"SUWS016022","Manitowoc","Romans",18,"N",23,"E"
"SUWS016040","Bayfield","Valaskey",45,"N",8,"W"
"SUWS016046","Douglas","Romans",NA,NA,NA,NA
"SUWS016048","Douglas","Romans",48,"N",14,"W"
"SUWS016079","Douglas","Romans",47,"N",14,"W"
"SUWS016081","Bayfield","Brashier",45,"N",8,"W"
"SUWS016082","Bayfield","Brashier",45,"N",8,"W"
"SUWS016083","Bayfield","Brashier",45,"N",8,"W"
"SUWS016085","Bayfield","Brashier",45,"N",8,"W"
"SUWS016088","Burnett","Romans",41,"N",16,"W"
"SUWS016093","Bayfield","Brashier",45,"N",8,"W"
"SUWS016098","Burnett","Romans",40,"N",16,"W"
"SUWS016101","Douglas","Romans",49,"N",13,"W"
"SUWS016114","Bayfield","Brashier",45,"N",8,"W"
"SUWS016115","Douglas","Romans",NA,NA,NA,NA
"SUWS016119","Douglas","Romans",46,"N",15,"W"
"SUWS016131","Marinette","Romans",37,"N",20,"E"
"SUWS016136","Pierce","Romans",26,"N",17,"W"
"SUWS016144","Douglas","Romans",46,"N",15,"W"
"SUWS016154","Douglas","Romans",46,"N",15,"W"
"SUWS016155","Douglas","Romans",46,"N",15,"W"
"SUWS016163","Douglas","Romans",48,"N",14,"W"
"SUWS016165","Douglas","Romans",48,"N",14,"W"
"SUWS016179","Douglas","Smith, C. W.",49,"N",14,"W"
"SUWS016189","Bayfield","Ruff",45,"N",8,"W"
"SUWS016191","Bayfield","Smith",45,"N",8,"W"
"SUWS016193","Bayfield","Valaskey",45,"N",8,"W"
"SUWS016214","Bayfield","Brashier",45,"N",8,"W"
"SUWS016221","Polk","Romans",33,"N",19,"W"
"SUWS016231","Bayfield","Romans",45,"N",7,"W"
"SUWS016232","Douglas","Castle, R.",NA,NA,NA,NA
"SUWS016233","Douglas","Jacobson, J. R.",47,"N",10,"W"
"SUWS016234","Bayfield","Romans",44,"N",7,"W"
"SUWS016239","Douglas","Romans",46,"N",15,"W"
"SUWS016242","Douglas","Johnson, R.",46,"N",13,"W"
"SUWS016243","Douglas","Romans",46,"N",15,"W"
"SUWS016254","Bayfield","Romans",44,"N",7,"W"
"SUWS016255","Bayfield","Romans",44,"N",7,"W"
"SUWS016256","Douglas","Brashier",46,"N",12,"W"
"SUWS016257","Door","Romans",27,"N",26,"E"
"SUWS016260","Bayfield","Raatz",45,"N",8,"W"
"SUWS016263","Douglas","Romans",46,"N",15,"W"
"SUWS016272","Douglas","Jacobson, J. R.",45,"N",11,"W"
"SUWS016281","Douglas","Johnson, R.",NA,NA,NA,NA
"SUWS016282","Douglas","Fassett, Norman C.",45,"N",11,"W"
"SUWS016297","Bayfield","Paulsen",45,"N",8,"W"
"SUWS016298","Bayfield","Romans",45,"N",7,"W"
"SUWS016326","Polk","Davidson, Donald W.",33,"N",17,"W"
"SUWS016343","Douglas","Branstad, David A.",49,"N",13,"W"
"SUWS016350","Polk","Davidson, Donald W.",36,"N",16,"W"
"SUWS016351","Polk","Davidson, Donald W.",33,"N",17,"W"
"SUWS016371","Polk","Davidson, Donald W.",36,"N",16,"W"
"SUWS016375","Polk","Davidson, Donald W.",36,"N",16,"W"
"SUWS016382","Polk","Davidson, Donald W.",36,"N",16,"W"
"SUWS016398","Douglas","Branstad, David A.",49,"N",13,"W"
"SUWS016418","Polk","Davidson, Donald W.",33,"N",17,"W"
"SUWS016419","Polk","Davdison, Donald W.",36,"N",16,"W"
"SUWS016420","Polk","Davidson, Donald W.",36,"N",16,"W"
"SUWS016421","Polk","Davidson, Donald W.",36,"N",16,"W"
"SUWS016422","Polk","Davidson, Donald W.",36,"N",16,"W"
"SUWS016439","Douglas","Davidson, Donald W.",49,"N",13,"W"
"SUWS016440","Douglas","Davidson, Donald W.",49,"N",13,"W"
"SUWS016445","Polk","Davdison, Donald W.",36,"N",16,"W"
"SUWS016460","Douglas","Branstad, David A.",49,"N",13,"W"
"SUWS016715","Douglas","Heim, Mike",45,"N",15,"W"
"SUWS016716","Douglas","Heim, Mike",45,"N",15,"W"
"SUWS016717","Douglas","Heim, Mike",45,"N",15,"W"
"SUWS016718","Ashland","Heim, Mike",52,"N",2,"W"
"SUWS016719","Bayfield","Heim, Mike",50,"N",4,"W"
"SUWS016720","Ashland","Heim, Mike",52,"N",2,"W"
"SUWS016721","Ashland","Heim, Mike",52,"N",2,"W"
"SUWS016722","Ashland","Heim, Mike",52,"N",2,"W"
"SUWS016723","Ashland","Heim, Mike",52,"N",2,"W"
"SUWS016725","Douglas","Davidson, Donald W.",47,"N",14,"W"
"SUWS016726","Douglas","Davidson, Donald W.",47,"N",14,"W"
"SUWS016727","Douglas","Davidson, Donald W.",47,"N",14,"W"
"SUWS016728","Douglas","Davidson, Donald W.",47,"N",14,"W"
"SUWS016729","Douglas","Davidson, Donald W.",47,"N",14,"W"
"SUWS016737","Douglas","Davidson, Donald W.",47,"N",14,"W"
"SUWS016738","Douglas","Davidson, Donald W.",47,"N",14,"W"
"SUWS016739","Douglas","Davidson, Donald W.",47,"N",14,"W"
"SUWS016740","Douglas","Davidson, Donald W.",47,"N",14,"W"
"SUWS016741","Douglas","Davidson, Donald W.",47,"N",14,"W"
"SUWS016742","Douglas","Davidson, Donald W.",47,"N",14,"W"
"SUWS016743","Douglas","Davidson, Donald W.",47,"N",14,"W"
"SUWS016744","Douglas","Davidson, Donald W.",47,"N",14,"W"
"SUWS016745","Douglas","Davidson, Donald W.",47,"N",14,"W"
"SUWS016746","Douglas","Davidson, Donald W.",47,"N",14,"W"
"SUWS016747","Douglas","Davidson, Donald W.",47,"N",14,"W"
"SUWS016748","Douglas","Davidson, Donald W.",47,"N",14,"W"
"SUWS016749","Douglas","Davidson, Donald W.",47,"N",14,"W"
"SUWS016750","Douglas","Davidson, Donald W.",47,"N",14,"W"
"SUWS016751","Douglas","Davidson, Donald W.",47,"N",14,"W"
"SUWS016752","Douglas","Davidson, Donald W.",47,"N",14,"W"
"SUWS016753","Douglas","Davidson, Donald W.",47,"N",14,"W"
"SUWS016754","Oneida","Wright, Lynn A.",NA,NA,NA,NA
"SUWS016756","Douglas","Davidson, Donald W.",47,"N",14,"W"
"SUWS016757","Douglas","Davidson, Donald W.",47,"N",14,"W"
"SUWS016758","Douglas","Davidson, Donald W.",47,"N",14,"W"
"SUWS016759","Douglas","Davidson, Donald W.",47,"N",14,"W"
"SUWS016760","Douglas","Davidson, Donald W.",47,"N",14,"W"
"SUWS016761","Douglas","Davidson, Donald W.",47,"N",14,"W"
"SUWS016763","Douglas","Davidson, Donald W.",47,"N",14,"W"
"SUWS016764","Manitowoc","Judziewicz, Emmet J.",21,"N",22,"E"
"SUWS016771","Douglas","Davidson, Donald W.",47,"N",14,"W"
"SUWS016899","Douglas","Davidson, Donald W.",49,"N",14,"W"
"SUWS016900","Douglas","Davidson, Donald W.",49,"N",14,"W"
"SUWS016906","Douglas","Davidson, Donald W.",49,"N",13,"W"
"SUWS016908","Douglas","Davidson, Donald W.",49,"N",14,"W"
"SUWS016909","Douglas","Davidson, Donald W.",49,"N",14,"W"
"SUWS017085","Douglas","Branstad, David A.",49,"N",14,"W"
"SUWS017086","Douglas","Davidson, Donald W.",47,"N",14,"W"
"SUWS017087","Douglas","Wright, Lynn A.",49,"N",10,"W"
"SUWS017089","Douglas","Wright, Lynn A.",49,"N",10,"W"
"SUWS017091","Douglas","Branstad, David A.",49,"N",14,"W"
"SUWS017092","Douglas","Davidson, Donald W.",47,"N",14,"W"
"SUWS017096","Douglas","Branstad, David A.",49,"N",14,"W"
"SUWS017097","Douglas","Davidson, Donald W.",47,"N",14,"W"
"SUWS017098","Douglas","Wright, Lynn A.",49,"N",10,"W"
"SUWS017100","Douglas","Davidson, Donald W.",47,"N",14,"W"
"SUWS017103","Douglas","Branstad, David A.",49,"N",14,"W"
"SUWS017104","Douglas","Davidson, Donald W.",47,"N",14,"W"
"SUWS017708","Douglas","Davidson, Donald W.",48,"N",12,"W"
"SUWS010010","Ashland","Johnson, Robbye",45,"N",4,"W"
"SUWS010012","Ashland","Heim, Michael",44,"N",4,"W"
"SUWS010037","Ashland","Johnson, Robbye",45,"N",4,"W"
"SUWS010040","Ashland","Johnson, Robbye",45,"N",4,"W"
"SUWS010050","Ashland","Heim, Michael",45,"N",4,"W"
"SUWS010199","Douglas","Carona, Michael",44," N",12,"W"
"SUWS010591","Douglas","Anderson, D.",NA,NA,NA,NA
"SUWS011119","Douglas","Castle, R.",NA,NA,NA,NA
"SUWS011857","Douglas","Anderson, D.",NA,NA,NA,NA
"SUWS011877","Douglas","Anderson, D.",NA,NA,NA,NA
"SUWS013943","Douglas","Anderson, D.",49,"N",14,"W"
"SUWS013951","Douglas","Johnson, Robbye",48,"N",13,"W"
"SUWS013952","Douglas","Castle, R.",NA,NA,NA,NA
"SUWS013966","Douglas","Castle, R.",NA,NA,NA,NA
"SUWS013969","Douglas","Castle, R.",NA,NA,NA,NA
"SUWS015331","Douglas","Bean, E. F.",46,"N",10,"W"
"SUWS015552","Douglas","Fassett, Norman C.",49,"N",14,"W"
"SUWS015819","Ashland","Zimmerman, James H.",44,"N",3,"W "
"SUWS016242","Douglas","Anderson, D.",46,"N",13,"W"
"SUWS016281","Douglas","Anderson, D.",NA,NA,NA,NA
"SUWS016715","Douglas","Gitar, Richard D.",45,"N",15,"W"
"SUWS016716","Douglas","Gitar, Richard D.",45,"N",15,"W"
"SUWS016717","Douglas","Gitar, Richard D.",45,"N",15,"W"
"SUWS016718","Ashland","Gitar, Richard D.",52,"N",2,"W"
"SUWS016719","Bayfield","Gitar, Richard D.",50,"N",4,"W"
"SUWS016720","Ashland","Gitar, Richard D.",52,"N",2,"W"
"SUWS016721","Ashland","Gitar, Richard D.",52,"N",2,"W"
"SUWS016722","Ashland","Gitar, Richard D.",52,"N",2,"W"
"SUWS016723","Ashland","Gitar, Richard D.",52,"N",2,"W"
