"catalogNumber","t_num","t_dir","r_num","r_dir"
"SUWS010006",45," N",11,"W"
"SUWS010009",45," N",11,"W"
"SUWS010092",46," N",10,"W"
"SUWS010123",46," N",11,"W"
"SUWS010124",49," N",10,"W"
"SUWS010142",47," N",14,"W"
"SUWS010143",48," N",10,"W"
"SUWS010144",48," N",12,"W"
"SUWS010157",45," N",11,"W"
"SUWS010167",47," N",10,"W"
"SUWS010170",46," N",11,"W"
"SUWS010173",47," N",10,"W"
"SUWS010187",47," N",10,"W"
"SUWS010190",47," N",10,"W"
"SUWS010191",46," N",10,"W"
"SUWS010193",46," N",10,"W"
"SUWS010195",46," N",11,"W"
"SUWS010199",44," N",12,"W"
"SUWS010207",46," N",10,"W"
"SUWS010208",46," N",10,"W"
"SUWS010210",46," N",10,"W"
"SUWS010213",46," N",10,"W"
"SUWS010217",46," N",10,"W"
"SUWS010218",47," N",10,"W"
"SUWS010219",46," N",10,"W"
"SUWS010222",46," N",10,"W"
"SUWS010223",46," N",10,"W"
"SUWS010227",47," N",10,"W"
"SUWS010228",46," N",11,"W"
"SUWS010230",46," N",10,"W"
"SUWS010231",46," N",10,"W"
"SUWS010233",49," N",13,"W"
"SUWS010323",47," N",11,"W"
"SUWS010324",45," N",11,"W"
"SUWS010336",46," N",10,"W"
"SUWS010601",46," N",12,"W"
"SUWS010631",49," N",13,"W"
"SUWS010724",49," N",10,"W"
"SUWS010732",46," N",10,"W"
"SUWS010733",46," N",10,"W"
"SUWS010746",47," N",10,"W"
"SUWS010747",47," N",10,"W"
"SUWS010771",48," N",10,"W"
"SUWS010783",46," N",11,"W"
"SUWS010812",49," N",10,"W"
"SUWS010815",46," N",11,"W"
"SUWS010831",48," N",10,"W"
"SUWS010835",48," N",13,"W"
"SUWS010851",48," N",13,"W"
"SUWS010858",46," N",11,"W"
"SUWS010871",48," N",10,"W"
"SUWS010907",47," N",10,"W"
"SUWS010925",48," N",10,"W"
"SUWS010951",46," N",11,"W"
"SUWS010969",49," N",10,"W"
"SUWS010984",47," N",10,"W"
"SUWS011002",46," N",11,"W"
"SUWS011035",47," N",10,"W"
"SUWS011074",47," N",10,"W"
"SUWS011164",47," N",10,"W"
"SUWS011278",47," N",10,"W"
"SUWS011347",47," N",10,"W"
"SUWS011402",48," N",10,"W"
"SUWS011453",47," N",10,"W"
"SUWS011486b",49," N",10,"W"
"SUWS011510",47," N",10,"W"
"SUWS011522",49," N",10,"W"
"SUWS011668",47," N",10,"W"
"SUWS011747",46," N",11,"W"
"SUWS011773",46," N",10,"W"
"SUWS011838",47," N",10,"W"
"SUWS011882",48," N",13,"W"
"SUWS011925",49," N",10,"W"
"SUWS012011",47," N",10,"W"
"SUWS012119",47," N",10,"W"
"SUWS012132",13," N",19,"E"
"SUWS012139",48," N",12,"W"
"SUWS012175",47," N",11,"W"
"SUWS012311",46," N",10,"W"
"SUWS012314",46," N",10,"W"
"SUWS014209",46," N",10,"W"
"SUWS014228",46," N",10,"W"
"SUWS015041",47," N",10,"W"
"SUWS015071",49," N",10,"W"
"SUWS015073",47," N",10,"W"
"SUWS015306",46," N",10,"W"
"SUWS015337",47," N",10,"W"
"SUWS015498",46," N",10,"W"
"SUWS015687",7," N",18,"E"
"SUWS015695",5," N",20,"E"
"SUWS015780",46," N",10,"W"
"SUWS015834",14," N",15,"E"
"SUWS015926",18," N",16,"E"
"SUWS015927",20," N",16,"E"
"SUWS016324",45," N",15,"W"
"SUWS016325",45," N",15,"W"
"SUWS016470",45," N",15,"W"
"SUWS017110",49," N",13,"W"
"SUWS017112",48," N",13,"W"
"SUWS017113",48," N",13,"W"
"SUWS017546",48,"N",12,"W"
"SUWS017447",48,"N",12,"W"
"SUWS017444",48,"N",12,"W"
"SUWS017551",48,"N",12,"W"
"SUWS017507",48,"N",12,"W"
"SUWS017404",48,"N",12,"W"
"SUWS017541",48,"N",12,"W"
"SUWS017554",48,"N",12,"W"
"SUWS017409",48,"N",12,"W"
"SUWS017540",48,"N",12,"W"
"SUWS017416",48,"N",12,"W"
"SUWS017424",48,"N",12,"W"
"SUWS017425",48,"N",12,"W"
"SUWS017438",48,"N",12,"W"
"SUWS017439",48,"N",12,"W"
"SUWS017442",48,"N",12,"W"
"SUWS017443",48,"N",12,"W"
"SUWS017445",48,"N",12,"W"
"SUWS017451",48,"N",12,"W"
"SUWS017452",48,"N",12,"W"
"SUWS017548",48,"N",12,"W"
"SUWS017550",48,"N",12,"W"
"SUWS017543",48,"N",12,"W"
"SUWS017431",48,"N",12,"W"
"SUWS017430",48,"N",12,"W"
"SUWS017450",48,"N",12,"W"
"SUWS017410",48,"N",12,"W"
"SUWS017552",48,"N",12,"W"
"SUWS009540",50,"N",4,"W"
"SUWS010004",44,"N",8,"W"
"SUWS010005",52,"N",5,"W"
"SUWS010013",44,"N",7,"W"
"SUWS010018",39,"N",7,"E"
"SUWS010019",45,"N",14,"W"
"SUWS010029",32,"N",22,"E"
"SUWS010032",45,"N",7,"W"
"SUWS010036",48,"N",13,"W"
"SUWS010043",40,"N",9,"W"
"SUWS010044",40,"N",9,"W"
"SUWS010046",40,"N",9,"W"
"SUWS010057",46,"N",11,"W"
"SUWS010059",45,"N",5,"W"
"SUWS010069",41,"N",16,"W"
"SUWS010080",16,"N",5,"W"
"SUWS010081",46,"N",15,"W"
"SUWS010082",49,"N",14,"W"
"SUWS010083",14,"N",6,"W"
"SUWS010084",47,"N",15,"W"
"SUWS010086",47,"N",14,"W"
"SUWS010088",44,"N",3,"E"
"SUWS010093",47,"N",14,"W"
"SUWS010094",45,"N",7,"W"
"SUWS010099",46,"N",8,"W"
"SUWS010100",41,"N",12,"W"
"SUWS010101",50,"N",4,"W"
"SUWS010102",46,"N",2,"E"
"SUWS010104",42,"N",15,"W"
"SUWS010105",45,"N",7,"W"
"SUWS010106",51,"N",5,"W"
"SUWS010112",48,"N",12,"W"
"SUWS010113",45,"N",8,"W"
"SUWS010114",47,"N",14,"W"
"SUWS010115",49,"N",14,"W"
"SUWS010116",51,"N",3,"W"
"SUWS010117",45,"N",8,"W"
"SUWS010118",48,"N",9,"W"
"SUWS010120",46,"N",15,"W"
"SUWS010125",47,"N",10,"W"
"SUWS010127",49,"N",13,"W"
"SUWS010129",48,"N",12,"W"
"SUWS010130",45,"N",3,"E"
"SUWS010133",48,"N",9,"W"
"SUWS010134",46,"N",15,"W"
"SUWS010135",20,"N",12,"W"
"SUWS010139",17,"N",8,"W"
"SUWS010140",19,"N",13,"E"
"SUWS010141",47,"N",14,"W"
"SUWS010145",46,"N",2,"E"
"SUWS010147",47,"N",10,"W"
"SUWS010149",16,"N",6,"W"
"SUWS010153",49,"N",14,"W"
"SUWS010154",46,"N",15,"W"
"SUWS010155",44,"N",14,"W"
"SUWS010158",44,"N",14,"W"
"SUWS010158b",46,"N",15,"W"
"SUWS010162",46,"N",2,"E"
"SUWS010165",46,"N",15,"W"
"SUWS010166",16,"N",6,"W"
"SUWS010168",41,"N",7,"W"
"SUWS010171",44,"N",12,"W"
"SUWS010172",46,"N",10,"W"
"SUWS010174",49,"N",13,"W"
"SUWS010175",51,"N",3,"W"
"SUWS010179",49,"N",3,"W"
"SUWS010180",11,"N",8,"E"
"SUWS010181",49,"N",13,"W"
"SUWS010184",49,"N",14,"W"
"SUWS010186",14,"N",7,"W"
"SUWS010192",46,"N",8,"W"
"SUWS010194",36,"N",3,"W"
"SUWS010196",48,"N",2,"W"
"SUWS010201",17,"N",7,"W"
"SUWS010202",51,"N",7,"W"
"SUWS010204",48,"N",9,"W"
"SUWS010205",50,"N",8,"W"
"SUWS010211",51,"N",4,"W"
"SUWS010214",46,"N",8,"W"
"SUWS010215",21,"N",13,"E"
"SUWS010220",17,"N",7,"W"
"SUWS010221",50,"N",8,"W"
"SUWS010224",50,"N",8,"W"
"SUWS010226",14,"N",7,"W"
"SUWS010232",21,"N",13,"E"
"SUWS010317",15,"N",5,"W"
"SUWS010319",14,"N",7,"W"
"SUWS010321",46,"N",15,"W"
"SUWS010322",15,"N",7,"W"
"SUWS010327",46,"N",15,"W"
"SUWS010328",43,"N",12,"W"
"SUWS010331",9,"N",2,"W"
"SUWS010332",48,"N",5,"W"
"SUWS010333",50,"N",8,"W"
"SUWS010335",12,"N",16,"E"
"SUWS010337",20,"N",12,"W"
"SUWS010341",30,"N",23,"E"
"SUWS010342",15,"N",7,"W"
"SUWS010350",16,"N",7,"W"
"SUWS010356",40,"N",7,"E"
"SUWS010357",44,"N",8,"W"
"SUWS010360",45,"N",8,"W"
"SUWS010365",49,"N",3,"W"
"SUWS010377",49,"N",13,"W"
"SUWS010378",49,"N",13,"W"
"SUWS010379",49,"N",13,"W"
"SUWS010380",49,"N",13,"W"
"SUWS010381",49,"N",13,"W"
"SUWS010382",49,"N",13,"W"
"SUWS010383",49,"N",13,"W"
"SUWS010384",49,"N",13,"W"
"SUWS010386",49,"N",13,"W"
"SUWS010388",49,"N",13,"W"
"SUWS010390",49,"N",13,"W"
"SUWS010424",49,"N",13,"W"
"SUWS010425",49,"N",14,"W"
"SUWS010426",49,"N",13,"W"
"SUWS010428",49,"N",14,"W"
"SUWS010439",49,"N",14,"W"
"SUWS010446",49,"N",14,"W"
"SUWS010509",49,"N",10,"W"
"SUWS010519",49,"N",10,"W"
"SUWS010522",49,"N",10,"W"
"SUWS010524",49,"N",10,"W"
"SUWS010527",49,"N",10,"W"
"SUWS010528",49,"N",10,"W"
"SUWS010538",49,"N",13,"W"
"SUWS010540b",49,"N",10,"W"
"SUWS010549",49,"N",10,"W"
"SUWS010555",49,"N",10,"W"
"SUWS010571",49,"N",10,"W"
"SUWS010572",49,"N",10,"W"
"SUWS010575",49,"N",14,"W"
"SUWS010579",45,"N",6,"W"
"SUWS010582",45,"N",6,"W"
"SUWS010586",47,"N",14,"W"
"SUWS010590",47,"N",12,"W"
"SUWS010592",47,"N",12,"W"
"SUWS010594",49,"N",14,"W"
"SUWS010595",48,"N",9,"W"
"SUWS010596",30,"N",28,"E"
"SUWS010600",47,"N",12,"W"
"SUWS010602",45,"N",11,"W"
"SUWS010604",49,"N",10,"W"
"SUWS010605",49,"N",14,"W"
"SUWS010606",45,"N",13,"W"
"SUWS010608",48,"N",13,"W"
"SUWS010609",49,"N",14,"W"
"SUWS010610",47,"N",12,"W"
"SUWS010612",47,"N",10,"W"
"SUWS010612A",48,"N",13,"W"
"SUWS010613",49,"N",10,"W"
"SUWS010615",47,"N",12,"W"
"SUWS010616",47,"N",12,"W"
"SUWS010617",47,"N",14,"W"
"SUWS010621",47,"N",14,"W"
"SUWS010629",49,"N",13,"W"
"SUWS010629b",49,"N",13,"W"
"SUWS010643",49,"N",13,"W"
"SUWS010645",47,"N",12,"W"
"SUWS010647",48,"N",9,"W"
"SUWS010649",49,"N",14,"W"
"SUWS010651",45,"N",14,"W"
"SUWS010653",48,"N",9,"W"
"SUWS010656",49,"N",10,"W"
"SUWS010657",46,"N",13,"W"
"SUWS010659",48,"N",13,"W"
"SUWS010660",49,"N",10,"W"
"SUWS010663",49,"N",10,"W"
"SUWS010667",49,"N",10,"W"
"SUWS010672",49,"N",13,"W"
"SUWS010673",49,"N",13,"W"
"SUWS010676",47,"N",12,"W"
"SUWS010682",49,"N",13,"W"
"SUWS010683",49,"N",13,"W"
"SUWS010686",49,"N",13,"W"
"SUWS010692",49,"N",10,"W"
"SUWS010695",45,"N",6,"W"
"SUWS010707",47,"N",14,"W"
"SUWS010710",47,"N",14,"W"
"SUWS010717",49,"N",14,"W"
"SUWS010722",45,"N",7,"W"
"SUWS010725b",46,"N",8,"W"
"SUWS010728",47,"N",8,"W"
"SUWS010728b",44,"N",12,"W"
"SUWS010730",48,"N",14,"W"
"SUWS010734",3,"N",22,"E"
"SUWS010735",47,"N",15,"W"
"SUWS010739",47,"N",14,"W"
"SUWS010741",48,"N",9,"W"
"SUWS010742",52,"N",3,"W"
"SUWS010743",3,"N",22,"E"
"SUWS010745",48,"N",10,"W"
"SUWS010748",46,"N",11,"W"
"SUWS010765",49,"N",14,"W"
"SUWS010769",49,"N",13,"W"
"SUWS010770",49,"N",10,"W"
"SUWS010772",46,"N",10,"W"
"SUWS010775",9,"N",2,"W"
"SUWS010777",48,"N",12,"W"
"SUWS010794",46,"N",15,"W"
"SUWS010803",47,"N",14,"W"
"SUWS010814",45,"N",6,"W"
"SUWS010818",49,"N",13,"W"
"SUWS010827",43,"N",15,"W"
"SUWS010828",47,"N",14,"W"
"SUWS010834",46,"N",10,"W"
"SUWS010837",47,"N",10,"W"
"SUWS010839",46,"N",15,"W"
"SUWS010840",47,"N",12,"W"
"SUWS010850",48,"N",14,"W"
"SUWS010852",47,"N",14,"W"
"SUWS010854",50,"N",7,"W"
"SUWS010861",49,"N",12,"W"
"SUWS010865",47,"N",15,"W"
"SUWS010866",45,"N",15,"W"
"SUWS010870",47,"N",15,"W"
"SUWS010872",49,"N",13,"W"
"SUWS010874",46,"N",15,"W"
"SUWS010879",44,"N",11,"W"
"SUWS010885",16,"N",8,"W"
"SUWS010886",43,"N",14,"W"
"SUWS010888",46,"N",15,"W"
"SUWS010896",45,"N",12,"W"
"SUWS010897",46,"N",15,"W"
"SUWS010898",47,"N",14,"W"
"SUWS010903",11,"N",5,"E"
"SUWS010904",32,"N",7,"W"
"SUWS010904b",16,"N",7,"W"
"SUWS010909",47,"N",12,"W"
"SUWS010918",49,"N",14,"W"
"SUWS010933",47,"N",10,"W"
"SUWS010935",49,"N",14,"W"
"SUWS010936",20,"N",12,"W"
"SUWS010940",15,"N",7,"W"
"SUWS010941",49,"N",13,"W"
"SUWS010942",49,"N",14,"W"
"SUWS010949",49,"N",5,"W"
"SUWS010950",45,"N",12,"W"
"SUWS010956",49,"N",13,"W"
"SUWS010958",43,"N",8,"W"
"SUWS010959",48,"N",9,"W"
"SUWS010961",47,"N",14,"W"
"SUWS010964",46,"N",10,"W"
"SUWS010966",46,"N",10,"W"
"SUWS010967",49,"N",10,"W"
"SUWS010970",44,"N",10,"W"
"SUWS010983",46,"N",9,"W"
"SUWS010996",47,"N",14,"W"
"SUWS011003",49,"N",10,"W"
"SUWS011006",44,"N",13,"W"
"SUWS011007",13,"N",19,"E"
"SUWS011009",48,"N",9,"W"
"SUWS011014",49,"N",13,"W"
"SUWS011016",49,"N",13,"W"
"SUWS011017",46,"N",14,"W"
"SUWS011018",49,"N",14,"W"
"SUWS011020",45,"N",7,"W"
"SUWS011022",49,"N",14,"W"
"SUWS011030",44,"N",14,"W"
"SUWS011036",49,"N",13,"W"
"SUWS011038",46,"N",2,"E"
"SUWS011039",44,"N",13,"W"
"SUWS011040",49,"N",10,"W"
"SUWS011043",49,"N",13,"W"
"SUWS011044",49,"N",13,"W"
"SUWS011045",47,"N",14,"W"
"SUWS011049",49,"N",13,"W"
"SUWS011050",49,"N",14,"W"
"SUWS011067",48,"N",9,"W"
"SUWS011073",47,"N",10,"W"
"SUWS011075",47,"N",14,"W"
"SUWS011077",46,"N",15,"W"
"SUWS011079",47,"N",15,"W"
"SUWS011081",49,"N",13,"W"
"SUWS011082",49,"N",13,"W"
"SUWS011085",44,"N",14,"W"
"SUWS011088",47,"N",10,"W"
"SUWS011089",49,"N",8,"W"
"SUWS011093",46,"N",15,"W"
"SUWS011094",48,"N",9,"W"
"SUWS011101",47,"N",15,"W"
"SUWS011102",45,"N",12,"W"
"SUWS011114",46,"N",15,"W"
"SUWS011116",49,"N",13,"W"
"SUWS011127",49,"N",11,"W"
"SUWS011129",47,"N",14,"W"
"SUWS011133",49,"N",13,"W"
"SUWS011134",49,"N",12,"W"
"SUWS011135",49,"N",13,"W"
"SUWS011136",49,"N",13,"W"
"SUWS011137",49,"N",13,"W"
"SUWS011143",49,"N",13,"W"
"SUWS011144",49,"N",13,"W"
"SUWS011150",49,"N",13,"W"
"SUWS011156",10,"N",21,"E"
"SUWS011157",15,"N",5,"W"
"SUWS011160",47,"N",10,"W"
"SUWS011163",47,"N",10,"W"
"SUWS011165",47,"N",10,"W"
"SUWS011167",47,"N",14,"W"
"SUWS011174",46,"N",13,"W"
"SUWS011179",49,"N",14,"W"
"SUWS011180",48,"N",10,"W"
"SUWS011184",48,"N",15,"W"
"SUWS011185",47,"N",10,"W"
"SUWS011186",47,"N",10,"W"
"SUWS011188",43,"N",15,"W"
"SUWS011189",47,"N",11,"W"
"SUWS011190",46,"N",2,"E"
"SUWS011191",43,"N",11,"W"
"SUWS011192",49,"N",13,"W"
"SUWS011197",47,"N",11,"W"
"SUWS011200",44,"N",8,"W"
"SUWS011203",47,"N",14,"W"
"SUWS011207",46,"N",2,"E"
"SUWS011208",46,"N",10,"W"
"SUWS011210",49,"N",14,"W"
"SUWS011217",47,"N",14,"W"
"SUWS011219",47,"N",15,"W"
"SUWS011220",48,"N",14,"W"
"SUWS011223",46,"N",11,"W"
"SUWS011228",47,"N",15,"W"
"SUWS011230",49,"N",10,"W"
"SUWS011232",8,"N",3,"W"
"SUWS011234",52,"N",4,"W"
"SUWS011236",48,"N",12,"W"
"SUWS011237",46,"N",2,"E"
"SUWS011240",47,"N",14,"W"
"SUWS011244",45,"N",11,"W"
"SUWS011256",49,"N",13,"W"
"SUWS011258",49,"N",13,"W"
"SUWS011261",47,"N",10,"W"
"SUWS011268",36,"N",16,"W"
"SUWS011279",47,"N",14,"W"
"SUWS011280",47,"N",10,"W"
"SUWS011284",46,"N",10,"W"
"SUWS011285",47,"N",14,"W"
"SUWS011290",49,"N",13,"W"
"SUWS011293",49,"N",13,"W"
"SUWS011298",47,"N",10,"W"
"SUWS011299",46,"N",13,"W"
"SUWS011303",47,"N",10,"W"
"SUWS011305",46,"N",15,"W"
"SUWS011310",49,"N",13,"W"
"SUWS011311",46,"N",15,"W"
"SUWS011314",43,"N",15,"W"
"SUWS011318",47,"N",14,"W"
"SUWS011320",44,"N",14,"W"
"SUWS011322",48,"N",10,"W"
"SUWS011326",45,"N",9,"W"
"SUWS011329",49,"N",13,"W"
"SUWS011331",47,"N",11,"W"
"SUWS011334",49,"N",10,"W"
"SUWS011338",47,"N",14,"W"
"SUWS011339",49,"N",10,"W"
"SUWS011341",47,"N",8,"W"
"SUWS011343",49,"N",14,"W"
"SUWS011345",45,"N",1,"W"
"SUWS011346",49,"N",4,"W"
"SUWS011350",49,"N",10,"W"
"SUWS011354",49,"N",8,"W"
"SUWS011362",47,"N",12,"W"
"SUWS011374",48,"N",2,"W"
"SUWS011375",46,"N",14,"W"
"SUWS011378",46,"N",10,"W"
"SUWS011379",49,"N",13,"W"
"SUWS011381",49,"N",13,"W"
"SUWS011382",49,"N",13,"W"
"SUWS011383",47,"N",14,"W"
"SUWS011384",46,"N",10,"W"
"SUWS011390",49,"N",10,"W"
"SUWS011392",47,"N",14,"W"
"SUWS011394",47,"N",14,"W"
"SUWS011395",44,"N",12,"W"
"SUWS011397",48,"N",10,"W"
"SUWS011398",47,"N",14,"W"
"SUWS011403",46,"N",15,"W"
"SUWS011404",43,"N",11,"W"
"SUWS011405",46,"N",10,"W"
"SUWS011406",45,"N",10,"W"
"SUWS011408",45,"N",10,"W"
"SUWS011412",46,"N",13,"W"
"SUWS011416",47,"N",14,"W"
"SUWS011417",46,"N",11,"W"
"SUWS011418",45,"N",12,"W"
"SUWS011419",46,"N",2,"E"
"SUWS011422",47,"N",14,"W"
"SUWS011434",47,"N",15,"W"
"SUWS011438",45,"N",14,"W"
"SUWS011440",46,"N",11,"W"
"SUWS011445",46,"N",15,"W"
"SUWS011450",14,"N",7,"W"
"SUWS011451",49,"N",3,"W"
"SUWS011452",46,"N",14,"W"
"SUWS011454",49,"N",13,"W"
"SUWS011455",49,"N",13,"W"
"SUWS011456",49,"N",13,"W"
"SUWS011465",47,"N",15,"W"
"SUWS011467",48,"N",12,"W"
"SUWS011471",48,"N",9,"W"
"SUWS011474",16,"N",5,"W"
"SUWS011475",49,"N",10,"W"
"SUWS011479",49,"N",13,"W"
"SUWS011481",49,"N",10,"W"
"SUWS011482b",49,"N",13,"W"
"SUWS011488",14,"N",7,"W"
"SUWS011490",49,"N",3,"W"
"SUWS011491",48,"N",12,"W"
"SUWS011492",51,"N",3,"W"
"SUWS011494",46,"N",15,"W"
"SUWS011496",49,"N",10,"W"
"SUWS011499",47,"N",14,"W"
"SUWS011500",44,"N",3,"E"
"SUWS011503",47,"N",15,"W"
"SUWS011504",49,"N",14,"W"
"SUWS011507",43,"N",12,"W"
"SUWS011508",47,"N",10,"W"
"SUWS011511",46,"N",15,"W"
"SUWS011515",15,"N",7,"W"
"SUWS011516",49,"N",13,"W"
"SUWS011517",49,"N",13,"W"
"SUWS011518",49,"N",14,"W"
"SUWS011523",49,"N",13,"W"
"SUWS011524",49,"N",13,"W"
"SUWS011530",45,"N",11,"W"
"SUWS011532",48,"N",10,"W"
"SUWS011534",48,"N",12,"W"
"SUWS011535",44,"N",2,"E"
"SUWS011538",46,"N",14,"W"
"SUWS011543",44,"N",11,"W"
"SUWS011547",47,"N",10,"W"
"SUWS011548",49,"N",12,"W"
"SUWS011549",49,"N",13,"W"
"SUWS011551",3,"N",22,"E"
"SUWS011552",48,"N",10,"W"
"SUWS011555",44,"N",8,"W"
"SUWS011561",44,"N",7,"W"
"SUWS011562",47,"N",10,"W"
"SUWS011567",49,"N",14,"W"
"SUWS011569",48,"N",12,"W"
"SUWS011582",16,"N",11,"E"
"SUWS011585",49,"N",12,"W"
"SUWS011594",48,"N",5,"W"
"SUWS011595",47,"N",14,"W"
"SUWS011598",48,"N",10,"W"
"SUWS011599",46,"N",10,"W"
"SUWS011600",49,"N",13,"W"
"SUWS011604",49,"N",14,"W"
"SUWS011606",14,"N",7,"W"
"SUWS011608",49,"N",10,"W"
"SUWS011612",45,"N",3,"E"
"SUWS011615",46,"N",10,"W"
"SUWS011616",48,"N",10,"W"
"SUWS011620",47,"N",10,"W"
"SUWS011626",49,"N",10,"W"
"SUWS011627",48,"N",14,"W"
"SUWS011629",49,"N",13,"W"
"SUWS011633",48,"N",14,"W"
"SUWS011635",49,"N",13,"W"
"SUWS011648",46,"N",13,"W"
"SUWS011654",47,"N",10,"W"
"SUWS011660",46,"N",13,"W"
"SUWS011661",47,"N",14,"W"
"SUWS011662",46,"N",13,"W"
"SUWS011665",47,"N",14,"W"
"SUWS011666",47,"N",10,"W"
"SUWS011669",46,"N",13,"W"
"SUWS011678",45,"N",13,"W"
"SUWS011680",48,"N",10,"W"
"SUWS011687",46,"N",13,"W"
"SUWS011691",46,"N",13,"W"
"SUWS011692",47,"N",10,"W"
"SUWS011695",45,"N",8,"W"
"SUWS011696",45,"N",6,"W"
"SUWS011701",46,"N",14,"W"
"SUWS011702",47,"N",10,"W"
"SUWS011710",49,"N",13,"W"
"SUWS011716",48,"N",10,"W"
"SUWS011717",46,"N",9,"W"
"SUWS011719",49,"N",13,"W"
"SUWS011729",44,"N",14,"W"
"SUWS011730",46,"N",9,"W"
"SUWS011735",45,"N",8,"W"
"SUWS011737",41,"N",16,"W"
"SUWS011742",46,"N",14,"W"
"SUWS011745",46,"N",13,"W"
"SUWS011746",46,"N",13,"W"
"SUWS011748",45,"N",11,"W"
"SUWS011750",49,"N",3,"W"
"SUWS011751",49,"N",13,"W"
"SUWS011752",49,"N",10,"W"
"SUWS011753",46,"N",15,"W"
"SUWS011756",45,"N",11,"W"
"SUWS011768",49,"N",13,"W"
"SUWS011771",46,"N",15,"W"
"SUWS011774",52,"N",5,"W"
"SUWS011784",46,"N",15,"W"
"SUWS011789",16,"N",6,"W"
"SUWS011791",49,"N",10,"W"
"SUWS011801",20,"N",12,"W"
"SUWS011806",46,"N",10,"W"
"SUWS011807",49,"N",14,"W"
"SUWS011808",46,"N",14,"W"
"SUWS011812",49,"N",10,"W"
"SUWS011819",47,"N",8,"W"
"SUWS011820",52,"N",5,"W"
"SUWS011821",46,"N",13,"W"
"SUWS011823",46,"N",11,"W"
"SUWS011830",47,"N",14,"W"
"SUWS011831",47,"N",10,"W"
"SUWS011832",47,"N",10,"W"
"SUWS011833",48,"N",10,"W"
"SUWS011834",49,"N",13,"W"
"SUWS011836",47,"N",14,"W"
"SUWS011837",47,"N",14,"W"
"SUWS011839",48,"N",10,"W"
"SUWS011840",47,"N",14,"W"
"SUWS011841",47,"N",14,"W"
"SUWS011842",46,"N",15,"W"
"SUWS011844",49,"N",13,"W"
"SUWS011846",48,"N",9,"W"
"SUWS011848",6,"N",9,"E"
"SUWS011852",49,"N",10,"W"
"SUWS011853",49,"N",13,"W"
"SUWS011859",46,"N",10,"W"
"SUWS011863",45,"N",11,"W"
"SUWS011864",48,"N",10,"W"
"SUWS011865",36,"N",16,"W"
"SUWS011869",45,"N",11,"W"
"SUWS011873",48,"N",13,"W"
"SUWS011874",46,"N",15,"W"
"SUWS011875",45,"N",11,"W"
"SUWS011876",49,"N",14,"W"
"SUWS011878",47,"N",10,"W"
"SUWS011883",47,"N",10,"W"
"SUWS011885",48,"N",10,"W"
"SUWS011892",46,"N",10,"W"
"SUWS011893",46,"N",15,"W"
"SUWS011894",49,"N",10,"W"
"SUWS011896",44,"N",12,"W"
"SUWS011897",47,"N",14,"W"
"SUWS011901",45,"N",12,"W"
"SUWS011902",47,"N",14,"W"
"SUWS011904",46,"N",15,"W"
"SUWS011905",49,"N",10,"W"
"SUWS011906",49,"N",13,"W"
"SUWS011907",46,"N",15,"W"
"SUWS011908",49,"N",10,"W"
"SUWS011909",49,"N",13,"W"
"SUWS011912",46,"N",10,"W"
"SUWS011913",46,"N",10,"W"
"SUWS011914",45,"N",10,"W"
"SUWS011915",47,"N",14,"W"
"SUWS011916",49,"N",14,"W"
"SUWS011919",48,"N",10,"W"
"SUWS011924",47,"N",15,"W"
"SUWS011926",48,"N",13,"W"
"SUWS011927",49,"N",10,"W"
"SUWS011928",49,"N",13,"W"
"SUWS011933",13,"N",19,"E"
"SUWS011936",49,"N",13,"W"
"SUWS011943",46,"N",11,"W"
"SUWS011944",45,"N",12,"W"
"SUWS011955",46,"N",9,"W"
"SUWS011964",49,"N",10,"W"
"SUWS011966",49,"N",9,"W"
"SUWS011967",49,"N",13,"W"
"SUWS011971",46,"N",13,"W"
"SUWS011972",46,"N",13,"W"
"SUWS011974",2,"N",18,"E"
"SUWS011976",46,"N",15,"W"
"SUWS011980",49,"N",13,"W"
"SUWS011984",45,"N",9,"W"
"SUWS011987",49,"N",13,"W"
"SUWS011988",45,"N",10,"W"
"SUWS011992",43,"N",12,"W"
"SUWS011998",46,"N",15,"W"
"SUWS011999",48,"N",12,"W"
"SUWS012004",48,"N",10,"W"
"SUWS012005",48,"N",10,"W"
"SUWS012010",48,"N",10,"W"
"SUWS012015",49,"N",13,"W"
"SUWS012016",49,"N",13,"W"
"SUWS012017",49,"N",13,"W"
"SUWS012018",49,"N",13,"W"
"SUWS012019",49,"N",13,"W"
"SUWS012020",49,"N",13,"W"
"SUWS012021",49,"N",13,"W"
"SUWS012022",49,"N",13,"W"
"SUWS012024",46,"N",10,"W"
"SUWS012025",45,"N",10,"W"
"SUWS012030",48,"N",7,"W"
"SUWS012036",46,"N",15,"W"
"SUWS012038",48,"N",10,"W"
"SUWS012039",49,"N",13,"W"
"SUWS012040",49,"N",13,"W"
"SUWS012041",49,"N",13,"W"
"SUWS012042",49,"N",13,"W"
"SUWS012043",49,"N",13,"W"
"SUWS012045",49,"N",13,"W"
"SUWS012046",49,"N",13,"W"
"SUWS012049",49,"N",13,"W"
"SUWS012050",49,"N",13,"W"
"SUWS012052",49,"N",13,"W"
"SUWS012054",49,"N",10,"W"
"SUWS012060",49,"N",13,"W"
"SUWS012062",47,"N",8,"W"
"SUWS012063",46,"N",11,"W"
"SUWS012065",46,"N",15,"W"
"SUWS012068",47,"N",14,"W"
"SUWS012069",49,"N",12,"W"
"SUWS012071",49,"N",4,"W"
"SUWS012079",48,"N",12,"W"
"SUWS012081",49,"N",10,"W"
"SUWS012083",47,"N",14,"W"
"SUWS012087",49,"N",10,"W"
"SUWS012088",46,"N",11,"W"
"SUWS012090",49,"N",12,"W"
"SUWS012095",49,"N",13,"W"
"SUWS012097",49,"N",13,"W"
"SUWS012101",49,"N",13,"W"
"SUWS012102",49,"N",13,"W"
"SUWS012103",49,"N",13,"W"
"SUWS012106",49,"N",10,"W"
"SUWS012108",49,"N",13,"W"
"SUWS012113",48,"N",13,"W"
"SUWS012114",47,"N",9,"W"
"SUWS012117",45,"N",9,"W"
"SUWS012126",41,"N",15,"W"
"SUWS012131",14,"N",7,"W"
"SUWS012133",48,"N",10,"W"
"SUWS012135",47,"N",15,"W"
"SUWS012136",46,"N",14,"W"
"SUWS012146",45,"N",12,"W"
"SUWS012148",45,"N",12,"W"
"SUWS012149",41,"N",15,"W"
"SUWS012150",47,"N",15,"W"
"SUWS012152",43,"N",15,"W"
"SUWS012164",49,"N",13,"W"
"SUWS012165",49,"N",13,"W"
"SUWS012166",49,"N",13,"W"
"SUWS012170",49,"N",13,"W"
"SUWS012172",52,"N",5,"W"
"SUWS012173",47,"N",10,"W"
"SUWS012177",49,"N",10,"W"
"SUWS012178",49,"N",13,"W"
"SUWS012180",49,"N",10,"W"
"SUWS012182",47,"N",10,"W"
"SUWS012183",46,"N",10,"W"
"SUWS012184",48,"N",14,"W"
"SUWS012197",47,"N",12,"W"
"SUWS012203",49,"N",13,"W"
"SUWS012206",49,"N",10,"W"
"SUWS012210",49,"N",13,"W"
"SUWS012216",45,"N",9,"W"
"SUWS012225",45,"N",9,"W"
"SUWS012228",47,"N",14,"W"
"SUWS012239b",45,"N",13,"W"
"SUWS012242",46,"N",9,"W"
"SUWS012251",47,"N",10,"W"
"SUWS012256",49,"N",14,"W"
"SUWS012259",49,"N",13,"W"
"SUWS012262",49,"N",10,"W"
"SUWS012263",46,"N",11,"W"
"SUWS012270",49,"N",13,"W"
"SUWS012272",49,"N",10,"W"
"SUWS012273",48,"N",9,"W"
"SUWS012276",49,"N",13,"W"
"SUWS012278",47,"N",10,"W"
"SUWS012283",49,"N",13,"W"
"SUWS012291",47,"N",10,"W"
"SUWS012298",49,"N",10,"W"
"SUWS012299",46,"N",11,"W"
"SUWS012300",49,"N",13,"W"
"SUWS012308",49,"N",10,"W"
"SUWS012309",49,"N",13,"W"
"SUWS012310",49,"N",12,"W"
"SUWS012313",47,"N",10,"W"
"SUWS012317",2,"N",17,"E"
"SUWS012321",49,"N",13,"W"
"SUWS012322",49,"N",13,"W"
"SUWS012327",46,"N",11,"W"
"SUWS012328",45,"N",11,"W"
"SUWS012329",49,"N",14,"W"
"SUWS012334",49,"N",10,"W"
"SUWS012335",47,"N",15,"W"
"SUWS012344",49,"N",13,"W"
"SUWS012345",46,"N",10,"W"
"SUWS012350",48,"N",9,"W"
"SUWS012351",47,"N",14,"W"
"SUWS012356",47,"N",12,"W"
"SUWS012359",49,"N",13,"W"
"SUWS012360",49,"N",13,"W"
"SUWS012361",45,"N",12,"W"
"SUWS012362",49,"N",13,"W"
"SUWS012367",45,"N",9,"W"
"SUWS012380",49,"N",14,"W"
"SUWS012381",44,"N",8,"W"
"SUWS012384",49,"N",13,"W"
"SUWS012386",46,"N",11,"W"
"SUWS012388",49,"N",13,"W"
"SUWS012390",46,"N",13,"W"
"SUWS012396",45,"N",6,"W"
"SUWS012397",47,"N",13,"W"
"SUWS012399",49,"N",13,"W"
"SUWS012406",49,"N",14,"W"
"SUWS012407",49,"N",13,"W"
"SUWS012408",46,"N",12,"W"
"SUWS012409",46,"N",11,"W"
"SUWS012410",47,"N",9,"W"
"SUWS012412",49,"N",10,"W"
"SUWS012414",48,"N",13,"W"
"SUWS012415",47,"N",11,"W"
"SUWS012416",49,"N",13,"W"
"SUWS012417",47,"N",13,"W"
"SUWS012418",47,"N",13,"W"
"SUWS012419",49,"N",13,"W"
"SUWS012422",45,"N",11,"W"
"SUWS012424",46,"N",15,"W"
"SUWS012425",41,"N",7,"W"
"SUWS012426",41,"N",7,"W"
"SUWS012428",48,"N",10,"W"
"SUWS012433",47,"N",9,"W"
"SUWS012434",49,"N",10,"W"
"SUWS012436",46,"N",15,"W"
"SUWS012437",46,"N",10,"W"
"SUWS012442",43,"N",7,"W"
"SUWS012445",4,"N",12,"E"
"SUWS012453",9,"N",2,"E"
"SUWS012463",45,"N",11,"W"
"SUWS012464",46,"N",11,"W"
"SUWS012465",45,"N",11,"W"
"SUWS012466",46,"N",11,"W"
"SUWS012467",19,"N",9,"W"
"SUWS012468",47,"N",10,"W"
"SUWS012470",49,"N",14,"W"
"SUWS012474",15,"N",7,"W"
"SUWS012479",46,"N",11,"W"
"SUWS012486",46,"N",10,"W"
"SUWS012489",49,"N",13,"W"
"SUWS012490",49,"N",13,"W"
"SUWS012491",49,"N",13,"W"
"SUWS012492",49,"N",13,"W"
"SUWS012504",49,"N",13,"W"
"SUWS012505",48,"N",9,"W"
"SUWS012507",49,"N",13,"W"
"SUWS012509",49,"N",13,"W"
"SUWS012514",47,"N",14,"W"
"SUWS012521",45,"N",12,"W"
"SUWS012523",49,"N",13,"W"
"SUWS012530",49,"N",13,"W"
"SUWS012533",49,"N",13,"W"
"SUWS012536",46,"N",11,"W"
"SUWS012537",49,"N",13,"W"
"SUWS012539",49,"N",13,"W"
"SUWS012542",49,"N",13,"W"
"SUWS012543",48,"N",12,"W"
"SUWS012544",48,"N",12,"W"
"SUWS012553",16,"N",8,"W"
"SUWS012559",15,"N",7,"W"
"SUWS012560",49,"N",10,"W"
"SUWS012565",47,"N",15,"W"
"SUWS012570",49,"N",14,"W"
"SUWS012571",48,"N",13,"W"
"SUWS012572",47,"N",10,"W"
"SUWS012581",18,"N",8,"W"
"SUWS012587",47,"N",10,"W"
"SUWS012590",32,"N",7,"W"
"SUWS012591",49,"N",10,"W"
"SUWS012595",49,"N",14,"W"
"SUWS012597",46,"N",15,"W"
"SUWS012599",46,"N",11,"W"
"SUWS012600",46,"N",11,"W"
"SUWS012604",46,"N",15,"W"
"SUWS012608",48,"N",9,"W"
"SUWS012611",48,"N",10,"W"
"SUWS012612",47,"N",14,"W"
"SUWS012614",45,"N",14,"W"
"SUWS012615",46,"N",15,"W"
"SUWS012622",49,"N",13,"W"
"SUWS012623",49,"N",13,"W"
"SUWS012624",47,"N",15,"W"
"SUWS012630",52,"N",5,"W"
"SUWS012631",48,"N",3,"W"
"SUWS012635",49,"N",13,"W"
"SUWS012640",47,"N",9,"W"
"SUWS012641",49,"N",13,"W"
"SUWS012642",49,"N",13,"W"
"SUWS012647",49,"N",13,"W"
"SUWS012650",51,"N",5,"W"
"SUWS012651",48,"N",12,"W"
"SUWS012652",46,"N",11,"W"
"SUWS012653",47,"N",14,"W"
"SUWS012655",49,"N",10,"W"
"SUWS012656",48,"N",14,"W"
"SUWS012657",48,"N",13,"W"
"SUWS012658",49,"N",13,"W"
"SUWS012659",46,"N",15,"W"
"SUWS012660",46,"N",10,"W"
"SUWS012661",49,"N",13,"W"
"SUWS012663",49,"N",10,"W"
"SUWS012664",13,"N",19,"E"
"SUWS012666",46,"N",15,"W"
"SUWS012675",49,"N",14,"W"
"SUWS012677",49,"N",11,"W"
"SUWS012678",49,"N",13,"W"
"SUWS012679",49,"N",10,"W"
"SUWS012687",47,"N",15,"W"
"SUWS012693",47,"N",15,"W"
"SUWS012694",47,"N",14,"W"
"SUWS012696",49,"N",13,"W"
"SUWS012698",49,"N",12,"W"
"SUWS012699",47,"N",10,"W"
"SUWS012702",46,"N",7,"W"
"SUWS012706",47,"N",10,"W"
"SUWS012708",49,"N",12,"W"
"SUWS012709",48,"N",12,"W"
"SUWS012718",3,"N",18,"E"
"SUWS012725",49,"N",10,"W"
"SUWS012730",49,"N",13,"W"
"SUWS012741",16,"N",11,"E"
"SUWS012754",14,"N",7,"W"
"SUWS012760",46,"N",10,"W"
"SUWS012762",46,"N",10,"W"
"SUWS012765",46,"N",7,"W"
"SUWS012767",46,"N",13,"W"
"SUWS012769",45,"N",11,"W"
"SUWS012789",2,"N",18,"E"
"SUWS012790",47,"N",10,"W"
"SUWS012793",49,"N",13,"W"
"SUWS012813",49,"N",10,"W"
"SUWS012829",8,"N",4,"E"
"SUWS012832",49,"N",14,"W"
"SUWS012836",47,"N",10,"W"
"SUWS012841",44,"N",8,"W"
"SUWS012844",15,"N",5,"E"
"SUWS012845",15,"N",5,"E"
"SUWS012848",45,"N",8,"W"
"SUWS012849",45,"N",8,"W"
"SUWS012850",45,"N",8,"W"
"SUWS012854",46,"N",10,"W"
"SUWS012856",48,"N",10,"W"
"SUWS012857",45,"N",8,"W"
"SUWS012858",46,"N",15,"W"
"SUWS012860",45,"N",11,"W"
"SUWS012861",49,"N",13,"W"
"SUWS012865",49,"N",10,"W"
"SUWS012868",49,"N",13,"W"
"SUWS012869",49,"N",13,"W"
"SUWS012874",15,"N",7,"W"
"SUWS012876",45,"N",8,"W"
"SUWS012877",49,"N",10,"W"
"SUWS012878",49,"N",13,"W"
"SUWS012880",47,"N",10,"W"
"SUWS012881",45,"N",8,"W"
"SUWS012882",49,"N",13,"W"
"SUWS012883",45,"N",8,"W"
"SUWS012884",45,"N",8,"W"
"SUWS012885",45,"N",8,"W"
"SUWS012886",44,"N",8,"W"
"SUWS012887",46,"N",10,"W"
"SUWS012890",45,"N",8,"W"
"SUWS012892",8,"N",3,"W"
"SUWS012895",45,"N",8,"W"
"SUWS012896",45,"N",8,"W"
"SUWS012897",45,"N",8,"W"
"SUWS012900",45,"N",10,"W"
"SUWS012901",46,"N",10,"W"
"SUWS012909",49,"N",10,"W"
"SUWS012910",47,"N",10,"W"
"SUWS012911",49,"N",13,"W"
"SUWS012912",47,"N",10,"W"
"SUWS012916",35,"N",12,"E"
"SUWS012917",47,"N",15,"W"
"SUWS012919",49,"N",10,"W"
"SUWS012932",49,"N",13,"W"
"SUWS012934",47,"N",15,"W"
"SUWS012935",49,"N",13,"W"
"SUWS012939",49,"N",13,"W"
"SUWS012940",49,"N",14,"W"
"SUWS012941",47,"N",15,"W"
"SUWS012942",47,"N",15,"W"
"SUWS012943",49,"N",13,"W"
"SUWS012944",49,"N",13,"W"
"SUWS012945",49,"N",13,"W"
"SUWS012948",48,"N",13,"W"
"SUWS012949",48,"N",13,"W"
"SUWS012950",49,"N",13,"W"
"SUWS012954",49,"N",14,"W"
"SUWS012955",49,"N",14,"W"
"SUWS012957",49,"N",13,"W"
"SUWS012958",47,"N",15,"W"
"SUWS012959",49,"N",13,"W"
"SUWS012960",47,"N",15,"W"
"SUWS012961",47,"N",15,"W"
"SUWS012962",49,"N",14,"W"
"SUWS012963",47,"N",15,"W"
"SUWS012964",48,"N",14,"W"
"SUWS012965",48,"N",14,"W"
"SUWS012966",45,"N",12,"W"
"SUWS012967",45,"N",12,"W"
"SUWS012968",48,"N",7,"W"
"SUWS012972",47,"N",1,"W"
"SUWS012974",49,"N",12,"W"
"SUWS012975",50,"N",7,"W"
"SUWS012976",51,"N",7,"W"
"SUWS012977",50,"N",7,"W"
"SUWS012978",50,"N",7,"W"
"SUWS012979",51,"N",7,"W"
"SUWS012980",51,"N",7,"W"
"SUWS012981",50,"N",7,"W"
"SUWS012982",50,"N",7,"W"
"SUWS012983",50,"N",7,"W"
"SUWS012984",51,"N",7,"W"
"SUWS012985",47,"N",1,"W"
"SUWS012986",51,"N",6,"W"
"SUWS012987",51,"N",7,"W"
"SUWS012988",47,"N",1,"W"
"SUWS012989",51,"N",6,"W"
"SUWS012990",50,"N",7,"W"
"SUWS012991",51,"N",6,"W"
"SUWS012992",50,"N",7,"W"
"SUWS012993",51,"N",6,"W"
"SUWS012994",51,"N",6,"W"
"SUWS012995",51,"N",6,"W"
"SUWS012996",50,"N",7,"W"
"SUWS012997",47,"N",1,"W"
"SUWS012998",51,"N",6,"W"
"SUWS012999",51,"N",7,"W"
"SUWS013000",50,"N",7,"W"
"SUWS013001",50,"N",7,"W"
"SUWS013002",50,"N",7,"W"
"SUWS013003",47,"N",1,"W"
"SUWS013004",51,"N",7,"W"
"SUWS013005",49,"N",13,"W"
"SUWS013006",51,"N",6,"W"
"SUWS013007",51,"N",6,"W"
"SUWS013008",47,"N",1,"W"
"SUWS013009",47,"N",1,"W"
"SUWS013010",50,"N",7,"W"
"SUWS013011",49,"N",13,"W"
"SUWS013014",47,"N",15,"W"
"SUWS013015",47,"N",15,"W"
"SUWS013016",47,"N",15,"W"
"SUWS013017",47,"N",15,"W"
"SUWS013019",47,"N",15,"W"
"SUWS013020",47,"N",15,"W"
"SUWS013021",47,"N",15,"W"
"SUWS013023",49,"N",13,"W"
"SUWS013024",47,"N",15,"W"
"SUWS013025",49,"N",13,"W"
"SUWS013026",49,"N",13,"W"
"SUWS013027",49,"N",13,"W"
"SUWS013028",49,"N",13,"W"
"SUWS013029",49,"N",13,"W"
"SUWS013030",49,"N",13,"W"
"SUWS013031",49,"N",13,"W"
"SUWS013032",48,"N",13,"W"
"SUWS013033",35,"N",12,"E"
"SUWS013034",49,"N",14,"W"
"SUWS013035",49,"N",14,"W"
"SUWS013037",49,"N",14,"W"
"SUWS013038",49,"N",14,"W"
"SUWS013039",49,"N",14,"W"
"SUWS013040",49,"N",14,"W"
"SUWS013045",47,"N",15,"W"
"SUWS013046",49,"N",13,"W"
"SUWS013047",49,"N",13,"W"
"SUWS013061",44,"N",12,"W"
"SUWS013062",44,"N",12,"W"
"SUWS013064",47,"N",15,"W"
"SUWS013084",47,"N",14,"W"
"SUWS013085",47,"N",14,"W"
"SUWS013086",47,"N",14,"W"
"SUWS013112",49,"N",13,"W"
"SUWS013113",49,"N",13,"W"
"SUWS013114",49,"N",13,"W"
"SUWS013116",49,"N",13,"W"
"SUWS013117",49,"N",13,"W"
"SUWS013118",49,"N",13,"W"
"SUWS013120",49,"N",13,"W"
"SUWS013123",49,"N",13,"W"
"SUWS013124",49,"N",13,"W"
"SUWS013125",49,"N",13,"W"
"SUWS013127",49,"N",13,"W"
"SUWS013128",49,"N",13,"W"
"SUWS013129",49,"N",13,"W"
"SUWS013143",49,"N",14,"W"
"SUWS013145",49,"N",14,"W"
"SUWS013149",47,"N",15,"W"
"SUWS013150",46,"N",15,"W"
"SUWS013151",46,"N",15,"W"
"SUWS013152",46,"N",15,"W"
"SUWS013153",47,"N",15,"W"
"SUWS013154",47,"N",15,"W"
"SUWS013155",49,"N",15,"W"
"SUWS013156",49,"N",13,"W"
"SUWS013157",49,"N",14,"W"
"SUWS013158",47,"N",15,"W"
"SUWS013160",47,"N",15,"W"
"SUWS013161",49,"N",14,"W"
"SUWS013162",49,"N",13,"W"
"SUWS013163",49,"N",14,"W"
"SUWS013164",49,"N",13,"W"
"SUWS013165",49,"N",13,"W"
"SUWS013166",49,"N",13,"W"
"SUWS013167",49,"N",14,"W"
"SUWS013168",49,"N",13,"W"
"SUWS013169",49,"N",14,"W"
"SUWS013170",49,"N",14,"W"
"SUWS013171",49,"N",13,"W"
"SUWS013172",49,"N",13,"W"
"SUWS013173",49,"N",13,"W"
"SUWS013174",49,"N",13,"W"
"SUWS013175",49,"N",13,"W"
"SUWS013176",49,"N",13,"W"
"SUWS013177",49,"N",13,"W"
"SUWS013178",49,"N",13,"W"
"SUWS013179",49,"N",13,"W"
"SUWS013180",49,"N",13,"W"
"SUWS013181",49,"N",13,"W"
"SUWS013182",49,"N",13,"W"
"SUWS013183",49,"N",13,"W"
"SUWS013184",46,"N",15,"W"
"SUWS013186",46,"N",15,"W"
"SUWS013187",46,"N",15,"W"
"SUWS013188",46,"N",15,"W"
"SUWS013189",46,"N",15,"W"
"SUWS013192",47,"N",15,"W"
"SUWS013193",47,"N",15,"W"
"SUWS013194",47,"N",15,"W"
"SUWS013196",47,"N",15,"W"
"SUWS013197",47,"N",15,"W"
"SUWS013198",49,"N",14,"W"
"SUWS013199",47,"N",15,"W"
"SUWS013200b",49,"N",14,"W"
"SUWS013202",47,"N",15,"W"
"SUWS013203",49,"N",14,"W"
"SUWS013204",47,"N",15,"W"
"SUWS013209",49,"N",14,"W"
"SUWS013210",49,"N",13,"W"
"SUWS013211",49,"N",13,"W"
"SUWS013212",49,"N",13,"W"
"SUWS013213",49,"N",13,"W"
"SUWS013214",49,"N",13,"W"
"SUWS013215",49,"N",13,"W"
"SUWS013216",49,"N",13,"W"
"SUWS013217",49,"N",13,"W"
"SUWS013221",49,"N",13,"W"
"SUWS013223",49,"N",13,"W"
"SUWS013224",49,"N",14,"W"
"SUWS013225",49,"N",14,"W"
"SUWS013226",49,"N",13,"W"
"SUWS013228",49,"N",14,"W"
"SUWS013231",49,"N",14,"W"
"SUWS013233",49,"N",14,"W"
"SUWS013236",49,"N",14,"W"
"SUWS013237",49,"N",13,"W"
"SUWS013238",47,"N",15,"W"
"SUWS013239",47,"N",15,"W"
"SUWS013240",47,"N",15,"W"
"SUWS013241",47,"N",15,"W"
"SUWS013242",47,"N",15,"W"
"SUWS013243",47,"N",15,"W"
"SUWS013244",47,"N",15,"W"
"SUWS013245",49,"N",14,"W"
"SUWS013246",49,"N",13,"W"
"SUWS013247",49,"N",14,"W"
"SUWS013248",49,"N",13,"W"
"SUWS013249",49,"N",13,"W"
"SUWS013250",49,"N",13,"W"
"SUWS013251",49,"N",13,"W"
"SUWS013252",49,"N",13,"W"
"SUWS013253",49,"N",13,"W"
"SUWS013254",49,"N",13,"W"
"SUWS013255",49,"N",13,"W"
"SUWS013256",49,"N",13,"W"
"SUWS013257",49,"N",13,"W"
"SUWS013258",49,"N",14,"W"
"SUWS013259",49,"N",14,"W"
"SUWS013260",49,"N",14,"W"
"SUWS013261",47,"N",15,"W"
"SUWS013262",47,"N",15,"W"
"SUWS013263",47,"N",15,"W"
"SUWS013264",47,"N",15,"W"
"SUWS013265",47,"N",15,"W"
"SUWS013266",47,"N",15,"W"
"SUWS013268",47,"N",15,"W"
"SUWS013269",47,"N",15,"W"
"SUWS013270",47,"N",15,"W"
"SUWS013271",47,"N",15,"W"
"SUWS013272",47,"N",15,"W"
"SUWS013273",47,"N",15,"W"
"SUWS013274",47,"N",15,"W"
"SUWS013275",47,"N",15,"W"
"SUWS013276",47,"N",15,"W"
"SUWS013277",47,"N",15,"W"
"SUWS013278",47,"N",15,"W"
"SUWS013279",47,"N",15,"W"
"SUWS013280",49,"N",13,"W"
"SUWS013281",47,"N",15,"W"
"SUWS013282",47,"N",15,"W"
"SUWS013283",47,"N",15,"W"
"SUWS013284",47,"N",15,"W"
"SUWS013285",47,"N",15,"W"
"SUWS013286",47,"N",15,"W"
"SUWS013287",47,"N",15,"W"
"SUWS013288",47,"N",15,"W"
"SUWS013289",47,"N",15,"W"
"SUWS013290",47,"N",15,"W"
"SUWS013291",47,"N",15,"W"
"SUWS013292",47,"N",15,"W"
"SUWS013293",49,"N",13,"W"
"SUWS013294",49,"N",13,"W"
"SUWS013295",49,"N",13,"W"
"SUWS013296",49,"N",13,"W"
"SUWS013298",49,"N",13,"W"
"SUWS013299",49,"N",14,"W"
"SUWS013300",49,"N",14,"W"
"SUWS013302",49,"N",14,"W"
"SUWS013303",47,"N",15,"W"
"SUWS013304",47,"N",15,"W"
"SUWS013305",47,"N",15,"W"
"SUWS013306",47,"N",15,"W"
"SUWS013308",49,"N",13,"W"
"SUWS013309",49,"N",13,"W"
"SUWS013310",49,"N",13,"W"
"SUWS013311",49,"N",13,"W"
"SUWS013313",49,"N",13,"W"
"SUWS013314",49,"N",13,"W"
"SUWS013316",49,"N",14,"W"
"SUWS013318",49,"N",14,"W"
"SUWS013319",49,"N",14,"W"
"SUWS013323",49,"N",14,"W"
"SUWS013324",49,"N",14,"W"
"SUWS013325",49,"N",14,"W"
"SUWS013326",49,"N",14,"W"
"SUWS013327",49,"N",14,"W"
"SUWS013328",49,"N",14,"W"
"SUWS013332",47,"N",15,"W"
"SUWS013337",47,"N",15,"W"
"SUWS013340",49,"N",14,"W"
"SUWS013341",49,"N",14,"W"
"SUWS013345",49,"N",14,"W"
"SUWS013346",49,"N",13,"W"
"SUWS013347",49,"N",14,"W"
"SUWS013350",49,"N",13,"W"
"SUWS013351",49,"N",14,"W"
"SUWS013354",47,"N",15,"W"
"SUWS013355",49,"N",13,"W"
"SUWS013356",49,"N",13,"W"
"SUWS013357",49,"N",13,"W"
"SUWS013358",49,"N",13,"W"
"SUWS013360",49,"N",14,"W"
"SUWS013361",47,"N",15,"W"
"SUWS013363",49,"N",13,"W"
"SUWS013364",49,"N",13,"W"
"SUWS013365",49,"N",13,"W"
"SUWS013366",49,"N",13,"W"
"SUWS013368",49,"N",13,"W"
"SUWS013369",49,"N",13,"W"
"SUWS013370",49,"N",13,"W"
"SUWS013371",49,"N",13,"W"
"SUWS013372",49,"N",13,"W"
"SUWS013373",49,"N",13,"W"
"SUWS013374",49,"N",13,"W"
"SUWS013375",49,"N",13,"W"
"SUWS013376",49,"N",13,"W"
"SUWS013377",49,"N",13,"W"
"SUWS013378",49,"N",13,"W"
"SUWS013379",49,"N",13,"W"
"SUWS013380",49,"N",13,"W"
"SUWS013381",49,"N",13,"W"
"SUWS013382",49,"N",13,"W"
"SUWS013383",49,"N",13,"W"
"SUWS013384",49,"N",13,"W"
"SUWS013385",49,"N",14,"W"
"SUWS013386",49,"N",14,"W"
"SUWS013387",49,"N",14,"W"
"SUWS013388",49,"N",14,"W"
"SUWS013389",49,"N",14,"W"
"SUWS013390",49,"N",14,"W"
"SUWS013391",49,"N",14,"W"
"SUWS013392",49,"N",14,"W"
"SUWS013393",49,"N",14,"W"
"SUWS013394",49,"N",14,"W"
"SUWS013395",46,"N",15,"W"
"SUWS013396",46,"N",15,"W"
"SUWS013397",46,"N",15,"W"
"SUWS013398",46,"N",15,"W"
"SUWS013399",46,"N",15,"W"
"SUWS013400",46,"N",15,"W"
"SUWS013401",46,"N",15,"W"
"SUWS013402",46,"N",15,"W"
"SUWS013404",47,"N",15,"W"
"SUWS013405",47,"N",15,"W"
"SUWS013406",47,"N",15,"W"
"SUWS013407",47,"N",15,"W"
"SUWS013408",47,"N",15,"W"
"SUWS013409",47,"N",15,"W"
"SUWS013412",49,"N",13,"W"
"SUWS013413",49,"N",13,"W"
"SUWS013417",49,"N",13,"W"
"SUWS013421",49,"N",14,"W"
"SUWS013423",47,"N",15,"W"
"SUWS013424",49,"N",14,"W"
"SUWS013427",49,"N",13,"W"
"SUWS013428",49,"N",14,"W"
"SUWS013430",49,"N",13,"W"
"SUWS013431",49,"N",13,"W"
"SUWS013433",49,"N",14,"W"
"SUWS013436",49,"N",14,"W"
"SUWS013441",49,"N",15,"W"
"SUWS013442",49,"N",13,"W"
"SUWS013443",49,"N",15,"W"
"SUWS013444",49,"N",13,"W"
"SUWS013445",49,"N",14,"W"
"SUWS013447",49,"N",14,"W"
"SUWS013448",49,"N",13,"W"
"SUWS013449",49,"N",14,"W"
"SUWS013450",49,"N",14,"W"
"SUWS013451",49,"N",14,"W"
"SUWS013452",49,"N",13,"W"
"SUWS013465",49,"N",14,"W"
"SUWS013543",49,"N",14,"W"
"SUWS013554",49,"N",14,"W"
"SUWS013560",47,"N",13,"W"
"SUWS013561",47,"N",13,"W"
"SUWS013567",47,"N",13,"W"
"SUWS013568",49,"N",14,"W"
"SUWS013569",49,"N",14,"W"
"SUWS013570",49,"N",14,"W"
"SUWS013571",47,"N",13,"W"
"SUWS013573",47,"N",13,"W"
"SUWS013576",49,"N",14,"W"
"SUWS013577",49,"N",14,"W"
"SUWS013578",49,"N",14,"W"
"SUWS013580",47,"N",13,"W"
"SUWS013581",47,"N",13,"W"
"SUWS013756",49,"N",14,"W"
"SUWS013770",49,"N",14,"W"
"SUWS013771",49,"N",14,"W"
"SUWS013772",49,"N",14,"W"
"SUWS013773",49,"N",14,"W"
"SUWS013774",49,"N",14,"W"
"SUWS013775",49,"N",14,"W"
"SUWS013779",47,"N",11,"W"
"SUWS013780",47,"N",11,"W"
"SUWS013781",47,"N",11,"W"
"SUWS013782",47,"N",11,"W"
"SUWS013783",47,"N",11,"W"
"SUWS013784",47,"N",11,"W"
"SUWS013785",47,"N",11,"W"
"SUWS013786",47,"N",11,"W"
"SUWS013788",47,"N",15,"W"
"SUWS013790",47,"N",10,"W"
"SUWS013791",47,"N",10,"W"
"SUWS013792",47,"N",11,"W"
"SUWS013793",47,"N",11,"W"
"SUWS013794",47,"N",11,"W"
"SUWS013796",47,"N",11,"W"
"SUWS013797",47,"N",11,"W"
"SUWS013798",47,"N",11,"W"
"SUWS013800",47,"N",11,"W"
"SUWS013801",47,"N",11,"W"
"SUWS013802",47,"N",11,"W"
"SUWS013804",49,"N",14,"W"
"SUWS013805",49,"N",14,"W"
"SUWS013806",49,"N",14,"W"
"SUWS013807",49,"N",14,"W"
"SUWS013808",49,"N",14,"W"
"SUWS013809",49,"N",14,"W"
"SUWS013810",49,"N",14,"W"
"SUWS013812",49,"N",14,"W"
"SUWS013813",49,"N",14,"W"
"SUWS013814",49,"N",14,"W"
"SUWS013815",49,"N",14,"W"
"SUWS013816",49,"N",14,"W"
"SUWS013820",48,"N",13,"W"
"SUWS013821",49,"N",13,"W"
"SUWS013822",48,"N",13,"W"
"SUWS013824",49,"N",13,"W"
"SUWS013825",49,"N",13,"W"
"SUWS013828",49,"N",14,"W"
"SUWS013829",49,"N",13,"W"
"SUWS013832",49,"N",14,"W"
"SUWS013835",49,"N",14,"W"
"SUWS013838",49,"N",13,"W"
"SUWS013839",49,"N",14,"W"
"SUWS013841",49,"N",14,"W"
"SUWS013843",48,"N",13,"W"
"SUWS013844",48,"N",13,"W"
"SUWS013845",48,"N",13,"W"
"SUWS013846",48,"N",13,"W"
"SUWS013847",48,"N",13,"W"
"SUWS013848",47,"N",15,"W"
"SUWS013849",47,"N",15,"W"
"SUWS013850",47,"N",15,"W"
"SUWS013851",47,"N",15,"W"
"SUWS013852",47,"N",15,"W"
"SUWS013855",46,"N",10,"W"
"SUWS013856",49,"N",10,"W"
"SUWS013857",47,"N",11,"W"
"SUWS013858",47,"N",11,"W"
"SUWS013860",49,"N",13,"W"
"SUWS013861",49,"N",13,"W"
"SUWS013863",49,"N",13,"W"
"SUWS013864",49,"N",13,"W"
"SUWS013868",49,"N",13,"W"
"SUWS013871",49,"N",13,"W"
"SUWS013872",49,"N",13,"W"
"SUWS013873",49,"N",13,"W"
"SUWS013875B",49,"N",14,"W"
"SUWS013876",49,"N",14,"W"
"SUWS013877",49,"N",14,"W"
"SUWS013878",49,"N",13,"W"
"SUWS013879",49,"N",14,"W"
"SUWS013880",49,"N",14,"W"
"SUWS013881",47,"N",15,"W"
"SUWS013882",47,"N",15,"W"
"SUWS013883",47,"N",15,"W"
"SUWS013884",47,"N",15,"W"
"SUWS013885",47,"N",15,"W"
"SUWS013886",47,"N",15,"W"
"SUWS013887",48,"N",15,"W"
"SUWS013889",47,"N",15,"W"
"SUWS013890",49,"N",13,"W"
"SUWS013891",47,"N",15,"W"
"SUWS013892",48,"N",15,"W"
"SUWS013894",47,"N",15,"W"
"SUWS013895",49,"N",13,"W"
"SUWS013902",47,"N",15,"W"
"SUWS013903",47,"N",15,"W"
"SUWS013904",48,"N",14,"W"
"SUWS013905",48,"N",14,"W"
"SUWS013907",47,"N",15,"W"
"SUWS013908",49,"N",14,"W"
"SUWS013909",49,"N",13,"W"
"SUWS013910",49,"N",14,"W"
"SUWS013912",49,"N",13,"W"
"SUWS013914",49,"N",14,"W"
"SUWS013917",49,"N",13,"W"
"SUWS013919",49,"N",13,"W"
"SUWS013920",49,"N",13,"W"
"SUWS013922",49,"N",13,"W"
"SUWS013926",49,"N",14,"W"
"SUWS013932",49,"N",10,"W"
"SUWS013933",49,"N",10,"W"
"SUWS013938",49,"N",10,"W"
"SUWS013946",45,"N",13,"W"
"SUWS013947",49,"N",12,"W"
"SUWS013948",49,"N",10,"W"
"SUWS013954",49,"N",10,"W"
"SUWS013955",45,"N",11,"W"
"SUWS013958",49,"N",10,"W"
"SUWS013967",49,"N",10,"W"
"SUWS013972",49,"N",10,"W"
"SUWS013973",49,"N",12,"W"
"SUWS013974",46,"N",13,"W"
"SUWS013975",45,"N",11,"W"
"SUWS013976",45,"N",13,"W"
"SUWS013977",45,"N",13,"W"
"SUWS013979",46,"N",13,"W"
"SUWS013980",46,"N",13,"W"
"SUWS013981",46,"N",13,"W"
"SUWS013982",46,"N",13,"W"
"SUWS013983",46,"N",13,"W"
"SUWS013984",46,"N",13,"W"
"SUWS013985",46,"N",13,"W"
"SUWS013986",46,"N",13,"W"
"SUWS013987",46,"N",13,"W"
"SUWS013993",49,"N",10,"W"
"SUWS014004",49,"N",10,"W"
"SUWS014007",48,"N",12,"W"
"SUWS014010",47,"N",10,"W"
"SUWS014011",47,"N",10,"W"
"SUWS014012",47,"N",10,"W"
"SUWS014016",48,"N",10,"W"
"SUWS014022",49,"N",10,"W"
"SUWS014023",49,"N",10,"W"
"SUWS014024",49,"N",10,"W"
"SUWS014025",49,"N",10,"W"
"SUWS014027",49,"N",11,"W"
"SUWS014028",49,"N",11,"W"
"SUWS014029",49,"N",11,"W"
"SUWS014030",49,"N",13,"W"
"SUWS014031",49,"N",13,"W"
"SUWS014032",49,"N",13,"W"
"SUWS014033",49,"N",13,"W"
"SUWS014034",49,"N",13,"W"
"SUWS014035",49,"N",11,"W"
"SUWS014036",49,"N",11,"W"
"SUWS014037",49,"N",11,"W"
"SUWS014038",49,"N",11,"W"
"SUWS014039",49,"N",13,"W"
"SUWS014040",49,"N",13,"W"
"SUWS014041",49,"N",13,"W"
"SUWS014042",45,"N",11,"W"
"SUWS014043",49,"N",11,"W"
"SUWS014044",49,"N",11,"W"
"SUWS014045",49,"N",13,"W"
"SUWS014046",49,"N",11,"W"
"SUWS014047",49,"N",12,"W"
"SUWS014048",49,"N",11,"W"
"SUWS014050",49,"N",11,"W"
"SUWS014051",49,"N",11,"W"
"SUWS014052",49,"N",11,"W"
"SUWS014053",49,"N",11,"W"
"SUWS014054",49,"N",13,"W"
"SUWS014055",49,"N",12,"W"
"SUWS014057",51,"N",3,"W"
"SUWS014058",49,"N",13,"W"
"SUWS014060",16,"N",7,"W"
"SUWS014061",16,"N",7,"W"
"SUWS014062",20,"N",12,"W"
"SUWS014063",15,"N",7,"W"
"SUWS014064",45,"N",8,"W"
"SUWS014067",15,"N",7,"W"
"SUWS014068",15,"N",7,"W"
"SUWS014069",18,"N",8,"W"
"SUWS014070",15,"N",7,"W"
"SUWS014071",17,"N",8,"W"
"SUWS014072",20,"N",12,"W"
"SUWS014073",41,"N",7,"W"
"SUWS014077",16,"N",7,"W"
"SUWS014078",15,"N",7,"W"
"SUWS014079",15,"N",7,"W"
"SUWS014080",16,"N",7,"W"
"SUWS014081",49,"N",3,"W"
"SUWS014082",14,"N",7,"W"
"SUWS014083",18,"N",8,"W"
"SUWS014084",16,"N",7,"W"
"SUWS014085",47,"N",10,"W"
"SUWS014086",15,"N",7,"W"
"SUWS014087",49,"N",13,"W"
"SUWS014088",49,"N",13,"W"
"SUWS014089",49,"N",13,"W"
"SUWS014090",49,"N",14,"W"
"SUWS014091",16,"N",7,"W"
"SUWS014092",14,"N",7,"W"
"SUWS014093",53,"N",2,"W"
"SUWS014105",16,"N",7,"W"
"SUWS014108",15,"N",7,"W"
"SUWS014109",49,"N",13,"W"
"SUWS014110",49,"N",13,"W"
"SUWS014111",14,"N",4,"W"
"SUWS014112",49,"N",3,"W"
"SUWS014113",18,"N",5,"W"
"SUWS014114",15,"N",7,"W"
"SUWS014115",16,"N",7,"W"
"SUWS014116",15,"N",7,"W"
"SUWS014119",46,"N",15,"W"
"SUWS014120",14,"N",7,"W"
"SUWS014121",18,"N",9,"W"
"SUWS014122",18,"N",6,"W"
"SUWS014123",17,"N",5,"W"
"SUWS014124",49,"N",13,"W"
"SUWS014125",14,"N",4,"W"
"SUWS014127",14,"N",4,"W"
"SUWS014128",18,"N",8,"W"
"SUWS014132",41,"N",7,"W"
"SUWS014133",49,"N",13,"W"
"SUWS014135",15,"N",7,"W"
"SUWS014138",18,"N",9,"W"
"SUWS014139",18,"N",9,"W"
"SUWS014140",18,"N",9,"W"
"SUWS014142",17,"N",8,"W"
"SUWS014143",44,"N",14,"W"
"SUWS014144",46,"N",15,"W"
"SUWS014145",16,"N",7,"W"
"SUWS014147",15,"N",7,"W"
"SUWS014149",49,"N",13,"W"
"SUWS014150",49,"N",13,"W"
"SUWS014163",49,"N",13,"W"
"SUWS014185",49,"N",14,"W"
"SUWS014186",46,"N",11,"W"
"SUWS014187",44,"N",12,"W"
"SUWS014188",49,"N",13,"W"
"SUWS014189",45,"N",12,"W"
"SUWS014191",45,"N",12,"W"
"SUWS014192",47,"N",10,"W"
"SUWS014193",48,"N",9,"W"
"SUWS014194",14,"N",7,"W"
"SUWS014196",49,"N",13,"W"
"SUWS014197",46,"N",15,"W"
"SUWS014200",45,"N",8,"W"
"SUWS014201",49,"N",10,"W"
"SUWS014202",49,"N",13,"W"
"SUWS014203",49,"N",10,"W"
"SUWS014206",46,"N",15,"W"
"SUWS014208",49,"N",14,"W"
"SUWS014216",47,"N",11,"W"
"SUWS014221",46,"N",11,"W"
"SUWS014222",47,"N",10,"W"
"SUWS014223",47,"N",14,"W"
"SUWS014227",45,"N",8,"W"
"SUWS014229",45,"N",8,"W"
"SUWS014231",46,"N",15,"W"
"SUWS014234",15,"N",7,"W"
"SUWS014236",17,"N",6,"W"
"SUWS014237",45,"N",11,"W"
"SUWS014241",49,"N",13,"W"
"SUWS014242",47,"N",15,"W"
"SUWS014243",46,"N",10,"W"
"SUWS014244",49,"N",10,"W"
"SUWS014248",45,"N",8,"W"
"SUWS014249",45,"N",8,"W"
"SUWS014250",45,"N",8,"W"
"SUWS014251",48,"N",12,"W"
"SUWS014254",47,"N",9,"W"
"SUWS014255",45,"N",8,"W"
"SUWS014259",47,"N",10,"W"
"SUWS014260",14,"N",6,"W"
"SUWS014261",49,"N",13,"W"
"SUWS014263",15,"N",7,"W"
"SUWS014265",49,"N",13,"W"
"SUWS014266",46,"N",11,"W"
"SUWS014276",45,"N",11,"W"
"SUWS014277",49,"N",10,"W"
"SUWS014278",15,"N",5,"E"
"SUWS014280",49,"N",14,"W"
"SUWS014281",44,"N",8,"W"
"SUWS014282",44,"N",8,"W"
"SUWS014287",45,"N",8,"W"
"SUWS014289",49,"N",13,"W"
"SUWS014290",49,"N",10,"W"
"SUWS014291",49,"N",14,"W"
"SUWS014293",15,"N",5,"E"
"SUWS014294",45,"N",8,"W"
"SUWS014298",12,"N",15,"E"
"SUWS014300",48,"N",12,"W"
"SUWS014301",49,"N",10,"W"
"SUWS014302",44,"N",10,"W"
"SUWS014306",45,"N",10,"W"
"SUWS014307",46,"N",10,"W"
"SUWS014311",47,"N",15,"W"
"SUWS014316",46,"N",15,"W"
"SUWS014318",49,"N",13,"W"
"SUWS014319",47,"N",10,"W"
"SUWS014320",49,"N",14,"W"
"SUWS014323",9,"N",2,"W"
"SUWS014325",48,"N",14,"W"
"SUWS014327",47,"N",10,"W"
"SUWS014332",49,"N",14,"W"
"SUWS014333",47,"N",14,"W"
"SUWS014337",45,"N",8,"W"
"SUWS014339",45,"N",8,"W"
"SUWS014342",47,"N",10,"W"
"SUWS014345",45,"N",12,"W"
"SUWS014346",4,"N",16,"E"
"SUWS014347",49,"N",10,"W"
"SUWS014350",47,"N",15,"W"
"SUWS014352",49,"N",10,"W"
"SUWS014353",47,"N",14,"W"
"SUWS014355",49,"N",9,"W"
"SUWS014359",47,"N",14,"W"
"SUWS014360",45,"N",8,"W"
"SUWS014369",46,"N",10,"W"
"SUWS014370",48,"N",7,"W"
"SUWS014374",47,"N",14,"W"
"SUWS014376",46,"N",10,"W"
"SUWS014381",46,"N",11,"W"
"SUWS014382",45,"N",11,"W"
"SUWS014385",24,"N",21,"E"
"SUWS014387",49,"N",10,"W"
"SUWS014388",46,"N",9,"W"
"SUWS014390",46,"N",10,"W"
"SUWS014391",46,"N",10,"W"
"SUWS014392",46,"N",10,"W"
"SUWS014394",47,"N",10,"W"
"SUWS014399",49,"N",13,"W"
"SUWS014400",49,"N",13,"W"
"SUWS014401",46,"N",10,"W"
"SUWS014405",49,"N",14,"W"
"SUWS014406",49,"N",10,"W"
"SUWS014407",49,"N",14,"W"
"SUWS014408",49,"N",14,"W"
"SUWS014409",49,"N",14,"W"
"SUWS014410",49,"N",10,"W"
"SUWS014412",47,"N",11,"W"
"SUWS014414",46,"N",9,"W"
"SUWS014415",47,"N",13,"W"
"SUWS014416",47,"N",14,"W"
"SUWS014417",49,"N",14,"W"
"SUWS014424",47,"N",11,"W"
"SUWS014425",36,"N",16,"W"
"SUWS014435",47,"N",15,"W"
"SUWS014439",49,"N",13,"W"
"SUWS014440",49,"N",13,"W"
"SUWS014441",49,"N",13,"W"
"SUWS014442",49,"N",13,"W"
"SUWS014443",49,"N",10,"W"
"SUWS014444",49,"N",13,"W"
"SUWS014445",49,"N",13,"W"
"SUWS014446",49,"N",13,"W"
"SUWS014447",49,"N",13,"W"
"SUWS014448",49,"N",14,"W"
"SUWS014450",49,"N",13,"W"
"SUWS014451",49,"N",10,"W"
"SUWS014453",49,"N",13,"W"
"SUWS014458",49,"N",10,"W"
"SUWS014461",4,"N",16,"E"
"SUWS014490",47,"N",15,"W"
"SUWS014495",47,"N",15,"W"
"SUWS014496",47,"N",15,"W"
"SUWS014497",47,"N",15,"W"
"SUWS014499",49,"N",14,"W"
"SUWS014500",49,"N",14,"W"
"SUWS014501",49,"N",14,"W"
"SUWS014504",49,"N",14,"W"
"SUWS014508",49,"N",14,"W"
"SUWS014509",47,"N",15,"W"
"SUWS014510",49,"N",14,"W"
"SUWS014511",47,"N",15,"W"
"SUWS014512",47,"N",15,"W"
"SUWS014513",47,"N",15,"W"
"SUWS014515",47,"N",15,"W"
"SUWS014516",47,"N",15,"W"
"SUWS014517",33,"N",17,"W"
"SUWS014518",33,"N",17,"W"
"SUWS014519",33,"N",17,"W"
"SUWS014520",33,"N",17,"W"
"SUWS014521",49,"N",14,"W"
"SUWS014522",49,"N",13,"W"
"SUWS014523",49,"N",13,"W"
"SUWS014525",47,"N",15,"W"
"SUWS014527",49,"N",14,"W"
"SUWS014528",47,"N",15,"W"
"SUWS014529",47,"N",15,"W"
"SUWS014530",47,"N",15,"W"
"SUWS014531",47,"N",15,"W"
"SUWS014532",49,"N",14,"W"
"SUWS014533",48,"N",15,"W"
"SUWS014534",49,"N",14,"W"
"SUWS014535",49,"N",14,"W"
"SUWS014536",49,"N",14,"W"
"SUWS014537",49,"N",14,"W"
"SUWS014538",49,"N",14,"W"
"SUWS014539",49,"N",14,"W"
"SUWS014540",47,"N",15,"W"
"SUWS014541",49,"N",14,"W"
"SUWS014542",47,"N",15,"W"
"SUWS014543",48,"N",15,"W"
"SUWS014544",49,"N",14,"W"
"SUWS014545",48,"N",15,"W"
"SUWS014547",47,"N",15,"W"
"SUWS014549",47,"N",15,"W"
"SUWS014550",48,"N",15,"W"
"SUWS014551",47,"N",15,"W"
"SUWS014553",49,"N",14,"W"
"SUWS014554",49,"N",14,"W"
"SUWS014555",49,"N",14,"W"
"SUWS014556",47,"N",15,"W"
"SUWS014557",49,"N",14,"W"
"SUWS014558",47,"N",15,"W"
"SUWS014559",47,"N",15,"W"
"SUWS014560",47,"N",15,"W"
"SUWS014561",47,"N",15,"W"
"SUWS014562",47,"N",15,"W"
"SUWS014563",49,"N",14,"W"
"SUWS014565",49,"N",14,"W"
"SUWS014566",47,"N",15,"W"
"SUWS014567",47,"N",15,"W"
"SUWS014568",47,"N",15,"W"
"SUWS014574",49,"N",14,"W"
"SUWS014576",49,"N",14,"W"
"SUWS014577",49,"N",14,"W"
"SUWS014578",47,"N",15,"W"
"SUWS014579",49,"N",14,"W"
"SUWS014580",49,"N",14,"W"
"SUWS014581",49,"N",14,"W"
"SUWS014582",36,"N",9,"E"
"SUWS014583",36,"N",9,"E"
"SUWS014585",49,"N",14,"W"
"SUWS014591",47,"N",15,"W"
"SUWS014592",47,"N",15,"W"
"SUWS014593",47,"N",15,"W"
"SUWS014594",49,"N",14,"W"
"SUWS014598",49,"N",14,"W"
"SUWS014604",49,"N",14,"W"
"SUWS014605",49,"N",14,"W"
"SUWS014608",49,"N",14,"W"
"SUWS014609",49,"N",14,"W"
"SUWS014612",49,"N",14,"W"
"SUWS014613",49,"N",14,"W"
"SUWS014616",49,"N",14,"W"
"SUWS014620",47,"N",15,"W"
"SUWS014626",49,"N",14,"W"
"SUWS014629",49,"N",14,"W"
"SUWS014630",48,"N",15,"W"
"SUWS014632",49,"N",14,"W"
"SUWS014634",48,"N",15,"W"
"SUWS014636",47,"N",15,"W"
"SUWS014637",47,"N",15,"W"
"SUWS014638",48,"N",15,"W"
"SUWS014642",48,"N",15,"W"
"SUWS014643",49,"N",14,"W"
"SUWS014644",49,"N",14,"W"
"SUWS014645",49,"N",14,"W"
"SUWS014646",49,"N",14,"W"
"SUWS014647",49,"N",14,"W"
"SUWS014648",49,"N",14,"W"
"SUWS014649",47,"N",15,"W"
"SUWS014650",49,"N",14,"W"
"SUWS014651",49,"N",14,"W"
"SUWS014652",49,"N",14,"W"
"SUWS014653",49,"N",14,"W"
"SUWS014655",47,"N",15,"W"
"SUWS014659",49,"N",14,"W"
"SUWS014660",49,"N",14,"W"
"SUWS014663",49,"N",14,"W"
"SUWS014664",49,"N",14,"W"
"SUWS014665",49,"N",14,"W"
"SUWS014666",49,"N",14,"W"
"SUWS014668",49,"N",14,"W"
"SUWS014669",47,"N",15,"W"
"SUWS014671",49,"N",14,"W"
"SUWS014677",47,"N",15,"W"
"SUWS014679",47,"N",15,"W"
"SUWS014683",49,"N",14,"W"
"SUWS014684",49,"N",14,"W"
"SUWS014685",49,"N",14,"W"
"SUWS014686",49,"N",14,"W"
"SUWS014687",49,"N",14,"W"
"SUWS014688",49,"N",14,"W"
"SUWS014689",49,"N",14,"W"
"SUWS014690",49,"N",14,"W"
"SUWS014691",49,"N",14,"W"
"SUWS014692",49,"N",14,"W"
"SUWS014693",49,"N",14,"W"
"SUWS014695",49,"N",14,"W"
"SUWS014698",49,"N",14,"W"
"SUWS014699",49,"N",14,"W"
"SUWS014700",49,"N",14,"W"
"SUWS014704",47,"N",15,"W"
"SUWS014705",47,"N",15,"W"
"SUWS014706",49,"N",14,"W"
"SUWS014707",49,"N",14,"W"
"SUWS014708",49,"N",14,"W"
"SUWS014712",49,"N",14,"W"
"SUWS014714",49,"N",14,"W"
"SUWS014715",49,"N",14,"W"
"SUWS014744",47,"N",15,"W"
"SUWS014745",47,"N",15,"W"
"SUWS014746",47,"N",15,"W"
"SUWS014747",49,"N",14,"W"
"SUWS014748",49,"N",14,"W"
"SUWS014749",49,"N",14,"W"
"SUWS014750",49,"N",14,"W"
"SUWS014752",49,"N",14,"W"
"SUWS014753",49,"N",14,"W"
"SUWS014755",49,"N",14,"W"
"SUWS014756",49,"N",14,"W"
"SUWS014757",49,"N",14,"W"
"SUWS014760",49,"N",14,"W"
"SUWS014761",49,"N",14,"W"
"SUWS014762",35,"N",11,"W"
"SUWS014763",35,"N",11,"W"
"SUWS014764",35,"N",11,"W"
"SUWS014765",35,"N",11,"W"
"SUWS014767",35,"N",11,"W"
"SUWS014768",35,"N",11,"W"
"SUWS014769",35,"N",11,"W"
"SUWS014770",49,"N",13,"W"
"SUWS014771",47,"N",15,"W"
"SUWS014772",47,"N",15,"W"
"SUWS014773",47,"N",15,"W"
"SUWS014774",47,"N",15,"W"
"SUWS014775",49,"N",14,"W"
"SUWS014776",47,"N",15,"W"
"SUWS014777",49,"N",13,"W"
"SUWS014778",49,"N",13,"W"
"SUWS014779",49,"N",13,"W"
"SUWS014780",49,"N",13,"W"
"SUWS014781",49,"N",14,"W"
"SUWS014782",49,"N",14,"W"
"SUWS014783",49,"N",14,"W"
"SUWS014784",49,"N",14,"W"
"SUWS014786",49,"N",14,"W"
"SUWS014787",49,"N",14,"W"
"SUWS014788",49,"N",14,"W"
"SUWS014789",49,"N",14,"W"
"SUWS014791",49,"N",14,"W"
"SUWS014792",49,"N",14,"W"
"SUWS014793",49,"N",14,"W"
"SUWS014796",33,"N",17,"W"
"SUWS014797",33,"N",17,"W"
"SUWS014799",33,"N",17,"W"
"SUWS014800",33,"N",17,"W"
"SUWS014801",33,"N",17,"W"
"SUWS014802",33,"N",18,"W"
"SUWS014803",33,"N",18,"W"
"SUWS014810",33,"N",17,"W"
"SUWS014814",49,"N",14,"W"
"SUWS014815",49,"N",14,"W"
"SUWS014816",49,"N",14,"W"
"SUWS014817",49,"N",14,"W"
"SUWS014818",49,"N",14,"W"
"SUWS014819",48,"N",15,"W"
"SUWS014821",49,"N",14,"W"
"SUWS014825",49,"N",14,"W"
"SUWS014826",49,"N",14,"W"
"SUWS014827",49,"N",14,"W"
"SUWS014828",49,"N",14,"W"
"SUWS014829",49,"N",14,"W"
"SUWS014830",49,"N",14,"W"
"SUWS014831",49,"N",14,"W"
"SUWS014834",49,"N",14,"W"
"SUWS014835",49,"N",14,"W"
"SUWS014836",49,"N",14,"W"
"SUWS014837",49,"N",14,"W"
"SUWS014838",49,"N",14,"W"
"SUWS014839",49,"N",14,"W"
"SUWS014840",49,"N",14,"W"
"SUWS014842",49,"N",14,"W"
"SUWS014843",49,"N",14,"W"
"SUWS014844",47,"N",15,"W"
"SUWS014845",47,"N",15,"W"
"SUWS014846",47,"N",15,"W"
"SUWS014849",33,"N",17,"W"
"SUWS014850",33,"N",17,"W"
"SUWS014851",33,"N",17,"W"
"SUWS014852",33,"N",17,"W"
"SUWS014853",33,"N",17,"W"
"SUWS014854",33,"N",17,"W"
"SUWS014855",33,"N",17,"W"
"SUWS014856",33,"N",17,"W"
"SUWS014857",33,"N",17,"W"
"SUWS014858",33,"N",17,"W"
"SUWS014859",33,"N",17,"W"
"SUWS014860",33,"N",17,"W"
"SUWS014861",33,"N",17,"W"
"SUWS014862",33,"N",17,"W"
"SUWS014863",33,"N",17,"W"
"SUWS014864",33,"N",17,"W"
"SUWS014865",33,"N",17,"W"
"SUWS014866",33,"N",17,"W"
"SUWS014867",33,"N",17,"W"
"SUWS014868",33,"N",17,"W"
"SUWS014869",33,"N",17,"W"
"SUWS014870",33,"N",17,"W"
"SUWS014871",33,"N",17,"W"
"SUWS014872",33,"N",17,"W"
"SUWS014873",33,"N",17,"W"
"SUWS014874",33,"N",17,"W"
"SUWS014875",33,"N",17,"W"
"SUWS014876",33,"N",17,"W"
"SUWS014877",33,"N",17,"W"
"SUWS014878",33,"N",17,"W"
"SUWS014879",33,"N",17,"W"
"SUWS014880",33,"N",17,"W"
"SUWS014881",33,"N",17,"W"
"SUWS014882",33,"N",17,"W"
"SUWS014883",33,"N",17,"W"
"SUWS014884",33,"N",17,"W"
"SUWS014886",33,"N",17,"W"
"SUWS014888",33,"N",17,"W"
"SUWS014889",33,"N",17,"W"
"SUWS014890",33,"N",17,"W"
"SUWS014891",33,"N",17,"W"
"SUWS014892",33,"N",17,"W"
"SUWS014893",33,"N",17,"W"
"SUWS014894",33,"N",17,"W"
"SUWS014899",33,"N",17,"W"
"SUWS014900",33,"N",17,"W"
"SUWS014901",33,"N",17,"W"
"SUWS014902",33,"N",17,"W"
"SUWS014903",33,"N",17,"W"
"SUWS014904",36,"N",16,"W"
"SUWS014905",36,"N",16,"W"
"SUWS014906",36,"N",16,"W"
"SUWS014907",36,"N",16,"W"
"SUWS014908",36,"N",16,"W"
"SUWS014909",36,"N",16,"W"
"SUWS014910",33,"N",17,"W"
"SUWS014911",33,"N",17,"W"
"SUWS014912",36,"N",16,"W"
"SUWS014913",33,"N",17,"W"
"SUWS014914",33,"N",17,"W"
"SUWS014915",33,"N",17,"W"
"SUWS014916",33,"N",17,"W"
"SUWS014917",33,"N",17,"W"
"SUWS014918",33,"N",17,"W"
"SUWS014919",33,"N",17,"W"
"SUWS014920",33,"N",17,"W"
"SUWS014921",33,"N",17,"W"
"SUWS014922",33,"N",17,"W"
"SUWS014923",33,"N",17,"W"
"SUWS014924",33,"N",17,"W"
"SUWS014925",33,"N",17,"W"
"SUWS014926",33,"N",17,"W"
"SUWS014927",33,"N",17,"W"
"SUWS014928",33,"N",17,"W"
"SUWS014929",36,"N",19,"W"
"SUWS014930",36,"N",19,"W"
"SUWS014931",36,"N",16,"W"
"SUWS014932",36,"N",19,"W"
"SUWS014933",36,"N",16,"W"
"SUWS014934",33,"N",17,"W"
"SUWS014935",36,"N",16,"W"
"SUWS014936",33,"N",17,"W"
"SUWS014937",33,"N",17,"W"
"SUWS014938",33,"N",17,"W"
"SUWS014939",33,"N",17,"W"
"SUWS014940",33,"N",17,"W"
"SUWS014941",33,"N",17,"W"
"SUWS014942",33,"N",17,"W"
"SUWS014943",33,"N",17,"W"
"SUWS014944",33,"N",17,"W"
"SUWS014945",33,"N",17,"W"
"SUWS014946",33,"N",17,"W"
"SUWS014947",33,"N",17,"W"
"SUWS014948",33,"N",17,"W"
"SUWS014949",36,"N",16,"W"
"SUWS014950",36,"N",16,"W"
"SUWS014951",36,"N",16,"W"
"SUWS014952",36,"N",16,"W"
"SUWS014953",36,"N",16,"W"
"SUWS014954",36,"N",16,"W"
"SUWS014955",33,"N",17,"W"
"SUWS014956",33,"N",17,"W"
"SUWS014957",33,"N",17,"W"
"SUWS014958",33,"N",17,"W"
"SUWS014959",33,"N",17,"W"
"SUWS014960",36,"N",16,"W"
"SUWS014961",36,"N",16,"W"
"SUWS014962",36,"N",16,"W"
"SUWS014963",33,"N",17,"W"
"SUWS014964",33,"N",17,"W"
"SUWS014965",36,"N",16,"W"
"SUWS014966",33,"N",17,"W"
"SUWS014967",36,"N",16,"W"
"SUWS014968",36,"N",16,"W"
"SUWS014969",33,"N",17,"W"
"SUWS014970",33,"N",17,"W"
"SUWS014971",33,"N",17,"W"
"SUWS014972",33,"N",17,"W"
"SUWS014973",33,"N",17,"W"
"SUWS014974",33,"N",17,"W"
"SUWS014975",33,"N",17,"W"
"SUWS014976",33,"N",17,"W"
"SUWS014977",33,"N",17,"W"
"SUWS014978",33,"N",17,"W"
"SUWS014979",33,"N",17,"W"
"SUWS014980",33,"N",17,"W"
"SUWS014981",33,"N",17,"W"
"SUWS014982",33,"N",17,"W"
"SUWS014983",33,"N",17,"W"
"SUWS014984",33,"N",17,"W"
"SUWS014985",33,"N",17,"W"
"SUWS014986",49,"N",13,"W"
"SUWS014987",49,"N",13,"W"
"SUWS014992",49,"N",13,"W"
"SUWS014993",49,"N",13,"W"
"SUWS014994",49,"N",10,"W"
"SUWS014995",49,"N",14,"W"
"SUWS014996",44,"N",7,"W"
"SUWS014997",45,"N",8,"W"
"SUWS014998",45,"N",8,"W"
"SUWS014999",45,"N",8,"W"
"SUWS015002",45,"N",8,"W"
"SUWS015003",45,"N",8,"W"
"SUWS015008",45,"N",1,"W"
"SUWS015009",44,"N",7,"W"
"SUWS015010",45,"N",7,"W"
"SUWS015011",45,"N",8,"W"
"SUWS015012",44,"N",7,"W"
"SUWS015013",45,"N",13,"W"
"SUWS015015",49,"N",10,"W"
"SUWS015018",45,"N",8,"W"
"SUWS015020",47,"N",10,"W"
"SUWS015021",51,"N",5,"W"
"SUWS015022",2,"N",18,"E"
"SUWS015023",47,"N",15,"W"
"SUWS015026",49,"N",13,"W"
"SUWS015027",49,"N",10,"W"
"SUWS015028",45,"N",8,"W"
"SUWS015030",45,"N",8,"W"
"SUWS015031",45,"N",8,"W"
"SUWS015032",49,"N",12,"W"
"SUWS015033",45,"N",8,"W"
"SUWS015040",46,"N",10,"W"
"SUWS015042",45,"N",11,"W"
"SUWS015043",49,"N",13,"W"
"SUWS015044",46,"N",10,"W"
"SUWS015051",15,"N",5,"E"
"SUWS015052",15,"N",5,"E"
"SUWS015054",48,"N",9,"W"
"SUWS015055",49,"N",10,"W"
"SUWS015056",45,"N",7,"W"
"SUWS015058",46,"N",15,"W"
"SUWS015060",48,"N",5,"W"
"SUWS015062",45,"N",8,"W"
"SUWS015070",47,"N",10,"W"
"SUWS015072",49,"N",10,"W"
"SUWS015075",49,"N",13,"W"
"SUWS015198",2,"N",17,"E"
"SUWS015202",45,"N",11,"W"
"SUWS015203",51,"N",6,"W"
"SUWS015204",49,"N",10,"W"
"SUWS015206",51,"N",5,"W"
"SUWS015212",49,"N",13,"W"
"SUWS015214",45,"N",13,"W"
"SUWS015218",46,"N",10,"W"
"SUWS015221",49,"N",13,"W"
"SUWS015222",49,"N",13,"W"
"SUWS015226",49,"N",14,"W"
"SUWS015229",46,"N",11,"W"
"SUWS015231",49,"N",13,"W"
"SUWS015233",45,"N",8,"W"
"SUWS015235",45,"N",8,"W"
"SUWS015236",40,"N",7,"E"
"SUWS015238",46,"N",15,"W"
"SUWS015241",20,"N",12,"W"
"SUWS015244",14,"N",7,"W"
"SUWS015245",8,"N",3,"W"
"SUWS015248",49,"N",10,"W"
"SUWS015249",47,"N",10,"W"
"SUWS015250",47,"N",12,"W"
"SUWS015251",46,"N",10,"W"
"SUWS015252",48,"N",9,"W"
"SUWS015256",48,"N",5,"W"
"SUWS015258",43,"N",11,"W"
"SUWS015260",16,"N",11,"E"
"SUWS015261",16,"N",11,"E"
"SUWS015267",46,"N",11,"W"
"SUWS015268",44,"N",8,"W"
"SUWS015270",49,"N",13,"W"
"SUWS015271",49,"N",12,"W"
"SUWS015272",45,"N",11,"W"
"SUWS015273",46,"N",8,"W"
"SUWS015274",46,"N",13,"W"
"SUWS015275",49,"N",13,"W"
"SUWS015280",46,"N",9,"W"
"SUWS015282",46,"N",13,"W"
"SUWS015283",48,"N",10,"W"
"SUWS015284",45,"N",8,"W"
"SUWS015287",49,"N",13,"W"
"SUWS015289",49,"N",10,"W"
"SUWS015292",45,"N",8,"W"
"SUWS015294",46,"N",12,"W"
"SUWS015296",48,"N",14,"W"
"SUWS015297",45,"N",8,"W"
"SUWS015298",45,"N",11,"W"
"SUWS015301",49,"N",13,"W"
"SUWS015303",49,"N",10,"W"
"SUWS015304",45,"N",11,"W"
"SUWS015305",45,"N",11,"W"
"SUWS015309",45,"N",8,"W"
"SUWS015310",49,"N",13,"W"
"SUWS015313",45,"N",11,"W"
"SUWS015319",49,"N",13,"W"
"SUWS015320",49,"N",13,"W"
"SUWS015321",48,"N",10,"W"
"SUWS015326",49,"N",13,"W"
"SUWS015327",47,"N",14,"W"
"SUWS015331",46,"N",10,"W"
"SUWS015332",46,"N",10,"W"
"SUWS015334",48,"N",12,"W"
"SUWS015335",48,"N",6,"W"
"SUWS015338",46,"N",15,"W"
"SUWS015339",49,"N",10,"W"
"SUWS015342",49,"N",13,"W"
"SUWS015344",46,"N",11,"W"
"SUWS015346",49,"N",13,"W"
"SUWS015348",49,"N",10,"W"
"SUWS015349",49,"N",13,"W"
"SUWS015350",46,"N",11,"W"
"SUWS015352",47,"N",15,"W"
"SUWS015354",49,"N",14,"W"
"SUWS015359",49,"N",13,"W"
"SUWS015360",49,"N",13,"W"
"SUWS015361",47,"N",12,"W"
"SUWS015365",45,"N",5,"W"
"SUWS015366",45,"N",5,"W"
"SUWS015371",45,"N",8,"W"
"SUWS015373",45,"N",8,"W"
"SUWS015374",45,"N",8,"W"
"SUWS015375",44,"N",7,"W"
"SUWS015378",45,"N",8,"W"
"SUWS015379",49,"N",10,"W"
"SUWS015386",49,"N",14,"W"
"SUWS015387",48,"N",13,"W"
"SUWS015389",45,"N",8,"W"
"SUWS015390",46,"N",11,"W"
"SUWS015391",49,"N",10,"W"
"SUWS015392",49,"N",10,"W"
"SUWS015393",47,"N",10,"W"
"SUWS015394",48,"N",12,"W"
"SUWS015395",49,"N",14,"W"
"SUWS015396",47,"N",12,"W"
"SUWS015398",47,"N",15,"W"
"SUWS015399",49,"N",14,"W"
"SUWS015400",46,"N",9,"W"
"SUWS015401",46,"N",10,"W"
"SUWS015402",49,"N",10,"W"
"SUWS015403",47,"N",10,"W"
"SUWS015404",47,"N",10,"W"
"SUWS015405",49,"N",13,"W"
"SUWS015409",49,"N",14,"W"
"SUWS015412",47,"N",10,"W"
"SUWS015415",49,"N",10,"W"
"SUWS015418",48,"N",12,"W"
"SUWS015420",46,"N",15,"W"
"SUWS015421",19,"N",9,"W"
"SUWS015423",49,"N",10,"W"
"SUWS015424",47,"N",11,"W"
"SUWS015425",47,"N",10,"W"
"SUWS015429",49,"N",10,"W"
"SUWS015430",46,"N",10,"W"
"SUWS015431",45,"N",10,"W"
"SUWS015435",47,"N",10,"W"
"SUWS015436",49,"N",10,"W"
"SUWS015437",49,"N",10,"W"
"SUWS015439",49,"N",10,"W"
"SUWS015442",49,"N",14,"W"
"SUWS015443",5,"N",17,"E"
"SUWS015447",49,"N",14,"W"
"SUWS015452",46,"N",11,"W"
"SUWS015454",48,"N",10,"W"
"SUWS015455",46,"N",10,"W"
"SUWS015456",46,"N",15,"W"
"SUWS015457",46,"N",10,"W"
"SUWS015458",47,"N",14,"W"
"SUWS015459",46,"N",15,"W"
"SUWS015460",46,"N",13,"W"
"SUWS015461",46,"N",10,"W"
"SUWS015462",46,"N",10,"W"
"SUWS015463",48,"N",12,"W"
"SUWS015466",47,"N",14,"W"
"SUWS015469",45,"N",11,"W"
"SUWS015470",45,"N",12,"W"
"SUWS015471",15,"N",7,"W"
"SUWS015474",47,"N",10,"W"
"SUWS015479",49,"N",13,"W"
"SUWS015481",15,"N",7,"W"
"SUWS015482",47,"N",10,"W"
"SUWS015485",46,"N",15,"W"
"SUWS015491",49,"N",10,"W"
"SUWS015500",46,"N",10,"W"
"SUWS015507",48,"N",12,"W"
"SUWS015508",49,"N",10,"W"
"SUWS015510",48,"N",8,"W"
"SUWS015511",47,"N",10,"W"
"SUWS015515",45,"N",8,"W"
"SUWS015518",45,"N",8,"W"
"SUWS015523",49,"N",10,"W"
"SUWS015524",49,"N",13,"W"
"SUWS015526",49,"N",13,"W"
"SUWS015527",49,"N",13,"W"
"SUWS015528",49,"N",13,"W"
"SUWS015530",46,"N",11,"W"
"SUWS015537",45,"N",13,"W"
"SUWS015539",46,"N",13,"W"
"SUWS015544",45,"N",8,"W"
"SUWS015548",49,"N",13,"W"
"SUWS015549",44,"N",7,"W"
"SUWS015550",49,"N",12,"W"
"SUWS015551",47,"N",14,"W"
"SUWS015553",45,"N",9,"W"
"SUWS015554",45,"N",9,"W"
"SUWS015556",45,"N",11,"W"
"SUWS015557",44,"N",12,"W"
"SUWS015560",49,"N",13,"W"
"SUWS015566",18,"N",9,"W"
"SUWS015567",46,"N",2,"E"
"SUWS015572",47,"N",14,"W"
"SUWS015573",47,"N",14,"W"
"SUWS015574",45,"N",12,"W"
"SUWS015575",45,"N",2,"E"
"SUWS015576",47,"N",14,"W"
"SUWS015578",44,"N",2,"W"
"SUWS015579",44,"N",2,"W"
"SUWS015580",40,"N",7,"E"
"SUWS015583",17,"N",8,"W"
"SUWS015584",45,"N",8,"W"
"SUWS015585",46,"N",15,"W"
"SUWS015589",49,"N",10,"W"
"SUWS015590",42,"N",13,"W"
"SUWS015592",45,"N",8,"W"
"SUWS015599",45,"N",5,"W"
"SUWS015600",48,"N",2,"W"
"SUWS015602",49,"N",13,"W"
"SUWS015603",31,"N",19,"E"
"SUWS015605",46,"N",14,"W"
"SUWS015606",47,"N",10,"W"
"SUWS015607",44,"N",8,"W"
"SUWS015609",44,"N",8,"W"
"SUWS015611",49,"N",14,"W"
"SUWS015612",45,"N",7,"W"
"SUWS015615",47,"N",14,"W"
"SUWS015617",18,"N",9,"W"
"SUWS015618",18,"N",9,"W"
"SUWS015622",46,"N",8,"W"
"SUWS015624",18,"N",9,"W"
"SUWS015625",44,"N",8,"W"
"SUWS015626",17,"N",8,"W"
"SUWS015627",48,"N",7,"W"
"SUWS015628",46,"N",10,"W"
"SUWS015629",49,"N",3,"W"
"SUWS015631",46,"N",11,"W"
"SUWS015632",22,"N",15,"E"
"SUWS015633",45,"N",7,"W"
"SUWS015635",45,"N",7,"W"
"SUWS015638",48,"N",14,"W"
"SUWS015639",49,"N",10,"W"
"SUWS015642",18,"N",9,"W"
"SUWS015645",46,"N",2,"E"
"SUWS015646",9,"N",2,"W"
"SUWS015647",47,"N",15,"W"
"SUWS015648",49,"N",14,"W"
"SUWS015649",45,"N",11,"W"
"SUWS015650",47,"N",1,"W"
"SUWS015651",41,"N",12,"W"
"SUWS015652",47,"N",1,"W"
"SUWS015653",46,"N",8,"W"
"SUWS015654",45,"N",11,"W"
"SUWS015655",49,"N",11,"W"
"SUWS015656",45,"N",8,"W"
"SUWS015657",46,"N",10,"W"
"SUWS015658",44,"N",7,"W"
"SUWS015663",49,"N",14,"W"
"SUWS015664",41,"N",12,"W"
"SUWS015665",15,"N",6,"W"
"SUWS015666",46,"N",8,"W"
"SUWS015667",49,"N",3,"W"
"SUWS015668",45,"N",14,"W"
"SUWS015669",41,"N",16,"W"
"SUWS015671",47,"N",14,"W"
"SUWS015672",45,"N",8,"W"
"SUWS015675",45,"N",9,"W"
"SUWS015679",46,"N",8,"W"
"SUWS015680",45,"N",11,"W"
"SUWS015684",48,"N",13,"W"
"SUWS015685",47,"N",10,"W"
"SUWS015686",47,"N",10,"W"
"SUWS015692",49,"N",4,"W"
"SUWS015694",19,"N",9,"W"
"SUWS015697",44,"N",7,"W"
"SUWS015698",47,"N",14,"W"
"SUWS015699",44,"N",7,"W"
"SUWS015701",49,"N",3,"W"
"SUWS015702",18,"N",7,"W"
"SUWS015703",40,"N",1,"E"
"SUWS015704",45,"N",11,"W"
"SUWS015705",14,"N",7,"W"
"SUWS015707",15,"N",7,"W"
"SUWS015708",19,"N",11,"W"
"SUWS015709",19,"N",11,"W"
"SUWS015713",24,"N",21,"E"
"SUWS015718",49,"N",3,"W"
"SUWS015719",14,"N",7,"W"
"SUWS015720",36,"N",21,"E"
"SUWS015721",49,"N",13,"W"
"SUWS015722",47,"N",8,"W"
"SUWS015723",45,"N",8,"W"
"SUWS015724",47,"N",9,"W"
"SUWS015727",17,"N",5,"W"
"SUWS015728",48,"N",2,"W"
"SUWS015730",44,"N",2,"E"
"SUWS015732",17,"N",8,"W"
"SUWS015734",47,"N",11,"W"
"SUWS015736",46,"N",13,"W"
"SUWS015740",46,"N",7,"W"
"SUWS015741",53,"N",3,"W"
"SUWS015742",46,"N",14,"W"
"SUWS015743",46,"N",13,"W"
"SUWS015744",46,"N",15,"W"
"SUWS015745",47,"N",11,"W"
"SUWS015747",43,"N",11,"W"
"SUWS015748",47,"N",8,"W"
"SUWS015749",46,"N",8,"W"
"SUWS015750",46,"N",14,"W"
"SUWS015754",49,"N",3,"W"
"SUWS015755",51,"N",1,"W"
"SUWS015756",49,"N",13,"W"
"SUWS015757",20,"N",12,"W"
"SUWS015761",45,"N",8,"W"
"SUWS015762",46,"N",13,"W"
"SUWS015763",50,"N",8,"W"
"SUWS015764",16,"N",7,"W"
"SUWS015766",50,"N",6,"W"
"SUWS015767",45,"N",3,"E"
"SUWS015769",49,"N",13,"W"
"SUWS015770",17,"N",8,"W"
"SUWS015771",50,"N",6,"W"
"SUWS015772",49,"N",13,"W"
"SUWS015774",47,"N",10,"W"
"SUWS015777",46,"N",10,"W"
"SUWS015778",47,"N",10,"W"
"SUWS015779",48,"N",12,"W"
"SUWS015782",45,"N",10,"W"
"SUWS015783",46,"N",9,"W"
"SUWS015787",49,"N",10,"W"
"SUWS015788",49,"N",13,"W"
"SUWS015791",7,"N",7,"E"
"SUWS015792",48,"N",7,"W"
"SUWS015797",49,"N",10,"W"
"SUWS015804",15,"N",7,"W"
"SUWS015806",12,"N",16,"E"
"SUWS015807",45,"N",10,"W"
"SUWS015809",15,"N",7,"W"
"SUWS015810",49,"N",13,"W"
"SUWS015814",52,"N",5,"W"
"SUWS015815",49,"N",10,"W"
"SUWS015822",46,"N",10,"W"
"SUWS015823",49,"N",6,"W"
"SUWS015825",46,"N",2,"E"
"SUWS015826",49,"N",5,"W"
"SUWS015830",4,"N",12,"E"
"SUWS015831",10,"N",1,"E"
"SUWS015832",47,"N",10,"W"
"SUWS015833",16,"N",7,"W"
"SUWS015835",49,"N",13,"W"
"SUWS015837",49,"N",3,"W"
"SUWS015840",49,"N",13,"W"
"SUWS015841",49,"N",10,"W"
"SUWS015843",49,"N",13,"W"
"SUWS015847",14,"N",7,"W"
"SUWS015852",18,"N",9,"W"
"SUWS015854",47,"N",10,"W"
"SUWS015855",19,"N",9,"W"
"SUWS015856",16,"N",6,"W"
"SUWS015857",44,"N",2,"E"
"SUWS015858",43,"N",15,"W"
"SUWS015859",46,"N",12,"W"
"SUWS015860",51,"N",4,"W"
"SUWS015861",43,"N",11,"W"
"SUWS015862",44,"N",8,"W"
"SUWS015870",49,"N",3,"W"
"SUWS015871",42,"N",15,"W"
"SUWS015872",18,"N",9,"W"
"SUWS015873",18,"N",9,"W"
"SUWS015874",18,"N",8,"W"
"SUWS015875",8,"N",5,"E"
"SUWS015877",45,"N",7,"W"
"SUWS015878",41,"N",16,"W"
"SUWS015879",51,"N",5,"W"
"SUWS015881",14,"N",7,"W"
"SUWS015884",14,"N",7,"W"
"SUWS015885",16,"N",7,"W"
"SUWS015887",49,"N",10,"W"
"SUWS015888",17,"N",7,"W"
"SUWS015889",49,"N",14,"W"
"SUWS015890",15,"N",7,"W"
"SUWS015891",46,"N",11,"W"
"SUWS015894",18,"N",9,"W"
"SUWS015896",46,"N",9,"W"
"SUWS015897",20,"N",12,"W"
"SUWS015899",20,"N",12,"W"
"SUWS015900",14,"N",7,"W"
"SUWS015903",12,"N",19,"E"
"SUWS015904",18,"N",9,"W"
"SUWS015906",47,"N",14,"W"
"SUWS015907",46,"N",10,"W"
"SUWS015909",45,"N",3,"E"
"SUWS015910",27,"N",8,"E"
"SUWS015912",48,"N",2,"W"
"SUWS015914",15,"N",7,"W"
"SUWS015916",18,"N",9,"W"
"SUWS015917",48,"N",13,"W"
"SUWS015925",7,"N",7,"E"
"SUWS015928",8,"N",1,"E"
"SUWS015929",18,"N",9,"W"
"SUWS015930",10,"N",6,"E"
"SUWS015933",10,"N",6,"E"
"SUWS015938",3,"N",5,"W"
"SUWS015939",18,"N",9,"W"
"SUWS015940",8,"N",2,"E"
"SUWS015941",18,"N",9,"W"
"SUWS015942",18,"N",9,"W"
"SUWS015944",46,"N",15,"W"
"SUWS015945",46,"N",10,"W"
"SUWS015946",49,"N",10,"W"
"SUWS015947",50,"N",8,"W"
"SUWS015948",49,"N",10,"W"
"SUWS015949",50,"N",8,"W"
"SUWS015951",49,"N",13,"W"
"SUWS015952",49,"N",13,"W"
"SUWS015953",49,"N",10,"W"
"SUWS015954",48,"N",2,"W"
"SUWS015956",17,"N",7,"W"
"SUWS015957",49,"N",10,"W"
"SUWS015958",39,"N",1,"E"
"SUWS015959",49,"N",13,"W"
"SUWS015960",48,"N",9,"W"
"SUWS015964",49,"N",13,"W"
"SUWS015972",37,"N",11,"W"
"SUWS015976",15,"N",7,"W"
"SUWS015977",17,"N",8,"W"
"SUWS015979",46,"N",15,"W"
"SUWS015981",48,"N",9,"W"
"SUWS015993",15,"N",7,"W"
"SUWS015995",48,"N",12,"W"
"SUWS016003",46,"N",13,"W"
"SUWS016005",49,"N",14,"W"
"SUWS016006",49,"N",13,"W"
"SUWS016008",49,"N",10,"W"
"SUWS016009",48,"N",13,"W"
"SUWS016011",46,"N",1,"W"
"SUWS016013",49,"N",3,"W"
"SUWS016023",52,"N",3,"W"
"SUWS016039",46,"N",10,"W"
"SUWS016042",49,"N",10,"W"
"SUWS016043",49,"N",10,"W"
"SUWS016044",49,"N",10,"W"
"SUWS016050",46,"N",8,"W"
"SUWS016051",45,"N",12,"W"
"SUWS016052",49,"N",14,"W"
"SUWS016058",48,"N",10,"W"
"SUWS016059",46,"N",2,"E"
"SUWS016060",49,"N",5,"W"
"SUWS016061",46,"N",11,"W"
"SUWS016063",46,"N",13,"W"
"SUWS016065",49,"N",13,"W"
"SUWS016069",47,"N",14,"W"
"SUWS016070",32,"N",7,"W"
"SUWS016075",47,"N",8,"W"
"SUWS016076",46,"N",8,"W"
"SUWS016078",46,"N",15,"W"
"SUWS016080",46,"N",11,"W"
"SUWS016082",45,"N",8,"W"
"SUWS016083",45,"N",8,"W"
"SUWS016085",45,"N",8,"W"
"SUWS016086",46,"N",13,"W"
"SUWS016089",52,"N",3,"W"
"SUWS016090",44,"N",2,"E"
"SUWS016093",45,"N",8,"W"
"SUWS016095",9,"N",2,"W"
"SUWS016096",49,"N",13,"W"
"SUWS016099",49,"N",13,"W"
"SUWS016100",49,"N",13,"W"
"SUWS016101",49,"N",13,"W"
"SUWS016103",49,"N",13,"W"
"SUWS016104",49,"N",13,"W"
"SUWS016105",49,"N",13,"W"
"SUWS016106",49,"N",13,"W"
"SUWS016107",45,"N",12,"W"
"SUWS016109",49,"N",10,"W"
"SUWS016110",52,"N",2,"W"
"SUWS016113",48,"N",13,"W"
"SUWS016114",45,"N",8,"W"
"SUWS016117",52,"N",3,"W"
"SUWS016118",52,"N",3,"W"
"SUWS016130",45,"N",14,"W"
"SUWS016133",45,"N",2,"W"
"SUWS016134",16,"N",15,"E"
"SUWS016137",47,"N",8,"W"
"SUWS016138",52,"N",4,"W"
"SUWS016141",45,"N",8,"W"
"SUWS016142",49,"N",10,"W"
"SUWS016143",45,"N",12,"W"
"SUWS016147",47,"N",14,"W"
"SUWS016148",47,"N",12,"W"
"SUWS016149",46,"N",13,"W"
"SUWS016150",46,"N",15,"W"
"SUWS016152",47,"N",14,"W"
"SUWS016153",45,"N",14,"W"
"SUWS016156",18,"N",9,"W"
"SUWS016157",15,"N",5,"W"
"SUWS016158",17,"N",8,"W"
"SUWS016161",45,"N",12,"W"
"SUWS016162",18,"N",7,"W"
"SUWS016181",47,"N",10,"W"
"SUWS016186",16,"N",7,"W"
"SUWS016187",8,"N",5,"E"
"SUWS016195",46,"N",13,"W"
"SUWS016197",46,"N",11,"W"
"SUWS016198",43,"N",11,"W"
"SUWS016199",46,"N",14,"W"
"SUWS016200",46,"N",11,"W"
"SUWS016201",46,"N",10,"W"
"SUWS016202",49,"N",13,"W"
"SUWS016203",47,"N",15,"W"
"SUWS016205",46,"N",2,"E"
"SUWS016208",9,"N",2,"W"
"SUWS016224",15,"N",7,"W"
"SUWS016227",43,"N",14,"W"
"SUWS016230",18,"N",8,"W"
"SUWS016231",45,"N",7,"W"
"SUWS016233",47,"N",10,"W"
"SUWS016234",44,"N",7,"W"
"SUWS016237",46,"N",15,"W"
"SUWS016238",51,"N",3,"W"
"SUWS016240",49,"N",13,"W"
"SUWS016241",48,"N",9,"W"
"SUWS016242",46,"N",13,"W"
"SUWS016244",51,"N",3,"W"
"SUWS016245",44,"N",7,"W"
"SUWS016246",49,"N",14,"W"
"SUWS016248",46,"N",15,"W"
"SUWS016249",52,"N",3,"W"
"SUWS016254",44,"N",7,"W"
"SUWS016255",44,"N",7,"W"
"SUWS016259",46,"N",14,"W"
"SUWS016261",46,"N",10,"W"
"SUWS016262",51,"N",3,"W"
"SUWS016265",47,"N",10,"W"
"SUWS016272",45,"N",11,"W"
"SUWS016273",45,"N",11,"W"
"SUWS016274",46,"N",11,"W"
"SUWS016275",46,"N",13,"W"
"SUWS016276",44,"N",8,"W"
"SUWS016277",52,"N",3,"W"
"SUWS016278",46,"N",8,"W"
"SUWS016279",49,"N",10,"W"
"SUWS016280",47,"N",11,"W"
"SUWS016282",45,"N",11,"W"
"SUWS016283",47,"N",15,"W"
"SUWS016284",46,"N",10,"W"
"SUWS016286",49,"N",11,"W"
"SUWS016287",49,"N",13,"W"
"SUWS016288",49,"N",13,"W"
"SUWS016289",2,"N",18,"E"
"SUWS016292",46,"N",13,"W"
"SUWS016293",49,"N",14,"W"
"SUWS016294",45,"N",11,"W"
"SUWS016295",47,"N",10,"W"
"SUWS016296",48,"N",12,"W"
"SUWS016300",45,"N",10,"W"
"SUWS016301",49,"N",14,"W"
"SUWS016302",49,"N",14,"W"
"SUWS016303",49,"N",3,"W"
"SUWS016304",48,"N",12,"W"
"SUWS016305",33,"N",17,"W"
"SUWS016306",33,"N",17,"W"
"SUWS016307",33,"N",17,"W"
"SUWS016308",33,"N",17,"W"
"SUWS016309",33,"N",17,"W"
"SUWS016310",33,"N",17,"W"
"SUWS016311",33,"N",17,"W"
"SUWS016312",33,"N",17,"W"
"SUWS016313",36,"N",16,"W"
"SUWS016314",36,"N",16,"W"
"SUWS016315",36,"N",16,"W"
"SUWS016316",36,"N",16,"W"
"SUWS016317",36,"N",16,"W"
"SUWS016318",36,"N",16,"W"
"SUWS016319",36,"N",16,"W"
"SUWS016320",36,"N",16,"W"
"SUWS016321",36,"N",19,"W"
"SUWS016322",49,"N",13,"W"
"SUWS016323",49,"N",13,"W"
"SUWS016326",33,"N",17,"W"
"SUWS016327",33,"N",17,"W"
"SUWS016328",33,"N",17,"W"
"SUWS016329",33,"N",17,"W"
"SUWS016330",33,"N",17,"W"
"SUWS016331",33,"N",17,"W"
"SUWS016332",33,"N",17,"W"
"SUWS016333",33,"N",17,"W"
"SUWS016335",33,"N",17,"W"
"SUWS016336",33,"N",17,"W"
"SUWS016337",33,"N",17,"W"
"SUWS016338",33,"N",17,"W"
"SUWS016339",33,"N",17,"W"
"SUWS016340",33,"N",17,"W"
"SUWS016341",33,"N",17,"W"
"SUWS016342",33,"N",17,"W"
"SUWS016343",49,"N",13,"W"
"SUWS016344",33,"N",17,"W"
"SUWS016345",33,"N",17,"W"
"SUWS016346",32,"N",19,"W"
"SUWS016347",33,"N",17,"W"
"SUWS016348",33,"N",17,"W"
"SUWS016349",33,"N",17,"W"
"SUWS016350",36,"N",16,"W"
"SUWS016351",33,"N",17,"W"
"SUWS016352",33,"N",17,"W"
"SUWS016353",33,"N",17,"W"
"SUWS016354",33,"N",17,"W"
"SUWS016355",33,"N",17,"W"
"SUWS016356",35,"N",19,"W"
"SUWS016357",33,"N",17,"W"
"SUWS016358",33,"N",17,"W"
"SUWS016359",33,"N",17,"W"
"SUWS016360",33,"N",17,"W"
"SUWS016361",33,"N",17,"W"
"SUWS016362",32,"N",19,"W"
"SUWS016363",33,"N",17,"W"
"SUWS016365",33,"N",17,"W"
"SUWS016366",33,"N",17,"W"
"SUWS016367",33,"N",17,"W"
"SUWS016368",33,"N",17,"W"
"SUWS016369",33,"N",17,"W"
"SUWS016370",36,"N",16,"W"
"SUWS016371",36,"N",16,"W"
"SUWS016372",36,"N",16,"W"
"SUWS016373",33,"N",17,"W"
"SUWS016374",33,"N",17,"W"
"SUWS016375",36,"N",16,"W"
"SUWS016376",33,"N",17,"W"
"SUWS016377",33,"N",17,"W"
"SUWS016378",32,"N",19,"W"
"SUWS016379",33,"N",17,"W"
"SUWS016380",33,"N",17,"W"
"SUWS016381",33,"N",17,"W"
"SUWS016382",36,"N",16,"W"
"SUWS016383",33,"N",17,"W"
"SUWS016384",33,"N",17,"W"
"SUWS016385",33,"N",17,"W"
"SUWS016386",33,"N",17,"W"
"SUWS016387",33,"N",17,"W"
"SUWS016388",33,"N",17,"W"
"SUWS016389",33,"N",17,"W"
"SUWS016390",33,"N",17,"W"
"SUWS016391",33,"N",17,"W"
"SUWS016392",33,"N",17,"W"
"SUWS016393",33,"N",17,"W"
"SUWS016394",33,"N",17,"W"
"SUWS016395",33,"N",17,"W"
"SUWS016396",33,"N",17,"W"
"SUWS016397",33,"N",17,"W"
"SUWS016398",49,"N",13,"W"
"SUWS016399",33,"N",17,"W"
"SUWS016400",36,"N",19,"W"
"SUWS016401",33,"N",17,"W"
"SUWS016402",33,"N",17,"W"
"SUWS016403",36,"N",19,"W"
"SUWS016404",36,"N",16,"W"
"SUWS016405",33,"N",17,"W"
"SUWS016406",33,"N",17,"W"
"SUWS016407",33,"N",17,"W"
"SUWS016408",33,"N",17,"W"
"SUWS016409",33,"N",18,"W"
"SUWS016410",33,"N",17,"W"
"SUWS016411",33,"N",17,"W"
"SUWS016412",36,"N",16,"W"
"SUWS016413",33,"N",18,"W"
"SUWS016414",33,"N",17,"W"
"SUWS016415",33,"N",17,"W"
"SUWS016416",33,"N",17,"W"
"SUWS016417",33,"N",17,"W"
"SUWS016418",33,"N",17,"W"
"SUWS016419",36,"N",16,"W"
"SUWS016420",36,"N",16,"W"
"SUWS016421",36,"N",16,"W"
"SUWS016422",36,"N",16,"W"
"SUWS016423",36,"N",19,"W"
"SUWS016424",36,"N",19,"W"
"SUWS016425",36,"N",19,"W"
"SUWS016426",36,"N",20,"W"
"SUWS016427",36,"N",20,"W"
"SUWS016428",36,"N",20,"W"
"SUWS016429",36,"N",20,"W"
"SUWS016430",36,"N",20,"W"
"SUWS016431",36,"N",20,"W"
"SUWS016432",36,"N",20,"W"
"SUWS016433",36,"N",20,"W"
"SUWS016434",33,"N",17,"W"
"SUWS016435",33,"N",17,"W"
"SUWS016436",33,"N",17,"W"
"SUWS016437",33,"N",17,"W"
"SUWS016438",33,"N",17,"W"
"SUWS016439",49,"N",13,"W"
"SUWS016440",49,"N",13,"W"
"SUWS016441",33,"N",17,"W"
"SUWS016442",33,"N",17,"W"
"SUWS016443",36,"N",19,"W"
"SUWS016444",33,"N",17,"W"
"SUWS016445",36,"N",16,"W"
"SUWS016446",36,"N",16,"W"
"SUWS016447",36,"N",20,"W"
"SUWS016448",36,"N",20,"W"
"SUWS016449",36,"N",16,"W"
"SUWS016450",36,"N",19,"W"
"SUWS016451",36,"N",19,"W"
"SUWS016452",36,"N",19,"W"
"SUWS016453",36,"N",20,"W"
"SUWS016454",36,"N",20,"W"
"SUWS016455",33,"N",17,"W"
"SUWS016456",33,"N",17,"W"
"SUWS016457",33,"N",17,"W"
"SUWS016458",33,"N",17,"W"
"SUWS016459",36,"N",19,"W"
"SUWS016460",49,"N",13,"W"
"SUWS016461",33,"N",17,"W"
"SUWS016462",33,"N",17,"W"
"SUWS016463",33,"N",17,"W"
"SUWS016464",33,"N",17,"W"
"SUWS016465",33,"N",17,"W"
"SUWS016466",33,"N",17,"W"
"SUWS016467",33,"N",17,"W"
"SUWS016468",33,"N",17,"W"
"SUWS016469",33,"N",17,"W"
"SUWS016471",33,"N",17,"W"
"SUWS016472",36,"N",20,"W"
"SUWS016473",33,"N",17,"W"
"SUWS016474",49,"N",13,"W"
"SUWS016475",49,"N",13,"W"
"SUWS016476",49,"N",13,"W"
"SUWS016477",49,"N",13,"W"
"SUWS016478",49,"N",13,"W"
"SUWS016479",49,"N",13,"W"
"SUWS016480",49,"N",13,"W"
"SUWS016481",49,"N",14,"W"
"SUWS016482",49,"N",13,"W"
"SUWS016483",50,"N",8,"W"
"SUWS016484",49,"N",14,"W"
"SUWS016485",49,"N",14,"W"
"SUWS016487",49,"N",14,"W"
"SUWS016488",49,"N",14,"W"
"SUWS016489",49,"N",14,"W"
"SUWS016490",49,"N",14,"W"
"SUWS016491",49,"N",14,"W"
"SUWS016492",47,"N",15,"W"
"SUWS016493",47,"N",15,"W"
"SUWS016494",47,"N",15,"W"
"SUWS016495",47,"N",15,"W"
"SUWS016496",50,"N",8,"W"
"SUWS016497",50,"N",8,"W"
"SUWS016498",50,"N",8,"W"
"SUWS016499",50,"N",8,"W"
"SUWS016500",50,"N",8,"W"
"SUWS016501",50,"N",8,"W"
"SUWS016502",50,"N",8,"W"
"SUWS016503",50,"N",8,"W"
"SUWS016504",50,"N",8,"W"
"SUWS016505",50,"N",8,"W"
"SUWS016506",50,"N",8,"W"
"SUWS016507",50,"N",8,"W"
"SUWS016508",50,"N",8,"W"
"SUWS016509",50,"N",8,"W"
"SUWS016510",50,"N",8,"W"
"SUWS016511",50,"N",8,"W"
"SUWS016512",49,"N",13,"W"
"SUWS016513",50,"N",8,"W"
"SUWS016514",50,"N",8,"W"
"SUWS016515",50,"N",8,"W"
"SUWS016516",50,"N",8,"W"
"SUWS016517",50,"N",8,"W"
"SUWS016518",49,"N",13,"W"
"SUWS016519",49,"N",13,"W"
"SUWS016520",50,"N",8,"W"
"SUWS016521",50,"N",8,"W"
"SUWS016522",49,"N",13,"W"
"SUWS016523",50,"N",8,"W"
"SUWS016524",50,"N",8,"W"
"SUWS016525",50,"N",8,"W"
"SUWS016526",50,"N",8,"W"
"SUWS016527",50,"N",8,"W"
"SUWS016528",50,"N",8,"W"
"SUWS016529",50,"N",8,"W"
"SUWS016530",50,"N",8,"W"
"SUWS016531",50,"N",8,"W"
"SUWS016532",50,"N",8,"W"
"SUWS016533",50,"N",8,"W"
"SUWS016534",50,"N",8,"W"
"SUWS016535",50,"N",8,"W"
"SUWS016536",50,"N",8,"W"
"SUWS016537",50,"N",8,"W"
"SUWS016538",50,"N",8,"W"
"SUWS016539",50,"N",8,"W"
"SUWS016540",50,"N",8,"W"
"SUWS016541",50,"N",8,"W"
"SUWS016542",50,"N",8,"W"
"SUWS016543",50,"N",8,"W"
"SUWS016544",50,"N",8,"W"
"SUWS016545",50,"N",8,"W"
"SUWS016546",50,"N",8,"W"
"SUWS016558",50,"N",8,"W"
"SUWS016559",50,"N",8,"W"
"SUWS016560",50,"N",8,"W"
"SUWS016561",12,"N",20,"E"
"SUWS016562",50,"N",8,"W"
"SUWS016563",50,"N",8,"W"
"SUWS016564",50,"N",8,"W"
"SUWS016565",49,"N",13,"W"
"SUWS016566",50,"N",8,"W"
"SUWS016567",49,"N",13,"W"
"SUWS016568",50,"N",8,"W"
"SUWS016569",50,"N",8,"W"
"SUWS016570",50,"N",8,"W"
"SUWS016576",49,"N",14,"W"
"SUWS016582",47,"N",13,"W"
"SUWS016583",49,"N",14,"W"
"SUWS016585",50,"N",8,"W"
"SUWS016587",49,"N",13,"W"
"SUWS016588",49,"N",13,"W"
"SUWS016591",49,"N",13,"W"
"SUWS016592",49,"N",14,"W"
"SUWS016593",49,"N",14,"W"
"SUWS016594",49,"N",14,"W"
"SUWS016595",49,"N",14,"W"
"SUWS016600",49,"N",13,"W"
"SUWS016601",49,"N",13,"W"
"SUWS016606",49,"N",14,"W"
"SUWS016607",49,"N",14,"W"
"SUWS016608",49,"N",14,"W"
"SUWS016612",49,"N",14,"W"
"SUWS016620",49,"N",14,"W"
"SUWS016628",49,"N",14,"W"
"SUWS016629",49,"N",14,"W"
"SUWS016632",49,"N",13,"W"
"SUWS016633",49,"N",14,"W"
"SUWS016635",46,"N",15,"W"
"SUWS016636",49,"N",13,"W"
"SUWS016637",49,"N",13,"W"
"SUWS016638",49,"N",14,"W"
"SUWS016639",49,"N",13,"W"
"SUWS016647",49,"N",14,"W"
"SUWS016648",49,"N",14,"W"
"SUWS016649",49,"N",14,"W"
"SUWS016661",49,"N",14,"W"
"SUWS016664",48,"N",15,"W"
"SUWS016667",49,"N",14,"W"
"SUWS016676",49,"N",13,"W"
"SUWS016677",46,"N",15,"W"
"SUWS016678",46,"N",15,"W"
"SUWS016680",46,"N",15,"W"
"SUWS016681",46,"N",15,"W"
"SUWS016682",46,"N",15,"W"
"SUWS016684",49,"N",14,"W"
"SUWS016685",49,"N",14,"W"
"SUWS016686",49,"N",14,"W"
"SUWS016687",47,"N",10,"W"
"SUWS016688",47,"N",10,"W"
"SUWS016689",47,"N",10,"W"
"SUWS016690",47,"N",10,"W"
"SUWS016691",47,"N",10,"W"
"SUWS016692",47,"N",10,"W"
"SUWS016693",49,"N",13,"W"
"SUWS016694",49,"N",13,"W"
"SUWS016697",49,"N",14,"W"
"SUWS016702",49,"N",14,"W"
"SUWS016709",49,"N",14,"W"
"SUWS016710",46,"N",15,"W"
"SUWS016713",49,"N",13,"W"
"SUWS016715",45,"N",15,"W"
"SUWS016716",45,"N",15,"W"
"SUWS016717",45,"N",15,"W"
"SUWS016725",47,"N",14,"W"
"SUWS016726",47,"N",14,"W"
"SUWS016727",47,"N",14,"W"
"SUWS016728",47,"N",14,"W"
"SUWS016729",47,"N",14,"W"
"SUWS016730",33,"N",17,"W"
"SUWS016737",47,"N",14,"W"
"SUWS016738",47,"N",14,"W"
"SUWS016739",47,"N",14,"W"
"SUWS016740",47,"N",14,"W"
"SUWS016741",47,"N",14,"W"
"SUWS016742",47,"N",14,"W"
"SUWS016743",47,"N",14,"W"
"SUWS016744",47,"N",14,"W"
"SUWS016745",47,"N",14,"W"
"SUWS016746",47,"N",14,"W"
"SUWS016747",47,"N",14,"W"
"SUWS016748",47,"N",14,"W"
"SUWS016749",47,"N",14,"W"
"SUWS016750",47,"N",14,"W"
"SUWS016751",47,"N",14,"W"
"SUWS016752",47,"N",14,"W"
"SUWS016753",47,"N",14,"W"
"SUWS016756",47,"N",14,"W"
"SUWS016757",47,"N",14,"W"
"SUWS016758",47,"N",14,"W"
"SUWS016759",47,"N",14,"W"
"SUWS016760",47,"N",14,"W"
"SUWS016761",47,"N",14,"W"
"SUWS016762",47,"N",15,"W"
"SUWS016763",47,"N",14,"W"
"SUWS016771",47,"N",14,"W"
"SUWS016773",49,"N",13,"W"
"SUWS016774",35,"N",6,"W"
"SUWS016775",46,"N",15,"W"
"SUWS016776",49,"N",13,"W"
"SUWS016779",46,"N",15,"W"
"SUWS016780",49,"N",14,"W"
"SUWS016781",49,"N",14,"W"
"SUWS016782",48,"N",10,"W"
"SUWS016785",49,"N",14,"W"
"SUWS016786",49,"N",14,"W"
"SUWS016789",36,"N",6,"W"
"SUWS016790",35,"N",6,"W"
"SUWS016791",35,"N",6,"W"
"SUWS016792",35,"N",6,"W"
"SUWS016823",33,"N",17,"W"
"SUWS016824",47,"N",15,"W"
"SUWS016826",49,"N",10,"W"
"SUWS016829",49,"N",14,"W"
"SUWS016830",49,"N",14,"W"
"SUWS016831",49,"N",14,"W"
"SUWS016832",49,"N",14,"W"
"SUWS016833",49,"N",14,"W"
"SUWS016834",48,"N",12,"W"
"SUWS016835",48,"N",12,"W"
"SUWS016836",49,"N",14,"W"
"SUWS016837",49,"N",14,"W"
"SUWS016838",49,"N",14,"W"
"SUWS016839",49,"N",14,"W"
"SUWS016840",49,"N",14,"W"
"SUWS016841",49,"N",13,"W"
"SUWS016842",49,"N",14,"W"
"SUWS016843",48,"N",12,"W"
"SUWS016844",49,"N",13,"W"
"SUWS016845",49,"N",13,"W"
"SUWS016846",49,"N",13,"W"
"SUWS016847",48,"N",12,"W"
"SUWS016848",49,"N",14,"W"
"SUWS016849",49,"N",13,"W"
"SUWS016850",49,"N",13,"W"
"SUWS016851",49,"N",13,"W"
"SUWS016852",49,"N",13,"W"
"SUWS016853",49,"N",13,"W"
"SUWS016854",49,"N",13,"W"
"SUWS016855",49,"N",13,"W"
"SUWS016856",48,"N",12,"W"
"SUWS016857",48,"N",12,"W"
"SUWS016858",48,"N",12,"W"
"SUWS016859",49,"N",14,"W"
"SUWS016860",49,"N",14,"W"
"SUWS016861",49,"N",14,"W"
"SUWS016862",49,"N",14,"W"
"SUWS016863",49,"N",14,"W"
"SUWS016864",49,"N",14,"W"
"SUWS016865",49,"N",14,"W"
"SUWS016866",49,"N",14,"W"
"SUWS016867",49,"N",13,"W"
"SUWS016868",49,"N",14,"W"
"SUWS016869",49,"N",13,"W"
"SUWS016870",49,"N",13,"W"
"SUWS016871",49,"N",13,"W"
"SUWS016872",49,"N",13,"W"
"SUWS016873",49,"N",14,"W"
"SUWS016874",35,"N",11,"W"
"SUWS016875",48,"N",12,"W"
"SUWS016876",49,"N",14,"W"
"SUWS016877",49,"N",14,"W"
"SUWS016878",49,"N",14,"W"
"SUWS016879",49,"N",14,"W"
"SUWS016880",49,"N",14,"W"
"SUWS016881",49,"N",14,"W"
"SUWS016882",49,"N",14,"W"
"SUWS016883",35,"N",11,"W"
"SUWS016884",35,"N",11,"W"
"SUWS016885",35,"N",11,"W"
"SUWS016886",35,"N",11,"W"
"SUWS016887",35,"N",11,"W"
"SUWS016888",35,"N",11,"W"
"SUWS016889",35,"N",11,"W"
"SUWS016890",35,"N",11,"W"
"SUWS016891",35,"N",11,"W"
"SUWS016892",35,"N",11,"W"
"SUWS016899",49,"N",14,"W"
"SUWS016900",49,"N",14,"W"
"SUWS016901",49,"N",14,"W"
"SUWS016902",49,"N",14,"W"
"SUWS016903",49,"N",14,"W"
"SUWS016904",49,"N",14,"W"
"SUWS016905",49,"N",14,"W"
"SUWS016906",49,"N",13,"W"
"SUWS016908",49,"N",14,"W"
"SUWS016909",49,"N",14,"W"
"SUWS016921",35,"N",11,"W"
"SUWS016938",49,"N",14,"W"
"SUWS016939",49,"N",14,"W"
"SUWS016963",49,"N",13,"W"
"SUWS016964",49,"N",13,"W"
"SUWS016965",49,"N",14,"W"
"SUWS016968",49,"N",14,"W"
"SUWS016977",49,"N",14,"W"
"SUWS016983",49,"N",14,"W"
"SUWS016984",49,"N",13,"W"
"SUWS016985",49,"N",13,"W"
"SUWS016989",49,"N",13,"W"
"SUWS017000",48,"N",10,"W"
"SUWS017012",49,"N",14,"W"
"SUWS017013",49,"N",14,"W"
"SUWS017015",49,"N",14,"W"
"SUWS017016",48,"N",10,"W"
"SUWS017017",49,"N",14,"W"
"SUWS017018",49,"N",14,"W"
"SUWS017020",49,"N",13,"W"
"SUWS017023",49,"N",10,"W"
"SUWS017024",22,"N",16,"E"
"SUWS017026",49,"N",3,"W"
"SUWS017044",35,"N",11,"W"
"SUWS017045",35,"N",11,"W"
"SUWS017046",49,"N",14,"W"
"SUWS017047",35,"N",11,"W"
"SUWS017048",35,"N",11,"W"
"SUWS017049",35,"N",11,"W"
"SUWS017051",49,"N",13,"W"
"SUWS017052",49,"N",13,"W"
"SUWS017053",49,"N",14,"W"
"SUWS017058",49,"N",14,"W"
"SUWS017061",49,"N",14,"W"
"SUWS017062",49,"N",14,"W"
"SUWS017063",49,"N",14,"W"
"SUWS017064",49,"N",14,"W"
"SUWS017065",49,"N",13,"W"
"SUWS017072",49,"N",13,"W"
"SUWS017073",49,"N",13,"W"
"SUWS017078",49,"N",14,"W"
"SUWS017079",49,"N",14,"W"
"SUWS017087",49,"N",10,"W"
"SUWS017089",49,"N",10,"W"
"SUWS017093",47,"N",15,"W"
"SUWS017098",49,"N",10,"W"
"SUWS017405",48,"N",12,"W"
"SUWS017406",48,"N",12,"W"
"SUWS017408",48,"N",12,"W"
"SUWS017411",48,"N",12,"W"
"SUWS017417",48,"N",12,"W"
"SUWS017418",48,"N",12,"W"
"SUWS017419",48,"N",12,"W"
"SUWS017420",48,"N",12,"W"
"SUWS017421",48,"N",12,"W"
"SUWS017422",48,"N",12,"W"
"SUWS017423",48,"N",12,"W"
"SUWS017426",48,"N",12,"W"
"SUWS017427",48,"N",12,"W"
"SUWS017428",48,"N",12,"W"
"SUWS017429",48,"N",12,"W"
"SUWS017432",48,"N",12,"W"
"SUWS017434",48,"N",12,"W"
"SUWS017435",48,"N",12,"W"
"SUWS017437",48,"N",12,"W"
"SUWS017440",48,"N",12,"W"
"SUWS017441",48,"N",12,"W"
"SUWS017446",48,"N",12,"W"
"SUWS017448",48,"N",12,"W"
"SUWS017449",48,"N",12,"W"
"SUWS017453",48,"N",12,"W"
"SUWS017454",48,"N",12,"W"
"SUWS017455",48,"N",12,"W"
"SUWS017456",48,"N",12,"W"
"SUWS017457",48,"N",12,"W"
"SUWS017458",48,"N",12,"W"
"SUWS017459",48,"N",12,"W"
"SUWS017460",48,"N",12,"W"
"SUWS017461",48,"N",12,"W"
"SUWS017462",48,"N",12,"W"
"SUWS017464",48,"N",12,"W"
"SUWS017465",48,"N",12,"W"
"SUWS017466",48,"N",12,"W"
"SUWS017467",48,"N",12,"W"
"SUWS017470",48,"N",12,"W"
"SUWS017471",48,"N",12,"W"
"SUWS017472",48,"N",12,"W"
"SUWS017473",48,"N",12,"W"
"SUWS017474",48,"N",12,"W"
"SUWS017475",48,"N",12,"W"
"SUWS017477",48,"N",12,"W"
"SUWS017478",48,"N",12,"W"
"SUWS017479",48,"N",12,"W"
"SUWS017480",48,"N",12,"W"
"SUWS017481",48,"N",12,"W"
"SUWS017483",48,"N",12,"W"
"SUWS017484",48,"N",12,"W"
"SUWS017488",48,"N",12,"W"
"SUWS017489",48,"N",12,"W"
"SUWS017490",48,"N",12,"W"
"SUWS017491",48,"N",12,"W"
"SUWS017492",48,"N",12,"W"
"SUWS017497",48,"N",12,"W"
"SUWS017499",48,"N",12,"W"
"SUWS017500",48,"N",12,"W"
"SUWS017504",48,"N",12,"W"
"SUWS017505",48,"N",12,"W"
"SUWS017508",48,"N",12,"W"
"SUWS017509",48,"N",12,"W"
"SUWS017511",48,"N",12,"W"
"SUWS017512",48,"N",12,"W"
"SUWS017513",48,"N",12,"W"
"SUWS017514",48,"N",12,"W"
"SUWS017515",45,"N",12,"W"
"SUWS017516",45,"N",12,"W"
"SUWS017518",45,"N",12,"W"
"SUWS017519",45,"N",12,"W"
"SUWS017520",45,"N",12,"W"
"SUWS017521",45,"N",12,"W"
"SUWS017522",45,"N",12,"W"
"SUWS017524",45,"N",12,"W"
"SUWS017525",45,"N",12,"W"
"SUWS017526",45,"N",12,"W"
"SUWS017527",45,"N",12,"W"
"SUWS017528",45,"N",12,"W"
"SUWS017530",48,"N",12,"W"
"SUWS017531",48,"N",12,"W"
"SUWS017532",48,"N",12,"W"
"SUWS017533",48,"N",12,"W"
"SUWS017535",48,"N",12,"W"
"SUWS017537",48,"N",12,"W"
"SUWS017538",48,"N",12,"W"
"SUWS017539",48,"N",12,"W"
"SUWS017542",48,"N",12,"W"
"SUWS017544",48,"N",12,"W"
"SUWS017545",48,"N",12,"W"
"SUWS017547",48,"N",12,"W"
"SUWS017549",48,"N",12,"W"
"SUWS017553",48,"N",12,"W"
"SUWS017555",48,"N",12,"W"
"SUWS017556",48,"N",12,"W"
"SUWS017557",48,"N",12,"W"
"SUWS017559",48,"N",12,"W"
"SUWS017560",48,"N",12,"W"
"SUWS017561",48,"N",12,"W"
"SUWS017562",48,"N",12,"W"
"SUWS017563",48,"N",12,"W"
"SUWS017564",48,"N",12,"W"
"SUWS017565",48,"N",12,"W"
"SUWS017567",48,"N",12,"W"
"SUWS017569",48,"N",12,"W"
"SUWS017570",48,"N",12,"W"
"SUWS017571",48,"N",12,"W"
"SUWS017574",48,"N",12,"W"
"SUWS017576",48,"N",12,"W"
"SUWS017577",48,"N",12,"W"
"SUWS017579",48,"N",12,"W"
"SUWS017582",48,"N",12,"W"
"SUWS017585",48,"N",12,"W"
"SUWS017586",48,"N",12,"W"
"SUWS017588",48,"N",12,"W"
"SUWS017589",48,"N",12,"W"
"SUWS017590",48,"N",12,"W"
"SUWS017591",48,"N",12,"W"
"SUWS017592",48,"N",12,"W"
"SUWS017593",48,"N",12,"W"
"SUWS017595",48,"N",12,"W"
"SUWS017596",48,"N",12,"W"
"SUWS017600",48,"N",12,"W"
"SUWS017601",48,"N",12,"W"
"SUWS017603",48,"N",12,"W"
"SUWS017604",48,"N",12,"W"
"SUWS017605",48,"N",12,"W"
"SUWS017606",48,"N",12,"W"
"SUWS017607",48,"N",12,"W"
"SUWS017609",48,"N",12,"W"
"SUWS017610",48,"N",12,"W"
"SUWS017611",48,"N",12,"W"
"SUWS017613",48,"N",12,"W"
"SUWS017615",48,"N",12,"W"
"SUWS017616",48,"N",12,"W"
"SUWS017618",48,"N",12,"W"
"SUWS017619",48,"N",12,"W"
"SUWS017620",48,"N",12,"W"
"SUWS017621",48,"N",12,"W"
"SUWS017622",48,"N",12,"W"
"SUWS017624",48,"N",12,"W"
"SUWS017625",48,"N",12,"W"
"SUWS017628",48,"N",12,"W"
"SUWS017630",48,"N",12,"W"
"SUWS017631",48,"N",12,"W"
"SUWS017632",48,"N",12,"W"
"SUWS017634",48,"N",12,"W"
"SUWS017636",48,"N",12,"W"
"SUWS017637",48,"N",12,"W"
"SUWS017638",48,"N",12,"W"
"SUWS017641",48,"N",12,"W"
"SUWS017644",48,"N",12,"W"
"SUWS017645",48,"N",12,"W"
"SUWS017646",48,"N",12,"W"
"SUWS017651",48,"N",12,"W"
"SUWS017653",48,"N",12,"W"
"SUWS017654",48,"N",12,"W"
"SUWS017659",48,"N",12,"W"
"SUWS017660",48,"N",12,"W"
"SUWS017663",48,"N",12,"W"
"SUWS017669",48,"N",12,"W"
"SUWS017670",48,"N",12,"W"
"SUWS017672",48,"N",12,"W"
"SUWS017674",48,"N",12,"W"
"SUWS017675",48,"N",12,"W"
"SUWS017677",48,"N",12,"W"
"SUWS017682",48,"N",12,"W"
"SUWS017683",48,"N",12,"W"
"SUWS017685",48,"N",12,"W"
"SUWS017686",48,"N",12,"W"
"SUWS017688",48,"N",12,"W"
"SUWS017689",48,"N",12,"W"
"SUWS017690",48,"N",12,"W"
"SUWS017692",48,"N",12,"W"
"SUWS017693",48,"N",12,"W"
"SUWS017694",48,"N",12,"W"
"SUWS017696",48,"N",12,"W"
"SUWS017697",48,"N",12,"W"
"SUWS017698",48,"N",12,"W"
"SUWS017700",48,"N",12,"W"
"SUWS017703",48,"N",12,"W"
"SUWS017704",48,"N",12,"W"
"SUWS017705",48,"N",12,"W"
"SUWS017706",48,"N",12,"W"
"SUWS017707",48,"N",12,"W"
"SUWS017708",48,"N",12,"W"
"SUWS017710",48,"N",12,"W"
"SUWS017711",48,"N",12,"W"
"SUWS017712",48,"N",12,"W"
"SUWS017715",48,"N",12,"W"
"SUWS017716",48,"N",12,"W"
"SUWS017718",48,"N",12,"W"
"SUWS017719",48,"N",12,"W"
"SUWS017723",48,"N",12,"W"
"SUWS017724",48,"N",12,"W"
"SUWS017726",48,"N",12,"W"
"SUWS017728",48,"N",12,"W"
"SUWS017729",48,"N",12,"W"
"SUWS017730",48,"N",12,"W"
"SUWS017731",48,"N",12,"W"
"SUWS017733",48,"N",12,"W"
"SUWS017734",48,"N",12,"W"
"SUWS017735",48,"N",12,"W"
"SUWS017736",48,"N",12,"W"
"SUWS017737",48,"N",12,"W"
"SUWS017738",48,"N",12,"W"
"SUWS017739",48,"N",12,"W"
"SUWS017741",48,"N",12,"W"
"SUWS017743",48,"N",12,"W"
"SUWS017744",48,"N",12,"W"
"SUWS017745",48,"N",12,"W"
"SUWS017746",48,"N",12,"W"
"SUWS017747",48,"N",12,"W"
"SUWS017748",48,"N",12,"W"
"SUWS017751",48,"N",12,"W"
"SUWS017752",48,"N",12,"W"
"SUWS017753",48,"N",12,"W"
"SUWS017754",48,"N",12,"W"
"SUWS017755",48,"N",12,"W"
"SUWS017756",48,"N",12,"W"
"SUWS017758",48,"N",12,"W"
"SUWS017760",48,"N",12,"W"
"SUWS017761",48,"N",12,"W"
"SUWS017763",48,"N",12,"W"
"SUWS017764",48,"N",12,"W"
"SUWS017766",48,"N",12,"W"
"SUWS017769",48,"N",12,"W"
"SUWS017770",48,"N",12,"W"
"SUWS017771",48,"N",12,"W"
"SUWS017772",48,"N",12,"W"
"SUWS017774",48,"N",12,"W"
"SUWS017777",48,"N",12,"W"
"SUWS017779",48,"N",12,"W"
"SUWS017782",48,"N",12,"W"
"SUWS017784",48,"N",12,"W"
"SUWS017785",48,"N",12,"W"
"SUWS017791",48,"N",12,"W"
"SUWS017792",48,"N",12,"W"
"SUWS017793",48,"N",12,"W"
"SUWS017794",48,"N",12,"W"
"SUWS017798",48,"N",12,"W"
"SUWS017799",48,"N",12,"W"
"SUWS017803",48,"N",12,"W"
"SUWS017806",48,"N",12,"W"
"SUWS017807",48,"N",12,"W"
"SUWS017808",48,"N",12,"W"
"SUWS017810",48,"N",12,"W"
"SUWS017811",48,"N",12,"W"
"SUWS017813",48,"N",12,"W"
"SUWS017815",48,"N",12,"W"
"SUWS017817",48,"N",12,"W"
"SUWS017818",48,"N",12,"W"
"SUWS017819",48,"N",12,"W"
"SUWS017820",48,"N",12,"W"
"SUWS017821",48,"N",12,"W"
"SUWS017822",48,"N",12,"W"
"SUWS017824",48,"N",12,"W"
"SUWS017827",48,"N",12,"W"
"SUWS017828",48,"N",12,"W"
"SUWS017829",48,"N",12,"W"
"SUWS017831",48,"N",12,"W"
"SUWS017834",48,"N",12,"W"
"SUWS017838",48,"N",12,"W"
"SUWS017842",48,"N",12,"W"
"SUWS017843",48,"N",12,"W"
"SUWS017845",48,"N",12,"W"
"SUWS017847",48,"N",12,"W"
"SUWS017848",48,"N",12,"W"
"SUWS017850",48,"N",12,"W"
"SUWS017851",48,"N",12,"W"
"SUWS017853",48,"N",12,"W"
"SUWS017855",48,"N",12,"W"
"SUWS017856",48,"N",12,"W"
"SUWS017857",48,"N",12,"W"
"SUWS017858",48,"N",12,"W"
"SUWS017859",48,"N",12,"W"
"SUWS017861",48,"N",12,"W"
"SUWS017862",48,"N",12,"W"
"SUWS017863",48,"N",12,"W"
"SUWS017864",48,"N",12,"W"
"SUWS017865",48,"N",12,"W"
"SUWS017866",48,"N",12,"W"
"SUWS017868",48,"N",12,"W"
"SUWS017870",48,"N",12,"W"
"SUWS017871",48,"N",12,"W"
"SUWS017875",48,"N",12,"W"
"SUWS017876",48,"N",12,"W"
"SUWS017877",48,"N",12,"W"
"SUWS017880",48,"N",12,"W"
"SUWS017883",48,"N",12,"W"
"SUWS017885",48,"N",12,"W"
"SUWS017888",48,"N",12,"W"
"SUWS017890",48,"N",12,"W"
"SUWS017893",48,"N",12,"W"
"SUWS017894",48,"N",12,"W"
"SUWS017895",48,"N",12,"W"
"SUWS017896",48,"N",12,"W"
"SUWS017899",48,"N",12,"W"
"SUWS017900",48,"N",12,"W"
"SUWS017901",48,"N",12,"W"
"SUWS017905",45,"N",12,"W"
"SUWS017906",45,"N",12,"W"
"SUWS017909",48,"N",12,"W"
"SUWS017910",48,"N",12,"W"
"SUWS017917",45,"N",12,"W"
"SUWS017918",48,"N",12,"W"
"SUWS017919",45,"N",12,"W"
"SUWS017939",48,"N",12,"W"
"SUWS017940",45,"N",12,"W"
"SUWS017941",48,"N",12,"W"
"SUWS017943",48,"N",12,"W"
"SUWS017944",48,"N",12,"W"
"SUWS017948",48,"N",12,"W"
"SUWS017949",48,"N",12,"W"
"SUWS017956",48,"N",12,"W"
"SUWS017959",48,"N",12,"W"
"SUWS017973",48,"N",12,"W"
"SUWS017975",48,"N",12,"W"
"SUWS017976",48,"N",12,"W"
"SUWS017978",48,"N",12,"W"
"SUWS017979",48,"N",12,"W"
"SUWS017980",48,"N",12,"W"
"SUWS017981",48,"N",12,"W"
"SUWS017984",48,"N",12,"W"
"SUWS017990",48,"N",12,"W"
"SUWS017992",48,"N",12,"W"
"SUWS017993",48,"N",12,"W"
"SUWS018000",48,"N",12,"W"
"SUWS018003",48,"N",12,"W"
"SUWS018005",48,"N",12,"W"
"SUWS018006",48,"N",12,"W"
"SUWS018007",48,"N",12,"W"
"SUWS018009",48,"N",12,"W"
"SUWS018010",48,"N",12,"W"
"SUWS018013",48,"N",12,"W"
"SUWS018014",48,"N",12,"W"
"SUWS018016",48,"N",12,"W"
"SUWS018018",48,"N",12,"W"
"SUWS018022",48,"N",12,"W"
"SUWS018023",48,"N",12,"W"
"SUWS018025",48,"N",12,"W"
"SUWS018026",48,"N",12,"W"
"SUWS018033",48,"N",12,"W"
"SUWS018035",48,"N",12,"W"
"SUWS018039",48,"N",12,"W"
"SUWS018046",48,"N",12,"W"
"SUWS018050",48,"N",12,"W"
"SUWS018061",48,"N",12,"W"
"SUWS018063",48,"N",12,"W"
"SUWS018064",48,"N",12,"W"
"SUWS018065",48,"N",12,"W"
"SUWS018066",48,"N",12,"W"
"SUWS018067",48,"N",12,"W"
"SUWS018068",48,"N",12,"W"
"SUWS018069",48,"N",12,"W"
"SUWS018071",48,"N",12,"W"
"SUWS018074",48,"N",12,"W"
"SUWS018079",48,"N",12,"W"
"SUWS018081",48,"N",12,"W"
"SUWS018083",48,"N",12,"W"
"SUWS018084",48,"N",12,"W"
"SUWS018085",48,"N",12,"W"
"SUWS018087",48,"N",12,"W"
"SUWS010020",52,"N",4,"W "
"SUWS010151",52,"N",4,"W "
"SUWS010541",45,"N",14,"W "
"SUWS012100",52,"N",4,"W "
"SUWS012601",49,"N",10,"W "
"SUWS012921",52,"N",4,"W "
"SUWS013992",49,"N",12,"W "
"SUWS015377",45,"N",8,"W "
"SUWS015542",48,"N",10,"W "
"SUWS015681",52,"N",4,"W "
"SUWS015819",44,"N",3,"W "
"SUWS015842",52,"N",4,"W "
"SUWS015867",49,"N",10,"W "
"SUWS016112",52,"N",4,"W "
"SUWS016236",52,"N",4,"W "
"SUWS016285",52,"N",4,"W "
"SUWS016581",47,"N",13,"W "
"SUWS016590",47,"N",13,"W "
"SUWS010001",44,"N",7,"W"
"SUWS010007",49,"N",13,"W"
"SUWS010010",45,"N",4,"W"
"SUWS010011",49,"N",13,"W"
"SUWS010012",44,"N",4,"W"
"SUWS010014",45,"N",7,"W"
"SUWS010015",45,"N",4,"W"
"SUWS010023",45,"N",8,"W"
"SUWS010024",45,"N",7,"W"
"SUWS010025",44,"N",7,"W"
"SUWS010026",46,"N",8,"W"
"SUWS010027",45,"N",8,"W"
"SUWS010030",45,"N",7,"W"
"SUWS010031",45,"N",8,"W"
"SUWS010033",45,"N",8,"W"
"SUWS010037",45,"N",4,"W"
"SUWS010039",45,"N",7,"W"
"SUWS010040",45,"N",4,"W"
"SUWS010042",49,"N",13,"W"
"SUWS010048",46,"N",14,"W"
"SUWS010049",46,"N",14,"W"
"SUWS010050",45,"N",4,"W"
"SUWS010051",45,"N",8,"W"
"SUWS010052",47,"N",8,"W"
"SUWS010053",45,"N",7,"W"
"SUWS010054",45,"N",8,"W"
"SUWS010056",47,"N",8,"W"
"SUWS010070",45,"N",8,"W"
"SUWS010072",39,"N",1,"E"
"SUWS010073",45,"N",8,"W"
"SUWS010075",48,"N",8,"W"
"SUWS010076",43,"N",13,"W"
"SUWS010078",49,"N",14,"W"
"SUWS010090",45,"N",8,"W"
"SUWS010091",45,"N",8,"W"
"SUWS010095",45,"N",8,"W"
"SUWS010097",45,"N",8,"W"
"SUWS010098",45,"N",8,"W"
"SUWS010103",49,"N",13,"W"
"SUWS010119",42,"N",2,"W"
"SUWS010121",45,"N",8,"W"
"SUWS010126",46,"N",10,"W"
"SUWS010131",46,"N",10,"W"
"SUWS010136",47,"N",15,"W"
"SUWS010138",45,"N",8,"W"
"SUWS010148",52,"N",2,"W"
"SUWS010150",45,"N",8,"W"
"SUWS010152",45,"N",7,"W"
"SUWS010159",45,"N",8,"W"
"SUWS010160",42,"N",2,"W"
"SUWS010164",45,"N",8,"W"
"SUWS010169",47,"N",10,"W"
"SUWS010200",46,"N",13,"W"
"SUWS010216",13,"N",7,"W"
"SUWS010225",49,"N",13,"W"
"SUWS010318",18,"N",23,"E"
"SUWS010320",11,"N",2,"W"
"SUWS010326",45,"N",8,"W"
"SUWS010334",16,"N",7,"W"
"SUWS010351",14,"N",2,"E"
"SUWS010355",42,"N",2,"W"
"SUWS010364",49,"N",14,"W"
"SUWS010366",45,"N",8,"W"
"SUWS010367",42,"N",2,"W"
"SUWS010368",49,"N",14,"W"
"SUWS010369",17,"N",3,"W"
"SUWS010371",49,"N",14,"W"
"SUWS010372",49,"N",14,"W"
"SUWS010373",49,"N",14,"W"
"SUWS010374",49,"N",12,"W"
"SUWS010375",49,"N",14,"W"
"SUWS010376",49,"N",12,"W"
"SUWS010385",49,"N",14,"W"
"SUWS010389",49,"N",14,"W"
"SUWS010427",48,"N",8,"W"
"SUWS010429",48,"N",8,"W"
"SUWS010430",48,"N",8,"W"
"SUWS010438",49,"N",14,"W"
"SUWS010441",49,"N",14,"W"
"SUWS010444",49,"N",14,"W"
"SUWS010445",48,"N",8,"W"
"SUWS010447",49,"N",14,"W"
"SUWS010448",49,"N",14,"W"
"SUWS010449",49,"N",14,"W"
"SUWS010451",49,"N",14,"W"
"SUWS010489",49,"N",14,"W"
"SUWS010490",49,"N",12,"W"
"SUWS010491",49,"N",13,"W"
"SUWS010492",45,"N",14,"W"
"SUWS010495",49,"N",13,"W"
"SUWS010496",47,"N",10,"W"
"SUWS010497",40,"N",7,"E"
"SUWS010498",45,"N",14,"W"
"SUWS010499",49,"N",14,"W"
"SUWS010500",49,"N",14,"W"
"SUWS010501",49,"N",12,"W"
"SUWS010502",45,"N",14,"W"
"SUWS010505",49,"N",14,"W"
"SUWS010507",49,"N",14,"W"
"SUWS010508",49,"N",14,"W"
"SUWS010510",49,"N",13,"W"
"SUWS010513",48,"N",13,"W"
"SUWS010514",49,"N",14,"W"
"SUWS010523",49,"N",13,"W"
"SUWS010525",49,"N",14,"W"
"SUWS010526",49,"N",12,"W"
"SUWS010529",45,"N",14,"W"
"SUWS010530",49,"N",14,"W"
"SUWS010531",49,"N",14,"W"
"SUWS010539",40,"N",7,"E"
"SUWS010540",48,"N",14,"W"
"SUWS010552",49,"N",12,"W"
"SUWS010556",45,"N",13,"W"
"SUWS010557",47,"N",10,"W"
"SUWS010559",49,"N",12,"W"
"SUWS010573",45,"N",12,"W"
"SUWS010574",47,"N",10,"W"
"SUWS010576",45,"N",8,"W"
"SUWS010578",43,"N",11,"W"
"SUWS010581",43,"N",11,"W"
"SUWS010583",47,"N",13,"W"
"SUWS010585b",47,"N",7,"W"
"SUWS010587",47,"N",13,"W"
"SUWS010593",48,"N",14,"W"
"SUWS010603",47,"N",13,"W"
"SUWS010611",47,"N",13,"W"
"SUWS010614",48,"N",14,"W"
"SUWS010626",49,"N",14,"W"
"SUWS010630",49,"N",12,"W"
"SUWS010632",49,"N",14,"W"
"SUWS010633",49,"N",12,"W"
"SUWS010634",48,"N",10,"W"
"SUWS010642",40,"N",7,"E"
"SUWS010644",49,"N",14,"W"
"SUWS010648",48,"N",14,"W"
"SUWS010652",47,"N",13,"W"
"SUWS010658",43,"N",11,"W"
"SUWS010669",49,"N",14,"W"
"SUWS010670",40,"N",7,"E"
"SUWS010671",49,"N",14,"W"
"SUWS010674",49,"N",14,"W"
"SUWS010684",49,"N",14,"W"
"SUWS010685",49,"N",14,"W"
"SUWS010688",49,"N",14,"W"
"SUWS010689",49,"N",13,"W"
"SUWS010690",48,"N",11,"W"
"SUWS010708",46,"N",15,"W"
"SUWS010709",46,"N",15,"W"
"SUWS010714",46,"N",15,"W"
"SUWS010715",46,"N",15,"W"
"SUWS010719",45,"N",12,"W"
"SUWS010720",45,"N",8,"W"
"SUWS010721",45,"N",8,"W"
"SUWS010723",45,"N",8,"W"
"SUWS010725",45,"N",7,"W"
"SUWS010726",40,"N",16,"W"
"SUWS010736",47,"N",10,"W"
"SUWS010737",48,"N",14,"W"
"SUWS010740",48,"N",14,"W"
"SUWS010744",48,"N",14,"W"
"SUWS010749",45,"N",8,"W"
"SUWS010751",45,"N",8,"W"
"SUWS010753",49,"N",14,"W"
"SUWS010754",45,"N",8,"W"
"SUWS010755",45,"N",8,"W"
"SUWS010756",45,"N",7,"W"
"SUWS010758",45,"N",8,"W"
"SUWS010759",45,"N",8,"W"
"SUWS010760",45,"N",8,"W"
"SUWS010761",45,"N",8,"W"
"SUWS010762",45,"N",8,"W"
"SUWS010763",14,"N",2,"E"
"SUWS010764",45,"N",8,"W"
"SUWS010767",46,"N",15,"W"
"SUWS010773",48,"N",12,"W"
"SUWS010779",45,"N",7,"W"
"SUWS010780",45,"N",8,"W"
"SUWS010781",45,"N",8,"W"
"SUWS010782",45,"N",7,"W"
"SUWS010784",40,"N",16,"W"
"SUWS010785",45,"N",8,"W"
"SUWS010786",45,"N",8,"W"
"SUWS010789",45,"N",8,"W"
"SUWS010790",45,"N",8,"W"
"SUWS010792",45,"N",8,"W"
"SUWS010793",44,"N",8,"W"
"SUWS010795",48,"N",14,"W"
"SUWS010796",23,"N",15,"W"
"SUWS010797",14,"N",2,"E"
"SUWS010798",23,"N",15,"W"
"SUWS010800",46,"N",10,"W"
"SUWS010801",49,"N",14,"W"
"SUWS010805",27,"N",20,"E"
"SUWS010809",47,"N",10,"W"
"SUWS010817",45,"N",8,"W"
"SUWS010824",29,"N",19,"W"
"SUWS010829",40,"N",7,"E"
"SUWS010830",45,"N",8,"W"
"SUWS010832",45,"N",8,"W"
"SUWS010833",45,"N",8,"W"
"SUWS010838",46,"N",5,"W"
"SUWS010843",49,"N",14,"W"
"SUWS010844",44,"N",8,"W"
"SUWS010847",44,"N",8,"W"
"SUWS010849",49,"N",14,"W"
"SUWS010855",48,"N",14,"W"
"SUWS010856",45,"N",8,"W"
"SUWS010859",46,"N",5,"W"
"SUWS010860",46,"N",5,"W"
"SUWS010862",48,"N",14,"W"
"SUWS010863",45,"N",8,"W"
"SUWS010864",46,"N",5,"W"
"SUWS010868",27,"N",20,"E"
"SUWS010869",45,"N",7,"W"
"SUWS010873",46,"N",15,"W"
"SUWS010875",47,"N",10,"W"
"SUWS010876",45,"N",8,"W"
"SUWS010878",46,"N",10,"W"
"SUWS010887",47,"N",10,"W"
"SUWS010889",47,"N",14,"W"
"SUWS010900",11,"N",2,"W"
"SUWS010910",49,"N",14,"W"
"SUWS010913",49,"N",14,"W"
"SUWS010914",16,"N",7,"W"
"SUWS010915",45,"N",8,"W"
"SUWS010916",45,"N",8,"W"
"SUWS010919",49,"N",14,"W"
"SUWS010920",49,"N",14,"W"
"SUWS010924",15,"N",7,"W"
"SUWS010926",49,"N",14,"W"
"SUWS010927",47,"N",10,"W"
"SUWS010929",14,"N",7,"W"
"SUWS010938",51,"N",6,"W"
"SUWS010939",4,"N",12,"E"
"SUWS010944",4,"N",13,"E"
"SUWS010945",4,"N",13,"E"
"SUWS010946",49,"N",14,"W"
"SUWS010948",43,"N",11,"W"
"SUWS010952",45,"N",7,"W"
"SUWS010955",49,"N",14,"W"
"SUWS010957",49,"N",14,"W"
"SUWS010962",49,"N",14,"W"
"SUWS010963",49,"N",14,"W"
"SUWS010965",47,"N",11,"W"
"SUWS010968",48,"N",14,"W"
"SUWS010971",49,"N",14,"W"
"SUWS010972",45,"N",8,"W"
"SUWS010973",45,"N",8,"W"
"SUWS010977",45,"N",8,"W"
"SUWS010978",33,"N",10,"W"
"SUWS010979",49,"N",14,"W"
"SUWS010980",38,"N",16,"W"
"SUWS010981",49,"N",14,"W"
"SUWS010994",45,"N",8,"W"
"SUWS010995",47,"N",11,"W"
"SUWS010997",49,"N",14,"W"
"SUWS010998",49,"N",14,"W"
"SUWS010999",45,"N",8,"W"
"SUWS011000",45,"N",8,"W"
"SUWS011001",47,"N",11,"W"
"SUWS011005",49,"N",14,"W"
"SUWS011008",49,"N",14,"W"
"SUWS011021",47,"N",4,"W"
"SUWS011023",49,"N",14,"W"
"SUWS011024",48,"N",12,"W"
"SUWS011026",49,"N",14,"W"
"SUWS011031",47,"N",4,"W"
"SUWS011032",47,"N",4,"W"
"SUWS011033",49,"N",13,"W"
"SUWS011034",49,"N",14,"W"
"SUWS011041",49,"N",14,"W"
"SUWS011047",45,"N",8,"W"
"SUWS011048",45,"N",8,"W"
"SUWS011061",49,"N",14,"W"
"SUWS011062",49,"N",14,"W"
"SUWS011069",47,"N",11,"W"
"SUWS011070",45,"N",8,"W"
"SUWS011071",45,"N",8,"W"
"SUWS011072",45,"N",8,"W"
"SUWS011076",45,"N",8,"W"
"SUWS011078",45,"N",8,"W"
"SUWS011083",45,"N",8,"W"
"SUWS011084",45,"N",8,"W"
"SUWS011090",45,"N",8,"W"
"SUWS011091",45,"N",8,"W"
"SUWS011092",45,"N",8,"W"
"SUWS011104",26,"N",17,"W"
"SUWS011105",14,"N",2,"E"
"SUWS011112",49,"N",14,"W"
"SUWS011113",45,"N",8,"W"
"SUWS011115",45,"N",8,"W"
"SUWS011117",49,"N",14,"W"
"SUWS011118",46,"N",15,"W"
"SUWS011120",45,"N",12,"W"
"SUWS011121",49,"N",14,"W"
"SUWS011122",49,"N",14,"W"
"SUWS011123",45,"N",8,"W"
"SUWS011124",45,"N",8,"W"
"SUWS011125",45,"N",8,"W"
"SUWS011126",45,"N",8,"W"
"SUWS011128",45,"N",8,"W"
"SUWS011130",41,"N",15,"W"
"SUWS011132",49,"N",14,"W"
"SUWS011138",4,"N",12,"E"
"SUWS011148",49,"N",14,"W"
"SUWS011151",49,"N",14,"W"
"SUWS011152",4,"N",12,"E"
"SUWS011154",46,"N",15,"W"
"SUWS011161",49,"N",14,"W"
"SUWS011162",49,"N",14,"W"
"SUWS011173",45,"N",8,"W"
"SUWS011177",45,"N",8,"W"
"SUWS011181",45,"N",8,"W"
"SUWS011183",45,"N",6,"W"
"SUWS011187",44,"N",9,"W"
"SUWS011195",38,"N",16,"W"
"SUWS011198",43,"N",7,"W"
"SUWS011199",45,"N",8,"W"
"SUWS011201",45,"N",8,"W"
"SUWS011202",45,"N",8,"W"
"SUWS011214",50,"N",2,"W"
"SUWS011218",16,"N",3,"E"
"SUWS011221",49,"N",14,"W"
"SUWS011224",49,"N",14,"W"
"SUWS011225",37,"N",1,"E"
"SUWS011229",43,"N",7,"W"
"SUWS011238",49,"N",14,"W"
"SUWS011239",45,"N",8,"W"
"SUWS011241",48,"N",14,"W"
"SUWS011242",45,"N",8,"W"
"SUWS011243",45,"N",8,"W"
"SUWS011245",47,"N",10,"W"
"SUWS011247",49,"N",14,"W"
"SUWS011248",49,"N",14,"W"
"SUWS011255",49,"N",14,"W"
"SUWS011257",46,"N",10,"W"
"SUWS011259",47,"N",10,"W"
"SUWS011263",45,"N",8,"W"
"SUWS011264",45,"N",8,"W"
"SUWS011265",45,"N",8,"W"
"SUWS011266",45,"N",8,"W"
"SUWS011267",45,"N",8,"W"
"SUWS011269",45,"N",8,"W"
"SUWS011271",45,"N",8,"W"
"SUWS011273",45,"N",8,"W"
"SUWS011277",49,"N",14,"W"
"SUWS011281",49,"N",14,"W"
"SUWS011283",16,"N",7,"W"
"SUWS011291",45,"N",8,"W"
"SUWS011292",44,"N",7,"W"
"SUWS011294",45,"N",8,"W"
"SUWS011296",45,"N",8,"W"
"SUWS011297",49,"N",14,"W"
"SUWS011300",49,"N",14,"W"
"SUWS011301",49,"N",14,"W"
"SUWS011302",46,"N",15,"W"
"SUWS011304",46,"N",15,"W"
"SUWS011307",49,"N",14,"W"
"SUWS011316",45,"N",8,"W"
"SUWS011317",45,"N",8,"W"
"SUWS011319",46,"N",15,"W"
"SUWS011323",47,"N",11,"W"
"SUWS011324",45,"N",8,"W"
"SUWS011325",45,"N",8,"W"
"SUWS011328",46,"N",15,"W"
"SUWS011332",45,"N",7,"W"
"SUWS011333",45,"N",7,"W"
"SUWS011335",49,"N",14,"W"
"SUWS011336",45,"N",6,"W"
"SUWS011337",49,"N",14,"W"
"SUWS011342",49,"N",14,"W"
"SUWS011349",45,"N",8,"W"
"SUWS011351",45,"N",8,"W"
"SUWS011352",49,"N",11,"W"
"SUWS011361",49,"N",14,"W"
"SUWS011363",46,"N",2,"E"
"SUWS011364",47,"N",10,"W"
"SUWS011366",45,"N",8,"W"
"SUWS011367",45,"N",8,"W"
"SUWS011368",45,"N",8,"W"
"SUWS011380",49,"N",14,"W"
"SUWS011385",46,"N",15,"W"
"SUWS011386",48,"N",14,"W"
"SUWS011387",48,"N",14,"W"
"SUWS011388",46,"N",15,"W"
"SUWS011389",46,"N",15,"W"
"SUWS011391",45,"N",12,"W"
"SUWS011393",48,"N",14,"W"
"SUWS011400",47,"N",10,"W"
"SUWS011401",48,"N",14,"W"
"SUWS011410",40,"N",16,"W"
"SUWS011411",40,"N",16,"W"
"SUWS011414",46,"N",10,"W"
"SUWS011415",46,"N",15,"W"
"SUWS011420",49,"N",14,"W"
"SUWS011420b",49,"N",14,"W"
"SUWS011421",46,"N",15,"W"
"SUWS011423",46,"N",15,"W"
"SUWS011424",45,"N",7,"W"
"SUWS011425",42,"N",14,"W"
"SUWS011426",48,"N",14,"W"
"SUWS011428",48,"N",14,"W"
"SUWS011429",48,"N",14,"W"
"SUWS011430",46,"N",12,"W"
"SUWS011431",46,"N",15,"W"
"SUWS011435",47,"N",11,"W"
"SUWS011437",47,"N",6,"W"
"SUWS011442",45,"N",8,"W"
"SUWS011443",45,"N",8,"W"
"SUWS011448",47,"N",10,"W"
"SUWS011449",18,"N",9,"W"
"SUWS011457",49,"N",14,"W"
"SUWS011458",49,"N",13,"W"
"SUWS011461",49,"N",14,"W"
"SUWS011462",49,"N",14,"W"
"SUWS011463",33,"N",10,"W"
"SUWS011468",45,"N",8,"W"
"SUWS011469",45,"N",8,"W"
"SUWS011470",45,"N",8,"W"
"SUWS011477",49,"N",14,"W"
"SUWS011478",49,"N",14,"W"
"SUWS011482",45,"N",8,"W"
"SUWS011483",49,"N",14,"W"
"SUWS011485",49,"N",14,"W"
"SUWS011486",49,"N",14,"W"
"SUWS011493",49,"N",14,"W"
"SUWS011495",49,"N",14,"W"
"SUWS011497",49,"N",14,"W"
"SUWS011498",49,"N",14,"W"
"SUWS011501",47,"N",11,"W"
"SUWS011502",46,"N",13,"W"
"SUWS011505",49,"N",12,"W"
"SUWS011506",49,"N",14,"W"
"SUWS011509",49,"N",14,"W"
"SUWS011512",49,"N",14,"W"
"SUWS011513",49,"N",14,"W"
"SUWS011514",49,"N",14,"W"
"SUWS011519",49,"N",14,"W"
"SUWS011520",49,"N",14,"W"
"SUWS011521",49,"N",14,"W"
"SUWS011526",49,"N",14,"W"
"SUWS011527",49,"N",14,"W"
"SUWS011528",49,"N",14,"W"
"SUWS011529",49,"N",14,"W"
"SUWS011531",49,"N",14,"W"
"SUWS011533",49,"N",14,"W"
"SUWS011537",51,"N",6,"W"
"SUWS011546",44,"N",11,"W"
"SUWS011550",49,"N",14,"W"
"SUWS011553",46,"N",15,"W"
"SUWS011554",46,"N",15,"W"
"SUWS011557",45,"N",8,"W"
"SUWS011558",49,"N",14,"W"
"SUWS011559",49,"N",13,"W"
"SUWS011560",46,"N",15,"W"
"SUWS011563",31,"N",19,"W"
"SUWS011564",45,"N",8,"W"
"SUWS011565",43,"N",7,"W"
"SUWS011566",43,"N",7,"W"
"SUWS011572",45,"N",8,"W"
"SUWS011573",49,"N",14,"W"
"SUWS011574",45,"N",8,"W"
"SUWS011575",49,"N",14,"W"
"SUWS011576",46,"N",15,"W"
"SUWS011577",45,"N",8,"W"
"SUWS011578",45,"N",8,"W"
"SUWS011579",46,"N",15,"W"
"SUWS011580",45,"N",8,"W"
"SUWS011584",49,"N",14,"W"
"SUWS011587",49,"N",14,"W"
"SUWS011588",49,"N",14,"W"
"SUWS011590",46,"N",5,"W"
"SUWS011591",45,"N",8,"W"
"SUWS011593",49,"N",14,"W"
"SUWS011602",49,"N",14,"W"
"SUWS011605",45,"N",8,"W"
"SUWS011607",44,"N",7,"W"
"SUWS011610",45,"N",8,"W"
"SUWS011611",47,"N",10,"W"
"SUWS011614",49,"N",14,"W"
"SUWS011617",45,"N",7,"W"
"SUWS011618",45,"N",8,"W"
"SUWS011619",46,"N",5,"W"
"SUWS011621",44,"N",7,"W"
"SUWS011622",45,"N",7,"W"
"SUWS011623",45,"N",8,"W"
"SUWS011624",45,"N",8,"W"
"SUWS011625",45,"N",8,"W"
"SUWS011628",45,"N",8,"W"
"SUWS011630",48,"N",14,"W"
"SUWS011631",49,"N",13,"W"
"SUWS011632",31,"N",19,"W"
"SUWS011639",49,"N",12,"W"
"SUWS011640",49,"N",14,"W"
"SUWS011642",49,"N",13,"W"
"SUWS011643",49,"N",14,"W"
"SUWS011650",46,"N",14,"W"
"SUWS011652",49,"N",14,"W"
"SUWS011655",49,"N",14,"W"
"SUWS011657",49,"N",12,"W"
"SUWS011663",46,"N",15,"W"
"SUWS011664",47,"N",11,"W"
"SUWS011667",46,"N",14,"W"
"SUWS011673",40,"N",7,"E"
"SUWS011675",44,"N",2,"W"
"SUWS011676",45,"N",8,"W"
"SUWS011679",47,"N",11,"W"
"SUWS011689",45,"N",8,"W"
"SUWS011690",46,"N",15,"W"
"SUWS011697",43,"N",11,"W"
"SUWS011706",45,"N",8,"W"
"SUWS011714",47,"N",10,"W"
"SUWS011715",48,"N",14,"W"
"SUWS011718",46,"N",14,"W"
"SUWS011720",46,"N",15,"W"
"SUWS011722",45,"N",8,"W"
"SUWS011723",45,"N",8,"W"
"SUWS011727",45,"N",8,"W"
"SUWS011731",45,"N",7,"W"
"SUWS011733",45,"N",8,"W"
"SUWS011734",45,"N",8,"W"
"SUWS011736",45,"N",7,"W"
"SUWS011738",45,"N",8,"W"
"SUWS011740",46,"N",15,"W"
"SUWS011741",45,"N",8,"W"
"SUWS011749",49,"N",14,"W"
"SUWS011754",48,"N",14,"W"
"SUWS011755",48,"N",14,"W"
"SUWS011760",47,"N",8,"W"
"SUWS011761",47,"N",8,"W"
"SUWS011762",47,"N",8,"W"
"SUWS011763",45,"N",8,"W"
"SUWS011765",44,"N",7,"W"
"SUWS011766",47,"N",8,"W"
"SUWS011769",45,"N",8,"W"
"SUWS011770",45,"N",8,"W"
"SUWS011772",48,"N",12,"W"
"SUWS011775",49,"N",14,"W"
"SUWS011777",47,"N",10,"W"
"SUWS011779",49,"N",14,"W"
"SUWS011780",49,"N",14,"W"
"SUWS011781",45,"N",8,"W"
"SUWS011783",45,"N",8,"W"
"SUWS011788",49,"N",14,"W"
"SUWS011790",48,"N",14,"W"
"SUWS011794",47,"N",15,"W"
"SUWS011795",45,"N",8,"W"
"SUWS011797",45,"N",7,"W"
"SUWS011798",45,"N",8,"W"
"SUWS011799",49,"N",14,"W"
"SUWS011800",48,"N",14,"W"
"SUWS011803",45,"N",8,"W"
"SUWS011804",45,"N",8,"W"
"SUWS011805",45,"N",8,"W"
"SUWS011809",47,"N",10,"W"
"SUWS011811",45,"N",8,"W"
"SUWS011813",45,"N",8,"W"
"SUWS011814",45,"N",8,"W"
"SUWS011815",49,"N",14,"W"
"SUWS011816",45,"N",8,"W"
"SUWS011817",43,"N",11,"W"
"SUWS011822",49,"N",14,"W"
"SUWS011826",46,"N",15,"W"
"SUWS011827",46,"N",15,"W"
"SUWS011828",45,"N",8,"W"
"SUWS011829",45,"N",8,"W"
"SUWS011843",48,"N",14,"W"
"SUWS011845",49,"N",14,"W"
"SUWS011847",46,"N",15,"W"
"SUWS011854",49,"N",14,"W"
"SUWS011860",33,"N",11,"W"
"SUWS011861",48,"N",14,"W"
"SUWS011862",48,"N",14,"W"
"SUWS011867",48,"N",14,"W"
"SUWS011868",18,"N",23,"E"
"SUWS011870",46,"N",15,"W"
"SUWS011871",44,"N",7,"W"
"SUWS011881",48,"N",14,"W"
"SUWS011884",47,"N",10,"W"
"SUWS011887",48,"N",14,"W"
"SUWS011898",48,"N",14,"W"
"SUWS011899",48,"N",14,"W"
"SUWS011900",46,"N",15,"W"
"SUWS011903",45,"N",8,"W"
"SUWS011918",45,"N",7,"W"
"SUWS011920",46,"N",15,"W"
"SUWS011921",45,"N",8,"W"
"SUWS011922",45,"N",8,"W"
"SUWS011923",31,"N",19,"W"
"SUWS011938",14,"N",2,"E"
"SUWS011939",14,"N",2,"E"
"SUWS011940",45,"N",8,"W"
"SUWS011941",45,"N",7,"W"
"SUWS011942",44,"N",11,"W"
"SUWS011945",33,"N",10,"W"
"SUWS011947",45,"N",8,"W"
"SUWS011948",45,"N",8,"W"
"SUWS011949",45,"N",8,"W"
"SUWS011951",45,"N",8,"W"
"SUWS011956",46,"N",15,"W"
"SUWS011957",45,"N",12,"W"
"SUWS011958",45,"N",8,"W"
"SUWS011960",45,"N",8,"W"
"SUWS011961",44,"N",8,"W"
"SUWS011962",45,"N",8,"W"
"SUWS011963",45,"N",8,"W"
"SUWS011969",44,"N",7,"W"
"SUWS011970",44,"N",7,"W"
"SUWS011973",45,"N",7,"W"
"SUWS011975",43,"N",7,"W"
"SUWS011977",38,"N",16,"W"
"SUWS011978",49,"N",14,"W"
"SUWS011979",26,"N",7,"W"
"SUWS011985",45,"N",8,"W"
"SUWS011993",45,"N",8,"W"
"SUWS011994",40,"N",16,"W"
"SUWS011996",16,"N",3,"E"
"SUWS012000",48,"N",11,"W"
"SUWS012007",45,"N",8,"W"
"SUWS012008",47,"N",11,"W"
"SUWS012009",50,"N",8,"W"
"SUWS012012",45,"N",8,"W"
"SUWS012013",45,"N",8,"W"
"SUWS012014",46,"N",12,"W"
"SUWS012023",49,"N",13,"W"
"SUWS012026",37,"N",20,"E"
"SUWS012027",45,"N",8,"W"
"SUWS012028",47,"N",10,"W"
"SUWS012029",45,"N",8,"W"
"SUWS012031",45,"N",8,"W"
"SUWS012032",40,"N",16,"W"
"SUWS012033",49,"N",14,"W"
"SUWS012034",49,"N",14,"W"
"SUWS012037",45,"N",8,"W"
"SUWS012047",49,"N",14,"W"
"SUWS012055",47,"N",15,"W"
"SUWS012058",44,"N",7,"W"
"SUWS012059",43,"N",7,"W"
"SUWS012061",49,"N",14,"W"
"SUWS012067",48,"N",14,"W"
"SUWS012070",48,"N",8,"W"
"SUWS012072",45,"N",8,"W"
"SUWS012073",49,"N",14,"W"
"SUWS012074",45,"N",7,"W"
"SUWS012076",45,"N",8,"W"
"SUWS012080",47,"N",11,"W"
"SUWS012082",51,"N",6,"W"
"SUWS012084",45,"N",8,"W"
"SUWS012089",48,"N",14,"W"
"SUWS012091",45,"N",8,"W"
"SUWS012094",49,"N",13,"W"
"SUWS012109",49,"N",14,"W"
"SUWS012111",45,"N",8,"W"
"SUWS012115",40,"N",16,"W"
"SUWS012118",46,"N",10,"W"
"SUWS012130",21,"N",13,"W"
"SUWS012137",45,"N",8,"W"
"SUWS012138",45,"N",8,"W"
"SUWS012153",17,"N",5,"W"
"SUWS012154",45,"N",8,"W"
"SUWS012163",52,"N",2,"W"
"SUWS012167",49,"N",14,"W"
"SUWS012169",49,"N",14,"W"
"SUWS012171",49,"N",12,"W"
"SUWS012174",40,"N",16,"W"
"SUWS012176",49,"N",14,"W"
"SUWS012181",45,"N",8,"W"
"SUWS012186",26,"N",17,"W"
"SUWS012191",46,"N",5,"W"
"SUWS012195",40,"N",16,"W"
"SUWS012196",40,"N",16,"W"
"SUWS012198",48,"N",10,"W"
"SUWS012199",48,"N",10,"W"
"SUWS012200",48,"N",10,"W"
"SUWS012201",49,"N",14,"W"
"SUWS012202",49,"N",14,"W"
"SUWS012204",14,"N",2,"E"
"SUWS012205",14,"N",2,"E"
"SUWS012208",49,"N",14,"W"
"SUWS012212",45,"N",8,"W"
"SUWS012213",48,"N",14,"W"
"SUWS012214",44,"N",7,"W"
"SUWS012215",45,"N",8,"W"
"SUWS012217",45,"N",8,"W"
"SUWS012218",45,"N",7,"W"
"SUWS012221",44,"N",7,"W"
"SUWS012223",45,"N",8,"W"
"SUWS012224",31,"N",19,"W"
"SUWS012226",49,"N",14,"W"
"SUWS012227",45,"N",8,"W"
"SUWS012245",49,"N",14,"W"
"SUWS012247",38,"N",16,"W"
"SUWS012248",45,"N",7,"W"
"SUWS012249",43,"N",7,"W"
"SUWS012250",45,"N",8,"W"
"SUWS012253",44,"N",7,"W"
"SUWS012254",16,"N",3,"E"
"SUWS012255",45,"N",6,"W"
"SUWS012258",45,"N",8,"W"
"SUWS012261",45,"N",8,"W"
"SUWS012264",45,"N",8,"W"
"SUWS012265",44,"N",8,"W"
"SUWS012266",45,"N",8,"W"
"SUWS012271",44,"N",8,"W"
"SUWS012274",48,"N",14,"W"
"SUWS012275",43,"N",7,"W"
"SUWS012279",45,"N",7,"W"
"SUWS012281",45,"N",8,"W"
"SUWS012282",45,"N",7,"W"
"SUWS012284",45,"N",8,"W"
"SUWS012285",45,"N",8,"W"
"SUWS012286",45,"N",7,"W"
"SUWS012287",27,"N",9,"W"
"SUWS012288",45,"N",8,"W"
"SUWS012292",49,"N",14,"W"
"SUWS012294",49,"N",14,"W"
"SUWS012295",45,"N",8,"W"
"SUWS012296",44,"N",7,"W"
"SUWS012297",45,"N",8,"W"
"SUWS012302",49,"N",14,"W"
"SUWS012303",49,"N",14,"W"
"SUWS012304",14,"N",2,"E"
"SUWS012316",49,"N",14,"W"
"SUWS012319",49,"N",13,"W"
"SUWS012323",45,"N",8,"W"
"SUWS012324",45,"N",8,"W"
"SUWS012325",45,"N",8,"W"
"SUWS012326",45,"N",7,"W"
"SUWS012330",44,"N",7,"W"
"SUWS012331",43,"N",7,"W"
"SUWS012336",45,"N",8,"W"
"SUWS012337",45,"N",8,"W"
"SUWS012338",45,"N",7,"W"
"SUWS012339",45,"N",7,"W"
"SUWS012340",46,"N",8,"W"
"SUWS012341",45,"N",8,"W"
"SUWS012342",45,"N",7,"W"
"SUWS012346",49,"N",14,"W"
"SUWS012347",45,"N",8,"W"
"SUWS012348",44,"N",8,"W"
"SUWS012349",45,"N",8,"W"
"SUWS012352",46,"N",15,"W"
"SUWS012353",48,"N",14,"W"
"SUWS012357",46,"N",15,"W"
"SUWS012358",49,"N",14,"W"
"SUWS012363",44,"N",7,"W"
"SUWS012364",44,"N",7,"W"
"SUWS012365",45,"N",8,"W"
"SUWS012366",45,"N",8,"W"
"SUWS012368",45,"N",7,"W"
"SUWS012369",45,"N",8,"W"
"SUWS012370",45,"N",8,"W"
"SUWS012371",45,"N",8,"W"
"SUWS012372",43,"N",7,"W"
"SUWS012373",45,"N",8,"W"
"SUWS012382",45,"N",8,"W"
"SUWS012383",16,"N",3,"E"
"SUWS012389",45,"N",8,"W"
"SUWS012391",45,"N",8,"W"
"SUWS012392",44,"N",8,"W"
"SUWS012393",45,"N",8,"W"
"SUWS012394",45,"N",12,"W"
"SUWS012398",49,"N",14,"W"
"SUWS012411",15,"N",20,"E"
"SUWS012421",40,"N",16,"W"
"SUWS012423",33,"N",19,"W"
"SUWS012439",4,"N",12,"E"
"SUWS012443",43,"N",7,"W"
"SUWS012444",33,"N",10,"W"
"SUWS012469",38,"N",16,"W"
"SUWS012480",47,"N",10,"W"
"SUWS012481",45,"N",12,"W"
"SUWS012482",45,"N",12,"W"
"SUWS012483",45,"N",8,"W"
"SUWS012493",49,"N",14,"W"
"SUWS012495",49,"N",14,"W"
"SUWS012502",49,"N",14,"W"
"SUWS012506",45,"N",12,"W"
"SUWS012510",46,"N",14,"W"
"SUWS012511",45,"N",8,"W"
"SUWS012512",45,"N",8,"W"
"SUWS012513",45,"N",8,"W"
"SUWS012516",45,"N",8,"W"
"SUWS012517",49,"N",14,"W"
"SUWS012520",49,"N",14,"W"
"SUWS012524",48,"N",14,"W"
"SUWS012528",48,"N",14,"W"
"SUWS012529",45,"N",8,"W"
"SUWS012540",38,"N",16,"W"
"SUWS012557",49,"N",14,"W"
"SUWS012562",48,"N",14,"W"
"SUWS012563",14,"N",2,"E"
"SUWS012566",45,"N",7,"W"
"SUWS012567",45,"N",8,"W"
"SUWS012573",45,"N",8,"W"
"SUWS012574",45,"N",8,"W"
"SUWS012578",45,"N",8,"W"
"SUWS012588",48,"N",14,"W"
"SUWS012592",49,"N",13,"W"
"SUWS012593",49,"N",13,"W"
"SUWS012594",45,"N",8,"W"
"SUWS012603",45,"N",8,"W"
"SUWS012607",46,"N",10,"W"
"SUWS012610",46,"N",15,"W"
"SUWS012613",46,"N",15,"W"
"SUWS012625",47,"N",8,"W"
"SUWS012626",16,"N",3,"E"
"SUWS012632",48,"N",10,"W"
"SUWS012633",49,"N",14,"W"
"SUWS012634",18,"N",23,"E"
"SUWS012639",49,"N",13,"W"
"SUWS012649",15,"N",20,"E"
"SUWS012665",45,"N",8,"W"
"SUWS012667",45,"N",8,"W"
"SUWS012669",49,"N",14,"W"
"SUWS012681",45,"N",7,"W"
"SUWS012682",46,"N",15,"W"
"SUWS012683",44,"N",8,"W"
"SUWS012684",45,"N",8,"W"
"SUWS012685",45,"N",8,"W"
"SUWS012686",45,"N",8,"W"
"SUWS012688",49,"N",14,"W"
"SUWS012689",37,"N",1,"E"
"SUWS012690",45,"N",7,"W"
"SUWS012691",45,"N",8,"W"
"SUWS012692",46,"N",11,"W"
"SUWS012703",45,"N",8,"W"
"SUWS012705",45,"N",8,"W"
"SUWS012707",45,"N",8,"W"
"SUWS012712",45,"N",8,"W"
"SUWS012713",39,"N",18,"W"
"SUWS012714",37,"N",17,"W"
"SUWS012715",38,"N",16,"W"
"SUWS012716",37,"N",17,"W"
"SUWS012719",16,"N",3,"E"
"SUWS012726",45,"N",8,"W"
"SUWS012727",45,"N",8,"W"
"SUWS012728",45,"N",8,"W"
"SUWS012729",41,"N",16,"W"
"SUWS012735",40,"N",16,"W"
"SUWS012736",46,"N",15,"W"
"SUWS012738",49,"N",14,"W"
"SUWS012739",16,"N",7,"W"
"SUWS012740",49,"N",14,"W"
"SUWS012743",45,"N",8,"W"
"SUWS012744",45,"N",8,"W"
"SUWS012745",45,"N",8,"W"
"SUWS012752",45,"N",8,"W"
"SUWS012755",45,"N",7,"W"
"SUWS012756",45,"N",8,"W"
"SUWS012757",33,"N",19,"W"
"SUWS012758",45,"N",7,"W"
"SUWS012766",45,"N",8,"W"
"SUWS012768",45,"N",8,"W"
"SUWS012770",45,"N",8,"W"
"SUWS012771",45,"N",8,"W"
"SUWS012772",44,"N",7,"W"
"SUWS012773",45,"N",8,"W"
"SUWS012774",45,"N",7,"W"
"SUWS012775",44,"N",7,"W"
"SUWS012778",44,"N",7,"W"
"SUWS012781",46,"N",15,"W"
"SUWS012788",44,"N",7,"W"
"SUWS012795",45,"N",8,"W"
"SUWS012799",41,"N",16,"W"
"SUWS012805",15,"N",4,"W"
"SUWS012806",14,"N",2,"E"
"SUWS012822",48,"N",14,"W"
"SUWS012824",48,"N",14,"W"
"SUWS012826",48,"N",14,"W"
"SUWS012827",48,"N",14,"W"
"SUWS012828",48,"N",14,"W"
"SUWS012834",44,"N",7,"W"
"SUWS012835",47,"N",10,"W"
"SUWS012851",45,"N",8,"W"
"SUWS012867",48,"N",14,"W"
"SUWS012871",46,"N",15,"W"
"SUWS012872",26,"N",17,"W"
"SUWS012875",44,"N",7,"W"
"SUWS012891",45,"N",8,"W"
"SUWS012893",11,"N",2,"W"
"SUWS012894",45,"N",8,"W"
"SUWS012899",45,"N",9,"W"
"SUWS012906",46,"N",15,"W"
"SUWS012907",49,"N",14,"W"
"SUWS012908",49,"N",14,"W"
"SUWS012913",48,"N",13,"W"
"SUWS012914",42,"N",8,"W"
"SUWS012924",28,"N",25,"E"
"SUWS013044",48,"N",13,"W"
"SUWS013074",38,"N",19,"W"
"SUWS013075",38,"N",19,"W"
"SUWS013077",38,"N",19,"W"
"SUWS013089",38,"N",19,"W"
"SUWS013111",49,"N",14,"W"
"SUWS013115",49,"N",14,"W"
"SUWS013119",49,"N",14,"W"
"SUWS013121",49,"N",14,"W"
"SUWS013122",49,"N",14,"W"
"SUWS013140",48,"N",14,"W"
"SUWS013142",48,"N",14,"W"
"SUWS013146",48,"N",14,"W"
"SUWS013148",49,"N",14,"W"
"SUWS013548",37,"N",8,"E"
"SUWS013552",49,"N",14,"W"
"SUWS013553",49,"N",14,"W"
"SUWS013555",49,"N",14,"W"
"SUWS013559",49,"N",14,"W"
"SUWS013563",49,"N",14,"W"
"SUWS013566",49,"N",14,"W"
"SUWS013572",49,"N",14,"W"
"SUWS013574",49,"N",14,"W"
"SUWS013579",39,"N",18,"W"
"SUWS013584",49,"N",14,"W"
"SUWS013745",48,"N",14,"W"
"SUWS013746",48,"N",14,"W"
"SUWS013747",48,"N",13,"W"
"SUWS013749",48,"N",13,"W"
"SUWS013752",48,"N",13,"W"
"SUWS013753",48,"N",13,"W"
"SUWS013754",48,"N",13,"W"
"SUWS013755",49,"N",14,"W"
"SUWS013758",48,"N",14,"W"
"SUWS013759",49,"N",14,"W"
"SUWS013760",48,"N",13,"W"
"SUWS013761",48,"N",13,"W"
"SUWS013762",48,"N",13,"W"
"SUWS013765",48,"N",13,"W"
"SUWS013767",48,"N",13,"W"
"SUWS013768",48,"N",14,"W"
"SUWS013769",48,"N",13,"W"
"SUWS013859",48,"N",13,"W"
"SUWS013875",49,"N",14,"W"
"SUWS013893",49,"N",14,"W"
"SUWS013896",49,"N",14,"W"
"SUWS013897",48,"N",13,"W"
"SUWS013898",48,"N",13,"W"
"SUWS013929",47,"N",11,"W"
"SUWS013940",46,"N",15,"W"
"SUWS013942",46,"N",15,"W"
"SUWS013943",49,"N",14,"W"
"SUWS013949",49,"N",14,"W"
"SUWS013950",50,"N",2,"W"
"SUWS013951",48,"N",13,"W"
"SUWS013959",47,"N",11,"W"
"SUWS013961",47,"N",11,"W"
"SUWS013963",47,"N",10,"W"
"SUWS013965",48,"N",13,"W"
"SUWS013970",49,"N",14,"W"
"SUWS013971A",42,"N",14,"W"
"SUWS013972b",49,"N",13,"W"
"SUWS013989",49,"N",14,"W"
"SUWS013996",49,"N",12,"W"
"SUWS014002",46,"N",11,"W"
"SUWS014003",46,"N",11,"W"
"SUWS014005",46,"N",11,"W"
"SUWS014006",46,"N",11,"W"
"SUWS014008",47,"N",10,"W"
"SUWS014009",47,"N",10,"W"
"SUWS014013",47,"N",11,"W"
"SUWS014014",47,"N",11,"W"
"SUWS014015",49,"N",14,"W"
"SUWS014018",48,"N",14,"W"
"SUWS014021",49,"N",13,"W"
"SUWS014074",15,"N",7,"W"
"SUWS014075",16,"N",7,"W"
"SUWS014106",46,"N",15,"W"
"SUWS014107",52,"N",2,"W"
"SUWS014130",15,"N",5,"W"
"SUWS014134",19,"N",9,"W"
"SUWS014137",15,"N",5,"W"
"SUWS014141",17,"N",3,"W"
"SUWS014190",33,"N",10,"W"
"SUWS014195",46,"N",10,"W"
"SUWS014198",46,"N",15,"W"
"SUWS014207",49,"N",14,"W"
"SUWS014211",49,"N",14,"W"
"SUWS014215",49,"N",14,"W"
"SUWS014219",46,"N",14,"W"
"SUWS014226",46,"N",15,"W"
"SUWS014233",16,"N",7,"W"
"SUWS014235",46,"N",15,"W"
"SUWS014238",47,"N",11,"W"
"SUWS014239",46,"N",7,"W"
"SUWS014240",46,"N",15,"W"
"SUWS014245",46,"N",13,"W"
"SUWS014246",40,"N",16,"W"
"SUWS014252",44,"N",8,"W"
"SUWS014253",29,"N",19,"W"
"SUWS014256",45,"N",7,"W"
"SUWS014257",45,"N",8,"W"
"SUWS014258",48,"N",14,"W"
"SUWS014283",44,"N",8,"W"
"SUWS014284",44,"N",8,"W"
"SUWS014285",45,"N",7,"W"
"SUWS014288",45,"N",8,"W"
"SUWS014292",45,"N",8,"W"
"SUWS014296",31,"N",19,"W"
"SUWS014303",49,"N",11,"W"
"SUWS014309",48,"N",14,"W"
"SUWS014310",48,"N",13,"W"
"SUWS014328",43,"N",7,"W"
"SUWS014329",45,"N",7,"W"
"SUWS014330",46,"N",5,"W"
"SUWS014331",40,"N",16,"W"
"SUWS014334",25,"N",6,"W"
"SUWS014335",45,"N",7,"W"
"SUWS014336",45,"N",8,"W"
"SUWS014338",29,"N",19,"W"
"SUWS014340",45,"N",8,"W"
"SUWS014341",44,"N",8,"W"
"SUWS014344",1,"N",23,"E"
"SUWS014348",48,"N",14,"W"
"SUWS014349",48,"N",13,"W"
"SUWS014362",45,"N",7,"W"
"SUWS014363",33,"N",10,"W"
"SUWS014364",47,"N",13,"W"
"SUWS014368",40,"N",16,"W"
"SUWS014372",47,"N",11,"W"
"SUWS014379",8,"N",3,"E"
"SUWS014386",17,"N",5,"W"
"SUWS014389",48,"N",8,"W"
"SUWS014393",46,"N",15,"W"
"SUWS014397",47,"N",13,"W"
"SUWS014402",43,"N",7,"W"
"SUWS014403",49,"N",14,"W"
"SUWS014429",33,"N",19,"W"
"SUWS014432",49,"N",13,"W"
"SUWS014433",49,"N",14,"W"
"SUWS014434",49,"N",14,"W"
"SUWS014436",49,"N",14,"W"
"SUWS014437",49,"N",14,"W"
"SUWS014452",48,"N",13,"W"
"SUWS014455",49,"N",14,"W"
"SUWS014456",48,"N",14,"W"
"SUWS014491",49,"N",14,"W"
"SUWS014492",49,"N",14,"W"
"SUWS014494",49,"N",14,"W"
"SUWS014502",49,"N",14,"W"
"SUWS014503",49,"N",14,"W"
"SUWS014505",49,"N",14,"W"
"SUWS014524",48,"N",14,"W"
"SUWS014526",46,"N",12,"W"
"SUWS014546",49,"N",14,"W"
"SUWS014564",49,"N",14,"W"
"SUWS014569",49,"N",14,"W"
"SUWS014570",49,"N",14,"W"
"SUWS014571",49,"N",14,"W"
"SUWS014572",49,"N",14,"W"
"SUWS014575",46,"N",12,"W"
"SUWS014588",46,"N",12,"W"
"SUWS014589",49,"N",14,"W"
"SUWS014670",49,"N",14,"W"
"SUWS014674",49,"N",14,"W"
"SUWS014735",49,"N",14,"W"
"SUWS014808",48,"N",4,"W"
"SUWS014809",48,"N",4,"W"
"SUWS014823",49,"N",14,"W"
"SUWS014833",49,"N",14,"W"
"SUWS014841",49,"N",14,"W"
"SUWS014989",48,"N",13,"W"
"SUWS014991",48,"N",4,"W"
"SUWS015000",49,"N",14,"W"
"SUWS015001",45,"N",7,"W"
"SUWS015004",47,"N",11,"W"
"SUWS015005",44,"N",8,"W"
"SUWS015014",44,"N",8,"W"
"SUWS015016",48,"N",12,"W"
"SUWS015017",44,"N",8,"W"
"SUWS015019",47,"N",10,"W"
"SUWS015024",45,"N",8,"W"
"SUWS015025",49,"N",14,"W"
"SUWS015029",44,"N",8,"W"
"SUWS015035",44,"N",8,"W"
"SUWS015048",49,"N",14,"W"
"SUWS015053",47,"N",13,"W"
"SUWS015074",47,"N",11,"W"
"SUWS015185",45,"N",7,"W"
"SUWS015197",45,"N",8,"W"
"SUWS015199",45,"N",8,"W"
"SUWS015215",40,"N",16,"W"
"SUWS015216",46,"N",13,"W"
"SUWS015220",47,"N",8,"W"
"SUWS015224",47,"N",11,"W"
"SUWS015227",49,"N",14,"W"
"SUWS015234",46,"N",10,"W"
"SUWS015239",51,"N",2,"W"
"SUWS015247",46,"N",15,"W"
"SUWS015253",45,"N",8,"W"
"SUWS015254",31,"N",19,"W"
"SUWS015255",31,"N",19,"W"
"SUWS015259",38,"N",16,"W"
"SUWS015265",45,"N",8,"W"
"SUWS015278",41,"N",16,"W"
"SUWS015279",44,"N",9,"W"
"SUWS015281",44,"N",2,"W"
"SUWS015285",44,"N",7,"W"
"SUWS015286",47,"N",10,"W"
"SUWS015290",43,"N",7,"W"
"SUWS015293",44,"N",8,"W"
"SUWS015302",45,"N",12,"W"
"SUWS015314",44,"N",11,"W"
"SUWS015315",31,"N",19,"W"
"SUWS015317",44,"N",11,"W"
"SUWS015318",49,"N",14,"W"
"SUWS015322",48,"N",14,"W"
"SUWS015323",47,"N",13,"W"
"SUWS015333",26,"N",17,"W"
"SUWS015340",49,"N",14,"W"
"SUWS015341",49,"N",14,"W"
"SUWS015343",48,"N",14,"W"
"SUWS015347",49,"N",14,"W"
"SUWS015367",44,"N",8,"W"
"SUWS015369",51,"N",1,"W"
"SUWS015370",33,"N",19,"W"
"SUWS015376",43,"N",7,"W"
"SUWS015382",46,"N",15,"W"
"SUWS015388",43,"N",7,"W"
"SUWS015397",46,"N",15,"W"
"SUWS015407",49,"N",13,"W"
"SUWS015411",48,"N",13,"W"
"SUWS015413",49,"N",14,"W"
"SUWS015416",46,"N",15,"W"
"SUWS015417",44,"N",14,"W"
"SUWS015422",48,"N",13,"W"
"SUWS015426",46,"N",15,"W"
"SUWS015438",46,"N",15,"W"
"SUWS015441",47,"N",13,"W"
"SUWS015464",46,"N",10,"W"
"SUWS015467",41,"N",16,"W"
"SUWS015472",49,"N",14,"W"
"SUWS015473",49,"N",14,"W"
"SUWS015484",46,"N",15,"W"
"SUWS015487",46,"N",15,"W"
"SUWS015494",48,"N",10,"W"
"SUWS015499",47,"N",10,"W"
"SUWS015501",41,"N",16,"W"
"SUWS015502",41,"N",16,"W"
"SUWS015509",18,"N",23,"E"
"SUWS015512",44,"N",7,"W"
"SUWS015513",29,"N",19,"W"
"SUWS015514",46,"N",14,"W"
"SUWS015525",49,"N",13,"W"
"SUWS015529",47,"N",10,"W"
"SUWS015533",47,"N",10,"W"
"SUWS015534",49,"N",10,"W"
"SUWS015538",47,"N",11,"W"
"SUWS015552",49,"N",14,"W"
"SUWS015570",32,"N",10,"W"
"SUWS015587",47,"N",8,"W"
"SUWS015608",11,"N",2,"W"
"SUWS015613",42,"N",2,"W"
"SUWS015614",18,"N",9,"W"
"SUWS015619",15,"N",4,"W"
"SUWS015630",17,"N",3,"W"
"SUWS015636",17,"N",3,"W"
"SUWS015637",42,"N",2,"W"
"SUWS015640",15,"N",4,"W"
"SUWS015644",15,"N",7,"W"
"SUWS015659",15,"N",7,"W"
"SUWS015660",15,"N",7,"W"
"SUWS015670",42,"N",2,"W"
"SUWS015673",18,"N",9,"W"
"SUWS015677",18,"N",9,"W"
"SUWS015682",16,"N",6,"W"
"SUWS015688",42,"N",2,"W"
"SUWS015689",18,"N",9,"W"
"SUWS015690",18,"N",9,"W"
"SUWS015691",45,"N",8,"W"
"SUWS015693",45,"N",8,"W"
"SUWS015706",49,"N",14,"W"
"SUWS015714",17,"N",3,"W"
"SUWS015716",15,"N",7,"W"
"SUWS015729",17,"N",3,"W"
"SUWS015738",42,"N",2,"W"
"SUWS015739",45,"N",8,"W"
"SUWS015746",46,"N",15,"W"
"SUWS015751",46,"N",15,"W"
"SUWS015760",49,"N",14,"W"
"SUWS015765",15,"N",5,"W"
"SUWS015781",19,"N",6,"E"
"SUWS015798",49,"N",14,"W"
"SUWS015811",49,"N",13,"W"
"SUWS015844",49,"N",14,"W"
"SUWS015848",3,"N",19,"E"
"SUWS015850",13,"N",2,"W"
"SUWS015863",49,"N",14,"W"
"SUWS015876",17,"N",2,"W"
"SUWS015931",17,"N",5,"W"
"SUWS015943",49,"N",14,"W"
"SUWS015955",46,"N",10,"W"
"SUWS015961",47,"N",10,"W"
"SUWS015963",46,"N",14,"W"
"SUWS015965",17,"N",4,"W"
"SUWS015971",46,"N",14,"W"
"SUWS015988",14,"N",2,"E"
"SUWS015992",47,"N",10,"W"
"SUWS015994",47,"N",10,"W"
"SUWS016007",49,"N",14,"W"
"SUWS016010",47,"N",2,"W"
"SUWS016012",46,"N",15,"W"
"SUWS016020",46,"N",10,"W"
"SUWS016021",49,"N",14,"W"
"SUWS016022",18,"N",23,"E"
"SUWS0160224",18,"N",16,"E"
"SUWS016024",18,"N",16,"E"
"SUWS016027",48,"N",13,"W"
"SUWS016028",15,"N",5,"W"
"SUWS016029",15,"N",5,"W"
"SUWS016040",45,"N",8,"W"
"SUWS016045",49,"N",12,"W"
"SUWS016048",48,"N",14,"W"
"SUWS016053",49,"N",14,"W"
"SUWS016056",49,"N",14,"W"
"SUWS016062",43,"N",7,"W"
"SUWS016077",46,"N",14,"W"
"SUWS016079",47,"N",14,"W"
"SUWS016081",45,"N",8,"W"
"SUWS016087",49,"N",14,"W"
"SUWS016088",41,"N",16,"W"
"SUWS016097",49,"N",14,"W"
"SUWS016098",40,"N",16,"W"
"SUWS016108",52,"N",2,"W"
"SUWS016111",50,"N",8,"W"
"SUWS016119",46,"N",15,"W"
"SUWS016120",52,"N",2,"W"
"SUWS016128",49,"N",14,"W"
"SUWS016131",37,"N",20,"E"
"SUWS016136",26,"N",17,"W"
"SUWS016139",47,"N",11,"W"
"SUWS016140",47,"N",10,"W"
"SUWS016144",46,"N",15,"W"
"SUWS016145",46,"N",11,"W"
"SUWS016146",46,"N",8,"W"
"SUWS016151",45,"N",12,"W"
"SUWS016154",46,"N",15,"W"
"SUWS016155",46,"N",15,"W"
"SUWS016163",48,"N",14,"W"
"SUWS016164",48,"N",14,"W"
"SUWS016165",48,"N",14,"W"
"SUWS016166",15,"N",4,"W"
"SUWS016167",15,"N",4,"W"
"SUWS016179",49,"N",14,"W"
"SUWS016183",49,"N",14,"W"
"SUWS016189",45,"N",8,"W"
"SUWS016191",45,"N",8,"W"
"SUWS016192",49,"N",14,"W"
"SUWS016193",45,"N",8,"W"
"SUWS016196",49,"N",14,"W"
"SUWS016206",49,"N",14,"W"
"SUWS016210",18,"N",9,"W"
"SUWS016212",49,"N",14,"W"
"SUWS016214",45,"N",8,"W"
"SUWS016215",49,"N",14,"W"
"SUWS016221",33,"N",19,"W"
"SUWS016229",18,"N",9,"W"
"SUWS016239",46,"N",15,"W"
"SUWS016243",46,"N",15,"W"
"SUWS016247",52,"N",2,"W"
"SUWS016256",46,"N",12,"W"
"SUWS016257",27,"N",26,"E"
"SUWS016258",46,"N",10,"W"
"SUWS016260",45,"N",8,"W"
"SUWS016263",46,"N",15,"W"
"SUWS016266",46,"N",10,"W"
"SUWS016297",45,"N",8,"W"
"SUWS016298",45,"N",7,"W"
"SUWS016547",49,"N",14,"W"
"SUWS016548",49,"N",14,"W"
"SUWS016549",49,"N",14,"W"
"SUWS016550",49,"N",14,"W"
"SUWS016551",49,"N",14,"W"
"SUWS016552",49,"N",14,"W"
"SUWS016553",49,"N",14,"W"
"SUWS016554",49,"N",14,"W"
"SUWS016555",49,"N",14,"W"
"SUWS016556",49,"N",14,"W"
"SUWS016596",48,"N",14,"W"
"SUWS016597",49,"N",14,"W"
"SUWS016598",48,"N",14,"W"
"SUWS016602",47,"N",14,"W"
"SUWS016603",47,"N",14,"W"
"SUWS016604",49,"N",14,"W"
"SUWS016605",49,"N",14,"W"
"SUWS016610",49,"N",14,"W"
"SUWS016611",48,"N",14,"W"
"SUWS016627",49,"N",14,"W"
"SUWS016643",49,"N",14,"W"
"SUWS016650",49,"N",14,"W"
"SUWS016651",49,"N",14,"W"
"SUWS016653",49,"N",14,"W"
"SUWS016657",49,"N",14,"W"
"SUWS016658",49,"N",14,"W"
"SUWS016659",49,"N",14,"W"
"SUWS016660",49,"N",14,"W"
"SUWS016662",49,"N",14,"W"
"SUWS016666",49,"N",14,"W"
"SUWS016672",49,"N",14,"W"
"SUWS016673",49,"N",14,"W"
"SUWS016674",49,"N",14,"W"
"SUWS016695",49,"N",14,"W"
"SUWS016696",49,"N",14,"W"
"SUWS016698",49,"N",14,"W"
"SUWS016700",49,"N",14,"W"
"SUWS016707",49,"N",14,"W"
"SUWS016718",52,"N",2,"W"
"SUWS016719",50,"N",4,"W"
"SUWS016720",52,"N",2,"W"
"SUWS016721",52,"N",2,"W"
"SUWS016722",52,"N",2,"W"
"SUWS016723",52,"N",2,"W"
"SUWS016724",46,"N",12,"W"
"SUWS016731",42,"N",5,"E"
"SUWS016732",42,"N",5,"E"
"SUWS016733",42,"N",5,"E"
"SUWS016734",33,"N",10,"E"
"SUWS016735",33,"N",10,"E"
"SUWS016736",33,"N",10,"E"
"SUWS016755",33,"N",10,"E"
"SUWS016764",21,"N",22,"E"
"SUWS016766",33,"N",10,"E"
"SUWS016767",42,"N",5,"E"
"SUWS016768",33,"N",10,"E"
"SUWS016769",33,"N",10,"E"
"SUWS016770",33,"N",10,"E"
"SUWS016772",49,"N",14,"W"
"SUWS016777",34,"N",13,"E"
"SUWS016778",34,"N",13,"E"
"SUWS016787",34,"N",13,"E"
"SUWS016788",34,"N",13,"E"
"SUWS016827",33,"N",10,"E"
"SUWS016935",49,"N",14,"W"
"SUWS016936",49,"N",14,"W"
"SUWS017025",48,"N",14,"W"
"SUWS017082",47,"N",14,"W"
"SUWS017083",46,"N",14,"W"
"SUWS017085",49,"N",14,"W"
"SUWS017086",47,"N",14,"W"
"SUWS017088",46,"N",14,"W"
"SUWS017090",38,"N",2,"W"
"SUWS017091",49,"N",14,"W"
"SUWS017092",47,"N",14,"W"
"SUWS017094",46,"N",14,"W"
"SUWS017095",38,"N",2,"W"
"SUWS017096",49,"N",14,"W"
"SUWS017097",47,"N",14,"W"
"SUWS017099",38,"N",1,"E"
"SUWS017100",47,"N",14,"W"
"SUWS017101",46,"N",13,"W"
"SUWS017102",38,"N",1,"E"
"SUWS017103",49,"N",14,"W"
"SUWS017104",47,"N",14,"W"
"SUWS017105",46,"N",13,"W"
"SUWS017106",41,"N",1,"W"
"SUWS017107",38,"N",2,"W"
"SUWS017116",40,"N",16,"W"
"SUWS017117",41,"N",15,"W"
"SUWS017118",41,"N",15,"W"
"SUWS017119",41,"N",15,"W"
"SUWS017120",41,"N",15,"W"
"SUWS017121",42,"N",14,"W"
"SUWS017122",42,"N",14,"W"
"SUWS017123",42,"N",14,"W"
